time,lat_deg,lon_deg,alt_msl_m,pitch_rad,bank_rad,yaw_angle,yaw_rate,turn_rate,heading_deg,turned_deg,vx_ms,vy_ms,vz_ms,ias_ms,engine_n1,engine_n2,thrust_lbs,mach,aoa_rad,g_load,vertical_speed_ms,engine_rpm_left,engine_rpm_right,fuel_internal,gear_pos,alt_agl_m,range_nm,boresight_az_deg,closure_ms,in_wez,foe_n_m,foe_e_m,foe_up_m,foe_roll_deg,foe_pitch_deg,foe_yaw_deg,agent_n_m,agent_e_m,agent_up_m,step,reward,cumulative_reward,done,throttle,elevator,aileron,rudder
0.09999999999990905,0.00027974553391619736,9.166181789524328e-10,6776.6943600982195,0.6237132627275349,-0.03719974426426232,0.054895973373444956,-0.012564443560880382,-1.2034450753087813,359.9305523149337,-0.06944768506626026,309.68796767781714,-0.01441493528115452,-1.650832242440968,231.55740064855314,100.0,100.0,16805.888382036963,0.9886878527211305,0.3205566778534583,2.9098429219687634,1.650832242440968,0.0,0.0,0.0,0.0,6776.694360097897,1.6915612299384384,-146.46634330683267,-0.5835501551628113,False,-2553.984149355085,-1708.7357417572293,7236.699793582669,-1.4843073974636187,0.37683648937442854,70.0602966243665,31.14127283555109,0.00010203793568098481,6776.6943600982195,0,0.13072386806066455,0.13072386806066455,False,0.8551724553108215,-0.5,-0.5,0.0
0.1999999999998181,0.0005594690978019291,-1.0049259550867353e-07,6776.975928220028,2.4496031110921876,-0.14306473109425805,-0.009711119839111982,-0.0004912457595127911,-3.7253987222368727,359.71639439452684,-0.28360560547314984,309.54356267542295,-0.282198817939217,-4.188234708886172,231.45470290442185,100.0,100.0,14451.52204543363,0.9883073534591204,1.6902867341504502,4.08595868918617,4.188234708886172,0.0,0.0,0.0,0.0,6776.975928218881,1.691967984590919,-146.91722950375308,-0.5762468576431274,False,-2543.1761047237565,-1679.0593831564222,7236.728266056678,-7.017817011119583,0.29048540724381183,69.98264179098994,62.280099967310754,-0.011186835732025537,6776.975928220028,1,0.12402112105798754,0.25474498911865207,False,0.7224137783050537,-1.0,-0.6000000238418579,0.0
0.29999999999972715,0.0008390570793830772,-6.632855436836904e-07,6777.549828264302,5.026341309864245,-0.28175636219391015,-0.4475757332290959,0.010308191647668925,-6.277613864794321,359.20779385746926,-0.7922061425307536,309.4370670817766,-1.0564054950083663,-7.310387575087476,231.40959467719455,100.0,100.0,14449.975701177145,0.9881654357715599,3.693993767544059,4.397765448509143,7.310387575087476,0.0,0.0,0.0,0.0,6777.549828264511,1.6925520400007257,-147.07355839970793,-0.5693056583404541,False,-2532.3439376779475,-1649.389453896165,7236.857764532822,-14.505347059269896,0.7574276765903213,69.84901910306988,93.40383407692416,-0.07383694672286842,6777.549828264302,2,0.10946655747500074,0.3642115465936528,False,0.7224137783050537,-1.0,-0.44999998807907104,0.0
0.3999999999996362,0.0011185297442214404,-2.2116509711739925e-06,6778.455701762357,7.088696643582418,-0.42045558466137467,-1.1119784900035754,-0.00349594930333234,-7.937338552667479,358.4836809099179,-1.5163190900820938,309.246817562206,-2.529176120445234,-10.88096321942505,231.33608416823853,100.0,100.0,14447.479675729064,0.9879324849199784,5.059493185766761,5.126828767345006,10.88096321942505,0.0,0.0,0.0,0.0,6778.455701760997,1.693287876715662,-147.01460266373147,-0.562902569770813,False,-2521.4592681551785,-1619.7375581295703,7237.118796469456,-21.68894722481864,2.689691002708711,69.25092587802517,124.51473112673074,-0.24620098611108884,6778.455701762357,3,0.09307794800456211,0.4572894945982149,False,0.7224137783050537,-1.0,-0.44999998807907104,0.0
0.49999999999954525,0.0013977709857302338,-5.407056884108936e-06,6779.725279386628,8.556282304163135,-0.5574133295966109,-1.8361090943532345,-0.017312985641616842,-8.88022370602834,357.63875733432485,-2.361242665675165,308.9268508640257,-4.703320696964666,-14.499983224172722,231.20137833955997,100.0,100.0,14443.222238166582,0.9874836513935102,5.769106851532103,5.30346206929632,14.499983224172722,0.0,0.0,0.0,0.0,6779.72527938662,1.6941350876271324,-146.83506355917294,-0.5574957132339478,False,-2510.464441551618,-1590.1281742259036,7237.604323774955,-28.748382257226325,5.026497592026195,68.21717638906195,155.59986613148962,-0.6019135723390068,6779.725279386628,4,0.06927977746470232,0.5265692720629171,False,0.7224137783050537,-1.0,-0.3999999761581421,0.0
0.5999999999994543,0.001676653543156941,-1.0856110014967906e-05,6781.352578036881,9.610903351877099,-0.6918167486628906,-2.5285277209684147,-0.03228647926306665,-9.943014903734488,356.6973591143681,-3.3026408856318676,308.45859258161937,-7.542758136666716,-18.003236848715375,230.9954700168788,100.0,100.0,14436.968659438331,0.9867798216370272,6.044068360267079,5.447002415863746,18.003236848715375,0.0,0.0,0.0,0.0,6781.352578037535,1.6950522819304017,-146.55892092393978,-0.5533967614173889,False,-2499.287726308605,-1560.5976402964054,7238.384707254955,-35.88996965509797,6.739513547479092,67.13286917119711,186.64507242423068,-1.2085021668662272,6781.352578036881,5,0.04131883136785226,0.5678881034307695,False,0.7224137783050537,-1.0,-0.3999999761581421,0.0
0.6999999999993634,0.001955069330869491,-1.910674483901117e-05,6783.313749714965,10.38798115844858,-0.8291988973260692,-3.1835804752319024,-0.044684253714366455,-11.203042518216868,355.64222876571586,-4.357771234284135,307.902452626525,-10.926579683602684,-21.145244286556114,230.76325628243885,100.0,100.0,14429.81527743093,0.985992836326033,6.080742739101791,5.418939860766645,21.145244286556114,0.0,0.0,0.0,0.0,6783.3137497147045,1.696001968120779,-146.16852570837565,-0.5505988597869873,False,-2487.863150371987,-1531.187251861804,7239.482665018818,-43.24120809036161,7.885593161016686,66.0752007485924,217.63831791239173,-2.1269628354787233,6783.313749714965,6,0.015024893897294734,0.5829129973280642,False,0.7224137783050537,-1.0,-0.3999999761581421,0.0
0.7999999999992724,0.0022329588927598033,-3.059582267328553e-05,6785.5647133520015,10.95044745961521,-0.9710271364280085,-3.79730360581485,-0.055358577342260434,-12.576891067662025,354.4557618542941,-5.544238145705867,307.29886143879,-14.743836321873525,-23.781546141259515,230.53091629895042,100.0,100.0,14422.426073720306,0.9852212587477797,5.996172419764185,5.317755389241237,23.781546141259515,0.0,0.0,0.0,0.0,6785.564713352949,1.6969549401611024,-145.6460313442799,-0.5489715933799744,False,-2476.13847021225,-1501.9313701178737,7240.880930217603,-50.83998023337737,8.657650466319838,65.00471654044323,248.5729839420213,-3.405926979990145,6785.5647133520015,7,-0.007605544331340827,0.5753074529967234,False,0.7224137783050537,-1.0,-0.3999999761581421,0.0
0.8999999999991815,0.0025103311408871186,-4.557365356093311e-05,6788.042486552811,11.371892314373863,-1.0820562555388817,-4.227720482736334,-0.04852254286834153,-13.157357174530437,353.1703695822989,-6.829630417701071,306.80291583306314,-18.551611666980538,-25.64467661420697,230.38868003455565,100.0,100.0,14417.015927695942,0.9848102406679243,6.0746839446182115,4.446458603471065,25.64467661420697,0.0,0.0,0.0,0.0,6788.042486553423,1.6978931972349638,-145.02364410820908,-0.5483776926994324,False,-2464.0731228336126,-1472.8547303538405,7242.538934836757,-58.69777898898909,9.168649111263484,63.87392957453422,279.45006260355404,-5.073259114403074,6788.042486552811,8,-0.027967639499749848,0.5473398134969735,False,0.7224137783050537,-1.0,0.10000002384185791,0.0
0.9999999999990905,0.0027872676744564776,-6.395605644165237e-05,6790.688603428647,11.583559754869762,-1.1707460762428865,-4.42460704619282,-0.07891442206642964,-13.680923422510634,351.81271675589693,-8.187283244103062,306.2316652011274,-22.613665040085333,-27.268463927602987,230.22932686889817,100.0,100.0,14411.061000053985,0.9843423201456191,6.182955682379997,5.315508122626501,27.268463927602987,0.0,0.0,0.0,0.0,6790.688603428595,1.698813005204118,-144.32752494203154,-0.5486829280853271,False,-2451.6366287602164,-1443.9745343322152,7244.4032410384125,-66.81488331223652,9.462846988313167,62.654437783800525,310.27863752049507,-7.119588203084742,6790.688603428647,9,-0.04441056729853158,0.5029292461984419,False,0.7224137783050537,-1.0,-0.3999999761581421,0.0
1.0999999999989996,0.00306361781387074,-8.62388434322248e-05,6793.477749212694,11.652683704444405,-1.2642307892489613,-4.6722986043681285,-0.06123831453384069,-13.454416755648069,350.463791969018,-9.536208030981998,305.6122475435717,-26.9266323664094,-28.414548539765484,230.0624095120981,100.0,100.0,14404.811047131192,0.9838529601143281,6.206275033550232,4.499423829604702,28.414548539765484,0.0,0.0,0.0,0.0,6793.477749212274,1.6996814123600124,-143.63918986101865,-0.5497459769248962,False,-2438.80711348808,-1415.3014337337581,7246.413388601518,-75.18331414494415,9.547616955221395,61.334564839594336,341.0419350400908,-9.600108050875265,6793.477749212694,10,-0.05706135543050836,0.44586789076793354,False,0.7224137783050537,-1.0,0.10000002384185791,0.0
1.1999999999989086,0.0033394254042832137,-0.00011232205358714235,6796.366825123046,11.555586042174006,-1.3452726643842305,-4.773236134723759,-0.08823127755013511,-13.473982557537788,349.10712829819335,-10.892871701806655,304.9227201381214,-31.389718776438922,-29.325964551557618,229.88553569573233,100.0,100.0,14398.243733373944,0.9833304713881686,6.243541673100855,5.3360914825994215,29.325964551557618,0.0,0.0,0.0,0.0,6796.3668251241925,1.7004957874333533,-142.9419739849322,-0.5514312982559204,False,-2425.5704955656333,-1386.8409470471217,7248.505251633516,-83.7853594623834,9.408044162939095,59.92611131069554,371.7448360048073,-12.503691005320686,6796.366825123046,11,-0.06704733849829896,0.37882055226963457,False,0.7224137783050537,-1.0,-0.3999999761581421,0.0
1.2999999999988177,0.0036144943697957784,-0.00014260343745432948,6799.322127280355,11.348980379066534,-1.437522799444611,-4.977823090870028,-0.0677881807107427,-13.444435063775416,347.7692026622287,-12.230797337771318,304.0854393633479,-35.955915619606046,-29.702261188353138,229.6111828925677,100.0,100.0,11700.230834783355,0.9824343402923239,6.2041055182422875,4.481581621588237,29.702261188353138,0.0,0.0,0.0,0.0,6799.322127280968,1.7012293482083198,-142.26299293958962,-0.5535839796066284,False,-2411.920189379146,-1358.5944608591553,7250.6129423513,-92.59668889520188,9.020598590470971,58.46233714583051,402.3655132456661,-15.874614657415957,6799.322127280355,12,-0.07342325217273606,0.3053973000968985,False,0.5706896781921387,-1.0,0.10000002384185791,0.0
1.3999999999987267,0.003888925229736323,-0.00017663132018323627,6802.296546106696,11.101238268260866,-1.4656181815595852,-4.819145222220195,-0.07037510902570794,-12.848820593202163,346.4407440999265,-13.559255900073467,303.5035731068069,-39.77477850044269,-29.750657026814135,229.49584050895254,100.0,100.0,11695.219733445847,0.9821541624174964,6.633057651286159,3.719372907223392,29.750657026814135,0.0,0.0,0.0,0.0,6802.296546106791,1.701900341726637,-141.59265910180568,-0.55530846118927,False,-2397.8673468968645,-1330.5518003645427,7252.669758002884,-99.7562985764964,8.423916806059884,56.98820096333166,432.9151565742475,-19.66259856279786,6802.296546106696,13,-0.06485034264575926,0.24054695745113927,False,0.5706896781921387,-1.0,0.6000000238418579,0.0
1.4999999999986358,0.004162809970110433,-0.00021409235046298687,6805.27261760628,10.793784636984077,-1.461042453999212,-4.42205117938023,-0.0778212221293972,-11.139120286517013,345.22985235760035,-14.770147642399625,302.75819422732576,-43.89689970625686,-29.77740543374058,229.32150160975155,100.0,100.0,11688.65901349534,0.9816456077258419,7.040274268221609,4.815490026148091,29.77740543374058,0.0,0.0,0.0,0.0,6805.272617605157,1.7025352605854052,-141.0397735170171,-0.5559191703796387,False,-2383.4629723380126,-1302.673036801015,7254.6343241072245,-102.91407920065508,7.687277650840101,55.586681632385094,463.4040058726934,-23.8327604535397,6805.27261760628,14,-0.0409552459242054,0.19959171152693386,False,0.5706896781921387,-1.0,0.10000002384185791,0.0
1.5999999999985448,0.004435804731831423,-0.0002556932070672378,6808.2552508601375,10.40035167084946,-1.4946702576903763,-4.238510989221185,-0.09105161364364747,-10.157407282047428,344.17303723382594,-15.826962766174077,301.5431904725804,-48.96229317898385,-29.841713049879004,228.93939066307982,100.0,100.0,11676.637299879429,0.9803326581166909,6.936263785758087,5.745562103389985,29.841713049879004,0.0,0.0,0.0,0.0,6808.255250858961,1.7031029248671454,-140.64230498360354,-0.5574926137924194,False,-2368.723859740074,-1274.9479669873915,7256.485959604723,-103.70619804493276,6.903271294590198,54.38733952651394,493.79378274747404,-28.46376781072491,6808.2552508601375,15,-0.05511963640433055,0.14447207512260332,False,0.5706896781921387,-1.0,-0.3999999761581421,0.0
1.6999999999984539,0.004707633565318381,-0.00030193975409821376,6811.224772513104,10.02005851060305,-1.558306579872989,-4.343906218309205,-0.06282863939320806,-10.67489508114452,343.1447913146603,-16.855208685339665,300.309682851564,-53.94023500566549,-29.515714158200897,228.57128864410407,100.0,100.0,11664.997122151943,0.9790724193680543,6.715914775271104,4.792154071638857,29.515714158200897,0.0,0.0,0.0,0.0,6811.224772512808,1.703564026273123,-140.27425005606727,-0.5607308745384216,False,-2353.597346000924,-1247.4361792685022,7258.196138686145,-106.24131845081611,6.077226682934507,53.42355042883376,524.0537684912422,-33.611933426213156,6811.224772513104,16,-0.08465886198671418,0.05981321313588914,False,0.5706896781921387,-1.0,0.10000002384185791,0.0
1.799999999998363,0.004978503963640523,-0.00035223998832926377,6814.1534819633425,9.673463197348925,-1.567369669939675,-4.137576416292712,-0.05993464126375795,-10.901813872326382,342.0566621729917,-17.94333782700828,299.41099539325313,-58.038023126886095,-29.049640258960007,228.39456735492993,100.0,100.0,11658.417679716078,0.9785508741754695,6.974140199381474,3.91402122146546,29.049640258960007,0.0,0.0,0.0,0.0,6814.153481962935,1.7039397850059679,-139.84549847812394,-0.5638554692268372,False,-2338.058456306679,-1220.1804919992517,7259.723184852863,-110.39190486190064,5.247863950911331,52.54731231886251,554.207061232463,-39.211355500813646,6814.1534819633425,17,-0.08169262033732977,-0.02187940720144063,False,0.5706896781921387,-1.0,0.6000000238418579,0.0
1.899999999998272,0.005248574050463221,-0.0004061395960597441,6817.036566608307,9.311746902167158,-1.5489838108907563,-3.7196953593070248,-0.06751863299861426,-9.861218785086985,341.0076293660183,-18.992370633981693,298.39898503075256,-62.26183110703117,-28.60846964492385,228.19825426943203,100.0,100.0,11651.356830289273,0.9779506048308378,7.273696203938213,4.8806309354706885,28.60846964492385,0.0,0.0,0.0,0.0,6817.03656660634,1.704267387227739,-139.45549880911503,-0.5653566718101501,False,-2322.16161858893,-1193.1416545530824,7261.056913780341,-111.36357494911041,4.452009760692712,51.64146755741466,584.2712632975657,-45.21145983337072,6817.036566608307,18,-0.047274758322822394,-0.06915416552426303,False,0.5706896781921387,-1.0,0.10000002384185791,0.0
1.999999999998181,0.005517495503485111,-0.00046424468294219753,6819.8768770268625,8.895205334477412,-1.5725625608679312,-3.5537876680305884,-0.07984957472707244,-9.22252425601602,340.0611398303398,-19.938860169660202,296.87943219503757,-67.37167894958196,-28.16155090094023,227.80681881456826,100.0,100.0,11639.202779080399,0.9765909788309864,7.130017784711657,5.797423638195285,28.16155090094023,0.0,0.0,0.0,0.0,6819.876877025786,1.7045255312812035,-139.16927742732793,-0.5674300193786621,False,-2305.9362522227934,-1166.2990292285451,7262.202267897186,-110.68786220278741,3.6697082817878797,50.80655678208236,614.2075994479626,-51.67971810512543,6819.8768770268625,19,-0.05388030966776632,-0.12303447519202934,False,0.5706896781921387,-1.0,-0.3999999761581421,0.0
2.09999999999809,0.0057849725608323625,-0.000527012627453542,6822.654955440483,8.508150488191545,-1.6260787811508917,-3.6826889063007004,-0.051969577266099076,-9.965956396687604,339.11259598578926,-20.887404014210755,295.3496068345759,-72.35282569009215,-27.38925864196126,227.43543339637853,100.0,100.0,11627.620617441538,0.9753048302339927,6.913739766354957,4.839419534820163,27.38925864196126,0.0,0.0,0.0,0.0,6822.654955438247,1.7046758890970026,-138.88181329655617,-0.5712183713912964,False,-2289.3352900136297,-1139.7077330343116,7263.132232940027,-112.31185542256186,2.8858209120536635,50.10122641931915,643.9831454718586,-58.6670456881283,6822.654955440483,20,-0.08499402827045746,-0.2080285034624868,False,0.5706896781921387,-1.0,0.10000002384185791,0.0
2.199999999997999,0.006051247790823765,-0.0005938340137563,6825.353119618607,8.161816389274346,-1.6269661215825144,-3.5031748552025372,-0.04812509678627964,-10.333638226561767,338.0894837571759,-21.91051624282407,294.20735238641754,-76.44618476175272,-26.581161579783195,227.26021907088008,100.0,100.0,11621.247786068277,0.974774918517059,7.143535622480232,3.937386500674055,26.581161579783195,0.0,0.0,0.0,0.0,6825.353119617869,1.704739440273172,-138.5190223617298,-0.5746382474899292,False,-2272.3369808164675,-1113.4044039759826,7263.808592883289,-115.66723895123836,2.123384121714627,49.39234303283552,673.6249040745015,-66.10560241135131,6825.353119618607,21,-0.0768879267860834,-0.2849164302485702,False,0.5706896781921387,-1.0,0.6000000238418579,0.0
2.299999999997908,0.006316509175560107,-0.0006642433871841936,6827.974215751514,7.80647152220463,-1.6009509669927675,-3.1046053939428653,-0.05730555627672813,-9.449811223488544,337.09062574870455,-22.90937425129544,292.94847092688724,-80.64337124503955,-25.83148819983018,227.0707470753431,100.0,100.0,11614.5539636539,0.9741851449245261,7.41090482096566,4.895322771234617,25.83148819983018,0.0,0.0,0.0,0.0,6827.974215751362,1.7047552930288663,-138.18020697802882,-0.5763018131256104,False,-2254.9954203346947,-1087.345435094179,7264.23634384734,-115.95504202932479,1.3615182170765088,48.60531516793577,703.1538014233511,-73.94357386134443,6827.974215751514,22,-0.03924073842152617,-0.32415716867009636,False,0.5706896781921387,-1.0,0.10000002384185791,0.0
2.399999999997817,0.006580375000884585,-0.0007388184632834414,6830.52035709934,7.403640192571591,-1.6176003940635182,-2.9648732833693496,-0.0698815650205881,-8.878529020914913,336.18135806741464,-23.81864193258539,291.1298192012087,-85.69260224853203,-25.054823789492158,226.689287514427,100.0,100.0,11602.871551045764,0.9728453174699805,7.269805799627786,5.821666469481696,25.054823789492158,0.0,0.0,0.0,0.0,6830.520357096852,1.7047079332117445,-137.93263808695016,-0.5773779153823853,False,-2237.3536964283567,-1061.491607003875,7264.437602977816,-113.43069297638692,0.6436788401653276,47.82760221297926,732.527345098472,-82.24527133271269,6830.52035709934,23,-0.02257938863667281,-0.34673655730676917,False,0.5706896781921387,-1.0,-0.3999999761581421,0.0
2.4999999999977263,0.006842518161324088,-0.0008179930556777573,6832.973015438238,7.035546107851377,-1.6637325508190932,-3.1192266091217733,-0.042480585970183234,-9.650895593704904,335.2642015445582,-24.735798455441806,289.30078982566437,-90.60241167220255,-24.001785369925642,226.32770464423854,100.0,100.0,11591.775530016761,0.9715767392609624,7.072938226512716,4.8673596023839565,24.001785369925642,0.0,0.0,0.0,0.0,6832.97301543678,1.7045723964964088,-137.67924866787035,-0.579552948474884,False,-2219.401564339433,-1035.8613854452803,7264.41660287996,-109.88742897128833,0.025284880674082414,47.14195094454661,761.7091217185975,-91.05898695804794,6832.973015438238,24,-0.042223272861758525,-0.3889598301685277,False,0.5706896781921387,-1.0,0.10000002384185791,0.0
2.5999999999976353,0.007103213200103384,-0.0009011639436807948,6835.321248448062,6.712633747694409,-1.658525690794661,-2.966685956341409,-0.038014095042213,-10.064822669041721,334.2712148159972,-25.728785184002806,287.9117182100701,-94.63774705193998,-22.980636359997327,226.1637263616708,100.0,100.0,11585.939740747164,0.9710697661359367,7.287164422012698,3.948716713473516,22.980636359997327,0.0,0.0,0.0,0.0,6835.321248447954,1.7043600347455268,-137.34991376204542,-0.5833963751792908,False,-2201.0868091470593,-1010.5160118003132,7264.163732387612,-109.02389914593213,-0.5427996458197498,46.541462943414345,790.7296934355087,-100.31757021054608,6835.321248448062,25,-0.07607984023021815,-0.46503967039874583,False,0.5706896781921387,-1.0,0.6000000238418579,0.0
2.6999999999975444,0.007362677894976061,-0.000987867984791697,6837.573165052003,6.383090746000514,-1.626556199565936,-2.586334295094123,-0.04868909572770811,-9.270206761848264,333.29564985724153,-26.70435014275848,286.4019830465234,-98.76238648082533,-22.046830043721844,225.98839878496787,100.0,100.0,11579.87103886284,0.9705131347287633,7.531936476138506,4.902981240392603,22.046830043721844,0.0,0.0,0.0,0.0,6837.573165048532,1.7040836705935305,-137.03644324546252,-0.5868632793426514,False,-2182.3865831361013,-985.4960207954131,7263.66250119305,-110.00261712180819,-1.046228315018594,45.88655005943069,819.6133032687351,-109.96946406701173,6837.573165052003,26,-0.0658872152683459,-0.5309268856670917,False,0.5706896781921387,-1.0,0.10000002384185791,0.0
2.7999999999974534,0.007620648239066056,-0.001078419868699071,6839.73094974154,6.129541641394391,-1.585083046580868,-2.188555136367701,-0.029213560968000103,-8.834472574627052,332.3925468181869,-27.607453181813117,284.78349382865076,-102.91586723603669,-21.148888893120667,225.79487207539947,100.0,100.0,11573.388198051673,0.9698802999005954,7.694439919013777,4.1257518317549255,21.148888893120667,0.0,0.0,0.0,0.0,6839.730949738719,1.703735242243023,-136.79506568382766,-0.5901880264282227,False,-2163.332123815552,-960.7783106926089,7262.924593152282,-111.0204288921994,-1.596342473575164,45.15539633525466,848.3305619728334,-120.04969978358058,6839.73094974154,27,-0.060369321526403404,-0.5912962071934951,False,0.5706896781921387,-1.0,0.6000000238418579,0.0
2.8999999999973625,0.00787718710420676,-0.001172577452161708,6841.812576040319,5.935606472705549,-1.5300297377638237,-1.6903390782973613,-0.037880947782129096,-8.276519403179972,331.53262673483914,-28.467373265160838,283.05188648665916,-107.08267435969687,-20.50128771283366,225.58906451410923,100.0,100.0,11566.634860738674,0.9691952280542344,7.806648687616837,5.0181888813183555,20.50128771283366,0.0,0.0,0.0,0.0,6841.81257603736,1.7033191704153476,-136.59587719124224,-0.5932055115699768,False,-2143.9186214833085,-936.3810172935257,7261.929491804356,-113.04683983071634,-2.162906020387889,44.367662268339686,876.8884684402966,-130.53132197464134,6841.812576040319,28,-0.05137583494898691,-0.642672042142482,False,0.5706896781921387,-1.0,0.10000002384185791,0.0
2.9999999999972715,0.008131877379460199,-0.0012708207852687907,6843.837454912636,5.725682060255398,-1.5271095066080063,-1.5623688525970798,-0.04679280901677147,-8.251988036849369,330.7133181347676,-29.28668186523244,280.7026797376033,-111.99305234484332,-19.99185449659748,225.20216356064896,100.0,100.0,11555.167642988301,0.9678020569962901,7.598394607603479,5.92005853735215,19.99185449659748,0.0,0.0,0.0,0.0,6843.837454909199,1.7028199053762272,-136.4381419097046,-0.5946032404899597,False,-2124.18947666938,-912.2621670638288,7260.687690929845,-111.57732462506195,-2.7074300864025047,43.51515184919907,905.2405898815093,-141.46776981612177,6843.837454912636,29,-0.011910802794509286,-0.6545828449369913,False,0.5706896781921387,-1.0,-0.3999999761581421,0.0
3.0999999999971806,0.0083843546054517,-0.0013735317639591547,6845.802624984018,5.575712955085441,-1.555836733983768,-1.75876306837793,-0.020503588687608553,-9.10767255278,329.8552033594316,-30.144796640568437,278.3470210586767,-116.7653702764765,-19.310999055973078,224.83900196822248,100.0,100.0,11544.363911747885,0.9664972316392503,7.402668235888377,4.958043142112355,19.310999055973078,0.0,0.0,0.0,0.0,6845.8026249802215,1.7022211991126723,-136.2439049863724,-0.5962288975715637,False,-2104.166653572946,-888.3873566714508,7259.224616314861,-108.34555106607289,-3.2168095039214375,42.69546530965745,933.3463546788831,-152.9015559639331,6845.802624984018,30,-0.013368752671675876,-0.6679515976086672,False,0.5706896781921387,-1.0,0.10000002384185791,0.0
3.1999999999970896,0.008634952585216106,-0.0014801271090299334,6847.699022203571,5.49968608246309,-1.5369985198599654,-1.665131676175345,-0.01395260057158219,-9.66439771309687,328.91056777852884,-31.089432221471174,276.52965243340157,-120.68333046551201,-18.631597774923552,224.67735712751124,100.0,100.0,11538.897116643486,0.9659727303568472,7.561905800119048,4.000982014366371,18.631597774923552,0.0,0.0,0.0,0.0,6847.699022201673,1.7015411080979101,-135.9634288365491,-0.5995692014694214,False,-2083.8134610715833,-864.8159309229351,7257.536520466036,-107.33752925272435,-3.705137598833199,41.960182145296436,961.2429217862569,-164.7677497772122,6847.699022203571,31,-0.049245429201165994,-0.7171970268098332,False,0.5706896781921387,-1.0,0.6000000238418579,0.0
3.2999999999969987,0.008883998001395676,-0.0015901607163283633,6849.536644304297,5.420830255168292,-1.4916654004775949,-1.325788874543032,-0.027871794881747465,-9.099054934393447,327.9630363816782,-32.036963618321835,274.7089909124862,-124.7026797127923,-18.142239971759803,224.60938220770078,100.0,100.0,14229.410176606629,0.9658096362052924,7.739900208500961,4.936706201291734,18.142239971759803,0.0,0.0,0.0,0.0,6849.5366443014345,1.7007969761529877,-135.6788251872147,-0.6026532053947449,False,-2063.107941763105,-841.5955910243235,7255.60848566089,-107.99134645076361,-4.128585996700268,41.20636396987357,988.9666575153666,-177.0166909416734,6849.536644304297,32,-0.04133482575291831,-0.7585318525627516,False,0.7224137783050537,-1.0,0.10000002384185791,0.0
3.3999999999969077,0.009131085028937757,-0.0017041495313145662,6851.334403746897,5.291387743316509,-1.4903507083132417,-1.2590826362845413,-0.04078496714750294,-8.794551786587446,327.0732862371898,-32.92671376281023,272.2009207698638,-129.4666506722744,-17.812321772537494,224.3553042382884,100.0,100.0,14221.905485291396,0.9649193193715904,7.6051110330601075,5.887581916078688,17.812321772537494,0.0,0.0,0.0,0.0,6851.3344037439165,1.6999679872283389,-135.4522873469347,-0.6056324243545532,False,-2042.0749638848404,-818.7038090238093,7253.452565492356,-108.6259090021984,-4.591178668381242,40.40541696014775,1016.4723854213512,-189.7059258259375,6851.334403746897,33,-0.03360493797733255,-0.7921367905400841,False,0.7224137783050537,-1.0,-0.3999999761581421,0.0
3.4999999999968168,0.009375753592941632,-0.0018224564108787963,6853.0902401988305,5.208014720461583,-1.518436717272279,-1.4891274495114684,-0.015225886606032095,-9.360527620568021,326.17573413544454,-33.82426586455545,269.56526420218154,-134.05755871368564,-17.297876306281022,224.0152769800728,100.0,100.0,11518.04980101782,0.9636913514244458,7.461811529363399,4.947522426401177,17.297876306281022,0.0,0.0,0.0,0.0,6853.0902401953235,1.6990224939127543,-135.21851694258538,-0.6083542704582214,False,-2020.7098504695566,-796.1641930304487,7251.051548514408,-110.23272460255126,-5.059961702069176,39.56533240242891,1043.7088899662624,-202.8758476590276,6853.0902401988305,34,-0.02421326011933809,-0.8163500506594222,False,0.5706896781921387,-1.0,0.10000002384185791,0.0
3.599999999996726,0.009618120619780806,-0.0019447204304644775,6854.795716040352,5.070374225616579,-1.5501091265565197,-1.6842152184651864,-0.04287115310902755,-9.82114487461589,325.2124718059716,-34.78752819402841,266.88816814617445,-138.5667292336403,-16.774500928208084,223.69116297146658,100.0,100.0,11508.448221873408,0.9625220487481897,7.377905117593219,5.754877002622973,16.774500928208084,0.0,0.0,0.0,0.0,6854.795716036841,1.6979885496395934,-134.92006276790624,-0.6094509959220886,False,-1999.0496538635507,-773.9322509471863,7248.416083488849,-108.30880301351718,-5.495529980099303,38.6705354313427,1070.6891873939992,-216.48627831930563,6854.795716040352,35,0.014169874916751632,-0.8021801757426706,False,0.5706896781921387,-1.0,-0.3999999761581421,0.0
3.699999999996635,0.009857955443973353,-0.0020711208128823743,6856.4319311317295,4.907649620890373,-1.598361069675027,-2.0307662649824088,-0.019291116783606184,-10.346982472721153,324.21008536610196,-35.789914633898015,264.184376546618,-143.00788899181958,-15.943488848740804,223.38400159472087,100.0,100.0,11499.337312096075,0.9614144989284609,7.302987690048439,4.843066693377218,15.943488848740804,0.0,0.0,0.0,0.0,6856.431931128689,1.6968645270585923,-134.58464430168556,-0.6107863783836365,False,-1977.1178511708968,-751.9751753415532,7245.573179449082,-104.6423003162265,-5.8959470468917425,37.810237121891134,1097.3876000231137,-230.55716889006592,6856.4319311317295,36,0.01211933655968702,-0.7900608391829836,False,0.5706896781921387,-1.0,0.10000002384185791,0.0
3.799999999996544,0.010095621450817308,-0.0022011508313575555,6857.983506582231,4.774233821896015,-1.5886294633419946,-1.9887392598844973,-0.01802401462230868,-10.48693055355898,323.1608368858545,-36.8391631141455,262.07071551263203,-146.68572363290218,-15.100470461263818,223.2676596457293,100.0,100.0,11495.29219882125,0.9610462444440181,7.563007878903408,3.9228453205536593,15.100470461263818,0.0,0.0,0.0,0.0,6857.983506578535,1.6956681108353568,-134.20258182240656,-0.613848865032196,False,-1954.8820569399293,-730.355381748105,7242.526694736314,-103.26293128100534,-6.279196674609421,37.03018072357768,1123.8445799049828,-245.0321105467231,6857.983506582231,37,-0.0254309701076526,-0.8154918092906362,False,0.5706896781921387,-1.0,0.6000000238418579,0.0
3.899999999996453,0.010331418506441665,-0.0023343970964125127,6859.457421506873,4.618790506892831,-1.5495414013428859,-1.6678839443703122,-0.032748659944169624,-9.612407249781372,322.14734136730084,-37.85265863269915,259.8158774314281,-150.42731559962286,-14.38508567150545,223.1342401539491,100.0,100.0,11490.849429156557,0.96060698181173,7.814727471018361,4.900135875648283,14.38508567150545,0.0,0.0,0.0,0.0,6859.457421500211,1.6944134266300628,-133.85493025925732,-0.6166880130767822,False,-1932.3228557020357,-709.1240509409412,7239.268628156064,-103.5188569379784,-6.59306573994283,36.2318143626803,1150.093508137086,-259.8650847726409,6859.457421506873,38,-0.018204038369577544,-0.8336958476602138,False,0.5706896781921387,-1.0,0.10000002384185791,0.0
3.999999999996362,0.01056481724549428,-0.00247133105813023,6860.864957054141,4.405133920459967,-1.551721006803527,-1.5934277641558163,-0.04716034564854843,-9.089032146884898,321.2172618471417,-38.78273815285834,256.7773679893226,-154.8737885086552,-13.752116987450233,222.80546507080578,100.0,100.0,11481.32127823091,0.9594015090903742,7.713659598515076,5.878696350756473,13.752116987450233,0.0,0.0,0.0,0.0,6860.864957049273,1.6930740338170727,-133.59081587389792,-0.6194504499435425,False,-1909.4621106585623,-688.2568176923414,7235.811868629089,-103.79451338684308,-6.93950152482941,35.386741406564965,1176.0754557684234,-275.1085733910572,6860.864957054141,39,-0.01082689391502828,-0.8445227415752421,False,0.5706896781921387,-1.0,-0.3999999761581421,0.0
4.099999999996271,0.010795353076142905,-0.002612314892009942,6862.198964391679,4.232475732689191,-1.5828169336558258,-1.8143708754822019,-0.020463864263003576,-9.590934569266789,320.29269095015405,-39.70730904984595,253.72107171183225,-159.20542046137385,-12.930747909033647,222.48853634936066,100.0,100.0,11472.151216348951,0.9582377056743272,7.575034357450517,4.9309541822720755,12.930747909033647,0.0,0.0,0.0,0.0,6862.198964386434,1.6916190005317173,-133.33264380258666,-0.6219931244850159,False,-1886.2955803142645,-667.7802372540143,7232.144012850657,-105.0414331920441,-7.2830523359693995,34.50740224947758,1201.738704436228,-290.8028937785468,6862.198964391679,40,-0.002022838328441339,-0.8465455799036834,False,0.5706896781921387,-1.0,0.10000002384185791,0.0
4.19999999999618,0.011023434671972589,-0.0027568326528785653,6863.451137902495,4.128916622007155,-1.5656374103191772,-1.7315103954018947,-0.0143214883807814,-9.961646659921117,319.3095574530683,-40.69044254693173,251.3281253448646,-162.77983970902906,-12.129885858537678,222.36887497561926,100.0,100.0,11468.214670095607,0.9578393465507035,7.766464918359956,3.9698917427409546,12.129885858537678,0.0,0.0,0.0,0.0,6863.451137897001,1.6900868143745376,-133.01607420808875,-0.624501645565033,False,-1862.8439746323663,-647.6710463558321,7228.2696626712805,-105.8208388152873,-7.684212751535496,33.60916074118595,1227.1287476839886,-306.8906109184419,6863.451137902495,41,-0.0011446247924059077,-0.8476902046960894,False,0.5706896781921387,-1.0,0.6000000238418579,0.0
4.299999999996089,0.011249412460866094,-0.0029044655488869213,6864.6316440036535,4.019529377261182,-1.521520351980483,-1.3925597028045682,-0.028949236898051588,-9.33880685149198,318.3358805301565,-41.66411946984353,248.8136527798316,-166.3866396278471,-11.49544484862393,222.2395436482671,100.0,100.0,11464.07044241155,0.9573991824090584,7.968180191492231,4.929305983334302,11.49544484862393,0.0,0.0,0.0,0.0,6864.63164399837,1.6884990701297837,-132.70799280806,-0.6267882585525513,False,-1839.1045397101475,-627.9576781221905,7224.170738068316,-107.40129874545549,-8.094183968982714,32.70429236132271,1252.2845951436136,-323.3251049020921,6864.6316440036535,42,0.006118057683484953,-0.8415721470126044,False,0.5706896781921387,-1.0,0.10000002384185791,0.0
4.399999999995998,0.011472741334367957,-0.0030556362121884335,6865.756159238729,3.85583905285709,-1.5198823505934276,-1.3187846319320717,-0.0429244761875897,-8.981759827081897,317.42455267143595,-42.57544732856405,245.47999829191454,-170.63679338669448,-10.989917323273794,221.91748596483885,100.0,100.0,11454.900634143678,0.9562028725340692,7.846488380205901,5.905575916155994,10.989917323273794,0.0,0.0,0.0,0.0,6865.756159232856,1.686834099205166,-132.46313159401035,-0.6274837851524353,False,-1815.108510265078,-608.592680753362,7219.854679345474,-105.36728029063637,-8.4659138229319,31.767678088156,1277.145565341841,-340.1534231408164,6865.756159238729,43,0.047808339290429734,-0.7937638077221747,False,0.5706896781921387,-1.0,-0.3999999761581421,0.0
4.499999999995907,0.011692935880875171,-0.003210673226136983,6866.82150770351,3.7377892762537877,-1.5475102944715968,-1.5473759091158599,-0.01618700909175362,-9.49495963197638,316.5104345579194,-43.48956544208059,242.13478735502966,-174.77118138629962,-10.316243189775374,221.60850911935583,100.0,100.0,11446.111296014657,0.9550539440626562,7.704759230914396,4.950835176534881,10.316243189775374,0.0,0.0,0.0,0.0,6866.821507697238,1.685074218837762,-132.21780601962556,-0.62842857837677,False,-1790.877439330601,-589.5409032658156,7215.347280055753,-101.5661720349222,-8.803626336618919,30.875613916978825,1301.657622259024,-357.41214353356895,6866.82150770351,44,0.04563728221434744,-0.7481265255078272,False,0.5706896781921387,-1.0,0.10000002384185791,0.0
4.599999999995816,0.011910441257486337,-0.003369084700420607,6867.818728652028,3.6964330456242402,-1.5278592793978818,-1.4760100613734248,-0.009430541809021795,-9.879923079101612,315.5361988829249,-44.46380111707507,239.50930284296712,-178.18553587090489,-9.642274957650601,221.49799727065712,100.0,100.0,11442.579731054731,0.9546767279442833,7.8857916145138,3.9773311967396068,9.642274957650601,0.0,0.0,0.0,0.0,6867.8187286449065,1.683239924912295,-131.91268977901973,-0.6311354637145996,False,-1766.3862896647975,-570.8686474298862,7210.657233537751,-100.05919286265156,-9.128391932258518,30.066988989393693,1325.870320783379,-375.04650885082197,6867.818728652028,45,0.005663845993708115,-0.7424626795141192,False,0.5706896781921387,-1.0,0.6000000238418579,0.0
4.699999999995725,0.012125680374091563,-0.0035305037581299997,6868.757627562029,3.649874451756927,-1.481304294193039,-1.1430315828830122,-0.024844131483241633,-9.253428027443919,314.57062081923476,-45.42937918076526,236.8546208934725,-181.70188447376754,-9.160173715170936,221.476680067764,100.0,100.0,14139.250577855593,0.9546449462519853,8.069442399766492,4.938858876103221,9.160173715170936,0.0,0.0,0.0,0.0,6868.757627555361,1.6813493406095557,-131.6150398215203,-0.6336157321929932,False,-1741.618309437028,-552.6285021727414,7205.780276343495,-100.17915388954685,-9.380713581323391,29.246623673186523,1349.8307392438728,-393.0156783550316,6868.757627562029,46,0.013186488887902144,-0.729276190626217,False,0.7224137783050537,-1.0,0.10000002384185791,0.0
4.799999999995634,0.012338128517440249,-0.0036953573707076155,6869.658364401645,3.5461191118710738,-1.4771165428028057,-1.076542797868208,-0.03896866477034793,-8.931893158765842,313.6656331439906,-46.33436685600943,233.34342887197826,-185.8099835721222,-8.858701568856684,221.2662179339239,100.0,100.0,14133.501520160713,0.9538715144123653,7.938891738755967,5.921971197835706,8.858701568856684,0.0,0.0,0.0,0.0,6869.658364395638,1.679377653135008,-131.3783008380698,-0.6360337734222412,False,-1716.5921459526187,-534.7930298691937,7200.728546150762,-100.32459619845596,-9.661902320897497,28.379313906558078,1373.4804665614486,-411.3671825071718,6869.658364401645,47,0.020433314055231147,-0.7088428765709858,False,0.7224137783050537,-1.0,-0.3999999761581421,0.0
4.8999999999955435,0.012547238171178967,-0.003863906485197966,6870.521398936827,3.489682141421551,-1.502173102683358,-1.3142737516336693,-0.012341952115043521,-9.417111489760357,312.75857526152447,-47.24142473847553,229.73621367011935,-189.717995924483,-8.394673275007039,220.96798199807085,100.0,100.0,11426.954482222765,0.9527524716606054,7.799659102362293,4.965040278881137,8.394673275007039,0.0,0.0,0.0,0.0,6870.521398930549,1.6772909532928888,-131.13998146428779,-0.638215959072113,False,-1691.3064405852313,-517.3904746224001,7195.492304733333,-101.43947534292664,-9.936033816925736,27.478989649646287,1396.7585532156427,-430.1300699322376,6870.521398936827,48,0.029965446895755265,-0.6788774296752305,False,0.5706896781921387,-1.0,0.10000002384185791,0.0
4.9999999999954525,0.01275320535358404,-0.004035818888652936,6871.339345219874,3.3832523703039126,-1.5310771226390336,-1.5220678604879172,-0.041113580506878536,-9.880661064852527,311.78901643901753,-48.21098356098247,226.10294970933288,-193.53451425256705,-7.932814223842737,220.6834759201266,100.0,100.0,11418.96404530878,0.9516842674438759,7.715970041473001,5.796943726624311,7.932814223842737,0.0,0.0,0.0,0.0,6871.339345212303,1.6751115183754388,-130.83968282749018,-0.6403693556785583,False,-1665.7789715198087,-500.3951116241318,7190.075319288361,-102.089089422826,-10.265445407003474,26.5566777643645,1419.6868199609753,-449.26735868484485,6871.339345219874,49,0.03406367904545514,-0.6448137506297753,False,0.5706896781921387,-1.0,-0.3999999761581421,0.0
5.099999999995362,0.01295574850581639,-0.004211217871407756,6872.095402151719,3.2536706855682738,-1.5762862364595849,-1.883114541920125,-0.01661203800609851,-10.344887771257046,310.7841063458401,-49.215893654159906,222.44413088169904,-197.2731334794106,-7.180450550500849,220.41258441732282,100.0,100.0,11411.36933406474,0.9506655852348759,7.639481133187822,4.865141541937889,7.180450550500849,0.0,0.0,0.0,0.0,6872.095402143413,1.6728231221429322,-130.50444742934945,-0.6422680616378784,False,-1640.0101466444278,-483.837230290965,7184.462340274277,-103.54404532185272,-10.601015201554858,25.627112756809534,1442.2339236674804,-468.7927734451114,6872.095402151719,50,0.044054003618163674,-0.6007597470116116,False,0.5706896781921387,-1.0,0.10000002384185791,0.0
5.199999999995271,0.013155341722601657,-0.0043896774981391435,6872.774149257365,3.161777035811867,-1.5652938250458714,-1.8542953849046173,-0.014664463169028578,-10.477010546705635,309.73622431381744,-50.263775686182555,219.55136697594529,-200.38096894966986,-6.404957962637361,220.332119799645,100.0,100.0,11408.830194757154,0.9503878003342696,7.890316904198423,3.9137295528424216,6.404957962637361,0.0,0.0,0.0,0.0,6872.774149249959,1.6704643637619985,-130.12645566531032,-0.6441410183906555,False,-1614.0172864234262,-467.691664403845,7178.654819074149,-104.44367432528232,-10.99719471908004,24.694646678699673,1464.4526405600163,-488.6588990928494,6872.774149257365,51,0.04464054508286411,-0.5561192019287475,False,0.5706896781921387,-1.0,0.6000000238418579,0.0
5.29999999999518,0.013352387210697373,-0.004570849285601146,6873.382069539535,3.046650624337588,-1.524994934479899,-1.5352887824488655,-0.030581638790762814,-9.67432635171538,308.71992564963307,-51.28007435036695,216.51493923989463,-203.51524787831343,-5.76645456933146,220.23502468724004,100.0,100.0,11405.898135965856,0.9500409939991171,8.13376918665657,4.907449990819522,5.76645456933146,0.0,0.0,0.0,0.0,6873.382069530509,1.6680586260363721,-129.77913654574314,-0.6457169651985168,False,-1587.8031379870404,-451.98876862456996,7172.634284312493,-106.10694715234271,-11.403098451408576,23.764438192486224,1486.3877442948315,-508.8269424731196,6873.382069539535,52,0.053944197499005614,-0.502175004429742,False,0.5706896781921387,-1.0,0.10000002384185791,0.0
5.399999999995089,0.01354625616112339,-0.004755080043661274,6873.932941777692,2.866219492430984,-1.5246509570440523,-1.4587613370175212,-0.046154943922718135,-9.22895370841819,307.77983463749433,-52.220165362505654,212.54094792447833,-207.17321422368164,-5.243862742326885,219.94251687676356,100.0,100.0,11397.861988319726,0.9489258469239186,8.030798460259033,5.912829464101601,5.243862742326885,0.0,0.0,0.0,0.0,6873.932941768487,1.6655809622781257,-129.5089789500116,-0.6457562446594238,False,-1561.3916439520524,-436.6763331859992,7166.40575716947,-104.1237191875105,-11.77057526156001,22.80683966751869,1507.9692358562559,-529.335510460373,6873.932941777692,53,0.09655523453314309,-0.40561976989659887,False,0.5706896781921387,-1.0,-0.3999999761581421,0.0
5.499999999994998,0.013736399836570762,-0.004942628606844519,6874.422536547036,2.728258970442895,-1.5531444259981104,-1.6852563330645163,-0.018398154972435618,-9.695939119732865,306.8429072721051,-53.15709272789493,208.56723402290925,-210.71849260679338,-4.547089064817393,219.66402934056694,100.0,100.0,11390.230904906137,0.9478618962779021,7.896893922033252,4.949454061639118,4.547089064817393,0.0,0.0,0.0,0.0,6874.422536539417,1.6630103106504237,-129.24442503906022,-0.6460826396942139,False,-1534.79794928464,-421.71522836128383,7159.993168113444,-100.36240769247202,-12.10411757244367,21.898738584019043,1529.1360298070572,-550.2134165139319,6874.422536547036,54,0.09345355279877754,-0.31216621709782133,False,0.5706896781921387,-1.0,0.10000002384185791,0.0
5.599999999994907,0.013923340227135483,-0.005133077263638573,6874.841698330147,2.669349303977769,-1.5349856847232872,-1.611469784502575,-0.011342122915254035,-10.004897100104996,305.8522278115956,-54.14777218840444,205.42753416630833,-213.66121055382646,-3.849753262039403,219.5813002981244,100.0,100.0,11387.794141287766,0.9475607258939543,8.088268195326435,3.963319813142898,3.849753262039403,0.0,0.0,0.0,0.0,6874.841698321482,1.6603694217710943,-128.92655582618244,-0.6481573581695557,False,-1508.006980257621,-407.1754689240504,7153.406647719276,-98.90287831349093,-12.425911280964943,21.078750978516155,1549.946234084722,-571.414160988246,6874.841698330147,55,0.05174322034496717,-0.2604229967528542,False,0.5706896781921387,-1.0,0.6000000238418579,0.0
5.699999999994816,0.014107527358460317,-0.00532608592265344,6875.199426707152,2.604846224250791,-1.4899076131430706,-1.2720995087197433,-0.027008108526379516,-9.40639467966053,304.8729660049876,-55.12703399501244,202.16820321356053,-216.6039891396621,-3.3270506024197344,219.48651885225826,100.0,100.0,11385.078273639023,0.9472089426545577,8.285386276852902,4.940779677925866,3.3270506024197344,0.0,0.0,0.0,0.0,6875.199426697544,1.6576769128561941,-128.61893371701498,-0.6499626040458679,False,-1481.0106370047772,-393.11226498317745,7146.642875718158,-99.077349556917,-12.674601660257684,20.248092502556332,1570.4499455438024,-592.899884909781,6875.199426707152,56,0.0606699354634422,-0.19975306128941198,False,0.5706896781921387,-1.0,0.10000002384185791,0.0
5.799999999994725,0.014288327817664878,-0.005521948711102657,6875.514335211915,2.479526036469222,-1.4860030097473391,-1.1948667515287945,-0.04202950510887845,-9.110438398530306,303.95185188116164,-56.04814811883838,197.95135110278628,-219.99959343595557,-2.9735652059486375,219.19810930409008,100.0,100.0,11377.29154823557,0.9460959998534758,8.161508791458687,5.942910059314116,2.9735652059486375,0.0,0.0,0.0,0.0,6875.514335202312,1.6549031321944843,-128.36971469419984,-0.65172278881073,False,-1453.8229994375351,-379.49476462430687,7139.712719255412,-99.25786540431443,-12.952127394560218,19.367585865631934,1590.5766526624543,-614.7033305199478,6875.514335211915,57,0.06818472032947229,-0.1315683409599397,False,0.5706896781921387,-1.0,-0.3999999761581421,0.0
5.899999999994634,0.014465180796630677,-0.005720884877093878,6875.7865257129915,2.4015195790397863,-1.5112703470067554,-1.4277786007020916,-0.014276961321068756,-9.568405181542488,303.0276879869108,-56.97231201308923,193.74135524526017,-223.2821761000035,-2.4641602700530454,218.9240476885139,100.0,100.0,11369.906496755102,0.9450366282979845,8.022688412717804,4.972289012684951,2.4641602700530454,0.0,0.0,0.0,0.0,6875.786525704652,1.6520157893604297,-128.11791689497426,-0.6531733274459839,False,-1426.4478202908913,-366.3515922395292,7132.60675573099,-100.40605733945395,-13.22180756346828,18.45202489515628,1610.263926280927,-636.8489045180905,6875.7865257129915,58,0.08022815269257114,-0.05134018826736855,False,0.5706896781921387,-1.0,0.10000002384185791,0.0
5.999999999994543,0.014638638505502562,-0.00592250906668492,6876.005510989407,2.410095034156618,-1.4907915189745427,-1.3640444643528988,-0.006602314912327262,-9.888063685564036,302.04949939156535,-57.950500608434666,190.412273798154,-226.01305397596155,-1.924732791665669,218.84683998085868,100.0,100.0,11367.738045874597,0.9447458909112546,8.202771841920157,3.9743285469254706,1.924732791665669,0.0,0.0,0.0,0.0,6876.005510979807,1.6490549932311493,-127.81239310381784,-0.6545981168746948,False,-1398.8988852112293,-353.65415532291104,7125.327652305857,-101.07938844022459,-13.547022077312084,17.51180963520072,1629.5732384325452,-659.2937093033653,6876.005510989407,59,0.08099485913714832,0.02965467086977977,False,0.5706896781921387,-1.0,0.6000000238418579,0.0
6.099999999994452,0.014809210830618058,-0.00612655005177718,6876.179226239947,2.413741110853383,-1.443432434713362,-1.0296606311637488,-0.02299024797080744,-9.30072627997689,301.0808611109854,-58.9191388890146,187.03969625153277,-228.83404648905773,-1.5821911855302546,218.85730342456696,100.0,100.0,14070.611795548899,0.9447963874963454,8.382070323412151,4.953452685972891,1.5821911855302546,0.0,0.0,0.0,0.0,6876.179226231437,1.6460494913165788,-127.51563526959205,-0.6556946039199829,False,-1371.1823080101965,-341.4330902688091,7117.8606088625465,-102.55586860561768,-13.877721566925818,16.563126495015656,1648.5613496644023,-682.0075517638357,6876.179226239947,60,0.0914538737669037,0.12110854463668347,False,0.7224137783050537,-1.0,0.10000002384185791,0.0
6.199999999994361,0.014976285161166175,-0.006333309221205642,6876.33105923127,2.3535618472120916,-1.4371778123159065,-0.9589950186057731,-0.03810417208568062,-9.034361661339592,300.16848057721734,-59.831519422782655,182.6870697773625,-232.04529116318835,-1.4669936100235363,218.67680437412997,100.0,100.0,14066.155533244446,0.9440969540007688,8.248671501571376,5.961297874697124,1.4669936100235363,0.0,0.0,0.0,0.0,6876.331059222147,1.6429788310632767,-127.27624104666387,-0.6552793979644775,False,-1343.320933054411,-329.63466229035754,7110.2100027955685,-100.36749768048863,-14.16640272309005,15.581769652177895,1667.1600641410187,-705.023982504612,6876.33105923127,61,0.1348314442314399,0.25593998886812336,False,0.7224137783050537,-1.0,-0.3999999761581421,0.0
6.29999999999427,0.015139257478899056,-0.006542923474721652,6876.465238813627,2.3422505745629136,-1.4600701619627612,-1.200139771469074,-0.010506998486931167,-9.45196543199663,299.2546759847041,-60.74532401529589,178.27949108655588,-235.04127051214383,-1.20268482019147,218.4098299404806,100.0,100.0,11355.940695503927,0.9430572601366366,8.111372506317817,4.988372434895383,1.20268482019147,0.0,0.0,0.0,0.0,6876.465238804623,1.63981857304364,-127.03793751257366,-0.6552087068557739,False,-1315.3255475879396,-318.21639740761987,7102.3988036785395,-96.41777844449149,-14.423109861059597,14.647829006424802,1685.3021425510428,-728.3582412060142,6876.465238813627,62,0.13022102041153516,0.3861610092796585,False,0.5706896781921387,-1.0,0.10000002384185791,0.0
6.399999999994179,0.0152983961909089,-0.006755109153844926,6876.573802097565,2.286343566174621,-1.4870373870643883,-1.41622114412249,-0.04019045892887504,-9.945477794193367,298.2797523028088,-61.72024769719118,173.86375101655895,-237.93636305767984,-0.9467120730005609,218.15134483686117,100.0,100.0,11349.05977948902,0.9420491936886201,8.026779108258246,5.84092481874793,0.9467120730005609,0.0,0.0,0.0,0.0,6876.573802086527,1.636571986067311,-126.73932598461069,-0.6568809151649475,False,-1287.1818695700558,-307.2471650008202,7094.441692617068,-94.83054855863536,-14.671675974373157,13.802906906337384,1703.0174639719787,-751.9787510060172,6876.573802097565,63,0.09105270871753765,0.47721371799719614,False,0.5706896781921387,-1.0,-0.3999999761581421,0.0
6.499999999994088,0.01545338298754334,-0.006969921044437763,6876.642462830964,2.209445954989964,-1.5301436138831812,-1.788065369518591,-0.01485288560268816,-10.344345770767465,297.2728300295069,-62.72716997049307,169.42611097371014,-240.7483254968999,-0.41159337500941146,217.90432326867148,100.0,100.0,11342.50302693788,0.9410836775216121,7.946899448202102,4.890279867375521,0.41159337500941146,0.0,0.0,0.0,0.0,6876.642462821104,1.6332184104856922,-126.40887127209575,-0.6582494974136353,False,-1258.8931656520258,-296.7846080278521,7086.341896344611,-94.87870969858797,-14.844787915619035,12.94912136971724,1720.2705941733248,-775.8916106668117,6876.642462830964,64,0.10322579141577178,0.580439509412968,False,0.5706896781921387,-1.0,0.10000002384185791,0.0
6.599999999993997,0.015604783427988581,-0.007187046733564423,6876.653529429273,2.1784014141493384,-1.518515116928415,-1.7685992116885363,-0.012290060762084647,-10.504757436396996,296.22404990661494,-63.77595009338507,165.8991454179621,-243.11299032863465,0.18612866986339704,217.85073213089524,100.0,100.0,11341.08255623013,0.9408739696416264,8.1939332310157,3.9133914846081743,-0.18612866986339704,0.0,0.0,0.0,0.0,6876.653529417772,1.6298045159402057,-126.03714720561335,-0.6580873727798462,False,-1230.4793030987648,-286.76922586613847,7078.109407342628,-91.81475299707077,-14.935674428416252,12.029229747007971,1737.1244912036889,-800.0620423803915,6876.653529429273,65,0.1412635373192377,0.7217030467322056,False,0.5706896781921387,-1.0,0.6000000238418579,0.0
6.699999999993906,0.015753086299986153,-0.007406232840999932,6876.611181915326,2.1226071592737967,-1.4776245807699282,-1.448808772670994,-0.029147718519240043,-9.774667727745703,295.2006652282996,-64.79933477170037,162.23520709970646,-245.46875413661942,0.6377738602546895,217.78072841481674,100.0,100.0,11339.261472234108,0.9405969317275885,8.436605785982973,4.924657450696441,-0.6377738602546895,0.0,0.0,0.0,0.0,6876.6111819038615,1.626361267791457,-125.69186091577716,-0.6582838296890259,False,-1201.9391578708833,-277.148567141669,7069.766466037971,-87.19135797207383,-14.986686681915039,11.124236192045297,1753.6335669144587,-824.4618398601124,6876.611181915326,66,0.13443595681106218,0.8561390035432679,False,0.5706896781921387,-1.0,0.10000002384185791,0.0
6.799999999993815,0.015897594461405155,-0.00762767637823929,6876.533276370129,1.9933695981932567,-1.475518115206524,-1.368149001479024,-0.04574432674600577,-9.367799775284158,294.24794866813437,-65.75205133186562,157.52412463490376,-248.1243362786577,0.9179957462491916,217.51126375411337,100.0,100.0,11332.197600424779,0.9395349892558632,8.333772242841246,5.954165502968109,-0.9179957462491916,0.0,0.0,0.0,0.0,6876.533276358309,1.622836315006392,-125.41800757004361,-0.6602632403373718,False,-1173.2584832444925,-267.98550510817205,7061.342891310248,-85.12881937312618,-15.033565556048687,10.278395644424046,1769.7202154436218,-849.1129344255977,6876.533276370129,67,0.09695173063361566,0.9530907341768835,False,0.5706896781921387,-1.0,-0.3999999761581421,0.0
6.8999999999937245,0.01603769894694949,-0.007851507459704194,6876.419627582878,1.9071208239557422,-1.5021510452931461,-1.5976779146482951,-0.017052366506257133,-9.735414358743272,293.30302199583616,-66.69697800416381,152.82845435285108,-250.67037429563177,1.3644832260494728,217.25422238463273,100.0,100.0,11325.480072048469,0.9385196161193847,8.200003525651644,4.974351155553613,-1.3644832260494728,0.0,0.0,0.0,0.0,6876.419627571666,1.6191928754405336,-125.15238881457326,-0.6620233058929443,False,-1144.4435225561904,-259.3360557261633,7052.855861265859,-84.71721236043668,-14.997476420896035,9.425205310631444,1785.3166467744172,-874.0298104142709,6876.419627582878,68,0.10755512281203032,1.060645856988914,False,0.5706896781921387,-1.0,0.10000002384185791,0.0
6.9999999999936335,0.016174010891437496,-0.008077434684471245,6876.258178405488,1.9096216095109806,-1.4834990888538462,-1.529480376351665,-0.009142970020764375,-10.029538171325498,292.30961280564867,-67.69038719435132,149.10215666403417,-252.81495030181117,1.8583710488919198,217.19530604329805,100.0,100.0,11324.02187847094,0.9382794975296123,8.390885191552178,3.965392826871172,-1.8583710488919198,0.0,0.0,0.0,0.0,6876.258178393975,1.6154791387831768,-124.83917170383789,-0.6621860861778259,False,-1115.5119273722487,-251.13928348650128,7044.308994661027,-81.24390974804867,-14.86474362052446,8.524836799367687,1800.490892434822,-899.180029075339,6876.258178405488,69,0.14819043613974198,1.2088362931286558,False,0.5706896781921387,-1.0,0.6000000238418579,0.0
7.099999999993543,0.016307082940046264,-0.008305274164439718,6876.055314185849,1.9065541562361057,-1.4379677793384096,-1.186826253359739,-0.02561127908886205,-9.43141139104331,291.32704250207445,-68.67295749792557,145.31413120304046,-255.0449376083005,2.1656163501396,217.22312039873515,100.0,100.0,14031.377535476027,0.9383777061536362,8.582328210144574,4.962657483478003,-2.1656163501396,0.0,0.0,0.0,0.0,6876.05531417251,1.611735731581568,-124.53823320304508,-0.6626075506210327,False,-1086.471374194209,-243.33977409846813,7035.721688926399,-76.21762224933954,-14.692786918512677,7.640948862962346,1815.30447288595,-924.5431199854295,6876.055314185849,70,0.1437895010869967,1.3526257942156525,False,0.7224137783050537,-1.0,0.10000002384185791,0.0
7.199999999993452,0.016436249104133847,-0.00853522767129926,6875.834221253971,1.8351169746545608,-1.4324847581549014,-1.1042481198867373,-0.041493501601248615,-9.143581379683983,290.40248341729284,-69.59751658270713,140.47835050260156,-257.5034827766165,2.243696714515395,217.0568643929764,100.0,100.0,14027.539764225161,0.9377128065355969,8.448156485745889,5.987294274309118,-2.243696714515395,0.0,0.0,0.0,0.0,6875.834221243071,1.6079227250476218,-124.29656401648747,-0.6648281216621399,False,-1057.3269418419702,-235.9952776321159,7027.142483430898,-73.81644601586059,-14.521104818585846,6.802252507273248,1829.68325027218,-950.1415443690337,6875.834221253971,71,0.10463467519311041,1.457260469408763,False,0.7224137783050537,-1.0,-0.3999999761581421,0.0
7.299999999993361,0.016560880547451497,-0.008767332519003853,6875.5990657027605,1.8119120469423216,-1.4560706401095678,-1.3392043670148772,-0.012911209838641568,-9.537329691528454,289.47927527121453,-70.52072472878548,135.62254516317458,-259.7375939599009,2.475382866650027,216.8039435527727,100.0,100.0,11314.079556667348,0.9367066173958868,8.303944352983908,4.999846774675971,-2.475382866650027,0.0,0.0,0.0,0.0,6875.5990656916565,1.6039944923849159,-124.0572241529757,-0.6669929027557373,False,-1028.0724976118217,-229.15599895022473,7018.598237227303,-73.07648338142589,-14.265072169397003,5.981407246158418,1843.5572225423007,-975.979456015509,6875.5990657027605,72,0.11095342575452413,1.5682138951632871,False,0.5706896781921387,-1.0,0.10000002384185791,0.0
7.39999999999327,0.016681293326588208,-0.009001350243986676,6875.341174571872,1.7452061962769865,-1.483699967932739,-1.551164404973859,-0.0432163464598002,-10.04740264230155,288.49496575185697,-71.50503424814305,130.7756309445496,-261.8696838314768,2.704214187699312,216.55954725041516,100.0,100.0,11307.773413628378,0.9357324632180654,8.212503658178793,5.863330416467053,-2.704214187699312,0.0,0.0,0.0,0.0,6875.3411745601825,1.5999666017119822,-123.75808782185699,-0.669172465801239,False,-998.7006819965023,-222.78475092048572,7010.08952953966,-72.44889189262537,-14.013705243175657,5.123472479779218,1856.9615731157992,-1002.0303091605969,6875.341174571872,73,0.1149658314903636,1.6831797266536508,False,0.5706896781921387,-1.0,-0.3999999761581421,0.0
7.499999999993179,0.016797159442954835,-0.009237280712789954,6875.045965703827,1.6568051375706105,-1.5274790726162384,-1.9218852851387893,-0.016989785724136074,-10.447348214129589,287.4780389758574,-72.52196102414261,125.91997280590518,-263.91189563187964,3.216538021769031,216.32685392671522,100.0,100.0,11301.795942716288,0.9348020714267385,8.124938294052747,4.897622304119219,-3.216538021769031,0.0,0.0,0.0,0.0,6875.045965690809,1.5958134981888463,-123.42703648501076,-0.6729120016098022,False,-969.2138632864027,-216.93715233924172,7001.637097619632,-75.81187974964578,-13.840570968002432,4.233960162507846,1869.8597891897323,-1028.2940889477777,6875.045965703827,74,0.07952754245128181,1.7627072691049326,False,0.5706896781921387,-1.0,0.10000002384185791,0.0
7.599999999993088,0.016909097119375525,-0.009474905192899626,6874.695031310517,1.6167968374276618,-1.5172219565647835,-1.9003757513160129,-0.014220491290897282,-10.628257107225991,286.4180910435808,-73.58190895641923,122.05029033555783,-265.6610468786927,3.7996011210559137,216.29000388886172,100.0,100.0,11301.031529551054,0.9346382441235902,8.375814757906367,3.9067682208236243,-3.7996011210559137,0.0,0.0,0.0,0.0,6874.695031296413,1.591569406320981,-123.05223877170846,-0.675735354423523,False,-939.6312508638113,-211.65438428571326,6993.2253020432445,-79.05669443523338,-13.65067907979711,3.295944269934897,1882.3206913288834,-1054.7464460735864,6874.695031310517,75,0.10403390660804608,1.8667411757129786,False,0.5706896781921387,-1.0,0.6000000238418579,0.0
7.699999999992997,0.0170176379346713,-0.009714053820709069,6874.2917119788235,1.551348506072112,-1.4777273737337784,-1.5743557483343507,-0.03125580178623807,-9.907456207607627,285.3816190514685,-74.61838094853152,118.04470013784167,-267.3807595141218,4.24402229329766,216.23659666998634,100.0,100.0,11299.860124054714,0.9344065058783272,8.627052163474596,4.9335853025770415,-4.24402229329766,0.0,0.0,0.0,0.0,6874.291711966962,1.5872786371708354,-122.70088908966244,-0.6768395304679871,False,-909.9711167952539,-206.86826907374436,6984.818629329354,-78.03654931411022,-13.454488202390067,2.2872724579947508,1894.4034548876093,-1081.3684713213336,6874.2917119788235,76,0.15247149349326644,2.019212669206245,False,0.5706896781921387,-1.0,0.10000002384185791,0.0
7.799999999992906,0.017122050400325654,-0.009954808828403904,6873.853417004479,1.4085437426189502,-1.4760770083987884,-1.4839195151409887,-0.0486187295375259,-9.483215528915544,284.4162737093355,-75.58372629066454,112.93989018398304,-269.2253349816378,4.5201797276680304,215.98111248953907,100.0,100.0,11293.359465789601,0.9333785421615175,8.523957988648778,5.979057570846136,-4.5201797276680304,0.0,0.0,0.0,0.0,6873.853416991456,1.582905610258767,-122.42247676053596,-0.6782246828079224,False,-880.2299508524901,-202.52616205279745,6976.412539335618,-75.09806987535292,-13.291158062136663,1.2944114210951525,1906.026650564252,-1108.1693187779226,6873.853417004479,77,0.15275270461934518,2.17196537382559,False,0.5706896781921387,-1.0,-0.3999999761581421,0.0
7.899999999992815,0.01722170202571476,-0.010197197897546908,6873.37962710141,1.3081636590609775,-1.5030869319886633,-1.7086562412370154,-0.01903306939360474,-9.835093475157324,283.46077361789816,-76.53922638210183,107.86749022627254,-270.96105296295065,4.965843565579393,215.73792513203847,100.0,100.0,11287.20155546519,0.9323967955605091,8.385049075042351,4.986018026187869,-4.965843565579393,0.0,0.0,0.0,0.0,6873.379627088455,1.5784052259076746,-122.15547817001736,-0.681152880191803,False,-850.4058201079836,-198.68138453181928,6968.038635851544,-74.68888588403192,-13.181813341629418,0.3636956276357534,1917.1198695025669,-1135.152069954922,6873.37962710141,78,0.11701506904593187,2.288980442871522,False,0.5706896781921387,-1.0,0.10000002384185791,0.0
7.999999999992724,0.017317252325882652,-0.010441031745663212,6872.857956795145,1.2998778138884297,-1.4854996070297684,-1.6368275451089118,-0.010717598072208855,-10.142030909916786,282.456965274523,-77.54303472547704,103.83117082894685,-272.4600928166171,5.462238070784819,215.69509286190927,100.0,100.0,11286.377817198352,0.9322001766569596,8.57867693870622,3.963405609074515,-5.462238070784819,0.0,0.0,0.0,0.0,6872.857956779913,1.573811228579471,-121.8401127579749,-0.6838756203651428,False,-820.5167023772705,-195.38437959748714,6959.711681289098,-75.90175597781335,-13.033321518185423,359.446520754378,1927.756528917257,-1162.2956539272286,6872.857956795145,79,0.12329940133826385,2.412279844209786,False,0.5706896781921387,-1.0,0.6000000238418579,0.0
8.099999999992633,0.017409273024165006,-0.010686169003346799,6872.294112534696,1.2867463370605312,-1.4410869117030922,-1.287819730873354,-0.027350280823353702,-9.609156198052696,281.4598237496458,-78.54017625035422,99.69225627865688,-273.9148772662883,5.7822203491163435,215.63985386017393,100.0,100.0,11285.250019660853,0.9319524929173992,8.78266880740059,4.973462287078086,-5.7822203491163435,0.0,0.0,0.0,0.0,6872.294112519913,1.5691682316596196,-121.53188772764761,-0.68487948179245,False,-790.5759863750355,-192.57549859789344,6951.4121358423745,-74.10903022638219,-12.817593906160655,358.49727995648266,1938.0002730500485,-1189.5843334525657,6872.294112534696,80,0.17336613529754538,2.585645979507331,False,0.5706896781921387,-1.0,0.10000002384185791,0.0
8.199999999992542,0.017497051355780138,-0.010932639575177368,6871.710518214781,1.202609553572456,-1.4358197384826277,-1.1961407514911022,-0.04397302638670091,-9.332216318730136,280.5166829145574,-79.48331708544258,94.46703489872631,-275.4180834248865,5.877845083126768,215.38431370174106,100.0,100.0,11278.822880599664,0.9309159972654856,8.65726103044275,6.014191828780318,-5.877845083126768,0.0,0.0,0.0,0.0,6871.710518202826,1.5644420577852618,-121.28000554380358,-0.6861758828163147,False,-760.576972736861,-190.1996796691485,6943.139392757893,-70.77067199767427,-12.604245782384774,357.57107445859,1947.7717569254448,-1217.0214375087446,6871.710518214781,81,0.17344377091151542,2.7590897504188465,False,0.5706896781921387,-1.0,-0.3999999761581421,0.0
8.299999999992451,0.01757996240819821,-0.011180427942166976,6871.111203980935,1.1662179022391232,-1.4595477220947755,-1.427219576484811,-0.01448091234608479,-9.669902414703625,279.5774230310823,-80.42257696891771,89.28249622770667,-276.814476100696,6.124302677255395,215.14139282511698,100.0,100.0,11272.735201702355,0.9299280935806327,8.512875149599955,5.01427120672846,-6.124302677255395,0.0,0.0,0.0,0.0,6871.111203967508,1.5595870098603046,-121.03399240467297,-0.6893093585968018,False,-730.5202402528022,-188.3148614358644,6934.934539378291,-70.19624636783895,-12.434286776629174,356.7000747015253,1957.0014152806245,-1244.6052385220278,6871.111203980935,82,0.12855306873359554,2.887642819152442,False,0.5706896781921387,-1.0,0.10000002384185791,0.0
8.39999999999236,0.017658373653928548,-0.011429410929099345,6870.487607647982,1.0867544145912267,-1.4873196448007038,-1.6376593468723284,-0.04542449923368299,-10.163159873520886,278.5807712773773,-81.41922872262266,84.12364626342699,-278.11533512106934,6.370069661983798,214.91101696346664,100.0,100.0,11266.990533142334,0.928988061801945,8.417574520563713,5.890706782073582,-6.370069661983798,0.0,0.0,0.0,0.0,6870.487607632626,1.5546202804088198,-120.73120114617811,-0.692219078540802,False,-700.4261241152645,-186.9736585249646,6926.819334289831,-71.29854714053369,-12.21570845802091,355.8354041319457,1965.730155155326,-1272.322024627339,6870.487607647982,83,0.13989045548055618,3.027533274632998,False,0.5706896781921387,-1.0,-0.3999999761581421,0.0
8.49999999999227,0.01773195676525535,-0.01167953025419781,6869.8249213772715,0.9846890980406712,-1.5312164591598754,-2.0095906443779232,-0.018373028484297376,-10.561575694230207,277.5524730960565,-82.44752690394351,78.97201648039417,-279.32054570197664,6.900162907966798,214.69243213930025,100.0,100.0,11261.577992442819,0.9280921692974402,8.32437673140473,4.910352147596209,-6.900162907966798,0.0,0.0,0.0,0.0,6869.824921362597,1.5495351292136605,-120.39888751801215,-0.6933789849281311,False,-670.2988702995417,-186.11603693386957,6918.768860081756,-69.42999085804854,-11.921322187115992,354.93704016422714,1973.9214271082253,-1300.1653078973004,6869.8249213772715,84,0.1953788760691325,3.2229121507021308,False,0.5706896781921387,-1.0,0.10000002384185791,0.0
8.599999999992178,0.017801368068683616,-0.011930669885028831,6869.104784711561,0.9337615306595346,-1.5218459331931644,-1.9881064502501644,-0.015333870430405527,-10.763822696955653,276.48028347748703,-83.51971652251297,74.85679945339747,-280.40068538910543,7.500182202150557,214.67230549355085,100.0,100.0,11261.468059473602,0.9279741591615007,8.578066048476943,3.9042622272603733,-7.500182202150557,0.0,0.0,0.0,0.0,6869.104784697375,1.5443767063245086,-120.02533070025267,-0.6947157979011536,False,-640.1379184693967,-185.6852221451763,6910.7807496542755,-66.01878725013752,-11.626542195379331,354.0508414341064,1981.6482934058602,-1328.1221716014095,6869.104784711561,85,0.19100654848180143,3.4139186991839323,False,0.5706896781921387,-1.0,0.6000000238418579,0.0
8.699999999992087,0.017867168286242033,-0.01218275113921804,6868.330339726049,0.8571412361634236,-1.4832647811367248,-1.6570032809002435,-0.03266611951782127,-10.054529958367953,275.4295000837686,-84.57049991623144,70.60995028096137,-281.430474735373,7.96709988124855,214.63572998060397,100.0,100.0,11260.952835626376,0.9277884932859037,8.836135114445948,4.9464249995149325,-7.96709988124855,0.0,0.0,0.0,0.0,6868.330339710605,1.5391705390191899,-119.67429988570753,-0.6979628801345825,False,-609.9595685964028,-185.73375588762747,6902.903978632388,-65.39020699032334,-11.374282460865645,353.20453237668056,1988.973173624463,-1356.1838568177523,6868.330339726049,86,0.13933488917923437,3.553253588363167,False,0.5706896781921387,-1.0,0.10000002384185791,0.0
8.799999999991996,0.0179286103014443,-0.012435734126384311,6867.518308892021,0.6998546711893406,-1.481619531111857,-1.5582975622075397,-0.050809960222472146,-9.609973881375488,274.45022597389055,-85.54977402610945,65.2401985439359,-282.3989866706803,8.272887574728149,214.39454132036118,100.0,100.0,11255.020447959265,0.9267954592356437,8.733159008901545,6.008773290682036,-8.272887574728149,0.0,0.0,0.0,0.0,6867.518308877575,1.5338635251668546,-119.39573514387475,-0.701055645942688,False,-579.7680989719354,-186.313574811769,6895.161402696544,-66.4415706649295,-11.075143442781295,352.37424587715986,1995.8128987567795,-1384.3459229491016,6867.518308892021,87,0.15254224669960997,3.705795835062777,False,0.5706896781921387,-1.0,-0.3999999761581421,0.0
8.899999999991905,0.017985055440653038,-0.012689538390426643,6866.667735232098,0.5846481124234095,-1.508543915744865,-1.7798924517188413,-0.020374493535080772,-9.950154625093969,273.48270254496714,-86.51729745503289,59.920800007391406,-283.26137568221395,8.748208407950514,214.1655478594161,100.0,100.0,11249.430080893279,0.9258482044510908,8.590490866368382,5.002548739089022,-8.748208407950514,0.0,0.0,0.0,0.0,6866.667735216478,1.5284258331750604,-119.13117988579796,-0.704090416431427,False,-549.5659360221001,-187.39207294415567,6887.537213143722,-67.6984372253946,-10.803910314782673,351.47794124129155,2002.0963716534961,-1412.599413622294,6866.667735232098,88,0.16037140241395065,3.8661672374767275,False,0.5706896781921387,-1.0,0.10000002384185791,0.0
8.999999999991815,0.018037195133759603,-0.012944085466653326,6865.766510675839,0.5651773210217611,-1.4916180177476517,-1.706107345560365,-0.01158490423665736,-10.271980859965536,272.46689636348515,-87.53310363651487,55.6771445149855,-284.0645692177322,9.270659866888208,214.13934117100692,100.0,100.0,11249.261098704086,0.925696552820605,8.7862902929575,3.9652178310766915,-9.270659866888208,0.0,0.0,0.0,0.0,6865.766510660808,1.5228949673285332,-118.8193271328896,-0.7069569826126099,False,-519.3741808137605,-188.99972708138648,6880.030561465574,-69.86375365188601,-10.535440353193334,350.54704971895944,2007.900562290119,-1440.9355941478482,6865.766510675839,89,0.16615589424513408,4.032323131721862,False,0.5706896781921387,-1.0,0.6000000238418579,0.0
9.099999999991724,0.018085624447287105,-0.013199332603086379,6864.820372993023,0.5416023351867247,-1.4479181050973096,-1.3511937284352804,-0.0284654141008577,-9.747828959877973,271.45620335179115,-88.54379664820884,51.336941763342544,-284.80860333179,9.620831224462652,214.10082322922176,100.0,100.0,11248.7903519728,0.9254940234926532,8.995279831171436,4.989889137941251,-9.620831224462652,0.0,0.0,0.0,0.0,6864.820372976868,1.51731289611389,-118.51410211093932,-0.7080997228622437,False,-489.19313099704385,-191.08300433221945,6872.606648423562,-68.50805981181095,-10.228017378473881,349.5912778755691,2013.2917134720005,-1469.3497053755757,6864.820372993023,90,0.22141738914770784,4.253740520869569,False,0.5706896781921387,-1.0,0.10000002384185791,0.0
9.199999999991633,0.018129623714912536,-0.013455190664760084,6863.851113152335,0.44432327356893403,-1.4425099975407825,-1.251573108696471,-0.04578088480674768,-9.452921752392381,270.49989492875653,-89.50010507124347,45.8998811183843,-285.4168281357632,9.753521637233593,213.85958494839304,100.0,100.0,11242.93479032949,0.9244920558812456,8.868618479940901,6.046645247608908,-9.753521637233593,0.0,0.0,0.0,0.0,6863.851113138116,1.5116435321952872,-118.26661765365478,-0.7095108032226562,False,-459.00878977077673,-193.591355950352,6865.256057667259,-65.48880188273074,-9.944399208164057,348.6713015881134,2018.1897119440634,-1497.8318248010926,6863.851113152335,91,0.22265935558565886,4.476399876455228,False,0.5706896781921387,-1.0,-0.3999999761581421,0.0
9.299999999991542,0.01816856973162828,-0.01371153714750614,6862.862386762762,0.3946553113040349,-1.4660119147413624,-1.480088744079585,-0.015491475940932756,-9.782530873224982,269.5490072672353,-90.45099273276466,40.52186344351458,-285.92245372020733,10.036007692960379,213.63094010764456,100.0,100.0,11237.420665665457,0.9235384947921152,8.7198990249554,5.033599732684598,-10.036007692960379,0.0,0.0,0.0,0.0,6862.862386747038,1.5058452345862847,-118.02745438055041,-0.7128063440322876,False,-428.8389927610308,-196.57989125912235,6858.025371718509,-65.16025641354344,-9.720302146512324,347.8110004870745,2022.5251825248602,-1526.3683152603835,6862.862386762762,92,0.17204992505093342,4.648449801506161,False,0.5706896781921387,-1.0,0.10000002384185791,0.0
9.39999999999145,0.018203161745112675,-0.01396833948624844,6861.840703996593,0.4482462602940811,-1.4464985244187014,-1.416736833697897,-0.006034437009445875,-10.109062489486364,268.5500024746096,-91.4499975253904,36.229751510242366,-286.44087091252186,10.396682396357855,213.60610175823996,100.0,100.0,11237.353765962283,0.9233858136843227,8.902628413224095,3.9851452603276,-10.396682396357855,0.0,0.0,0.0,0.0,6861.840703981347,1.4999514240550262,-117.74142140257912,-0.7159131169319153,False,-398.70729901218715,-200.09893052769135,6850.937847988782,-66.49436581908415,-9.453232326244269,346.9671477048303,2026.375965465943,-1554.9555516091764,6861.840703996593,93,0.17876872367755298,4.8272185251837145,False,0.5706896781921387,-1.0,0.6000000238418579,0.0
9.49999999999136,0.01823400612147712,-0.014225647695546009,6860.790484814778,0.4990898066025767,-1.4002495228227752,-1.0670567448961368,-0.023665788516730867,-9.599467781048947,267.55439685818897,-92.44560314181105,31.856010071799286,-287.0180549995973,10.565529789119898,213.6687368986861,100.0,100.0,13956.93711699752,0.9235761055520186,9.090829196314933,5.009568684989264,-10.565529789119898,0.0,0.0,0.0,0.0,6860.790484800202,1.4940028527045144,-117.46028609298065,-0.7189503908157349,False,-368.61515437789876,-204.1156610755561,6843.974989326329,-67.99906864121756,-9.216046692331346,346.05229373273994,2029.809561442833,-1583.5991014681817,6860.790484814778,94,0.1842845976248496,5.0115031228085645,False,0.7224137783050537,-1.0,0.10000002384185791,0.0
9.599999999991269,0.018260399330470457,-0.01448338829677069,6859.738396598474,0.47380018945466135,-1.3923394896691592,-0.975203923108111,-0.04096056889648742,-9.339624402586104,266.61083607223117,-93.38916392776883,26.40543019214469,-287.3912492798731,10.454487411837524,213.5315714349028,100.0,100.0,13954.392008722467,0.9229794311819245,8.95277325361841,6.0702484403608,-10.454487411837524,0.0,0.0,0.0,0.0,6859.738396582842,1.4879637276073063,-117.2328052171555,-0.7217739224433899,False,-338.5889140133528,-208.6587069806057,6837.133246669981,-70.43082219295965,-8.982790617947263,345.0971549057397,2032.7476534679713,-1612.290785196513,6859.738396598474,95,0.20000078203907456,5.211503904847639,False,0.7224137783050537,-1.0,-0.3999999761581421,0.0
9.699999999991178,0.018281731459218648,-0.014741344149033126,6858.692774993268,0.4974219458430123,-1.413315371730159,-1.2129345377643015,-0.010976231455807747,-9.622718089722758,265.6742859734461,-94.3257140265539,21.021238022222136,-287.5419884844234,10.481055047826334,213.3062354852035,100.0,100.0,11231.185809033439,0.9220357744698995,8.805471990703898,5.0553531977129555,-10.481055047826334,0.0,0.0,0.0,0.0,6858.6927749774395,1.4818073684977113,-117.01553469114883,-0.7228364944458008,False,-308.62341026632083,-213.67457641461237,6830.375455514056,-69.30046044905625,-8.712620978199569,344.1122229512753,2035.12234604022,-1641.0064306703675,6858.692774993268,96,0.2630236399134699,5.474527544761109,False,0.5706896781921387,-1.0,0.10000002384185791,0.0
9.799999999991087,0.0182983963587594,-0.014999416096249338,6857.6444021729085,0.48416937555612793,-1.4386118834996962,-1.4347569183114606,-0.04251129056319604,-10.223844996929484,264.67662843094064,-95.32337156905935,15.687334862058913,-287.5989536234578,10.497439088371385,213.08838172659503,100.0,100.0,11225.977755979322,0.9211213303373192,8.710376784929807,5.948387912029147,-10.497439088371385,0.0,0.0,0.0,0.0,6857.644402156916,1.475556160369862,-116.74107286808595,-0.7241809964179993,False,-278.6999667105925,-219.11498895465036,6823.690954021829,-66.5038098363315,-8.468562562356306,343.16557329118876,2036.9774826570963,-1669.7349998344764,6857.6444021729085,97,0.2601957267015709,5.734723271462681,False,0.5706896781921387,-1.0,-0.3999999761581421,0.0
9.899999999990996,0.018310078544450915,-0.01525746692612308,6856.5815868417985,0.45113253042732127,-1.4798835999912805,-1.8201131450762746,-0.015067004955018433,-10.552382698186893,263.64665076422256,-96.35334923577742,10.36992150079293,-287.559158062886,10.783262910245803,212.88081200146422,100.0,100.0,11221.047822764172,0.9202465289389404,8.619979407716981,4.954904439727643,-10.783262910245803,0.0,0.0,0.0,0.0,6856.581586827581,1.4691856495282007,-116.43741279208807,-0.7273737192153931,False,-248.84357066058803,-225.03384307058525,6817.123579591781,-66.38212874615621,-8.28736024183933,342.28345916264834,2038.277943568276,-1698.4612182160213,6856.5815868417985,98,0.20736730290556327,5.942090574368244,False,0.5706896781921387,-1.0,0.10000002384185791,0.0
9.999999999990905,0.018317446259887054,-0.015515535707302634,6855.48348342458,0.477065666416718,-1.4690539092447237,-1.8093967402370903,-0.011389883449540417,-10.763907854223604,262.5753291530949,-97.42467084690512,6.104153892909542,-287.64326091374306,11.183294760067016,212.8738570067317,100.0,100.0,11221.49578786588,0.9201603174847397,8.87037741565639,3.9280026265568937,-11.183294760067016,0.0,0.0,0.0,0.0,6855.48348340951,1.4627290322266107,-116.09389056951055,-0.7303537130355835,False,-219.08380982607434,-231.47915213123363,6810.693155178184,-67.92424091181442,-8.064506915196082,341.4171801127961,2039.0981176506268,-1727.1894349369293,6855.48348342458,99,0.21527884046119092,6.157369414829435,False,0.5706896781921387,-1.0,0.6000000238418579,0.0
10.099999999990814,0.018321077205537852,-0.015773679354816893,6854.3508544882625,0.4771374002087819,-1.4290426511989431,-1.4786884533558773,-0.029662668480015555,-10.133068865945889,261.52006497014577,-98.47993502985422,1.73274913084816,-287.64944387452937,11.435437396873565,212.85051715104325,100.0,100.0,11221.52542255507,0.9200077034959709,9.124821253459158,4.983063446860764,-11.435437396873565,0.0,0.0,0.0,0.0,6854.350854474156,1.456224185685377,-115.7681298794279,-0.7332552671432495,False,-189.4186024751762,-238.4179265895985,6804.379718530897,-69.61863578470302,-7.8753540400429864,340.4783793975375,2039.5023145204736,-1755.9259857782165,6854.3508544882625,100,0.22151961601677508,6.37888903084621,False,0.5706896781921387,-1.0,0.10000002384185791,0.0
10.199999999990723,0.018320255342207038,-0.016031683997219565,6853.2055680407975,0.3901301755190132,-1.4252240296453766,-1.3796871785446836,-0.048522265629380286,-9.748899787816809,260.52927675372104,-99.47072324627895,-3.721374409826353,-287.32920171567196,11.457952745197296,212.61903708114352,100.0,100.0,11215.99509861408,0.9190342277750666,9.023049821787657,6.064951888932461,-11.457952745197296,0.0,0.0,0.0,0.0,6853.2055680256935,1.4496319148500063,-115.50850869572521,-0.7359011173248291,False,-159.87754561676235,-245.8764928113755,6798.1766479065745,-72.25619146265664,-7.692822386102552,339.49669945722496,2039.4108246944875,-1784.647062570482,6853.2055680407975,101,0.2399759739361174,6.618865004782328,False,0.5706896781921387,-1.0,-0.3999999761581421,0.0
10.299999999990632,0.01831436943239518,-0.01628931833469218,6852.051684457299,0.3452348993008354,-1.4498727117807393,-1.6071885534896009,-0.017582016467222537,-9.972223723790405,259.5545154363056,-100.44548456369435,-9.111169667772257,-286.9136205976839,11.639315027148996,212.397985019608,100.0,100.0,11210.743090615142,0.9181012767781153,8.884494382339273,5.046380913442887,-11.639315027148996,0.0,0.0,0.0,0.0,6852.051684442016,1.4429248037848006,-115.26834579826213,-0.7367761135101318,False,-130.44900077208823,-253.8011636183614,6792.0462651624175,-71.30477393431043,-7.476137959207553,338.48144133667216,2038.7556052142313,-1813.3269170179335,6852.051684457299,102,0.30803096609969327,6.926895970882021,False,0.5706896781921387,-1.0,0.10000002384185791,0.0
10.399999999990541,0.01830411334866713,-0.016546667562430215,6850.873733061442,0.404872430937189,-1.4317693979026416,-1.5402816297320472,-0.007961994871411488,-10.25840096688608,258.5387463781318,-101.4612536218682,-13.428013595318847,-286.69665542148977,11.922639107863615,212.38141120137945,100.0,100.0,11210.975173383915,0.917972976268716,9.079652814672597,3.9898709115536177,-11.922639107863615,0.0,0.0,0.0,0.0,6850.873733045776,1.4361438695116988,-114.99123309034469,-0.7379570007324219,False,-101.10941848581577,-262.1460127644957,6785.978084413899,-68.68469060035538,-7.286717599401984,337.5074340389514,2037.613897973625,-1841.9750330497316,6850.873733061442,103,0.29922486133441184,7.2261208322164325,False,0.5706896781921387,-1.0,0.6000000238418579,0.0
10.49999999999045,0.018290078299643228,-0.016803884308697545,6849.674376019264,0.4611895490981364,-1.3869227104255735,-1.183035047862519,-0.025644299139232905,-9.741269157495267,257.52827937600375,-102.47172062399625,-17.838868208093277,-286.52291980269695,12.019766795371668,212.4513227197893,100.0,100.0,13935.59828693611,0.9181844021531381,9.279966328069678,5.029893836550901,-12.019766795371668,0.0,0.0,0.0,0.0,6849.674376002976,1.4293195184975782,-114.72186308130435,-0.7410067319869995,False,-71.89153982956871,-270.9645673403314,6780.01266541163,-68.72622494637122,-7.161539614334114,336.603722680284,2036.051516316284,-1870.6084012442107,6849.674376019264,104,0.2386047485474338,7.464725580763866,False,0.7224137783050537,-1.0,0.10000002384185791,0.0
10.59999999999036,0.01827157507806269,-0.017060774132084428,6848.480970951856,0.43735764976971203,-1.379630203722777,-1.0814012234515602,-0.043549599217036106,-9.471610262490671,256.57080488486326,-103.42919511513672,-23.287788626532052,-285.9597700477887,11.824934791474826,212.31851830198946,100.0,100.0,13933.24557277106,0.9175971985680268,9.143465006482673,6.105142332325719,-11.824934791474826,0.0,0.0,0.0,0.0,6848.480970936454,1.4224107975790883,-114.50754857761562,-0.7437963485717773,False,-42.831176052277236,-280.30276928230876,6774.166115191627,-70.4326154772311,-6.995273802399224,335.7139534727388,2033.9917376899386,-1899.2053763836384,6848.480970951856,105,0.2577833442230356,7.722508924986902,False,0.7224137783050537,-1.0,-0.3999999761581421,0.0
10.699999999990268,0.018248032452686636,-0.017317015603210355,6847.302426775593,0.4614799229922835,-1.401141197936083,-1.3144421676978641,-0.012807295630032809,-9.71359067114865,255.62345330270745,-104.37654669729254,-28.634844120609444,-285.18591930535547,11.772599031238352,212.09698561852946,100.0,100.0,11205.399471070814,0.9166610162503454,8.992522360641502,5.078626849228753,-11.772599031238352,0.0,0.0,0.0,0.0,6847.302426760102,1.4153891791159654,-114.30722009920856,-0.7447085380554199,False,-13.90906676028145,-290.10307420238337,6768.405622462911,-69.07352545648217,-6.757158838245158,334.78670775493526,2031.3709726330762,-1927.7301769493768,6847.302426775593,106,0.3325663034147533,8.055075228401655,False,0.5706896781921387,-1.0,0.10000002384185791,0.0
10.799999999990177,0.018219858416907937,-0.017572577206591538,6846.128511175365,0.45004449240638245,-1.426951549581409,-1.5334469805955329,-0.044818167403595996,-10.343218024856697,254.61523563582116,-105.38476436417882,-33.91591862286513,-284.3268120816312,11.714945690648806,211.88268579562938,100.0,100.0,11200.322512418483,0.9157534953380775,8.893253120598763,5.981256907590823,-11.714945690648806,0.0,0.0,0.0,0.0,6846.128511160122,1.4082806056225352,-114.05075700647286,-0.7458643317222595,False,14.89762222256585,-300.3141851528492,6762.7226967088045,-66.17416494904045,-6.525010916498606,333.8760895724306,2028.2346389701916,-1956.17929463777,6846.128511175365,107,0.3310433594147491,8.386118587816405,False,0.5706896781921387,-1.0,-0.3999999761581421,0.0
10.899999999990087,0.018186761720473413,-0.017827266858314674,6844.947615213374,0.4183793704490025,-1.4687277154875054,-1.9187238821800854,-0.016700975367708395,-10.656336712797323,253.5744242895489,-106.42557571045111,-39.16593455957423,-283.3724638309473,11.930549480051583,211.67858140770932,100.0,100.0,11195.51791973084,0.9148857127177622,8.797692923376863,4.975304152220309,-11.930549480051583,0.0,0.0,0.0,0.0,6844.9476151976505,1.4010612673418188,-113.7655686317746,-0.7489262223243713,False,43.55459722902387,-310.98494302692234,6757.162471398068,-66.03634312764619,-6.346414460210482,333.01427553405335,2024.5503147231002,-1984.5313466675896,6844.947615213374,108,0.27010594797903864,8.656224535795443,False,0.5706896781921387,-1.0,0.10000002384185791,0.0
10.999999999989996,0.01814939958610902,-0.018081237711062896,6843.737613649231,0.4481366780013405,-1.458947066215439,-1.9059923272208454,-0.012816910704140413,-10.881133430013994,252.49220428918528,-107.50779571081472,-43.39110278879643,-282.723742687509,12.27665380648124,211.6769958625607,100.0,100.0,11196.16325613723,0.9148149393833926,9.051581627673333,3.936318540347935,-12.27665380648124,0.0,0.0,0.0,0.0,6843.737613633837,1.3937661501348606,-113.44116689864144,-0.7517462372779846,False,72.02414160484066,-322.15844504186794,6751.74542955097,-67.5820961255346,-6.1196282181194235,332.15932066990075,2020.391161925656,-2012.8033819955215,6843.737613649231,109,0.28010748243374184,8.936332018229185,False,0.5706896781921387,-1.0,0.6000000238418579,0.0
11.099999999989905,0.018108336964732543,-0.0183346462135343,6842.498055020669,0.4516586694852133,-1.420012031944045,-1.569023449515834,-0.031221648328013808,-10.268584993259195,251.4240402626308,-108.5759597373692,-47.70782222216963,-281.97953248162855,12.478907568003129,211.65878955497712,100.0,100.0,11196.378801568437,0.914677060425468,9.313214742726853,5.0041522733340456,-12.478907568003129,0.0,0.0,0.0,0.0,6842.498055006838,1.3864335489382054,-113.13334513745441,-0.754473865032196,False,100.31486927429397,-333.80183365287866,6746.450971545983,-69.29185366024102,-5.924266439664752,331.2259050012646,2015.8200709140267,-2041.0128164906384,6842.498055020669,110,0.28764213021195184,9.223974148441137,False,0.5706896781921387,-1.0,0.10000002384185791,0.0
11.199999999989814,0.018062898368100856,-0.01858715600744468,6841.251264088056,0.36453653944922754,-1.4165516089060906,-1.4617412786373674,-0.050697467637868115,-9.884960168229265,250.41942652423313,-109.58057347576687,-53.04606270333867,-280.72186561273094,12.443451081022813,211.4300387853499,100.0,100.0,11190.940536422113,0.9137085665077436,9.212108546270237,6.0995118035995635,-12.443451081022813,0.0,0.0,0.0,0.0,6841.251264072921,1.37902115313709,-112.89152599189552,-0.7569594979286194,False,128.39851215049828,-345.93953803131734,6741.271545404935,-71.94952968453782,-5.735021346441439,330.25005083628884,2010.7618463369872,-2069.122206748742,6841.251264088056,111,0.30788863594267246,9.53186278438381,False,0.5706896781921387,-1.0,-0.3999999761581421,0.0
11.299999999989723,0.01801251471152119,-0.01883843021347718,6840.001693405965,0.3186883865860082,-1.4414752639592563,-1.6856314255780342,-0.019065904018370584,-10.07828478808782,249.43280011454962,-110.56719988545038,-58.3055020003323,-279.3787579948093,12.570022569012002,211.2113982282321,100.0,100.0,11185.769735949403,0.912779696138477,9.070658961876811,5.069797562160548,-12.570022569012002,0.0,0.0,0.0,0.0,6840.001693391855,1.3714992769984071,-112.67200872396441,-0.7576071619987488,False,156.29771288005347,-358.5207958211963,6736.168695583124,-71.0085469347382,-5.511056726870556,329.2411092441435,2005.153137686539,-2097.0940513642795,6840.001693405965,112,0.3871860724289573,9.919048856812767,False,0.5706896781921387,-1.0,0.10000002384185791,0.0
11.399999999989632,0.017957860543022626,-0.01908867260019451,6838.732883432195,0.38054331058343016,-1.4242010517088035,-1.6152900729213255,-0.009058995006663174,-10.366820886640415,248.40651287716696,-111.59348712283303,-62.53232462128911,-278.41973744575023,12.811207767169137,211.19901017766708,100.0,100.0,11186.153472781873,0.9126632936507942,9.268840930475383,4.001417117916361,-12.811207767169137,0.0,0.0,0.0,0.0,6838.732883419564,1.3639127841188927,-112.41787698783504,-0.7585538625717163,False,184.0378683570727,-371.499965612528,6731.132456534672,-68.39779086874148,-5.314287452690672,328.2697077502587,1999.0690356492787,-2124.951033853653,6838.732883432195,113,0.37796033020217273,10.29700918701494,False,0.5706896781921387,-1.0,0.6000000238418579,0.0
11.49999999998954,0.01789951746528212,-0.019338087760216997,6837.446493468851,0.4401994579351198,-1.380234174538191,-1.2516934683242116,-0.026867975197244275,-9.924414804149272,247.38143721291712,-112.6185627870829,-66.81256445335474,-277.3718305543482,12.870545793715516,211.1737417821596,100.0,100.0,11186.200139044658,0.9124951644896029,9.48157903046179,5.051847212441787,-12.870545793715516,0.0,0.0,0.0,0.0,6837.446493451799,1.3562929296930117,-112.16818486595392,-0.7614537477493286,False,211.57563062659273,-384.925771214559,6726.204367933122,-68.46316978561374,-5.182964889379036,327.36697707473934,1992.5742842352054,-2152.715929467356,6837.446493468851,114,0.3067506021840867,10.603759789199026,False,0.5706896781921387,-1.0,0.10000002384185791,0.0
11.59999999998945,0.01783683848208699,-0.01958635350022335,6836.17022109856,0.41715280761005374,-1.3731108242627537,-1.1417427294917089,-0.045355386598258836,-9.624733026462005,246.40669535991557,-113.59330464008444,-72.10357657036693,-275.86564302776173,12.63037927416892,211.0389311879115,100.0,100.0,13911.066851142892,0.9118955299491092,9.349199879439869,6.142111398933565,-12.63037927416892,0.0,0.0,0.0,0.0,6836.170221083197,1.348598753697031,-111.97153443082432,-0.7640774846076965,False,238.8666107848695,-398.83900136405686,6721.401049019775,-70.19566954654124,-5.009670376345776,326.47707973138745,1985.5968598259237,-2180.352871644863,6836.17022109856,115,0.3290105081896036,10.93277029738863,False,0.7224137783050537,-1.0,-0.3999999761581421,0.0
11.699999999989359,0.017769285427446,-0.019833109124022516,6834.913424573234,0.441049139503772,-1.3947097174243557,-1.3717308408138844,-0.013915069979895223,-9.825263238349198,245.44636036196027,-114.55363963803974,-77.26040906879895,-274.1713463998984,12.534173003474578,210.81905094223293,100.0,100.0,11178.076996840979,0.9109613287820171,9.196674811165073,5.104583373570933,-12.534173003474578,0.0,0.0,0.0,0.0,6834.913424559759,1.3407993057106846,-111.79340418495912,-0.7665782570838928,False,265.923078035078,-413.2073936549053,6716.701504849532,-72.06595617437975,-4.875364974046456,325.51131138750344,1978.076853783289,-2207.8217076861865,6834.913424573234,116,0.3422582608967292,11.27502855828536,False,0.5706896781921387,-1.0,0.10000002384185791,0.0
11.799999999989268,0.01769726919460795,-0.020078393032879973,6833.665365276906,0.4305257692070959,-1.420630387442704,-1.5900341270077112,-0.04639054561739222,-10.468403606122772,244.42628077992612,-115.57371922007388,-82.33682939363368,-272.4027200062295,12.435044761519364,210.60615938845032,100.0,100.0,11173.040303587752,0.910055073074553,9.094678636208867,6.017568662595671,-12.435044761519364,0.0,0.0,0.0,0.0,6833.665365263036,1.3329186160961177,-111.55844338306625,-0.7687458992004395,False,292.7092057983602,-428.0490903588702,6712.09528148768,-74.90121884202438,-4.751097883516654,324.4994375405697,1970.060006743757,-2235.1267124201986,6833.665365276906,117,0.36317881008012165,11.638207368365482,False,0.5706896781921387,-1.0,-0.3999999761581421,0.0
11.899999999989177,0.017620533384922355,-0.02032196207807961,6832.414569376633,0.39924908300727213,-1.4624821226603213,-1.9771673820334223,-0.017665781877897437,-10.76831322164026,243.37383929729023,-116.62616070270977,-87.36625316868415,-270.5430938953061,12.610279717990752,210.40334470520597,100.0,100.0,11168.27149749977,0.9091883528229727,8.995512181856386,4.999559638714039,-12.610279717990752,0.0,0.0,0.0,0.0,6832.414569364566,1.3249443433255932,-111.29574150843233,-0.7691006660461426,False,319.2536554652275,-443.31380279946774,6707.544989655734,-74.11702130969407,-4.595283275458296,323.4494327075913,1961.5177764095565,-2262.2408185318222,6832.414569376633,118,0.4474027916318683,12.08561015999735,False,0.5706896781921387,-1.0,0.10000002384185791,0.0
11.999999999989086,0.017539705013872406,-0.020564082349339877,6831.138226610703,0.43202000128246193,-1.4534000202259028,-1.9642429045371501,-0.013515829814384261,-11.008156307173277,242.2798917127219,-117.72010828727811,-91.42890122906678,-269.1672951995829,12.925315325781868,210.40506929477533,100.0,100.0,11169.031844152396,0.9091274121777285,9.252153827101106,3.9477180509495264,-12.925315325781868,0.0,0.0,0.0,0.0,6831.138226596775,1.3169158274892339,-110.99702617509955,-0.7697742581367493,False,345.5923411722101,-458.96274476411975,6703.0413766129195,-71.65883756135591,-4.467634576340546,322.44265311020035,1952.5199621442762,-2289.1936471285153,6831.138226610703,119,0.4369293848327223,12.522539544830073,False,0.5706896781921387,-1.0,0.6000000238418579,0.0
12.099999999988995,0.01745531911224991,-0.020805008247479592,6829.835171343506,0.43852570331997015,-1.4151935339889408,-1.6220231478742337,-0.03215549771978482,-10.415947958795924,241.1978160248313,-118.8021839751687,-95.56561661836157,-267.6807120326527,13.099102465813658,210.39014413029187,100.0,100.0,11169.357557306343,0.908999360715881,9.519680310325077,5.027812458813272,-13.099102465813658,0.0,0.0,0.0,0.0,6829.835171329467,1.3088641091837743,-110.71378688907322,-0.7723576426506042,False,371.67466963521696,-475.04139870462444,6698.62102348052,-71.85801742338577,-4.4053489629122415,321.5119036862059,1943.1261235756601,-2316.0135181094283,6829.835171343506,120,0.3625662770288055,12.885105821858879,False,0.5706896781921387,-1.0,0.10000002384185791,0.0
12.199999999988904,0.017366762678347615,-0.0210442869837032,6828.527989704359,0.3512640577122041,-1.4117459677457465,-1.5076483919204968,-0.052253859334109524,-10.030744318572145,240.17828907116078,-119.82171092883924,-100.62947041446522,-265.5027746241661,13.03028733687029,210.16240361347488,100.0,100.0,11163.93802630483,0.9080312922703156,9.41970702120123,6.136997255966436,-13.03028733687029,0.0,0.0,0.0,0.0,6828.52798969134,1.3007456882055344,-110.49599419072828,-0.7746245861053467,False,397.4511418445846,-491.5860875111771,6694.295605616695,-73.72542320865595,-4.301924526045709,320.5928130924264,1933.2680213536564,-2342.6500270258402,6828.527989704359,121,0.3886188423513234,13.273724664210203,False,0.5706896781921387,-1.0,-0.3999999761581421,0.0
12.299999999988813,0.01727352811471746,-0.021281482546805678,6827.221440315638,0.30457134451896756,-1.436586460845299,-1.7292402530880981,-0.01998040281614514,-10.19758070884007,239.1785588127559,-120.82144118724408,-105.60083844003972,-263.25182626437254,13.12419986879114,209.9444687912298,100.0,100.0,11158.77697997851,0.9071018628511015,9.276738720442223,5.096450144918089,-13.12419986879114,0.0,0.0,0.0,0.0,6827.221440303852,1.2925294887600236,-110.30304071027679,-0.7749808430671692,False,422.9588809626112,-508.54454727855006,6690.033912463975,-72.50565649929672,-4.128814442725176,319.62967276052177,1922.8891497303478,-2369.0546371104083,6827.221440315638,122,0.48127057503426207,13.754995239244465,False,0.5706896781921387,-1.0,0.10000002384185791,0.0
12.399999999988722,0.017176250094991536,-0.02151691456887768,6825.898544845266,0.36899517828736983,-1.4198562662170102,-1.6569509346991829,-0.009522148749476626,-10.49005447249673,238.14038591127172,-121.85961408872826,-109.61237568199113,-261.5644452375926,13.339983044846429,209.93464078478138,100.0,100.0,11159.24659613442,0.9069929746706956,9.477705291448874,4.01565574934051,-13.339983044846429,0.0,0.0,0.0,0.0,6825.89854483118,1.2842603278008629,-110.0776808416275,-0.7756051421165466,False,448.23473275707835,-525.8724555671636,6685.8293521724945,-69.74548309312736,-3.9625317054993627,318.6831499513753,1912.0601605744578,-2395.262929807463,6825.898544845266,123,0.47279046350599513,14.22778570275046,False,0.5706896781921387,-1.0,0.6000000238418579,0.0
12.499999999988631,0.017075471169047497,-0.021750888376690192,6824.560406310037,0.43215877264518776,-1.3764863619044712,-1.287349940772493,-0.027526422090297657,-10.063661076185616,237.1020350076752,-122.8979649923248,-113.66125357232457,-259.77931288653957,13.375733071574855,209.91187151772556,100.0,100.0,11159.374307937982,0.9068322108406897,9.69527054925645,5.077955337943513,-13.375733071574855,0.0,0.0,0.0,0.0,6824.560406298576,1.2759713949116798,-109.85631806693307,-0.7781774997711182,False,473.2275753265509,-543.6100355938685,6681.722685886369,-69.74225312903414,-3.8508420914538886,317.78983203644503,1900.8414505383673,-2421.308894093152,6824.560406310037,124,0.39335172435882365,14.621137427109284,False,0.5706896781921387,-1.0,0.10000002384185791,0.0
12.59999999998854,0.016970634303880572,-0.021982924868136834,6823.234940823707,0.410631233972934,-1.3692580327421684,-1.1708679116835974,-0.046599918287350744,-9.821855591838487,236.11042613458247,-123.88957386541752,-118.56606205925833,-257.2543155161319,13.108320183099478,209.67807129366227,100.0,100.0,11153.783986111408,0.9058391461384482,9.57008412363004,6.180377943498586,-13.108320183099478,0.0,0.0,0.0,0.0,6823.234940809015,1.2676209539555685,-109.68513181122674,-0.7804436087608337,False,497.88659837655524,-561.7900718705964,6677.729640326661,-71.42701899301987,-3.6908018560295863,316.8999256987604,1889.1710107079853,-2447.1391963209926,6823.234940823707,125,0.41992258818130523,15.04106001529059,False,0.5706896781921387,-1.0,-0.3999999761581421,0.0
12.69999999998845,0.01686127404506647,-0.022212561618240683,6821.931828964761,0.4358356122056347,-1.390656972145475,-1.399101659777047,-0.014523527860660232,-9.968056869869656,235.132994475252,-124.86700552474802,-123.37081207629232,-254.66538018964494,12.983695275974041,209.45441587057883,100.0,100.0,11148.449575896431,0.9048872120404704,9.420356719452515,5.132971729228365,-12.983695275974041,0.0,0.0,0.0,0.0,6821.931828951686,1.2591767003559176,-109.53303908671909,-0.7825743556022644,False,522.2309076546394,-580.3819545972269,6673.83020806067,-73.26611575415998,-3.5698943608719387,315.9308497795474,1876.9970266967996,-2472.702359342553,6821.931828964761,126,0.43602031576565214,15.477080331056243,False,0.5706896781921387,-1.0,0.10000002384185791,0.0
12.799999999988358,0.016747755846617716,-0.022439961418815536,6820.640149409,0.42739023133638754,-1.4164153657335492,-1.6182302406698668,-0.04746671100936222,-10.609532021774568,234.09873692919257,-125.90126307080743,-128.08591815868894,-252.0194032066654,12.856838181245092,209.24161055183055,100.0,100.0,11143.39685670315,0.9039786338524238,9.317960466108204,6.057450610143966,-12.856838181245092,0.0,0.0,0.0,0.0,6820.640149396992,1.2506619601442996,-109.32800538551629,-0.7843680381774902,False,546.2264735226256,-599.4018446698364,6670.012950742248,-76.06990865128893,-3.459768692670751,314.917507984407,1864.3601808454841,-2498.0165051425456,6820.640149409,127,0.4603594162285322,15.937439747284776,False,0.5706896781921387,-1.0,-0.3999999761581421,0.0
12.899999999988268,0.016629867804686317,-0.022664835292677047,6819.348660388256,0.3974717197757352,-1.4580456768515113,-2.0086566741861147,-0.018181418101431236,-10.892424390754856,233.03322299666266,-126.96677700333734,-132.73828949375377,-249.28943203748003,13.00356569073028,209.03861513864075,100.0,100.0,11138.604417060309,0.9031087283832361,9.216934181717267,5.027927618025605,-13.00356569073028,0.0,0.0,0.0,0.0,6819.3486603770225,1.2420627076843032,-109.09748497556832,-0.7842903733253479,False,569.9127844427269,-618.8048461473368,6666.24185570992,-75.26204859246296,-3.317632340696991,313.86637497986936,1851.2368840176807,-2523.0494647808086,6819.348660388256,128,0.5585378898871435,16.49597763717192,False,0.5706896781921387,-1.0,0.10000002384185791,0.0
12.999999999988177,0.01650818656889308,-0.02288755761271675,6818.034159238807,0.434397455642854,-1.4494392522173727,-1.9967779352965611,-0.013715758299848141,-11.1465928055867,231.92642019492257,-128.07357980507743,-136.5138562495424,-247.21233979878986,13.296257961051335,209.0421804952288,100.0,100.0,11139.423299234277,0.9030533825089141,9.476279318932,3.962807058420481,-13.296257961051335,0.0,0.0,0.0,0.0,6818.034159225949,1.2334221256842572,-108.83246763779832,-0.7845264077186584,False,593.3279821324089,-638.5529211454141,6662.5095001450545,-72.78026504171426,-3.202369238899063,312.8546486961256,1837.6913288491776,-2547.8429134476287,6818.034159238807,129,0.5476121076659384,17.043589744837856,False,0.5706896781921387,-1.0,0.6000000238418579,0.0
13.099999999988086,0.01638319971669794,-0.023108476159897414,6816.695006789268,0.44526645624355626,-1.411743520865559,-1.6497529843048653,-0.032661068585441815,-10.576926927596896,230.82921647114497,-129.17078352885503,-140.34286818483483,-245.01222787667692,13.449181250542548,209.02916303013401,100.0,100.0,11139.805618544418,0.9029312527366076,9.749166868834463,5.05494197783475,-13.449181250542548,0.0,0.0,0.0,0.0,6816.695006777051,1.224773084676367,-108.58182112146446,-0.7867289185523987,False,616.4119209637455,-658.6837032102294,6658.851740839961,-72.96194965365075,-3.151867137898723,311.9182150997945,1823.777792462815,-2572.43556611978,6816.695006789268,130,0.46192731576552115,17.505517060603378,False,0.5706896781921387,-1.0,0.10000002384185791,0.0
13.199999999987995,0.016254378378649934,-0.0233270319008258,6815.354038979969,0.35941092748696213,-1.408066547749884,-1.5287924763361034,-0.05339799961113829,-10.189844830839089,229.79341179701095,-130.20658820298905,-144.9718509876671,-241.95823463272214,13.355110456627788,208.8011113947241,100.0,100.0,11134.350786051558,0.901959793953752,9.650869136678454,6.178320277882314,-13.355110456627788,0.0,0.0,0.0,0.0,6815.354038969386,1.2160724564698546,-108.39649497020756,-0.7885879874229431,False,639.1079321353021,-679.2257135160258,6655.279587032488,-74.81448197539959,-3.059082187903619,310.9920676745844,1809.4374011113107,-2596.7651911999283,6815.354038979969,131,0.49285783449462717,17.998374895098006,False,0.5706896781921387,-1.0,-0.3999999761581421,0.0
13.299999999987904,0.01612129511523171,-0.023542699734369624,6814.016370351559,0.31343454080595734,-1.4325647989835315,-1.7488358177593175,-0.020515141836584094,-10.329663141464613,228.77922954074623,-131.22077045925377,-149.49631152997182,-238.84605446191966,13.422814457522342,208.58252230684,100.0,100.0,11129.144905956726,0.9010257931368548,9.507477665537445,5.127180085662612,-13.422814457522342,0.0,0.0,0.0,0.0,6814.016370339315,1.2072862738283832,-108.23827276737711,-0.790295422077179,False,661.4388117467321,-700.1498479641903,6651.77343988486,-76.79598831058682,-3.0140315347037903,309.99152747807904,1794.622572227594,-2620.773334430027,6814.016370351559,132,0.5116545611050201,18.510029456203025,False,0.5706896781921387,-1.0,0.10000002384185791,0.0
13.399999999987813,0.01598452387907956,-0.02375590873540745,6812.664707896176,0.38230330189812783,-1.4161947718423167,-1.6754764041844588,-0.009540701509466832,-10.625922572662555,227.72793239007677,-132.27206760992323,-153.16611375856255,-236.4650523703086,13.617618023541596,208.57390796847898,100.0,100.0,11129.64873605708,0.9009204993723695,9.711223746581561,4.033575913256336,-13.617618023541596,0.0,0.0,0.0,0.0,6812.664707884762,1.1984601320100368,-108.04711053863554,-0.7915636897087097,False,683.3652038336373,-721.4637535830378,6648.3185199621685,-79.75322986014818,-2.9846827378529754,308.94428189297855,1779.3971982191365,-2644.507760425557,6812.664707896176,133,0.5361422293749407,19.046171685577967,False,0.5706896781921387,-1.0,0.6000000238418579,0.0
13.499999999987722,0.01584455000166933,-0.02396705873207945,6811.299767069105,0.4511281288205907,-1.373244392569313,-1.3001148689973905,-0.027796346036856795,-10.21780014180877,226.67495008731768,-133.32504991268232,-156.85510849135235,-233.9802995001241,13.633116233628204,208.5523625431886,100.0,100.0,11129.807869168704,0.9007634370643257,9.933262498374955,5.107622709384042,-13.633116233628204,0.0,0.0,0.0,0.0,6811.299767059231,1.1896368152324885,-107.85972360131682,-0.7910144329071045,False,704.9327199222979,-743.1245987520671,6644.88112930086,-79.08726086078558,-2.9272215375528705,307.8545134954592,1763.8153061858297,-2668.012978055084,6811.299767069105,134,0.6334163391746297,19.679588024752597,False,0.5706896781921387,-1.0,0.10000002384185791,0.0
13.59999999998763,0.015700905735495672,-0.024175573995771884,6809.949784456453,0.4328451035585292,-1.3657065647334008,-1.1769706297140758,-0.047443163384107374,-9.972794457479456,225.66780635387374,-134.33219364612626,-161.26333697985112,-230.60560283433503,13.340293649512192,208.31759604405963,100.0,100.0,11124.157917866594,0.8997648787243661,9.808934777703316,6.223801611654782,-13.340293649512192,0.0,0.0,0.0,0.0,6809.9497844455245,1.1807750443373983,-107.7258105644873,-0.7907817959785461,False,726.1880107073067,-765.1039324220275,6641.455603832147,-76.7436586752508,-2.8964205382020323,306.8101173008297,1747.8248264753784,-2691.224897209326,6809.949784456453,135,0.6342669998102863,20.313855024562884,False,0.5706896781921387,-1.0,-0.3999999761581421,0.0
13.69999999998754,0.01555321136901798,-0.02438091052797118,6808.624878393871,0.460672881662989,-1.3866831836576874,-1.4040158900920516,-0.014735144867032058,-10.064335204654077,224.67786259554705,-135.32213740445295,-165.56032190548805,-227.1835342712617,13.188627986009221,208.09259358101036,100.0,100.0,11118.75355524636,0.8988061171429416,9.65724794368077,5.165225964083022,-13.188627986009221,0.0,0.0,0.0,0.0,6808.624878380838,1.171836635389389,-107.61551445935672,-0.7924282550811768,False,747.0645574485453,-787.4340953480433,6638.071842418036,-77.04022842141408,-2.928597198274779,305.8491860688545,1731.3834895990815,-2714.0829599737517,6808.624878393871,136,0.5531018648805798,20.866956889443465,False,0.5706896781921387,-1.0,0.10000002384185791,0.0
13.799999999987449,0.015401801871376538,-0.024583294270484293,6807.314003439099,0.4561343882369393,-1.4120779108454324,-1.625008848921839,-0.048046603358488905,-10.68998864198325,223.63461036835986,-136.36538963164014,-169.75623001401053,-223.72043640149056,13.034529486803498,207.87821655340224,100.0,100.0,11113.624878043802,0.8978899919784112,9.549856996887785,6.098688705477326,-13.034529486803498,0.0,0.0,0.0,0.0,6807.314003427731,1.1628484145512796,-107.45653366782541,-0.7936348915100098,False,767.4985733304896,-810.1327790077778,6634.735605500204,-79.00856331141493,-2.9185721185416074,304.89441883561676,1714.5285843216363,-2736.6123181903117,6807.314003439099,137,0.5860891641279619,21.453046053571427,False,0.5706896781921387,-1.0,-0.3999999761581421,0.0
13.899999999987358,0.01524652041923332,-0.02478239999106091,6806.00626245001,0.42982219299474944,-1.4532788584895835,-2.0198677439309463,-0.01816214464495807,-10.931446393408244,222.5632633506024,-137.4367366493976,-173.87271395528128,-220.1851456622846,13.152018463728316,207.67352168123887,100.0,100.0,11108.752680060905,0.8970122202508819,9.441155077354859,5.055534835283344,-13.152018463728316,0.0,0.0,0.0,0.0,6806.0062624387965,1.1537961798072187,-107.27633314609997,-0.7929671406745911,False,787.5436172114422,-833.1568145059927,6631.420594990451,-77.89049126579758,-2.8417777857560855,303.88658782558963,1697.2426530690532,-2758.7767670049006,6806.00626245001,138,0.6956974913038172,22.148743544875245,False,0.5706896781921387,-1.0,0.10000002384185791,0.0
13.999999999987267,0.015087874862962185,-0.024978703699229488,6804.67815266878,0.47392492369821754,-1.4449228077236786,-2.0105837451048774,-0.013261757824795377,-11.196354761339915,221.45251676387028,-138.54748323612972,-177.23187141042635,-217.45868409468332,13.420897499758723,207.67759499894763,100.0,100.0,11109.58022472401,0.8969585262811653,9.695443111983883,3.974334348390487,-13.420897499758723,0.0,0.0,0.0,0.0,6804.678152657482,1.1447193635218254,-107.06496596133881,-0.7925910353660583,False,807.2528104348576,-856.4785765514752,6628.124189511037,-75.23118228633483,-2.772222031355558,302.89796116234544,1679.5822297449504,-2780.629295798227,6804.67815266878,139,0.6854088244952871,22.834152369370532,False,0.5706896781921387,-1.0,0.6000000238418579,0.0
14.099999999987176,0.014926289679174738,-0.025172640800190858,6803.327653554225,0.49242385926557947,-1.4074770033875867,-1.6601394651263037,-0.03259546204238113,-10.66458255371514,220.34830492714144,-139.65169507285856,-180.61932014470727,-214.60335504074746,13.550349880244866,207.66560198576096,100.0,100.0,11109.981431560102,0.8968401630873936,9.96697941808351,5.075219580840736,-13.550349880244866,0.0,0.0,0.0,0.0,6803.327653544726,1.1356523992761298,-106.86624773336685,-0.7941468358039856,False,826.5601822227345,-880.1249346237801,6624.880375736547,-75.308009742795,-2.7564017515788817,301.9694260001787,1661.5945670857318,-2802.2183738772464,6803.327653554225,140,0.593286499521677,23.42743886889221,False,0.5706896781921387,-1.0,0.10000002384185791,0.0
14.199999999987085,0.014761342254485523,-0.025363562979805517,6801.977975259617,0.41111445666189156,-1.4033383760363696,-1.533375572247162,-0.05396657012319114,-10.270103250041602,219.3035531966636,-140.6964468033364,-184.6468033435487,-210.7563159867402,13.426979695806462,207.43679102923954,100.0,100.0,11104.464112806172,0.8958648881977037,9.865435042748658,6.210105237344221,-13.426979695806462,0.0,0.0,0.0,0.0,6801.977975250057,1.1265526687686491,-106.73214638459122,-0.79531329870224,False,845.4048074175487,-904.1143838233224,6621.698534573758,-77.0769435050173,-2.692153646728065,301.04057289045227,1643.2326197693285,-2823.4718309119503,6801.977975259617,141,0.630821413783225,24.058260282675434,False,0.5706896781921387,-1.0,-0.3999999761581421,0.0
14.299999999986994,0.014592703993193417,-0.02555087210751639,6800.634751667315,0.36907478339768907,-1.4272516402203572,-1.7520169496636933,-0.020448953119805522,-10.355755350335787,218.2840885443791,-141.7159114556209,-188.55873857243705,-206.8703088182526,13.463116672550164,207.21723954215943,100.0,100.0,11099.189815614016,0.8949264631353671,9.715843303985837,5.146341794957734,-13.463116672550164,0.0,0.0,0.0,0.0,6800.634751657187,1.1173856951763603,-106.630216794167,-0.7963079214096069,False,863.8160577005626,-928.4212919894795,6618.56123231096,-78.99353818805041,-2.676757019659529,300.0350094264501,1624.459808522291,-2844.3230830087246,6800.634751667315,142,0.6537646547979274,24.712024937473362,False,0.5706896781921387,-1.0,0.10000002384185791,0.0
14.399999999986903,0.01442086896408944,-0.025735098224520567,6799.280410346559,0.4462402931735711,-1.4109683227517722,-1.679123134495922,-0.008833305465972567,-10.647027252874695,217.23089962074346,-142.76910037925654,-191.7509769988466,-203.8671629370585,13.631844058639073,207.20966933734323,100.0,100.0,11099.708927567131,0.8948254886598329,9.914797206046408,4.037303389073525,-13.631844058639073,0.0,0.0,0.0,0.0,6799.280410337478,1.1081983994758051,-106.50012587374665,-0.7968012094497681,False,881.7541333625113,-953.0462193520426,6615.452958874476,-81.886014650782,-2.677722301703533,298.9821362405177,1605.3311330824365,-2864.8311343536293,6799.280410346559,143,0.6848746464504094,25.396899583923773,False,0.5706896781921387,-1.0,0.6000000238418579,0.0
14.499999999986812,0.014246249213837504,-0.025916727904058988,6797.915298162532,0.5247298655034185,-1.3681301486477724,-1.299993109202846,-0.02744691977142306,-10.299635975480712,216.17355166410744,-143.82644833589256,-194.94042072231574,-200.75900018017532,13.620857550087804,207.18819457496764,100.0,100.0,11099.853392798257,0.8946689917621393,10.134993812989038,5.1222640820763985,-13.620857550087804,0.0,0.0,0.0,0.0,6797.915298153679,1.0990372691273118,-106.37294992255686,-0.7954505085945129,False,899.2710171585383,-977.9485617859916,6612.343271296022,-81.17437795180595,-2.6492068824593744,297.8822476433899,1585.892462484391,-2885.0501502798465,6797.915298162532,144,0.7930502770145035,26.189949860938277,False,0.5706896781921387,-1.0,0.10000002384185791,0.0
14.599999999986721,0.014068487225134499,-0.02609510479839298,6796.56818487306,0.5141928568881531,-1.3600556498289045,-1.1711602622568416,-0.04769250987528335,-10.053108213382016,215.15662033418369,-144.8433796658163,-198.68235807129884,-196.6365225981246,13.293698818199964,206.95083232127044,100.0,100.0,11094.083242660043,0.8936599472797477,10.010217793526227,6.248789871265774,-13.293698818199964,0.0,0.0,0.0,0.0,6796.56818486517,1.0898612429885484,-106.2956337980783,-0.7944444417953491,False,916.4186349344894,-1003.1067500717869,6609.228966654047,-78.78525047406602,-2.6455658371004684,296.82466862820814,1566.1039979019724,-2904.907066157107,6796.56818487306,145,0.7926965889517745,26.98264644989005,False,0.5706896781921387,-1.0,-0.3999999761581421,0.0
14.69999999998663,0.013887304337826109,-0.026269622179211884,6795.249839859626,0.548414026273698,-1.3803968150737094,-1.3966274130121425,-0.014447446235993932,-10.077015764249648,214.16261255177005,-145.83738744822995,-202.30588162671035,-192.48961517874062,13.105322841597621,206.72520174166038,100.0,100.0,11088.612113603038,0.8926986948982296,9.853307596345854,5.178173468857195,-13.105322841597621,0.0,0.0,0.0,0.0,6795.24983984895,1.0806290186433587,-106.24930375380487,-0.795324981212616,False,933.1262498278277,-1028.5485218481551,6606.137614518464,-79.02975019454018,-2.7039329328173296,295.85398103952053,1545.9347188868023,-2924.334340989867,6795.249839859626,146,0.7048489248936913,27.687495374783744,False,0.5706896781921387,-1.0,0.10000002384185791,0.0
14.79999999998654,0.013702992912880128,-0.026440566102486563,6793.9490864788595,0.5520998269653492,-1.405241961274239,-1.6190444913682545,-0.048100879102333835,-10.720977328880506,213.1173031676026,-146.8826968323974,-205.81979898278348,-188.3217116562304,12.913401766762716,206.5101473278547,100.0,100.0,11083.415075745044,0.8917800992922956,9.739385452323965,6.119674323074786,-12.913401766762716,0.0,0.0,0.0,0.0,6793.949086470158,1.0713686203962514,-106.15779280773289,-0.795723021030426,False,949.325973026388,-1054.2808050718565,6603.073524120471,-80.94870555346736,-2.7189014586442766,294.8892601080567,1525.417171061816,-2943.363818528804,6793.9490864788595,147,0.7440332050983193,28.431528579882063,False,0.5706896781921387,-1.0,-0.3999999761581421,0.0
14.899999999986449,0.013515457425349818,-0.026607586325481526,6792.6556044895115,0.5347148856765488,-1.4458396749505122,-2.017372503782103,-0.01763593015753163,-10.955938644890615,212.0433896138535,-147.9566103861465,-209.2414798676181,-184.09707194568048,12.98932535512116,206.30479374489607,100.0,100.0,11078.474250735782,0.8909001759242928,9.625284666253929,5.064527306185868,-12.98932535512116,0.0,0.0,0.0,0.0,6792.655604483267,1.062065699211754,-106.04633135238237,-0.7942559123039246,False,965.0801689480571,-1080.2693681759174,6600.013182855463,-79.80128692489183,-2.6660780790797474,293.8693546787246,1504.5407205899417,-2961.9565097526033,6792.6556044895115,148,0.8631048023801469,29.29463338226221,False,0.5706896781921387,-1.0,0.10000002384185791,0.0
14.999999999986358,0.013325115824045754,-0.02677124795747883,6791.345549438363,0.5921188808373185,-1.4375235930283896,-2.011737163806803,-0.012259002574226725,-11.239300031375814,210.92950882180813,-149.07049117819187,-212.0568507364652,-180.8148112467826,13.223675853718882,206.31025845353764,100.0,100.0,11079.317745109976,0.8908532968917614,9.878623756917467,3.9696279462800246,-13.223675853718882,0.0,0.0,0.0,0.0,6791.345549428533,1.0527601094965422,-105.90515577312037,-0.7930825352668762,False,980.4472703212839,-1106.4956423341223,6596.956255527467,-77.11001203778,-2.6199676056043315,292.8669688903203,1483.3518935327734,-2980.175322626543,6791.345549438363,149,0.8519864525760705,30.14661983483828,False,0.5706896781921387,-1.0,0.6000000238418579,0.0
15.099999999986267,0.013132311370184686,-0.026932061745272174,6790.016462852204,0.6245253271627754,-1.40010437559212,-1.6594719376634874,-0.032047038034375024,-10.767799003776757,209.81884429683078,-150.18115570316922,-214.87471407429967,-177.40050958396967,13.3173849489737,206.29848012264958,100.0,100.0,11079.698310403583,0.8907372248379268,10.152408814956866,5.082828387661578,-13.3173849489737,0.0,0.0,0.0,0.0,6790.0164628450175,1.043487478396501,-105.77514187642223,-0.7938204407691956,False,995.3554585899401,-1132.9752960723354,6593.934823628935,-77.14384438989353,-2.6273278940524016,291.92526739780675,1461.8889017289591,-2998.077113483698,6790.016462852204,150,0.7541981285631543,30.900817963401433,False,0.5706896781921387,-1.0,0.10000002384185791,0.0
15.199999999986176,0.012936745166910457,-0.027089306398551224,6788.692304225377,0.5547701917660728,-1.3953527698199495,-1.5276210016773157,-0.05407758961716278,-10.407252499188996,208.76072147601542,-151.23927852398458,-218.14686625827196,-172.8832359353543,13.14756393584539,206.066055100754,100.0,100.0,11074.021408405828,0.8897486297372381,10.055571679800615,6.230407344785191,-13.14756393584539,0.0,0.0,0.0,0.0,6788.692304216586,1.0342087262044133,-105.70448786785225,-0.7941019535064697,False,1009.7379475646637,-1159.7107705370395,6590.957112349355,-78.87189353481276,-2.5848232491905567,290.9800680405761,1440.1184719804721,-3015.5815882867223,6788.692304225377,151,0.7990924757834388,31.699910439184873,False,0.5706896781921387,-1.0,-0.3999999761581421,0.0
15.299999999986085,0.012738198399909088,-0.02724232909500495,6787.379573781118,0.5228629089978442,-1.4185518277059994,-1.7445276098469231,-0.020094612070457804,-10.40696796554527,207.73226992869292,-152.26773007130706,-221.30082600609444,-168.34965145422686,13.134312091144448,205.84567712549003,100.0,100.0,11068.662784344455,0.8888081949383096,9.906906880345884,5.156409748755909,-13.134312091144448,0.0,0.0,0.0,0.0,6787.379573772327,1.0248912960075471,-105.67321040783243,-0.7924843430519104,False,1023.65958942841,-1186.672192965241,6587.999002451,-77.56897158789268,-2.467709097160951,289.9791996310086,1418.0162458778796,-3032.616074855951,6787.379573781118,152,0.923062507851599,32.62297294703647,False,0.5706896781921387,-1.0,0.10000002384185791,0.0
15.399999999985994,0.012536929387715494,-0.027391444771848194,6786.067033548269,0.45522519217312396,-1.4458069346571465,-1.955032577922681,-0.05426623872001119,-10.933634841859256,206.65993258294074,-153.34006741705926,-224.34560878009054,-163.8011269893014,13.13018226615746,205.63574439278358,100.0,100.0,11063.585031752495,0.8879090173047147,9.79363316794573,6.1055239735145035,-13.13018226615746,0.0,0.0,0.0,0.0,6786.067033541181,1.015558548115104,-105.60971013436098,-0.7911450266838074,False,1037.181124602136,-1213.8445684172198,6585.0595153201375,-74.72126603696279,-2.356489531820567,288.99184137050173,1395.6109794404888,-3049.215632002141,6786.067033548269,153,0.9212938124830806,33.54426675951955,False,0.5706896781921387,-1.0,-0.3999999761581421,0.0
15.499999999985903,0.012332883256253228,-0.02753629218920384,6784.74146446066,0.362567020333366,-1.4887468014003296,-2.3424682305693367,-0.02285340810085034,-11.20605772496544,205.5624462869274,-154.4375537130726,-227.28592850059877,-159.21313337453012,13.408088934131017,205.43640073113735,100.0,100.0,11058.799585875577,0.8870509958963715,9.673178065315518,5.0419264667125425,-13.408088934131017,0.0,0.0,0.0,0.0,6784.741464454475,1.006189362562194,-105.53117028168667,-0.7917442917823792,False,1050.231431101435,-1241.2382924542403,6582.174845460114,-74.61294553129908,-2.299778402233742,288.0596422229293,1372.8965640861093,-3065.3400465021714,6784.74146446066,154,0.8268695212038446,34.3711362807234,False,0.5706896781921387,-1.0,0.10000002384185791,0.0
15.599999999985812,0.012126418009483797,-0.027677488200550906,6783.380950595838,0.34258553076966386,-1.4828064403411956,-2.326500676856172,-0.017544129676729008,-11.5040661018218,204.4228243557722,-155.5771756442278,-229.72428138550362,-155.63757400546618,13.808839932463252,205.44952777108793,100.0,100.0,11059.87252918848,0.8870320430422421,9.93708870376109,3.9432772074919757,-13.808839932463252,0.0,0.0,0.0,0.0,6783.380950590321,0.996825591607908,-105.41842359391805,-0.7919582724571228,False,1062.7457445949074,-1268.8570968978659,6579.357132517613,-76.19946129104211,-2.192360163267721,287.1298495371837,1349.9128528157364,-3081.0579864853266,6783.380950595838,155,0.853791046360777,35.224927327084174,False,0.5706896781921387,-1.0,0.6000000238418579,0.0
15.699999999985721,0.011917817562541863,-0.027815577521502814,6781.984659221658,0.2970187549977266,-1.4477544637913649,-1.9649559104403296,-0.036930694375713245,-11.00749238174859,203.28753073791182,-156.71246926208818,-232.15511959306937,-151.9168648189268,14.087463320407293,205.4437279708334,100.0,100.0,11060.443412224578,0.886936326439539,10.228415337815,5.0707585774704,-14.087463320407293,0.0,0.0,0.0,0.0,6781.98465921512,0.9875080600141557,-105.31894072648412,-0.7920151352882385,False,1074.7595082952494,-1296.6827848796427,6576.590265983221,-77.94924782996262,-2.1322330363881177,286.1254391968887,1326.6914510621602,-3096.4300896936934,6781.984659221658,156,0.8718633857131396,36.096790712797315,False,0.5706896781921387,-1.0,0.10000002384185791,0.0
15.79999999998563,0.01170685886559377,-0.027949790560396735,6780.571588255317,0.14923171911341665,-1.444708680540917,-1.8190797450704006,-0.05955098936783843,-10.576658471348923,202.20892937496163,-157.79107062503837,-234.9230722084141,-147.0256985073654,14.166524530773943,205.21537769316282,100.0,100.0,11054.895860688392,0.8859589868447225,10.13698905379891,6.228969257478298,-14.166524530773943,0.0,0.0,0.0,0.0,6780.571588249248,0.9781977982517264,-105.28477092753579,-0.7915644645690918,False,1086.2330204273983,-1324.7066884751546,6573.861006975711,-80.65509495116866,-2.0860042006535005,285.07674855755454,1303.2075289178986,-3111.3706851833645,6780.571588255317,157,0.9221548425838473,37.018945555381165,False,0.5706896781921387,-1.0,-0.3999999761581421,0.0
15.899999999985539,0.011493395313069426,-0.028079444774631753,6779.1436207622855,0.03882333480468683,-1.4695162621584856,-2.023937496798252,-0.024778851351828553,-10.610655545800993,201.16089570662234,-158.83910429337766,-237.56803617855365,-142.13724637213977,14.411568825826201,205.00187133597018,100.0,100.0,11049.758359267049,0.885039544431499,9.983526233821499,5.145801576573152,-14.411568825826201,0.0,0.0,0.0,0.0,6779.143620755473,0.9688622657524687,-105.29273270270146,-0.7892339825630188,False,1097.2293196952276,-1352.9072225273692,6571.139058441308,-79.80047345492555,-2.0050594728385507,283.98615400899496,1279.4447662508885,-3125.803792312007,6779.1436207622855,158,1.049813168149462,38.06875872353063,False,0.5706896781921387,-1.0,0.10000002384185791,0.0
15.999999999985448,0.011277751815315217,-0.02820520561120361,6777.685668203617,0.05039393728616506,-1.454950553364237,-1.9409552431149495,-0.012393781711337776,-10.951548305278994,200.08127158867197,-159.91872841132803,-239.76968620078117,-138.32132402228603,14.749682535635127,205.00300300255824,100.0,100.0,11050.547534128786,0.8849681734568123,10.187523830987374,4.021210472142949,-14.749682535635127,0.0,0.0,0.0,0.0,6777.6856681982545,0.9595451576078604,-105.28239154376224,-0.7872028946876526,False,1107.8062943241,-1381.2762998749101,6568.42142782217,-77.27012231292237,-1.9496989554560022,282.93478304449906,1255.43933208089,-3139.8034886391856,6777.685668203617,159,1.0368712023204698,39.1056299258511,False,0.5706896781921387,-1.0,0.6000000238418579,0.0
16.099999999985357,0.011060187341884029,-0.02832766025760069,6776.200159903909,0.06599597035533769,-1.4138485950275945,-1.5485102630514238,-0.031014339136831204,-10.694708593386661,198.98879625023332,-161.01120374976668,-241.93762263355444,-134.38692767806504,14.92062634143284,204.98383697498346,100.0,100.0,11050.791135460397,0.8848150349393158,10.426156578560557,5.131482868135408,-14.92062634143284,0.0,0.0,0.0,0.0,6776.20015989901,0.9502844812914236,-105.26985983010182,-0.7871147394180298,False,1117.8866343716957,-1409.8169956724764,6565.739110625983,-77.37301912092052,-1.95885342448428,281.9617727840255,1231.2200548985302,-3153.4351398761087,6776.200159903909,160,0.9311408963155549,40.03677082216665,False,0.5706896781921387,-1.0,0.10000002384185791,0.0
16.199999999985266,0.010840544462226919,-0.02844604798007474,6774.711676590478,-0.008767684450456843,-1.4063483962979397,-1.401319750683077,-0.05231257593392744,-10.401813609999776,197.93428658342754,-162.06571341657246,-244.35164331788215,-129.28402525081268,14.830100210294495,204.7452842954985,100.0,100.0,11044.982945000937,0.8837933305639085,10.310783056551482,6.282282685245451,-14.830100210294495,0.0,0.0,0.0,0.0,6774.7116765848505,0.9410391244761257,-105.3046890693619,-0.7865846157073975,False,1127.4028397121722,-1438.5259380162292,6563.099373125473,-79.15388156576046,-1.9229350429196368,280.9991340875808,1206.7694095351005,-3166.61406114192,6774.711676590478,161,0.9782799089679324,41.015050731134586,False,0.5706896781921387,-1.0,-0.3999999761581421,0.0
16.299999999985175,0.010618729125328663,-0.028559689469163797,6773.227341269455,-0.03954999555988428,-1.4270700710158413,-1.6149341480366983,-0.01791805366078481,-10.403505921267163,196.90522870467697,-163.09477129532303,-246.64261239947564,-124.19692825822331,14.880557165781301,204.5226713327683,100.0,100.0,11039.605392646914,0.8828348590322259,10.152547678565924,5.192525115851699,-14.880557165781301,0.0,0.0,0.0,0.0,6773.227341264892,0.9317777131174468,-105.37763534451045,-0.7840700149536133,False,1136.4247904623437,-1467.3856912557335,6560.477907760925,-77.90408707397359,-1.8132035732311473,279.9871299283404,1182.0769262315866,-3179.264631707314,6773.227341269455,162,1.1137812424982108,42.1288319736328,False,0.5706896781921387,-1.0,0.10000002384185791,0.0
16.399999999985084,0.010394940582966049,-0.02866895266923323,6771.737442193741,-0.10243689073176922,-1.4522446954494106,-1.8292259731617138,-0.05212196137134454,-10.89028655044807,195.83479031361136,-164.16520968638864,-248.82153242721975,-119.12251906774745,14.930505589802108,204.31374108924845,100.0,100.0,11034.60207498104,0.8819302076683813,10.02923364103986,6.145215598212164,-14.930505589802108,0.0,0.0,0.0,0.0,6771.73744218772,0.9225294913674942,-105.42408501332234,-0.781803548336029,False,1145.0142378535716,-1496.3847088047535,6557.873897448081,-75.10529420375477,-1.7101255222505138,278.98756181835995,1157.1647856957804,-3191.427811139043,6771.737442193741,163,1.1127171625574004,43.2415491361902,False,0.5706896781921387,-1.0,-0.3999999761581421,0.0
16.499999999984993,0.0101691931539425,-0.028773476346280445,6770.229613037404,-0.188878584717445,-1.4931285749693373,-2.223589077070215,-0.02043670002334921,-11.13955498367385,194.74332299914533,-165.25667700085467,-250.88656529609068,-114.03663552424133,15.250598224077775,204.11850285889923,100.0,100.0,11029.98036217675,0.8810787958719101,9.897822692775573,5.068020198733178,-15.250598224077775,0.0,0.0,0.0,0.0,6770.229613033182,0.9132739766647534,-105.46268865772969,-0.7814804315567017,False,1153.0977383402087,-1525.5207640560432,6555.322856359587,-75.02480884200742,-1.663739909403843,278.0437139597739,1132.034581896879,-3203.0633868679392,6770.229613037404,164,1.0135061452518215,44.255055281442026,False,0.5706896781921387,-1.0,0.10000002384185791,0.0
16.599999999984902,0.009941730347239719,-0.02887394447613483,6768.683256495274,-0.19747018366446098,-1.4859725796208243,-2.2147671086431857,-0.014437068029355286,-11.485259588764498,193.6089925653142,-166.3910074346858,-252.63727707757144,-110.05421916800597,15.681266761534461,204.13771840642877,100.0,100.0,11031.305808751486,0.8810747153324013,10.148779541811933,3.9540088061800325,-15.681266761534461,0.0,0.0,0.0,0.0,6768.683256491508,0.904053878109387,-105.46920026550299,-0.7807419300079346,False,1160.6096745342224,-1554.7861974830537,6552.8362453670115,-76.64047560985635,-1.5664209300614558,277.10283046749146,1106.7134222547254,-3214.2474990833293,6768.683256495274,165,1.0421850283103182,45.29724030975235,False,0.5706896781921387,-1.0,0.6000000238418579,0.0
16.69999999998481,0.009712736805418239,-0.028970953113919413,6767.098550104657,-0.22894159837901956,-1.4496585178276393,-1.853535293336883,-0.034443523859440044,-11.123786700064825,192.468349254229,-167.531650745771,-254.34825002676286,-105.93028583426764,15.982812582539719,204.13375072248752,100.0,100.0,11032.009532312475,0.8809768398974352,10.435441303875086,5.0904140748149285,-15.982812582539719,0.0,0.0,0.0,0.0,6767.098550100257,0.8949117546412764,-105.48131117017871,-0.7798158526420593,False,1167.5888383118352,-1584.169101669558,6550.397834257588,-78.4173108051902,-1.5175851015316306,276.0872978749769,1081.2218611791584,-3225.046500641509,6767.098550104657,166,1.0611474403462229,46.35838775009857,False,0.5706896781921387,-1.0,0.10000002384185791,0.0
16.79999999998472,0.00948213636193991,-0.029063698685965405,6765.494968057278,-0.3632818099209755,-1.4448435945713465,-1.7061841138177523,-0.05757983919861388,-10.716968935670065,191.37650834915627,-168.62349165084373,-256.1778331471032,-100.58351188772893,16.07970725354436,203.90596935286518,100.0,100.0,11026.525858551144,0.8799916610501589,10.347899419428844,6.261601239729597,-16.07970725354436,0.0,0.0,0.0,0.0,6765.494968055504,0.8858092832962771,-105.55382068280647,-0.7783522009849548,False,1173.9972610092623,-1613.6540490565117,6547.993646665576,-81.15336357481192,-1.4835450943807709,275.027236787373,1055.551419811151,-3235.3709377216687,6765.494968057278,167,1.114018304358357,47.472406054456926,False,0.5706896781921387,-1.0,-0.3999999761581421,0.0
16.89999999998463,0.009249911054620865,-0.029151476269706045,6763.875316830406,-0.45970533265694596,-1.4677186752929274,-1.9124541298204647,-0.022584975177720908,-10.729931126818093,190.314995033624,-169.685004966376,-257.88485228732424,-95.26025761641232,16.33101712520354,203.692975067321,100.0,100.0,11021.452828153086,0.8790641532538769,10.201300544290072,5.171670798144011,-16.33101712520354,0.0,0.0,0.0,0.0,6763.875316827115,0.8767156894843506,-105.67162997583185,-0.774933397769928,False,1179.9021575591808,-1643.2306985197379,6545.593563567308,-80.3424871642118,-1.414035092439665,273.9249310244954,1029.7000986003948,-3245.142338343677,6763.875316830406,168,1.2483916807346134,48.72079773519154,False,0.5706896781921387,-1.0,0.10000002384185791,0.0
16.99999999998454,0.00901625960094474,-0.02923500435215368,6762.225327831862,-0.4292683965015679,-1.4517748672866768,-1.831157250653918,-0.009464747626615118,-11.072409128348305,189.22387669348313,-170.77612330651687,-259.3500434646734,-91.08203046931823,16.670102933688696,203.69571255122906,100.0,100.0,11022.370296131594,0.8789895955224221,10.408983847262993,4.037586573753848,-16.670102933688696,0.0,0.0,0.0,0.0,6762.225327827748,0.8676767919736611,-105.77677001301332,-0.771774172782898,False,1185.3628573930068,-1672.9007789341608,6543.194794341195,-77.85373182441255,-1.3711230561964625,272.86348056514413,1003.6900187771686,-3254.4406844817477,6762.225327831862,169,1.2339797131400188,49.954777448331555,False,0.5706896781921387,-1.0,0.6000000238418579,0.0
17.099999999984448,0.008781329926024893,-0.029314913361636535,6760.548031101304,-0.39242509403943715,-1.409265192299105,-1.4338559025225517,-0.028742769343868966,-10.828774254036096,188.1185012158231,-171.8814987841769,-260.76005232981606,-86.794425376975,16.833955469685744,203.67783891064101,100.0,100.0,11022.72981803271,0.8788320000006538,10.650128510409308,5.157272796722696,-16.833955469685744,0.0,0.0,0.0,0.0,6760.548031098314,0.8587308008255142,-105.88162128033504,-0.7705693244934082,False,1190.3012038209306,-1702.6537918078907,6540.827311549097,-77.97778637861393,-1.3939998742164512,271.87847080679273,977.5376473650911,-3263.336155417379,6760.548031101304,170,1.1218084024482942,51.07658585077985,False,0.5706896781921387,-1.0,0.10000002384185791,0.0
17.199999999984357,0.008545107471832895,-0.02939042154061034,6758.869090860737,-0.44705353353264315,-1.4000245427679745,-1.283110036499809,-0.05039756361056242,-10.534024565080347,187.05053879679429,-172.94946120320571,-262.19763483089935,-81.30359674063828,16.72290946222972,203.43870172548924,100.0,100.0,11016.94918589696,0.8777979420919577,10.537529428193618,6.320646150141319,-16.72290946222972,0.0,0.0,0.0,0.0,6758.869090858389,0.8498400010924888,-106.03644101003734,-0.7688609957695007,False,1194.6500313544161,-1732.4687051906858,6538.4976123462175,-79.78151288962049,-1.3707204078851978,270.90033226415943,951.2413637644379,-3271.741725900743,6758.869090860737,171,1.1712114503086066,52.247797301088454,False,0.5706896781921387,-1.0,-0.3999999761581421,0.0
17.299999999984266,0.008307626590091937,-0.029460837622320386,6757.1970752020425,-0.45709139823737094,-1.4189132090716263,-1.497722143069151,-0.015752022736787736,-10.509999652360149,186.00959576501486,-173.99040423498514,-263.5143905787319,-75.84938200516727,16.74178009565457,203.21484329905996,100.0,100.0,11011.58135691401,0.8768246964351785,10.383915405619232,5.224060945347383,-16.74178009565457,0.0,0.0,0.0,0.0,6757.197075199533,0.8409738156261815,-106.2333541801909,-0.7669385075569153,False,1198.449822099784,-1762.3365273053007,6536.189661284423,-81.7180982584772,-1.403571020027455,269.85181638007924,924.8049920090344,-3279.5804441167056,6757.1970752020425,172,1.1984978220846287,53.44629512317308,False,0.5706896781921387,-1.0,0.10000002384185791,0.0
17.399999999984175,0.008069017306395542,-0.029526561777569287,6755.522845223111,-0.4963266974458738,-1.442375001253527,-1.716707077723269,-0.05009435160400919,-11.010678479948925,184.92775497600505,-175.07224502399495,-264.72125787771085,-70.42776364584968,16.75205773548986,203.00409027797647,100.0,100.0,11006.571534042454,0.87590320571726,10.264929860105967,6.18817981176486,-16.75205773548986,0.0,0.0,0.0,0.0,6755.522845221756,0.8321596848794706,-106.40313918698486,-0.7644000053405762,False,1201.6647870877828,-1792.2445704310953,6533.885532924888,-84.6302131663132,-1.457693493820677,268.7626497549733,898.2430065479517,-3286.896857079013,6755.522845223111,173,1.2466946076044434,54.692989730777526,False,0.5706896781921387,-1.0,-0.3999999761581421,0.0
17.499999999984084,0.007829362098189206,-0.029587237326779266,6753.835439928746,-0.5581660124250257,-1.481447672110747,-2.1179475548459643,-0.01817838093323947,-11.181093997776163,183.82766504951516,-176.1723349504848,-265.81374920670925,-65.01452774037271,17.02187941422488,202.80903276001524,100.0,100.0,11001.998089247141,0.8750431903020183,10.136656312556607,5.100696380018581,-17.02187941422488,0.0,0.0,0.0,0.0,6753.83543992692,0.82339094018944,-106.57179731375173,-0.7598524689674377,False,1204.3653343382487,-1822.183534639683,6531.557527334565,-83.99011006441151,-1.4805367326451968,267.6290850954903,871.5645887704225,-3293.651259217068,6753.835439928746,174,1.3803814175650098,56.07337114834254,False,0.5706896781921387,-1.0,0.10000002384185791,0.0
17.599999999983993,0.007588774036975366,-0.029643587106902243,6752.1141783967405,-0.5374098830485224,-1.4730910012173875,-2.1135737112942787,-0.011515252797990204,-11.55681049164939,182.68911070345175,-177.31088929654825,-266.7975626441843,-60.75390824812698,17.408999097391625,202.82854701108454,100.0,100.0,11003.407687389135,0.8750317373925393,10.385237519471943,3.976341499103077,-17.408999097391625,0.0,0.0,0.0,0.0,6752.114178393747,0.8147138606252768,-106.7211574587582,-0.7555733323097229,False,1206.6106218407474,-1852.160255651374,6529.204734727282,-81.66674346223824,-1.529435873926239,266.53970179664776,844.7823257960978,-3299.9241167403575,6752.1141783967405,175,1.360002768384698,57.433373916727234,False,0.5706896781921387,-1.0,0.6000000238418579,0.0
17.699999999983902,0.007347327206425038,-0.029696237616601045,6750.359114784399,-0.5371997847324387,-1.435471641172283,-1.74824178699115,-0.03219129237242741,-11.247247022306707,181.53830809870985,-178.46169190129015,-267.7143349883651,-56.364354374040445,17.658148355642613,202.82372273846892,100.0,100.0,11004.156819683107,0.8749221045222247,10.672807012163057,5.121103935191075,-17.658148355642613,0.0,0.0,0.0,0.0,6750.359114780883,0.8061614530028934,-106.87413635870277,-0.7532082200050354,False,1208.3205274258291,-1882.1626402347083,6526.850579633895,-81.91657884839137,-1.6428865389005407,265.5341422213031,817.9044646192352,-3305.785171480028,6750.359114784399,176,1.2466909328736704,58.6800648496009,False,0.5706896781921387,-1.0,0.10000002384185791,0.0
17.79999999998381,0.007105096996237458,-0.029744382108765857,6748.591605220262,-0.6416274512086949,-1.4289330838134942,-1.5968269301578344,-0.05574674506867929,-10.861586859022637,180.43282590198035,-179.56717409801965,-268.5205728091059,-50.74396836743977,17.678217964180774,202.59324250441202,100.0,100.0,10998.625783378446,0.8739176990671467,10.588032843206665,6.304558323880288,-17.678217964180774,0.0,0.0,0.0,0.0,6748.591605217046,0.797694526275374,-107.08678968246855,-0.7502812743186951,False,1209.4293153384695,-1912.1621399383246,6524.495812209607,-83.84611630205539,-1.7106998949310868,264.53151621006276,790.9393976211538,-3311.1446163478154,6748.591605220262,177,1.2958215792344006,59.9758864288353,False,0.5706896781921387,-1.0,-0.3999999761581421,0.0
17.89999999998372,0.0068621987625256875,-0.029787318505247296,6746.816579484952,-0.7079381209952997,-1.4499525022957553,-1.8032192759272687,-0.02051785154331194,-10.836013215915925,179.35893708349448,-180.64106291650552,-269.2082220503451,-45.1664416056667,17.84247135072336,202.37672601144524,100.0,100.0,10993.479823339627,0.8729681917330974,10.446382247243893,5.2077687681401175,-17.84247135072336,0.0,0.0,0.0,0.0,6746.816579482439,0.7892882759205434,-107.34945174785413,-0.7452822327613831,False,1210.0132846462977,-1942.1548746411074,6522.120566230846,-82.7643983203967,-1.706678789243245,263.4691188457856,763.8999662443596,-3315.924296004129,6746.816579484952,178,1.4284577058385022,61.404344134673806,False,0.5706896781921387,-1.0,0.10000002384185791,0.0
17.99999999998363,0.006618695520732297,-0.029825793202782253,6745.019211680192,-0.6417606062580253,-1.4327160920243311,-1.7217215500443996,-0.006620847032551065,-11.160134812966376,178.25827327614405,-181.74172672385595,-269.8692987850464,-40.76782174844231,18.108345437604957,202.3770664989913,100.0,100.0,10994.387941416648,0.8728770083032845,10.657602569410837,4.062947619579186,-18.108345437604957,0.0,0.0,0.0,0.0,6745.019211677813,0.7809911293009093,-107.60597652692235,-0.7405176162719727,False,1210.1355048608698,-1972.1528689125491,6519.727289159051,-80.13359237850638,-1.7102654423285082,262.4249868237869,736.7931853679192,-3320.20729933372,6745.019211680192,179,1.4064012069775447,62.81074534165135,False,0.5706896781921387,-1.0,0.6000000238418579,0.0
18.099999999983538,0.0063746154642392566,-0.02986046039531199,6743.2019413929465,-0.5664983826967959,-1.3889144269926297,-1.3174238158779337,-0.026504236900893124,-10.937182527541223,177.14288530434374,-182.85711469565626,-270.45551162945816,-36.27652838697061,18.18973883481577,202.3566015716367,100.0,100.0,10994.72504917056,0.8727023630236507,10.900386800599836,5.191415550602761,-18.18973883481577,0.0,0.0,0.0,0.0,6743.201941390644,0.7728366657317183,-107.86499393676803,-0.7376890182495117,False,1209.7198647545285,-2002.139252451327,6517.343805283776,-80.16217876459346,-1.7713937735411818,261.44501519158547,709.622193479114,-3324.0664512061308,6743.2019413929465,180,1.2893268254365686,64.10007216708792,False,0.5706896781921387,-1.0,0.10000002384185791,0.0
18.199999999983447,0.006130091138904471,-0.029890548444817564,6741.3928412817395,-0.5842871371852666,-1.3780568990378745,-1.1619304311717615,-0.048481611918230895,-10.660486653679811,176.06300067733048,-183.93699932266952,-270.8439365913918,-30.593870477784154,17.964481989430677,202.1127800646546,100.0,100.0,10988.819930761481,0.8716429789103362,10.789588906577686,6.366665878207049,-17.964481989430677,0.0,0.0,0.0,0.0,6741.392841279278,0.7647874447185447,-108.17519907149314,-0.7343118786811829,False,1208.7038084737212,-2032.0813844016002,6514.974999456293,-81.88990772994562,-1.7809862287115714,260.4609962226877,682.4017455828457,-3327.4158528770913,6741.3928412817395,181,1.3326841482733558,65.43275631536127,False,0.5706896781921387,-1.0,-0.3999999761581421,0.0
18.299999999983356,0.005885287497571831,-0.02991538047549166,6739.603045466647,-0.5573478860548366,-1.3952422442759924,-1.377090439400032,-0.013598924118074762,-10.584387805482299,175.01223415923434,-184.98776584076566,-271.1180234086655,-24.967322577757567,17.85974490064418,201.88333190353538,100.0,100.0,10983.298203671198,0.8706414930985156,10.640017824504207,5.2627502003824205,-17.85974490064418,0.0,0.0,0.0,0.0,6739.603045463967,0.7568189906857822,-108.53452355538,-0.728812575340271,False,1207.1631537570572,-2061.9866757152395,6512.600369632692,-80.64794768240102,-1.7118092434390493,259.41902920116866,655.1502042296962,-3330.180154531731,6739.603045466647,182,1.461518565563172,66.89427488092444,False,0.5706896781921387,-1.0,0.10000002384185791,0.0
18.399999999983265,0.005640259220851674,-0.029935375338044735,6737.823186389459,-0.5560334353395973,-1.4171317946922224,-1.6006073906044929,-0.048046771697318316,-11.133541946341143,173.92046847588736,-186.07953152411264,-271.2880829799742,-19.39379516154298,17.73980762145732,201.66615323871827,100.0,100.0,10978.10670576396,0.8696891065356384,10.525196117617373,6.237910151588305,-17.73980762145732,0.0,0.0,0.0,0.0,6737.823186388195,0.7489622560330539,-108.87558172572056,-0.7234715223312378,False,1205.161023800194,-2091.8728068716487,6510.221811641112,-77.85588326990086,-1.6495783246365863,258.3919672361626,627.8736564652083,-3332.40598263114,6737.823186389459,183,1.4506239991882324,68.34489888011268,False,0.5706896781921387,-1.0,-0.3999999761581421,0.0
18.499999999983174,0.005395156752697255,-0.029950192391871952,6736.0442500711715,-0.5758240134012775,-1.4544939690099552,-2.0086016331942895,-0.01586720862470209,-11.260050617114807,172.81065376376685,-187.18934623623315,-271.3444449562083,-13.843197245267687,17.869299762189836,201.46349207097865,100.0,100.0,10973.31366594717,0.868794289193947,10.402094454586567,5.1434451160195245,-17.869299762189836,0.0,0.0,0.0,0.0,6736.044250071156,0.741195628913639,-109.21913536323758,-0.7200832962989807,False,1202.6255054531407,-2121.7110900348694,6507.871613341999,-77.73504942849722,-1.6455374391511266,257.4204115472989,600.5888497102584,-3334.055417063186,6736.0442500711715,184,1.341192519208857,69.68609139932154,False,0.5706896781921387,-1.0,0.10000002384185791,0.0
18.599999999983083,0.00514995708087191,-0.029960564199340477,6734.244213761052,-0.5072739192238146,-1.4449264153075925,-2.006628586130039,-0.00853273518677076,-11.626507441961454,171.66480915888246,-188.33519084111754,-271.508431457261,-9.45293739295775,18.140816009905468,201.47640611173716,100.0,100.0,10974.562932464984,0.8687531594978075,10.65391844290338,4.007805426966266,-18.140816009905468,0.0,0.0,0.0,0.0,6734.244213762228,0.7335596064352626,-109.5437972802584,-0.7162132263183594,False,1199.4952016296793,-2151.470740933059,6505.558772213728,-79.31359997777543,-1.5884942797298105,256.4489667199059,573.293222242661,-3335.210006670582,6734.244213761052,185,1.3564477678989604,71.0425391672205,False,0.5706896781921387,-1.0,0.6000000238418579,0.0
18.699999999982992,0.004904615399830083,-0.029967127372129067,6732.42190319734,-0.4570593451941701,-1.406028503292386,-1.6343676878949207,-0.02987475438465774,-11.35178155060179,170.50503384725877,-189.49496615274123,-271.58220989266175,-4.954272241044383,18.26376138129672,201.46472608950415,100.0,100.0,10975.134025576614,0.8686133878701451,10.943221639371261,5.160896813556261,-18.26376138129672,0.0,0.0,0.0,0.0,6732.421903196773,0.7261009695204633,-109.872718014212,-0.7120828628540039,False,1195.8126807535614,-2181.1541478882664,6503.26915769848,-81.05630315696995,-1.5836238910555458,255.4063590259106,545.9817863090849,-3335.9406190654076,6732.42190319734,186,1.3600925473675454,72.40263171458804,False,0.5706896781921387,-1.0,0.10000002384185791,0.0
18.7999999999829,0.004659358582720156,-0.02996910428385105,6730.601909024531,-0.5138546225632145,-1.3978257429411776,-1.4773686404789994,-0.05379230592509676,-11.002641392458612,169.38704446298536,-190.61295553701464,-271.3153479882183,0.7348011948334829,18.114685670833904,201.2252012951498,100.0,100.0,10969.315258743476,0.8675704171026085,10.860498680651895,6.355920154909442,-18.114685670833904,0.0,0.0,0.0,0.0,6730.601909024866,0.7187841654412406,-110.26129035312397,-0.707353413105011,False,1191.5476850488,-2210.732671407357,6500.987438240933,-83.75604330989923,-1.5964608502703646,254.32365755700738,518.6797974284077,-3336.160688878299,6730.601909024531,187,1.3965236772164231,73.79915539180446,False,0.5706896781921387,-1.0,-0.3999999761581421,0.0
18.89999999998281,0.0044144343172982615,-0.029965822961554568,6728.792445805264,-0.5328421836795381,-1.41706051918211,-1.6833496970727937,-0.018349443881868707,-10.91150290522659,168.3026511534848,-191.6973488465152,-270.9376630681338,6.363262672101183,18.100633690632186,200.99854845330597,100.0,100.0,10963.843902546889,0.8665789681446385,10.723337878315892,5.251698864040667,-18.100633690632186,0.0,0.0,0.0,0.0,6728.792445806346,0.7115870558762926,-110.7057443150017,-0.7004704475402832,False,1186.7707873972474,-2240.2204853145163,6498.686788953424,-82.95853812824319,-1.5716525314800553,253.19991036104494,491.4148282016425,-3335.7954120802547,6728.792445805264,188,1.513306493957496,75.31246188576196,False,0.5706896781921387,-1.0,0.10000002384185791,0.0
18.99999999998272,0.004169850416855268,-0.0299577016628548,6726.983786055986,-0.5805975157548664,-1.4405535324951724,-1.8943473009123408,-0.053209385012039194,-11.38458737435414,167.18191112412342,-192.81808887587658,-270.4597431368807,11.934341392079844,18.081018850139046,200.78326178335382,100.0,100.0,10958.68332989297,0.8656325918891559,10.615202061262968,6.236253445188301,-18.081018850139046,0.0,0.0,0.0,0.0,6726.983786056392,0.7045426706933607,-111.13866818437423,-0.6937448978424072,False,1181.5393945651565,-2269.6404421759335,6496.366886909849,-80.48034583125803,-1.5728324087587182,252.11511624905415,464.1877484043285,-3334.891349108996,6726.983786055986,189,1.491688940176933,76.80415082593889,False,0.5706896781921387,-1.0,-0.3999999761581421,0.0
19.09999999998263,0.003925799149058282,-0.029944414864670657,6725.1650621340395,-0.6520134221183128,-1.4793730238916893,-2.290616777011104,-0.020234006567873334,-11.521495341007663,166.04623492935676,-193.95376507064324,-269.8695315224841,17.466738925170574,18.320465105026507,200.58265794520187,100.0,100.0,10953.93280890402,0.8647439070232112,10.492155570442284,5.13622379032431,-18.320465105026507,0.0,0.0,0.0,0.0,6725.165062133968,0.6976281472323014,-111.57885447376425,-0.6889882683753967,False,1175.7806338356015,-2298.9542458960696,6494.054228505707,-80.56800157652617,-1.6408330395534396,251.10542434368705,437.01996127316795,-3333.4122627351376,6725.1650621340395,190,1.3750651331963661,78.17921595913526,False,0.5706896781921387,-1.0,0.10000002384185791,0.0
19.199999999982538,0.0036821721545705244,-0.02992669309600178,6723.3152601331385,-0.6353087822201522,-1.471309683414025,-2.2761380711271375,-0.012755365162404003,-11.893206290763041,164.87401447230488,-195.12598552769512,-269.52155208098367,21.853746374768622,18.68199444173143,200.59844397985344,100.0,100.0,10955.276459602666,0.8647119764819253,10.757444158684118,3.9982690980078917,-18.68199444173143,0.0,0.0,0.0,0.0,6723.315260131938,0.6908856468171986,-112.0005669879254,-0.6836901903152466,False,1169.4366472013944,-2328.118008471013,6491.752744818047,-82.33833349488077,-1.6601607336880813,250.09669087691833,409.89940424679077,-3331.439475446918,6723.3152601331385,191,1.380877247832808,79.56009320696808,False,0.5706896781921387,-1.0,0.6000000238418579,0.0
19.299999999982447,0.0034388513596858585,-0.029905162313082566,6721.434081872446,-0.6369971284209383,-1.433858856833252,-1.8902274281763958,-0.03382176342489549,-11.582903694334432,163.68936520411737,-196.31063479588263,-269.0678409594845,26.34826765357572,18.90659459493902,200.58864011734445,100.0,100.0,10955.91547947195,0.8645769540352854,11.064968275096955,5.16371472313251,-18.90659459493902,0.0,0.0,0.0,0.0,6721.434081870697,0.684368265218245,-112.43017976629447,-0.6761984825134277,False,1162.581217007184,-2357.152378964784,6489.442142441887,-81.14228528337895,-1.6012418587134307,249.03663902814338,382.81293336022975,-3329.042668692351,6721.434081872446,192,1.4751419456759511,81.03523515264403,False,0.5706896781921387,-1.0,0.10000002384185791,0.0
19.399999999982356,0.0031961583837735144,-0.02987906164007322,6719.543121462206,-0.7463352121155303,-1.426526730601768,-1.7166218110339684,-0.058176408568023585,-11.179291528992568,162.5510017120078,-197.4489982879922,-268.1304603895097,32.003440700902324,18.89761095394031,200.34931897955133,100.0,100.0,10950.097610609944,0.8635311346978968,10.987887937432427,6.368525971077171,-18.89761095394031,0.0,0.0,0.0,0.0,6719.543121460758,0.678044524953827,-112.93088623899108,-0.6688329577445984,False,1155.273801754587,-2386.0858446800507,6487.12443572216,-78.39224706845394,-1.550634552203168,247.9957408887516,355.7963512816676,-3326.1371417729506,6719.543121462206,193,1.4543201220693125,82.48955527471335,False,0.5706896781921387,-1.0,-0.3999999761581421,0.0
19.499999999982265,0.002954422656274089,-0.029847744461679298,6717.647840570543,-0.8177562082393187,-1.446486678579555,-1.9086664212679434,-0.02204816008799768,-11.126136765349063,161.4468371915055,-198.5531628084945,-267.0879384263914,37.58261328047484,19.02906965055389,200.12336945728902,100.0,100.0,10944.649672971944,0.8625380869955267,10.848584774446703,5.258038402295318,-19.02906965055389,0.0,0.0,0.0,0.0,6717.6478405714515,0.6718720691683489,-113.48854655447091,-0.6634640097618103,False,1147.447375023614,-2414.8765819358755,6484.83102759195,-78.2879880857507,-1.560473680198882,247.01208197682155,328.88633009643155,-3322.6509134741395,6717.647840570543,194,1.3318998504028547,83.8214551251162,False,0.5706896781921387,-1.0,0.10000002384185791,0.0
19.599999999982174,0.002713478803372965,-0.029811950769752054,6715.73329262386,-0.7490800379701893,-1.4289684726774956,-1.8126127832369179,-0.006947223474199579,-11.447425254221768,160.3174986772101,-199.6825013227899,-266.3769599307558,42.014192716663935,19.265953154069454,200.11648564899826,100.0,100.0,10945.379791482159,0.8624131233742134,11.070720221112946,4.097490545842092,-19.265953154069454,0.0,0.0,0.0,0.0,6715.733292624572,0.6658893770929992,-114.03932468597348,-0.6576083898544312,False,1139.0459818582592,-2443.482935239118,6482.570149048663,-79.88397194874855,-1.5165611001510262,246.02670690484345,302.06446039147846,-3318.666359688799,6715.73329262386,195,1.3261749683117996,85.147630093428,False,0.5706896781921387,-1.0,0.6000000238418579,0.0
19.699999999982083,0.0024731544937023897,-0.02977232147473064,6713.801732244712,-0.6670988883154185,-1.3849109040712513,-1.3857362813872403,-0.02718543340019234,-11.232806644772966,159.17275954187696,-200.82724045812304,-265.5644127895375,46.51273526951586,19.31617843004866,200.08808390219735,100.0,100.0,10945.51065003982,0.8622019548448284,11.326452162750341,5.243853606788949,-19.31617843004866,0.0,0.0,0.0,0.0,6713.801732243194,0.6601466010883092,-114.5934108639044,-0.651477038860321,False,1130.1117195010524,-2471.914868620821,6480.327818972352,-81.64210063208166,-1.5261459241292699,244.9724306204009,275.31155823895,-3314.254826567015,6713.801732244712,196,1.307941782973211,86.45557187640122,False,0.5706896781921387,-1.0,0.10000002384185791,0.0
19.799999999981992,0.0022338160714764498,-0.029728150335749926,6711.881936831493,-0.6801202456163435,-1.3729944328611614,-1.2099492454921825,-0.04980264558629502,-10.948364259785146,158.06351351351475,-201.93648648648525,-264.19517146730624,52.103181359289465,19.049779236338455,199.8329476685118,100.0,100.0,10939.235130791165,0.8610919762607948,11.218987780381182,6.438523158283814,-19.049779236338455,0.0,0.0,0.0,0.0,6711.881936832068,0.6546099931291177,-115.20119183142464,-0.6447638273239136,False,1120.6199082388773,-2500.1382550355206,6478.088099514082,-84.35894324818479,-1.5546266545878753,243.88013730703375,248.66840507675838,-3309.337695375682,6711.881936831493,197,1.3190615364358151,87.77463341283703,False,0.5706896781921387,-1.0,-0.3999999761581421,0.0
19.8999999999819,0.0019958334064266283,-0.02967883295082615,6709.986019607395,-0.6481807499698203,-1.3889313030530124,-1.414436959230823,-0.014123163267884922,-10.84376509909261,156.98549001317596,-203.01450998682404,-262.72947444404787,57.60431869900538,18.89823765487085,199.59177265723778,100.0,100.0,10933.332794144273,0.8600385381146746,11.069948025477514,5.320212994948439,-18.89823765487085,0.0,0.0,0.0,0.0,6709.986019607976,0.649267529617985,-115.8629696233941,-0.6357628703117371,False,1110.6414214209885,-2528.174868877474,6475.8248027805985,-83.59612553380961,-1.543962818896629,242.7428123739234,222.17617480341227,-3303.847684085967,6709.986019607395,198,1.4090607068528858,89.18369411968992,False,0.5706896781921387,-1.0,0.10000002384185791,0.0
19.99999999998181,0.0017591328936409248,-0.02962479099667605,6708.10466437372,-0.6376111950789554,-1.409670122823107,-1.6338430290607875,-0.048713870083134596,-11.405795501057636,155.86708524587357,-204.13291475412643,-261.17700426913797,63.021626451572985,18.72818470250086,199.36250359642605,100.0,100.0,10927.751092412927,0.8590330325091984,10.955755866231629,6.310669951077643,-18.72818470250086,0.0,0.0,0.0,0.0,6708.104664374712,0.6441566550745328,-116.50911959667249,-0.6269406080245972,False,1100.2300281561795,-2556.056953874073,6473.537924135783,-81.15108473914032,-1.55940348164014,241.64187191474377,195.82667372010775,-3297.831733749978,6708.10466437372,199,1.3610485919345054,90.54474271162442,False,0.5706896781921387,-1.0,-0.3999999761581421,0.0
20.09999999998172,0.0015239676063906835,-0.02956574167144092,6706.2298427528685,-0.6469320611157297,-1.4456658674545686,-2.0423822851836397,-0.015717019054090443,-11.512642537478014,154.73121308160822,-205.26878691839175,-259.5182929564973,68.38187323311838,18.800296356971195,199.14733380074,100.0,100.0,10922.556821774982,0.8580837752003367,10.83306122277677,5.201647656844506,-18.800296356971195,0.0,0.0,0.0,0.0,6706.229842752387,0.6392475716312332,-117.15941343564,-0.6201691627502441,False,1089.3163400203453,-2583.739280128716,6471.25265424656,-81.2462980141812,-1.6438030821899585,240.61932962359265,169.64807394341088,-3291.258362864803,6706.2298427528685,200,1.2255798949192398,91.77032260654366,False,0.5706896781921387,-1.0,0.10000002384185791,0.0
20.199999999981628,0.001290091579181767,-0.029502385784710098,6704.3392362216,-0.5605668636105257,-1.435462476488457,-2.034521802307872,-0.00735660559224105,-11.8856840674587,153.56000782440134,-206.43999217559866,-258.3179713737322,72.65350611793674,19.02240509558469,199.15010799591795,100.0,100.0,10923.534121715675,0.8579987330998442,11.092996466589497,4.0488477577739515,-19.02240509558469,0.0,0.0,0.0,0.0,6704.339236221378,0.6345762525605275,-117.79048845355454,-0.6128835678100586,False,1077.8505340568238,-2611.167456412422,6468.972037352756,-83.02540529665251,-1.679252377975037,239.59905182382514,143.6129945945143,-3284.205585553928,6704.3392362216,201,1.203404996070179,92.97372760261383,False,0.5706896781921387,-1.0,0.6000000238418579,0.0
20.299999999981537,0.0010572652848542473,-0.029435326271996763,6702.431330487353,-0.48924222343467183,-1.3958339720404966,-1.6435772969954012,-0.02933767039946909,-11.634167231157294,152.37293061842428,-207.62706938157572,-256.9973735458227,76.99932185057799,19.090783289346323,199.1278982896079,100.0,100.0,10923.81165310526,0.8578136761964973,11.392664679392926,5.217961642675616,-19.090783289346323,0.0,0.0,0.0,0.0,6702.431330488052,0.6301988171054062,-118.42318627593963,-0.6033363342285156,False,1065.9026429002527,-2638.3756098163176,6466.676520969826,-81.85897405711623,-1.6345944644895072,238.52673661873055,117.69477150997481,-3276.7405205986797,6702.431330487353,202,1.2633141208428544,94.23704172345668,False,0.5706896781921387,-1.0,0.10000002384185791,0.0
20.399999999981446,0.0008259485925862928,-0.029363883973093818,6700.532128740129,-0.5275304845882576,-1.3860472282815306,-1.468404763688492,-0.053964845853375465,-11.290922977487686,151.22618551811513,-208.77381448188487,-254.98096217773076,82.3873827037071,18.8679242769367,198.87464771555216,100.0,100.0,10917.535141637403,0.8567121591142157,11.31383892329491,6.43189840958463,-18.8679242769367,0.0,0.0,0.0,0.0,6700.532128741167,0.6260906689331265,-119.11826120110157,-0.5939220786094666,False,1053.5267190003747,-2665.4028951089217,6464.368611222053,-79.13724386107039,-1.5982589127185152,237.47259861306074,91.94459732670612,-3268.7875638848036,6700.532128740129,203,1.2146070992015758,95.45164882265826,False,0.5706896781921387,-1.0,-0.3999999761581421,0.0
20.499999999981355,0.0005965906527877335,-0.029287486887891217,6698.651589013544,-0.5280735792316625,-1.403454319165849,-1.6648948983434353,-0.01787730222031058,-11.161208666817316,150.11503897123967,-209.88496102876033,-252.87301265993648,87.68299882544713,18.771274626443663,198.63361529889585,100.0,100.0,10911.586789513343,0.8556600198528218,11.179624589286341,5.314232132101626,-18.771274626443663,0.0,0.0,0.0,0.0,6698.651589012518,0.6222062215162322,-119.86847419785808,-0.5865992903709412,False,1040.663145106783,-2692.195115827311,6462.078627752218,-79.03533545484859,-1.6241652650570089,236.47661565405284,66.4124714683305,-3260.28304036005,6698.651589013544,204,1.0716551065134001,96.52330392917166,False,0.5706896781921387,-1.0,0.10000002384185791,0.0
20.599999999981264,0.00036907196798758115,-0.02920654135621903,6696.780034166175,-0.5524470127534294,-1.4252445618193414,-1.8731465769887845,-0.05282756282269698,-11.66322551097795,148.9678110880861,-211.0321889119139,-250.68354660345813,92.8910818369333,18.663148030180544,198.40332576533302,100.0,100.0,10905.930222838208,0.854650930754527,11.074685697648196,6.314627722163592,-18.663148030180544,0.0,0.0,0.0,0.0,6696.780034165232,0.6185618546438796,-120.59703237934532,-0.5787964463233948,False,1027.2670184166254,-2718.6954289641076,6459.814108090792,-80.6348674701692,-1.5954273960060037,235.47666193920895,41.085091476377535,-3251.2721837743024,6696.780034166175,205,1.0496319688530464,97.57293589802471,False,0.5706896781921387,-1.0,-0.3999999761581421,0.0
20.699999999981173,0.00014368212946275097,-0.029120792008494826,6694.908201469669,-0.5987745151986013,-1.4621126740590853,-2.27114180072085,-0.019143604021324954,-11.768688553924717,147.80611699116207,-212.19388300883793,-248.39341397214142,98.02918748626186,18.803398875114045,198.18686652480613,100.0,100.0,10900.658330688013,0.853696699761345,10.955217652449852,5.201394264945292,-18.803398875114045,0.0,0.0,0.0,0.0,6694.908201470391,0.6151541415622673,-121.3278251030912,-0.5707623362541199,False,1013.3793865402026,-2744.920637466321,6457.561499561879,-82.39478822781021,-1.621090107674538,234.40731991259796,15.994694651793438,-3241.726566385644,6694.908201469669,206,1.015591718330818,98.58852761635553,False,0.5706896781921387,-1.0,0.10000002384185791,0.0
20.799999999981083,-7.990745920064461e-05,-0.029030909406541874,6693.014433982632,-0.5485434122997466,-1.4528941164929792,-2.251482555616314,-0.010502383909741031,-12.142608827660613,146.60930478586928,-213.39069521413072,-246.68901284343337,102.13656698829412,19.08054244221701,198.18885944982154,100.0,100.0,10901.601553511146,0.8536087794765792,11.229036583112444,4.0463162876149426,-19.08054244221701,0.0,0.0,0.0,0.0,6693.0144339825965,0.6120184846353218,-122.03552533894594,-0.5622493624687195,False,998.9779987777138,-2770.8382152922227,6455.304116923938,-85.11419865103566,-1.6669802079583849,233.3027054768238,-8.895298358215758,-3231.7208351362415,6693.014433982632,207,0.9752324470833564,99.56376006343889,False,0.5706896781921387,-1.0,0.6000000238418579,0.0
20.89999999998099,-0.00030200543093100376,-0.02893746364964985,6691.097802740827,-0.5127960425490027,-1.4141818600478315,-1.8460737807826695,-0.032348632472550196,-11.864879744650398,145.39781294063187,-214.60218705936813,-244.85067143469828,106.31012234852469,19.211474556932572,198.16485077034935,100.0,100.0,10901.815490469937,0.8534164820679365,11.546161958108337,5.226809459203584,-19.211474556932572,0.0,0.0,0.0,0.0,6691.097802741787,0.6092081271698586,-122.74150289833808,-0.551334798336029,False,984.1238862711233,-2796.4988498863336,6453.015726787761,-84.3872551919837,-1.687312333154666,232.3220154687866,-33.61924457123934,-3221.3184534790216,6691.097802740827,208,1.0198998477860834,100.58365991122497,False,0.5706896781921387,-1.0,0.10000002384185791,0.0
20.9999999999809,-0.0005220655931661878,-0.028839824492944924,6689.182362479425,-0.5873401947172144,-1.404761637688414,-1.654141550399251,-0.05735274670587412,-11.48081022049721,144.23000798463357,-215.76999201536643,-242.18695710791923,111.4483427344169,19.076062788320836,197.90809836666233,100.0,100.0,10895.402314153165,0.8523001714176109,11.474030669232755,6.450333143054667,-19.076062788320836,0.0,0.0,0.0,0.0,6689.182362480452,0.6067157808573621,-123.5100642815827,-0.5387733578681946,False,968.8999226661649,-2821.9635704983166,6450.691326127062,-80.54813964760157,-1.6698903342158473,231.4001924353787,-58.11634183126002,-3210.449262554629,6689.182362479425,209,1.0339530279927476,101.61761293921772,False,0.5706896781921387,-1.0,-0.3999999761581421,0.0
21.09999999998081,-0.0007395671214551783,-0.028737471435995424,6687.276344435415,-0.6239785724410386,-1.4223753380789852,-1.8369402483789192,-0.02068815862985697,-11.371189637014828,143.09874824025312,-216.90125175974688,-239.44165813411018,116.48203233554469,19.06945500602427,197.66369422522496,100.0,100.0,10889.326641095826,0.8512333049840315,11.340094711286113,5.327407523766671,-19.06945500602427,0.0,0.0,0.0,0.0,6687.2763444375005,0.6045332283171595,-124.33537189515476,-0.5263838768005371,False,953.3457277719893,-2847.221582372383,6448.349883980665,-74.16501745282805,-1.5163999830889032,230.3706542779223,-82.32861196039045,-3199.0553202550104,6687.276344435415,210,0.9550995580377601,102.57271249725548,False,0.5706896781921387,-1.0,0.10000002384185791,0.0
21.19999999998072,-0.0009546773051505136,-0.028630796590299615,6685.370560754371,-0.6834940500470842,-1.4443188126723827,-2.0340452338249344,-0.055645078055392025,-11.82647648778589,141.93282799788287,-218.06717200211713,-236.62355372204115,121.41911152511086,19.053584927322092,197.4302317533074,100.0,100.0,10883.553558520123,0.850209853666068,11.234478996309068,6.333285258469768,-19.053584927322092,0.0,0.0,0.0,0.0,6685.3705607534675,0.6026741316544542,-125.14260372327756,-0.5154438614845276,False,937.4397475814611,-2872.258612550394,6446.036214553115,-66.97255482609563,-1.2550189916769132,229.46551736178142,-106.27467760935518,-3187.1802764321533,6685.370560754371,211,0.816661918142284,103.38937441539777,False,0.5706896781921387,-1.0,-0.3999999761581421,0.0
21.299999999980628,-0.0011670755334401274,-0.02851958158163633,6683.4548293463595,-0.7649376312277023,-1.4812359368259156,-2.4231637930449055,-0.02138032074483473,-11.955155351926827,140.7534784216222,-219.2465215783778,-233.7144225136466,126.26913029741523,19.287449203516715,197.2111410314715,100.0,100.0,10878.186462131756,0.8492429494390881,11.112383149268094,5.213653144431546,-19.287449203516715,0.0,0.0,0.0,0.0,6683.454829347455,0.6010918211648608,-125.94960395266486,-0.5066359043121338,False,921.1210722839115,-2897.0270596450205,6443.828627360907,-62.557561885537005,-0.9519760696672399,228.65329603992382,-129.91884838255498,-3174.7998216677565,6683.4548293463595,212,0.6616379978290566,104.05101241322683,False,0.5706896781921387,-1.0,0.10000002384185791,0.0
21.399999999980537,-0.0013771718658528186,-0.028404459705759753,6681.5088163167275,-0.7476679060223382,-1.4723025785883115,-2.393331140708823,-0.012300082127425616,-12.34468555180724,139.53731982840716,-220.4626801715928,-231.51421181954967,130.1594200453302,19.63833856182366,197.21169234727068,100.0,100.0,10879.098918617063,0.8491470598454343,11.39275595320415,4.053520235137205,-19.63833856182366,0.0,0.0,0.0,0.0,6681.508816317272,0.5997962699689194,-126.72543751947777,-0.4997798204421997,False,904.3396157193515,-2921.46241759697,6441.799990588654,-63.024268565283116,-0.6131916764462233,227.833554897114,-153.30677210673576,-3161.9844544451757,6681.5088163167275,213,0.5057919182598816,104.55680433148672,False,0.5706896781921387,-1.0,0.6000000238418579,0.0
21.499999999980446,-0.0015853422791925888,-0.028285962222876933,6679.532717459983,-0.7435072651989412,-1.43382475083074,-1.9742864431487483,-0.03414999288371518,-12.051596294027549,138.30639908005128,-221.69360091994872,-229.16908697891552,134.1030031167421,19.847454029208077,197.18600714131168,100.0,100.0,10879.275253145413,0.8489454560832954,11.719967588789917,5.242178612068045,-19.847454029208077,0.0,0.0,0.0,0.0,6679.532717460676,0.5987977018422598,-127.48529002013684,-0.49340230226516724,False,887.0569073564272,-2945.506623204204,6439.981049599198,-67.20360410532847,-0.26758399373230957,226.9321090177014,-176.48030251971898,-3148.7933146506602,6679.532717459983,214,0.42111457304968986,104.97791890453641,False,0.5706896781921387,-1.0,0.10000002384185791,0.0
21.599999999980355,-0.0017909609998812857,-0.02816352155722136,6677.54873462998,-0.8494884428146918,-1.4241759396346723,-1.767802432184876,-0.059457147214808916,-11.632663074675694,137.1216618713533,-222.8783381286467,-225.87879126101177,138.91417940693717,19.814632431469082,196.92651408430655,100.0,100.0,10872.769046448568,0.8478147434460487,11.650973032796479,6.473539754129562,-19.814632431469082,0.0,0.0,0.0,0.0,6677.548734629399,0.5980712544325343,-128.2928167973688,-0.48496291041374207,False,869.3000361895051,-2969.173442140074,6438.316784906119,-70.91246941088409,0.13427574370920287,225.93474975076558,-199.3697785067847,-3135.1632197498816,6677.54873462998,215,0.45706707774622074,105.43498598228263,False,0.5706896781921387,-1.0,-0.3999999761581421,0.0
21.699999999980264,-0.001993442321040672,-0.028036679967086392,6675.563597380526,-0.91676773246547,-1.441417804307649,-1.9393933530720917,-0.02235399285334042,-11.551290559570818,135.97367280677773,-224.02632719322227,-222.51932868110148,143.60837194638603,19.90933464392022,196.6797074854417,100.0,100.0,10866.616036088964,0.8467343113469625,11.516541449070385,5.345282360799614,-19.90933464392022,0.0,0.0,0.0,0.0,6675.563597379474,0.5976057682142565,-129.1424210257399,-0.47644832730293274,False,851.1138024336246,-2992.4992344133666,6436.760151667956,-73.32325220339918,0.4089412311304228,224.82784649216887,-221.90999917824763,-3121.0432139360573,6675.563597380526,216,0.4006663270503246,105.83565230933296,False,0.5706896781921387,-1.0,0.10000002384185791,0.0
21.799999999980173,-0.002193253596942251,-0.02790605331798467,6673.56285861471,-0.8315099900224469,-1.4225042173568914,-1.8229425412364886,-0.005238190199174758,-11.87113487306862,134.80220176395653,-225.19779823604347,-219.9537303062157,147.3809619369184,20.1094532019508,196.65493596082797,100.0,100.0,10866.820237548802,0.846535291213779,11.752004850163381,4.1624804759148875,-20.1094532019508,0.0,0.0,0.0,0.0,6673.562858613497,0.5974259477579716,-129.9676383853517,-0.46784618496894836,False,832.4758385248194,-3015.440723081071,6435.29431670638,-76.26565525382304,0.6144138121371401,223.6888282423321,-244.15299041161137,-3106.5018553580535,6673.56285861471,217,0.3310393075640949,106.16669161689705,False,0.5706896781921387,-1.0,0.6000000238418579,0.0
21.899999999980082,-0.0023908289373059414,-0.02777216343775165,6671.5490509666,-0.725246979837243,-1.3771426514619325,-1.3623404310137568,-0.0261867985366388,-11.677254773809494,133.61380182183223,-226.38619817816777,-217.265978496533,151.16884347714563,20.114213449235393,196.6081227706359,100.0,100.0,10866.397788451388,0.8462480745879958,12.022214920021456,5.330147273203734,-20.114213449235393,0.0,0.0,0.0,0.0,6671.549050966163,0.5975752993114671,-130.77239557873762,-0.4592689871788025,False,813.4145137064156,-3038.01579706864,6433.890436265087,-78.5836229233935,0.701078288900533,222.49977791139946,-266.1470773008974,-3091.5972338905135,6671.5490509666,218,0.2549435366694767,106.42163515356653,False,0.5706896781921387,-1.0,0.10000002384185791,0.0
21.99999999997999,-0.0025855257512239988,-0.027634516173164977,6669.55252949878,-0.715647737940673,-1.3628538788685287,-1.1584028716828003,-0.049587632616072005,-11.38671905374117,132.46014803174083,-227.53985196825917,-213.59586481664834,155.7242392392945,19.781700144027447,196.33045776300818,100.0,100.0,10859.346164197483,0.8450445539110251,11.920117269755725,6.550113957635848,-19.781700144027447,0.0,0.0,0.0,0.0,6669.55252949838,0.5980084933243176,-131.60780504287698,-0.4505648612976074,False,793.9106349731144,-3060.1811103298623,6432.528267953423,-81.68535832629088,0.7309209952737009,221.29817231158287,-287.8207266262555,-3076.274340396725,6669.55252949878,219,0.20203988376741666,106.62367503733394,False,0.5706896781921387,-1.0,-0.3999999761581421,0.0
22.0999999999799,-0.0027767398470093228,-0.027492713214766807,6667.58752345377,-0.660430336593105,-1.3761468615619923,-1.349815194819626,-0.013062746234103074,-11.237046419657831,131.3406478171849,-228.6593521828151,-209.87103829327742,160.15324653954545,19.54997123763553,196.06593514571966,100.0,100.0,10852.646055874096,0.8438947541206858,11.775738868509144,5.41416424778935,-19.54997123763553,0.0,0.0,0.0,0.0,6667.587523453513,0.5987203571191967,-132.47770888999267,-0.43959203362464905,False,774.0140970353237,-3081.986686923984,6431.173862771649,-81.21872236293736,0.7886836630532232,220.0746527598057,-309.1066797690778,-3060.488835067841,6667.58752345377,220,0.22881842836553604,106.85249346569948,False,0.5706896781921387,-1.0,0.10000002384185791,0.0
22.19999999997981,-0.0029647175562052554,-0.027347114968335407,6665.645159223721,-0.6194577877290899,-1.3944907390935362,-1.5674443649708185,-0.04765432476426082,-11.82327899090634,130.18164383735765,-229.81835616264235,-206.09902015476837,164.46416662369003,19.290448761967525,195.81253114445113,100.0,100.0,10846.244519454001,0.8427902082047807,11.66670261455577,6.425899600094462,-19.290448761967525,0.0,0.0,0.0,0.0,6665.645159224019,0.5997662058483008,-133.3090884589484,-0.42686209082603455,False,753.7944989414726,-3103.499490932088,6429.815024892372,-77.53769718415394,0.8814813262555533,218.89682397773885,-330.032358356769,-3044.2808382750977,6665.645159223721,221,0.21918459110679148,107.07167805680628,False,0.5706896781921387,-1.0,-0.3999999761581421,0.0
22.29999999997972,-0.0031490998101340916,-0.027197570899882794,6663.719524002984,-0.5961090396194774,-1.4277549686712787,-1.9811819297993034,-0.013752484249030866,-11.893783978589244,129.0060927408857,-230.99390725911428,-202.24813458444757,168.67538434644754,19.2570787240609,195.5721043778819,100.0,100.0,10840.198629197219,0.841738027104548,11.550030179204954,5.299650576945997,-19.2570787240609,0.0,0.0,0.0,0.0,6663.719524002832,0.601151692188757,-134.12560797216946,-0.4142308831214905,False,733.2947538769696,-3124.736972608983,6428.464733137072,-71.3827711314738,1.071018521312282,217.8597719688729,-350.55779086412707,-3027.6335925749527,6663.719524002984,222,0.13422050464607463,107.20589856145236,False,0.5706896781921387,-1.0,0.10000002384185791,0.0
22.399999999979627,-0.003330412257132799,-0.027044623785044408,6661.787921099407,-0.4655981425707084,-1.4160148922890985,-1.9675573700553581,-0.0037369403428321813,-12.269277030289361,127.79701361219342,-232.20298638780656,-199.28522583623752,172.0772873488812,19.387586488825182,195.552354662412,100.0,100.0,10840.496546464026,0.8415628336888085,11.821924885896316,4.123734304306193,-19.387586488825182,0.0,0.0,0.0,0.0,6661.787921098392,0.602894345486743,-134.90474655647768,-0.40311747789382935,False,712.5016566992441,-3145.681057425483,6427.16826096755,-64.38848095122117,1.3530897785505278,216.9908244927004,-370.74149246402317,-3010.6075197511436,6661.787921099407,223,-0.01609406816169361,107.18980449329067,False,0.5706896781921387,-1.0,0.6000000238418579,0.0
22.499999999979536,-0.003509137353338115,-0.026888731128341066,6659.848344947496,-0.34417884327818765,-1.3747433690731017,-1.5494385846006589,-0.026807468868761234,-12.061014432405559,126.56911862514781,-233.43088137485222,-196.18298813473868,175.48957856590542,19.352407918660692,195.50723705023245,100.0,100.0,10840.066937895666,0.8412864276520315,12.134459835282014,5.312077782646701,-19.352407918660692,0.0,0.0,0.0,0.0,6659.848344946119,0.6049826266000459,-135.654127461695,-0.39422041177749634,False,691.3707614935181,-3166.272787271995,6426.007183257857,-60.06543781555697,1.6693274115217878,216.21128546826756,-390.637170173599,-2993.2535492069273,6659.848344947496,224,-0.18008068885604248,107.00972380443463,False,0.5706896781921387,-1.0,0.10000002384185791,0.0
22.599999999979445,-0.0036845602790348997,-0.026729469926304497,6657.9297141286615,-0.3355769825639058,-1.362104348340762,-1.3490417365078433,-0.05237769655067991,-11.736583968538605,125.37841185282453,-234.6215881471755,-191.99344869985313,179.5555237424093,18.98717419334009,195.22702339419064,100.0,100.0,10832.853913932951,0.8400765115886053,12.062704828441372,6.550658778836776,-18.98717419334009,0.0,0.0,0.0,0.0,6657.929714127204,0.607347821220983,-136.42830673321515,-0.3873656988143921,False,669.8712544491824,-3186.4386521218767,6425.056753815294,-60.56071057372335,2.0224950478737487,215.41656211847427,-410.16525026216505,-2975.5245921962164,6657.9297141286615,225,-0.3126200831486866,106.69710372128594,False,0.5706896781921387,-1.0,-0.3999999761581421,0.0
22.699999999979354,-0.003856018481240758,-0.026566509743942028,6656.045437716097,-0.2896341559156611,-1.37629639750295,-1.5338782624866398,-0.015662726470108062,-11.537978681324352,124.226324929832,-235.77367507016803,-187.75488124054598,183.4949106406241,18.731256255872005,194.95773190920772,100.0,100.0,10825.929222765086,0.8389116408841255,11.936827352769328,5.4167895900128205,-18.731256255872005,0.0,0.0,0.0,0.0,6656.0454377145625,0.6099308966805144,-137.22789659079905,-0.381137490272522,False,647.9799759216564,-3206.1135815199405,6424.34955950549,-64.74586243414926,2.3909408083194412,214.53305123749075,-429.25197733172115,-2957.3838646956265,6656.045437716097,226,-0.3831341761935826,106.31396954509236,False,0.5706896781921387,-1.0,0.10000002384185791,0.0
22.799999999979264,-0.004023794455891039,-0.026400175808201046,6654.185936115343,-0.2595357046801515,-1.3951438424084837,-1.7418562263165265,-0.05054214199720537,-12.095428548485158,123.0385911466724,-236.96140885332764,-183.47646781435367,187.31418213704646,18.452254717398237,194.69792132022764,100.0,100.0,10819.256544403583,0.8377856233774322,11.840804103845644,6.438929040112575,-18.452254717398237,0.0,0.0,0.0,0.0,6654.18593611589,0.6127583677563376,-137.9771666069551,-0.3730856776237488,False,625.7181035980259,-3225.3170917261664,6423.8281301683455,-68.51818342074404,2.827671141625923,213.54973332816442,-447.9287988297905,-2938.8675709689405,6654.185936115343,227,-0.36791366763682426,105.94605587745554,False,0.5706896781921387,-1.0,-0.3999999761581421,0.0
22.899999999979173,-0.00418750650025092,-0.02623035925637724,6652.344995738555,-0.24860796205818014,-1.4286895369085943,-2.1464182507778693,-0.016095749157284026,-12.141053156736952,121.83706654084271,-238.1629334591573,-179.1276149870755,191.02657248390108,18.402050156594747,194.45014354578933,100.0,100.0,10812.913199906176,0.8367083160203395,11.731791538712203,5.310333096293506,-18.402050156594747,0.0,0.0,0.0,0.0,6652.344995738222,0.6158356359608942,-138.70084289179425,-0.3651471734046936,False,603.1199258318679,-3244.0953359396563,6423.441640428034,-71.00944009623854,3.1440656645675547,212.44382908840194,-466.15322360793243,-2919.963592419914,6652.344995738555,228,-0.4255256318030746,105.52053024565247,False,0.5706896781921387,-1.0,0.10000002384185791,0.0
22.99999999997908,-0.004347742477369085,-0.026057535645800673,6650.4996337816365,-0.12827291946533595,-1.4174423996972711,-2.121291722320064,-0.0056220774836407555,-12.506453349172464,120.6038209733815,-239.39617902661848,-175.75979778656546,194.04248126040787,18.5181529766389,194.42297693414494,100.0,100.0,10812.940179207155,0.836508317702168,12.018824552046143,4.132493777753825,-18.5181529766389,0.0,0.0,0.0,0.0,6650.499633782671,0.6191701624522546,-139.37512344487365,-0.35739561915397644,False,580.1717848973066,-3262.4006535377844,6423.17400607827,-74.0307338290421,3.390135681403173,211.29760091665224,-483.99069258072655,-2900.724868090531,6650.4996337816365,229,-0.4935067426649451,105.02702350298752,False,0.5706896781921387,-1.0,0.6000000238418579,0.0
23.09999999997899,-0.004505036165865936,-0.025882101123122565,6648.647612613184,-0.015540259382630064,-1.3765959829067747,-1.686748638091221,-0.02870230622015664,-12.288519150977628,119.3525847983109,-240.6474152016891,-172.24686728142427,197.05269160440528,18.471012503962452,194.36927520331162,100.0,100.0,10812.201735243472,0.8362024722194364,12.348599799236844,5.330767807052921,-18.471012503962452,0.0,0.0,0.0,0.0,6648.647612612701,0.6227960696350682,-140.0111995040772,-0.34985727071762085,False,556.8963654110534,-3280.2569834518063,6422.99398026293,-76.42883127237342,3.5176627476893585,210.09333910047124,-501.500625984196,-2881.195497026004,6648.647612613184,230,-0.562065323641627,104.46495817934589,False,0.5706896781921387,-1.0,0.10000002384185791,0.0
23.1999999999789,-0.004658617789332465,-0.025703720599843247,6646.817623437041,-0.016564042743215886,-1.363840200069334,-1.4685299149199913,-0.05457896894830892,-11.947075518251273,118.13987572915576,-241.86012427084424,-167.56436577250906,200.58114768231985,18.095948544245335,194.07867395069235,100.0,100.0,10804.596036056138,0.8349554145389707,12.285322577836736,6.578338134922371,-18.095948544245335,0.0,0.0,0.0,0.0,6646.817623437174,0.6266612839872148,-140.66663939558646,-0.3424583673477173,False,533.2828382669803,-3297.6169713186905,6422.881935478199,-79.60861990778334,3.5851685100664734,208.87267666625056,-518.59733230849,-2861.3381771745503,6646.817623437041,231,-0.6097372564831315,103.85522092286276,False,0.5706896781921387,-1.0,-0.3999999761581421,0.0
23.29999999997881,-0.00480778250769082,-0.025522145687374573,6645.0229706089585,0.019545686129222396,-1.3777377624503007,-1.639491953853927,-0.017434220529881687,-11.736494701311516,116.96732896942075,-243.03267103057922,-162.84643928757293,203.977159491405,17.830154213739796,193.79854327001252,100.0,100.0,10797.266627000607,0.8337516491409667,12.163124052218315,5.4406507697561635,-17.830154213739796,0.0,0.0,0.0,0.0,6645.0229706078735,0.6307492854541189,-141.3468771059664,-0.3352087438106537,False,509.3543234804956,-3314.5076715786736,6422.808111943335,-82.27655201588819,3.532941093699143,207.61062796732602,-535.2023487561421,-2841.1252579185375,6645.0229706089585,232,-0.659272680493305,103.19594824236945,False,0.5706896781921387,-1.0,0.10000002384185791,0.0
23.399999999978718,-0.004952850562077602,-0.02533766643072748,6643.254042247429,0.0420357341188418,-1.39630723503807,-1.8374676235754803,-0.05219141058823466,-12.284680787623866,115.76018783215073,-244.23981216784927,-158.1015867481773,207.247646470779,17.541695469824027,193.5275439397501,100.0,100.0,10790.179869520005,0.8325853873802606,12.069894264930369,6.468480992019084,-17.541695469824027,0.0,0.0,0.0,0.0,6643.254042247187,0.6350532744347732,-141.9738639464272,-0.3278156816959381,False,485.0957456680444,-3330.8915401401005,6422.745701925329,-85.76825356824145,3.4008002115624096,206.50381267897728,-551.3513245704787,-2820.589027068583,6643.254042247429,233,-0.6962683421380285,102.49967990023143,False,0.5706896781921387,-1.0,-0.3999999761581421,0.0
23.499999999978627,-0.005093426808924541,-0.025150221943709687,6641.50470884378,0.04601308221074606,-1.429448396016934,-2.234780381181046,-0.017295691283220303,-12.325154345101733,114.54000754953096,-245.45999245046906,-153.2992949825589,210.4022182567361,17.480600260563445,193.26839081084876,100.0,100.0,10783.418051982657,0.83146714762955,11.96240994122886,5.33524502742159,-17.480600260563445,0.0,0.0,0.0,0.0,6641.504708843079,0.6395874499554189,-142.5737103000937,-0.31793317198753357,False,460.53889811778475,-3346.850520386434,6422.66124463842,-85.74705882789993,3.2825000470918644,205.56130508732505,-567.00027236948,-2799.722706773762,6641.50470884378,234,-0.6536873837697501,101.84599251646168,False,0.5706896781921387,-1.0,0.10000002384185791,0.0
23.599999999978536,-0.005230155930880781,-0.02496021450169919,6639.752041351533,0.16296348402782665,-1.4181548008867833,-2.199889846896143,-0.006209402273596411,-12.693438256591081,113.28830442815047,-246.71169557184956,-149.56030158089334,212.98347601990244,17.585625779568463,193.23038258010055,100.0,100.0,10783.070698394731,0.8312289645878194,12.257164858032334,4.1526803356695785,-17.585625779568463,0.0,0.0,0.0,0.0,6639.752041351012,0.6444173964432677,-143.12743488282797,-0.3064614534378052,False,435.7285004610009,-3362.4798297783473,6422.5455231840315,-82.67427884152765,3.207790994621059,204.47008618749828,-582.2209582256485,-2778.571078329154,6639.752041351533,235,-0.6642575938172574,101.18173492264442,False,0.5706896781921387,-1.0,0.6000000238418579,0.0
23.699999999978445,-0.005363618400452045,-0.024767973996769752,6637.99383675972,0.2746315070773789,-1.3772278545797882,-1.7497531578975296,-0.029412484651609363,-12.479190233940411,112.01811100875362,-247.98188899124642,-145.6758359521516,215.53985752922873,17.52700115131087,193.16541404636774,100.0,100.0,10781.941269178165,0.8308832287079796,12.596792242300936,5.357386755515154,-17.52700115131087,0.0,0.0,0.0,0.0,6637.993836757106,0.6495822921602916,-143.6446214499225,-0.2953299283981323,False,410.69820732389087,-3377.8018810122667,6422.409076275498,-77.20366216761195,3.2555336002596094,203.2732959769579,-597.0780003383217,-2757.1708653204087,6637.99383675972,236,-0.7423855742356796,100.43934934840874,False,0.5706896781921387,-1.0,0.10000002384185791,0.0
23.799999999978354,-0.005493003350851428,-0.02457326276019358,6636.258857955444,0.27214558277097284,-1.3639144890024675,-1.5159962551209025,-0.05553889923341962,-12.13066336504779,110.78660248742526,-249.21339751257477,-140.55918986001896,218.46565930296373,17.139215303252733,192.86237391488262,100.0,100.0,10773.878299861277,0.8295910061169406,12.53835303551006,6.611865471288427,-17.139215303252733,0.0,0.0,0.0,0.0,6636.258857954846,0.6550373772291939,-144.18327172553992,-0.2860736846923828,False,385.45752634183066,-3392.7723889519925,6422.289101370934,-72.08727643874003,3.3498036190721225,202.21381114223098,-611.481133016781,-2735.4956104647495,6636.258857955444,237,-0.8546352838445898,99.58471406456415,False,0.5706896781921387,-1.0,-0.3999999761581421,0.0
23.899999999978263,-0.005617575867576362,-0.024375921700265944,6634.56066764533,0.3069049302968387,-1.3770947978042032,-1.6759152130621955,-0.01810932183671677,-11.911486266823179,109.59612004592857,-250.40387995407144,-135.422833055767,221.25391423868174,16.857785352606246,192.56951982745306,100.0,100.0,10766.08407881667,0.8283410060150954,12.418989347277233,5.470225522828931,-16.857785352606246,0.0,0.0,0.0,0.0,6634.560667644335,0.6607046213006282,-144.74576191643075,-0.27941134572029114,False,359.9733629536729,-3407.29959236762,6422.242030455709,-70.88099275649517,3.4491368684334134,201.2696502459613,-625.3485455786006,-2713.527603673605,6634.56066764533,238,-0.9760959619119526,98.6086181026522,False,0.5706896781921387,-1.0,0.10000002384185791,0.0
23.999999999978172,-0.005737690578737725,-0.024176201377322418,6632.889791415632,0.3306826450399988,-1.3950180591461752,-1.8672576988363485,-0.05270390012696755,-12.45839032715225,108.37153292835872,-251.6284670716413,-130.27434507349636,223.91199908100134,16.551927558649854,192.28553306684097,100.0,100.0,10758.525241726293,0.8271275274782464,12.32851797677187,6.503218595708939,-16.551927558649854,0.0,0.0,0.0,0.0,6632.889791414753,0.6665460841989631,-145.25188094855253,-0.27510690689086914,False,334.22654490454244,-3421.2817500716683,6422.307466935513,-74.05168006364097,3.534419663297129,200.32743473136745,-638.7197152250836,-2691.2947373235315,6632.889791415632,239,-1.078722939640617,97.52989516301159,False,0.5706896781921387,-1.0,-0.3999999761581421,0.0
24.09999999997808,-0.005852945590254878,-0.02397409138950127,6631.2405256378415,0.33688837364734375,-1.4273861573096194,-2.2606779841465463,-0.017486221717313045,-12.492750118419671,107.13431437721265,-252.86568562278737,-125.08262779100997,226.44659212351894,16.469357689773016,192.0131034660212,100.0,100.0,10751.283477986006,0.8259610205638599,12.223630435632831,5.365989871897665,-16.469357689773016,0.0,0.0,0.0,0.0,6631.240525636797,0.6725214985664899,-145.7234994732968,-0.2700437605381012,False,308.2143772832039,-3434.669048683794,6422.469179244098,-77.5772697106194,3.6948671108885827,199.31909548561302,-651.549903107173,-2668.7958534792815,6631.2405256378415,240,-1.0689838050081357,96.46091135800346,False,0.5706896781921387,-1.0,0.10000002384185791,0.0
24.19999999997799,-0.005964033246828871,-0.023769913166962916,6629.590001922208,0.45998831810432483,-1.415740206260477,-2.218718687776152,-0.005746494995521824,-12.863461889942386,105.8658449846855,-254.13415501531455,-121.0214759242033,228.54208740795292,16.554112247382538,191.96228759129917,100.0,100.0,10750.498376811545,0.8256771874375122,12.524612896550769,4.178303524462144,-16.554112247382538,0.0,0.0,0.0,0.0,6629.59000192124,0.6786747085668322,-146.1406272926245,-0.26508042216300964,False,281.9619917203665,-3447.5143007624615,6422.689380724213,-80.17529440184143,3.7515558405966147,198.18262199486546,-663.91618103699,-2646.066733746312,6629.590001922208,241,-1.1014129593111013,95.35949839869235,False,0.5706896781921387,-1.0,0.6000000238418579,0.0
24.2999999999779,-0.006071573417142446,-0.023563924483385512,6627.9360339287105,0.5804053508037947,-1.3744420936482802,-1.7546066449638138,-0.0291788171188588,-12.659303075273986,104.57807642047995,-255.42192357952004,-116.81887239481938,230.59243944993437,16.47263476540718,191.88428751383577,100.0,100.0,10748.919846229639,0.825284930891212,12.871540242828994,5.387856019358551,-16.47263476540718,0.0,0.0,0.0,0.0,6627.936033929335,0.6850041733334885,-146.51144067108436,-0.2602532207965851,False,255.4706588840519,-3459.7754776075226,6422.9416344039655,-83.42829453946494,3.746123744457737,196.98258406653542,-675.8875527962971,-2623.136073490475,6627.9360339287105,242,-1.1280424714597743,94.23145592723257,False,0.5706896781921387,-1.0,0.10000002384185791,0.0
24.39999999997781,-0.006174728573249785,-0.023355991978287777,6626.307898191789,0.5863047993763603,-1.3603109454061735,-1.5074909792900935,-0.05554139545039231,-12.310390364952466,103.32848167037389,-256.6715183296261,-111.34253928859573,232.85319906183793,16.055154072549772,191.56725922908097,100.0,100.0,10740.346571032855,0.8239417389535539,12.817475571080402,6.6484216451433715,-16.055154072549772,0.0,0.0,0.0,0.0,6626.30789818981,0.6914950389382895,-146.89831681340928,-0.2556028962135315,False,228.75961350897867,-3471.488962059756,6423.196262531126,-86.10579697928416,3.6174410046346943,195.71952123638724,-687.370784774166,-2599.9890270229953,6626.307898191789,243,-1.1472406602699448,93.08421526696263,False,0.5706896781921387,-1.0,-0.3999999761581421,0.0
24.499999999977717,-0.00627274632117673,-0.023146050914045847,6624.719874746875,0.6294460490532292,-1.3725242320830524,-1.6588544971836168,-0.017943162244969064,-12.076972514201236,102.12074194739273,-257.87925805260727,-105.86310707340654,234.97313289944384,15.739231132842074,191.26002594129753,100.0,100.0,10732.030556031423,0.8226393622140632,12.702023360114318,5.503467619123639,-15.739231132842074,0.0,0.0,0.0,0.0,6624.719874746101,0.6981007720856919,-147.30773205581437,-0.25078853964805603,False,201.82315589683836,-3482.6180766805373,6423.422706820366,-89.58182680852957,3.417032235754452,194.5983925861048,-698.2821204733937,-2576.6183877515837,6624.719874746875,244,-1.1507996599442125,91.93341560701842,False,0.5706896781921387,-1.0,0.10000002384185791,0.0
24.599999999977626,-0.0063660108123875896,-0.022934307889112982,6623.162622736297,0.6644642059823714,-1.3895890456779627,-1.8464366553115767,-0.05235065062442927,-12.63123393856439,100.87923684732917,-259.1207631526708,-100.38754448481487,236.95972343331536,15.395752110816918,190.96127863576953,100.0,100.0,10723.938403422992,0.8213721433582767,12.61557870146555,6.541560385256712,-15.395752110816918,0.0,0.0,0.0,0.0,6623.16262273288,0.7048675111979984,-147.66532758577137,-0.24348723888397217,False,174.6772678732778,-3493.2529071314643,6423.592752658028,-89.56394840603188,3.2424495386689114,193.63172858485763,-708.6643236349864,-2553.047154216057,6623.162622736297,245,-1.091847280759171,90.84156832625925,False,0.5706896781921387,-1.0,-0.3999999761581421,0.0
24.699999999977535,-0.006454120000489004,-0.022720804321428305,6621.631200350279,0.682934546107935,-1.4209714320038769,-2.238857022224866,-0.016910773993218532,-12.653342165459842,99.62540065387599,-260.37459934612394,-94.88322512397605,238.8172108738892,15.269716043638109,190.67357528575377,100.0,100.0,10716.147940594254,0.8201500549436401,12.515079808321584,5.401260733804429,-15.269716043638109,0.0,0.0,0.0,0.0,6621.631200348811,0.711826499138643,-147.9968682423254,-0.23442016541957855,False,147.34737346767656,-3503.4988883595274,6423.7042226470385,-86.5038727418371,3.101616577939154,192.50904977043302,-718.4726384544359,-2529.279937061399,6621.631200350279,246,-1.0616340693828077,89.77993425687644,False,0.5706896781921387,-1.0,0.10000002384185791,0.0
24.799999999977445,-0.0065374476552051974,-0.022505721960472548,6620.109418477741,0.640832450768578,-1.4473940460283483,-2.5086101725730092,-0.059459217589294566,-13.150910629555135,98.3279558453177,-261.6720441546822,-89.36389173610198,240.54824238486378,15.17752623443077,190.39318085903216,100.0,100.0,10708.557308081938,0.8189574328195883,12.454830180841046,6.452699854465427,-15.17752623443077,0.0,0.0,0.0,0.0,6620.109418478407,0.7190000878709414,-148.26964003818793,-0.22671425342559814,False,119.8509659583583,-3513.3814654565704,6423.77251503219,-81.88548015843037,3.033316166242904,191.2708242572277,-727.7486729774425,-2505.336968639804,6620.109418477741,247,-1.1305749003790362,88.64935935649741,False,0.5706896781921387,-1.0,-0.3999999761581421,0.0
24.899999999977354,-0.00661557701645646,-0.02228911790212333,6618.584443915362,0.5451516614672278,-1.4846094591396446,-2.9150258803147664,-0.02489272572964889,-13.229468706993584,97.01857125682801,-262.98142874317193,-83.81577781329075,242.14891228015654,15.350874427802303,190.1233962685025,100.0,100.0,10701.269218924255,0.8178068300416472,12.371366839798512,5.317722336419701,-15.350874427802303,0.0,0.0,0.0,0.0,6618.584443913573,0.7263254791075253,-148.51399996786756,-0.22163911163806915,False,92.1930255942243,-3522.796091545014,6423.834476677537,-79.38387993334955,2.961877096700571,190.1507942991964,-736.4460334719332,-2481.224604864369,6618.584443915362,248,-1.222160434179659,87.42719892231776,False,0.5706896781921387,-1.0,0.10000002384185791,0.0
24.999999999977263,-0.006689244571249804,-0.02207119134634491,6617.0348825827,0.553591581494641,-1.4759034240196227,-2.8526640062144337,-0.014163326634971626,-13.614274815360574,95.67563819957239,-264.32436180042754,-79.45407490979139,243.51157174357735,15.646009607883178,190.07410927810724,100.0,100.0,10700.45609736308,0.8175343997693125,12.72253977456377,4.139145399965805,-15.646009607883178,0.0,0.0,0.0,0.0,6617.03488258141,0.7337678755789135,-148.70278513915895,-0.21917296946048737,False,64.37359503586154,-3531.6302428667664,6423.919404096088,-81.6115094811151,2.8620787545526913,189.0906712967255,-744.6467056715281,-2456.9650206751157,6617.0348825827,249,-1.309173274484437,86.11802564783332,False,0.5706896781921387,-1.0,0.6000000238418579,0.0
25.09999999997717,-0.0067590923078343175,-0.021852089438542218,6615.460746437377,0.5543096001489936,-1.4366374845358143,-2.3510805283433003,-0.03763150705561454,-13.312208123019735,94.31759273817428,-265.68240726182563,-74.93065857144815,244.8068993901686,15.79955884303839,189.9942239504394,100.0,100.0,10698.752952527178,0.817138758909008,13.129876866376426,5.374135179080026,-15.79955884303839,0.0,0.0,0.0,0.0,6615.460746435183,0.7413110814860959,-148.85039645218987,-0.2166173756122589,False,36.40652217430643,-3539.8119830580526,6424.015192112848,-84.71109983835504,2.84308488225527,187.99866915133023,-752.4221557081162,-2432.5745962985197,6615.460746437377,250,-1.3066965489281992,84.81132909890512,False,0.5706896781921387,-1.0,0.10000002384185791,0.0
25.19999999997708,-0.006824236079140655,-0.02163182326112025,6613.884534453553,0.43950617903345246,-1.4229265210820292,-2.050900399105887,-0.06477765098638764,-12.820341811916476,93.00978757286342,-266.9902124271365,-69.07449963317734,246.08992444285977,15.703380501957968,189.67193353135985,100.0,100.0,10689.92331830651,0.8157761413064285,13.10857362685541,6.6540742491787475,-15.703380501957968,0.0,0.0,0.0,0.0,6613.8845344510055,0.7489453865417065,-149.0273175371219,-0.21414883434772491,False,8.309288846078534,-3547.3883232334692,6424.097027743828,-87.1971686219002,2.7238942515008473,186.80884420310653,-759.6739603299377,-2408.0545654279063,6613.884534453553,251,-1.3027281985357362,83.50860090036939,False,0.5706896781921387,-1.0,-0.3999999761581421,0.0
25.29999999997699,-0.006883901412680265,-0.021410460254068793,6612.314810453752,0.3635887151645699,-1.4349370174747853,-2.15030543459909,-0.02607223456018973,-12.661936206015039,91.74691871802911,-268.25308128197076,-63.236829588201445,247.22921372179684,15.712522617703518,189.3591521064353,100.0,100.0,10681.358280566306,0.8144515768130195,13.006150800534469,5.50864192273165,-15.712522617703518,0.0,0.0,0.0,0.0,6612.314810452983,0.7566269866251613,-149.23104607748803,-0.2115871161222458,False,-19.907949263556954,-3554.3222915132783,6424.134590702436,-90.44842401700583,2.5437438291456567,185.56440548425326,-766.3159052595671,-2383.4124354829382,6612.314810453752,252,-1.290458977927436,82.21814192244196,False,0.5706896781921387,-1.0,0.10000002384185791,0.0
25.3999999999769,-0.006938502433114969,-0.021188140949303165,6610.744531474426,0.28302455418513195,-1.451626228290125,-2.2927987988918646,-0.05990915159317326,-13.053516562498409,90.454876636199,-269.5451233638009,-57.41823377304913,248.2348581493867,15.696110779058344,189.05493353623424,100.0,100.0,10673.03361100928,0.8131609710388435,12.927812033797315,6.555465124809863,-15.696110779058344,0.0,0.0,0.0,0.0,6610.744531471472,0.7644031256319798,-149.387796405163,-0.20675517618656158,False,-48.22453327695052,-3560.694404309255,6424.10171608184,-90.23614905502352,2.392060180884062,184.25644430316967,-772.3940908543584,-2358.6638504764283,6610.744531474426,253,-1.225112135898806,80.99302978654315,False,0.5706896781921387,-1.0,-0.3999999761581421,0.0
25.499999999976808,-0.006987648169843839,-0.02096498025571919,6609.1660901901305,0.18801773846967554,-1.4823485115208281,-2.645309047263484,-0.02328119575462061,-13.153959583461342,89.15437764897806,-270.8456223510218,-51.60455049645166,249.1017766097321,15.896962942496534,188.76282471736087,100.0,100.0,10665.057593982794,0.8119181351605277,12.829009260059282,5.410554215001317,-15.896962942496534,0.0,0.0,0.0,0.0,6609.166090187637,0.772287658998524,-149.52160456173868,-0.20214004814624786,False,-76.63149117937374,-3566.573441031621,6424.001181435523,-88.28611060677842,2.2043528610823375,182.9696355961686,-777.8649942670161,-2333.82160206666,6609.1660901901305,254,-1.2326700214212312,79.76035976512192,False,0.5706896781921387,-1.0,0.10000002384185791,0.0
25.599999999976717,-0.007032109773915479,-0.020741086200279195,6607.561407476378,0.22001301904559067,-1.470026211267098,-2.560168372032702,-0.009510770886788466,-13.571169926818657,87.81770221115121,-272.18229778884864,-47.014802927581506,249.88145364751855,16.199343732482753,188.69371012808625,100.0,100.0,10663.659771211724,0.811564122039741,13.156830844513614,4.21667333461569,-16.199343732482753,0.0,0.0,0.0,0.0,6607.5614074754885,0.7802741467393816,-149.60094821396564,-0.1993730515241623,False,-105.11841782044317,-3571.90854753324,6423.843068627885,-88.61964092107104,1.9336012293284095,181.76166415536116,-782.8144600322712,-2308.89771581508,6607.561407476378,255,-1.2889421241320305,78.47141764098988,False,0.5706896781921387,-1.0,0.6000000238418579,0.0
25.699999999976626,-0.007072558125871531,-0.020516524818015275,6605.932381852368,0.2574665802553096,-1.4279489508130485,-2.039871427086742,-0.03301868340340374,-13.322676927970535,86.4613810443332,-273.53861895566666,-42.28864736844682,250.57208854157705,16.34027191392088,188.59665247097087,100.0,100.0,10661.445059358766,0.8110974094375349,13.537935725900496,5.442484020770214,-16.34027191392088,0.0,0.0,0.0,0.0,6605.932381850336,0.788348712121076,-149.63888631178003,-0.19671885669231415,False,-133.67102586049236,-3576.637588136088,6423.617370606003,-90.62535800191189,1.705975310157165,180.58475664545807,-787.3171705720188,-2283.89954274146,6605.932381852368,256,-1.2882718681107683,77.18314577287912,False,0.5706896781921387,-1.0,0.10000002384185791,0.0
25.799999999976535,-0.007108128958249725,-0.020291421662758276,6604.303669734612,0.18403879471852908,-1.4117267739456008,-1.7364692673508402,-0.05979764747204883,-12.87286053011324,85.15044879232101,-274.84955120767887,-36.25220462267476,251.07669765235025,16.20774737695722,188.2588846191279,100.0,100.0,10652.118054125553,0.8096697177896778,13.500776866488192,6.719071676805136,-16.20774737695722,0.0,0.0,0.0,0.0,6604.303669733815,0.7965186256043604,-149.70583345405655,-0.19179601967334747,False,-162.28313184089504,-3580.8411475569446,6423.313422743306,-89.86310066785686,1.5638244078714971,179.37467045569687,-791.2769156323594,-2258.841059498251,6604.303669734612,257,-1.2192642056546061,75.9638815672245,False,0.5706896781921387,-1.0,-0.3999999761581421,0.0
25.899999999976444,-0.007138069702055475,-0.020065945377949524,6602.686182412041,0.1519416275027327,-1.4213686416281313,-1.8433979695133424,-0.021416711824006836,-12.716314446026956,83.88231940814987,-276.11768059185,-30.25841023560784,251.4376758339111,16.164332086654642,187.93087647040252,100.0,100.0,10643.061397931646,0.8082813222334502,13.393598872501919,5.568177928634428,-16.164332086654642,0.0,0.0,0.0,0.0,6602.686182409809,0.8047884880806581,-149.8036983265574,-0.18736103177070618,False,-190.9521949561691,-3584.5868341722594,6422.94001602982,-87.53792686582477,1.4126353410026484,178.191584135662,-794.6099192328155,-2233.741039473341,6602.686182412041,258,-1.2313764509464091,74.73250511627809,False,0.5706896781921387,-1.0,0.10000002384185791,0.0
25.999999999976353,-0.007162814861504829,-0.019840185254748312,6601.073631328637,0.11920984537260974,-1.4360759097000104,-2.0008142249170686,-0.05500420269458838,-13.155920665173271,82.58247503731528,-277.4175249626846,-24.306124244013272,251.6651048604118,16.084115444734756,187.61128986161708,100.0,100.0,10634.238848444122,0.8069265984802633,13.314386527244574,6.617043216098689,-16.084115444734756,0.0,0.0,0.0,0.0,6601.073631326213,0.8131234419360375,-149.85481084075164,-0.1857483685016632,False,-219.66071240527074,-3587.784061620927,6422.511881723661,-87.55945547342672,1.1879435680828334,177.08846803836173,-797.3645503827175,-2208.609422558582,6601.073631328637,259,-1.2996932546367685,73.43281186164133,False,0.5706896781921387,-1.0,-0.3999999761581421,0.0
26.099999999976262,-0.00718199302386593,-0.019614309052063246,6599.460401333866,0.07372953269803299,-1.4647615271769254,-2.3712814359731196,-0.018679320423205352,-13.244598688402851,81.27247825622017,-278.7275217437797,-18.37595440386649,251.75151878991005,16.20682493103401,187.30272468556512,100.0,100.0,10625.730352028002,0.8056156857575105,13.219847832801646,5.470113967018374,-16.20682493103401,0.0,0.0,0.0,0.0,6599.460401332431,0.8214720728401879,-149.8810707078161,-0.18406839668750763,False,-248.38759295227484,-3590.357652019968,6422.023654328612,-89.27360659205203,1.014940185015199,175.99427284737752,-799.4994634167554,-2183.4648836756805,6599.460401333866,260,-1.2806213163993736,72.15219054524195,False,0.5706896781921387,-1.0,0.10000002384185791,0.0
26.19999999997617,-0.007196384906464184,-0.01938832743046304,6597.828141980776,0.15954595566862667,-1.451043226891282,-2.2967650660031147,-0.004345926939842939,-13.664049293943075,79.92680240361427,-280.07319759638557,-13.676194801649983,251.90821320575085,16.442792807041148,187.21725413059949,100.0,100.0,10623.831558774587,0.8051951904196086,13.544046848655896,4.268699279018966,-16.442792807041148,0.0,0.0,0.0,0.0,6597.828141977739,0.8298918666292486,-149.85610752706552,-0.18000462651252747,False,-277.13276278532,-3592.393020455365,6421.465371079561,-88.30927322612195,0.9383999028084044,174.84061468910676,-801.101567787593,-2158.3086095591457,6597.828141980776,261,-1.2150063193746659,70.93718422586728,False,0.5706896781921387,-1.0,0.6000000238418579,0.0
26.29999999997608,-0.007206671565151118,-0.019162220399171,6596.178373499295,0.25369733996143684,-1.4076569055961374,-1.775901168223007,-0.02849942428572412,-13.455544299382735,78.55914409506795,-281.44085590493194,-8.862100774439641,251.95793375214075,16.50580546047147,187.10451337904973,100.0,100.0,10621.12826088158,0.8046649139134776,13.917848606237131,5.491998908927691,-16.50580546047147,0.0,0.0,0.0,0.0,6596.178373498816,0.8384295032560971,-149.79300808154758,-0.17645619809627533,False,-305.9053135896829,-3593.961138675213,6420.8465538846285,-85.78810164114812,0.8556421322362693,173.69313746547886,-802.2466786326224,-2133.1383748357157,6596.178373499295,262,-1.2286820818698783,69.7085021439974,False,0.5706896781921387,-1.0,0.10000002384185791,0.0
26.39999999997599,-0.007212020075113786,-0.01893622571260312,6594.538400543181,0.23593932944876536,-1.389867449039501,-1.4752124601254208,-0.055558293073473465,-13.040931869893832,77.23304849927547,-282.7669515007244,-2.7800953487902738,251.6499716943865,16.261145762646223,186.7507251698007,100.0,100.0,10611.262573626449,0.8031718130257718,13.880073448172157,6.770633178818625,-16.261145762646223,0.0,0.0,0.0,0.0,6594.5384005418155,0.8470125206008237,-149.7573638529847,-0.17570757865905762,False,-334.68845205431467,-3594.9743695909287,6420.186458464587,-85.61047539118053,0.6984688525797873,172.61231670082628,-802.8420747616667,-2107.9806463269792,6594.538400543181,263,-1.2851866136622736,68.42331553033513,False,0.5706896781921387,-1.0,-0.3999999761581421,0.0
26.4999999999759,-0.00721170958547887,-0.018710610724398818,6592.921924405253,0.25827147146034174,-1.3978979566483722,-1.5910207500783284,-0.017537374772878513,-12.842541553796151,75.95028620649514,-284.04971379350474,3.240650455906843,251.2022018543523,16.09458253697588,186.40582927128136,100.0,100.0,10601.637231369257,0.8017151389693419,13.778977510973801,5.618254844722711,-16.09458253697588,0.0,0.0,0.0,0.0,6592.921924402412,0.8555817108703839,-149.75246006791343,-0.17482534050941467,False,-363.44922134826913,-3595.3605306557806,6419.484123774809,-87.12443624989473,0.5957345019403493,171.53433885442928,-802.8075110555078,-2082.8651858400763,6592.921924405253,264,-1.2605258623863886,67.16278966794874,False,0.5706896781921387,-1.0,0.10000002384185791,0.0
26.599999999975807,-0.007206183867630493,-0.018485410012658895,6591.322524930973,0.282664934421945,-1.4112283035638598,-1.7624642134394573,-0.0510068036494493,-13.333270725978279,74.63530877512794,-285.36469122487193,9.200281501823442,250.62454269622862,15.883606652721886,186.0685844178519,100.0,100.0,10592.218699523772,0.8002896416572298,13.707138227921833,6.671519673557257,-15.883606652721886,0.0,0.0,0.0,0.0,6591.322524929041,0.8641880372522904,-149.70286537249552,-0.1714821606874466,False,-392.1867739493507,-3595.206290159281,6418.728426325473,-86.00130432302795,0.5969022922314676,170.39392220775022,-802.1923881446265,-2057.795842609188,6591.322524930973,265,-1.1852498561444744,65.97753981180426,False,0.5706896781921387,-1.0,-0.3999999761581421,0.0
26.699999999975716,-0.007195095735251442,-0.018260841235637947,6589.7366707531755,0.29458878300738034,-1.4384294408660678,-2.1491895439108633,-0.014969294596562458,-13.324707979186853,73.31128079102591,-286.68871920897396,15.12377840674325,249.90656329772833,15.864495777524361,185.74112742574596,100.0,100.0,10588.729204045256,0.7989037178297612,13.621130763422013,5.523806296291267,-15.864495777524361,0.0,0.0,0.0,0.0,6589.736670750276,0.8728492771695535,-149.63484091142956,-0.16854815185070038,False,-420.9158993001448,-3594.5831534279428,6417.927904576144,-83.31984970314852,0.5933600072462085,169.25412745566757,-800.9580572481905,-2032.7968463512161,6589.7366707531755,266,-1.1856277188060653,64.7919120929982,False,0.5706896781921387,-1.0,0.10000002384185791,0.0
26.799999999975626,-0.007178871162152093,-0.01803691986038529,6588.15083743507,0.25488588658067074,-1.4606680998944066,-2.4158254422763634,-0.05663803876553874,-13.655063876615518,71.95409560957259,-288.0459043904273,21.001439872068655,249.05746213009368,15.861931206618193,185.42025941980864,100.0,100.0,10586.798009733086,0.7975439458070017,13.567631802386874,6.585994540560242,-15.861931206618193,0.0,0.0,0.0,0.0,6588.15083743314,0.8815294723227046,-149.52184448288568,-0.16839364171028137,False,-449.61343595140977,-3593.406213825919,6417.106883117429,-82.98150083903441,0.513574321659184,168.1740487229926,-799.1519377707709,-2007.8699188580904,6588.15083743507,267,-1.2398185401419375,63.55209355285626,False,0.5706896781921387,-1.0,-0.3999999761581421,0.0
26.899999999975535,-0.007157161708802926,-0.017813883917894426,6586.554138929191,0.1625567157366933,-1.4925868711603831,-2.813856657890784,-0.02251294110158918,-13.603355328856505,70.60032771362197,-289.39967228637795,26.83761277457907,248.068416319765,16.096682203486733,185.10923842422494,100.0,100.0,10584.968799860872,0.7962228595414842,13.481451766220614,5.43739984653974,-16.096682203486733,0.0,0.0,0.0,0.0,6586.554138927752,0.8901781384876011,-149.4006717788419,-0.16811785101890564,False,-478.24096629304864,-3591.6058834820883,6416.269523702475,-84.33331761749473,0.4897974450333476,167.099287572493,-796.7352414239417,-1983.0415577400074,6586.554138929191,268,-1.2134567953707898,62.338636757485475,False,0.5706896781921387,-1.0,0.10000002384185791,0.0
26.999999999975444,-0.007130737821181001,-0.017591606190854973,6584.92795286319,0.18601301070986576,-1.4798921265464082,-2.717914109990711,-0.009492539793015132,-13.936298886430112,69.22342660445993,-290.77657339553997,31.473502421578857,247.36966789448815,16.428567896512018,185.02087843305893,100.0,100.0,10585.18930120638,0.7957912928505272,13.82359446623678,4.234206439740161,-16.428567896512018,0.0,0.0,0.0,0.0,6584.927952861197,0.8988382190446427,-149.24306690492307,-0.1678839474916458,False,-506.7923980653465,-3589.23205498058,6415.407231459377,-85.88600054523017,0.4150804538346392,165.96053094432153,-793.793734253869,-1958.2976011659757,6584.92795286319,269,-1.2025518536137494,61.136084903871726,False,0.5706896781921387,-1.0,0.6000000238418579,0.0
27.099999999975353,-0.007100264505193478,-0.017369946853495785,6583.274531866873,0.21402713144740845,-1.4364392661761494,-2.1518178813594124,-0.033557336693361556,-13.65195950387459,67.83232336579941,-292.16767663420046,36.20990730673254,246.53973955068815,16.59990645169127,184.90307595475124,100.0,100.0,10585.160382382748,0.7952406302408165,14.218941739301819,5.465622176055314,-16.59990645169127,0.0,0.0,0.0,0.0,6583.2745318634725,0.9075079746527223,-149.05543971311891,-0.16767984628677368,False,-535.2438133119684,-3586.250483892765,6414.503097828323,-88.36859778037285,0.3158036110156643,164.7896121104424,-790.401444718138,-1933.6224837311509,6583.274531866873,270,-1.1866075693752625,59.949477334496464,False,0.5706896781921387,-1.0,0.10000002384185791,0.0
27.19999999997526,-0.007064955391866426,-0.017149295406526294,6581.618175659547,0.13337187322522315,-1.417021915713768,-1.7942485432643251,-0.05996039832187654,-13.049990813293157,66.49436188192996,-293.50563811806995,42.14119783908352,245.12389270396707,16.499103705812693,184.54429056164193,100.0,100.0,10582.94576745968,0.7937253390269721,14.180879979702764,6.748139821838354,-16.499103705812693,0.0,0.0,0.0,0.0,6581.618175655985,0.9161988490253054,-148.90974230867164,-0.1650404930114746,False,-563.6111402890427,-3582.742316877827,6413.538573818887,-87.70501944400975,0.2744968747634553,163.56905312659217,-786.4708342225705,-1909.059564654507,6581.618175659547,271,-1.1090677535993432,58.84040958089712,False,0.5706896781921387,-1.0,-0.3999999761581421,0.0
27.29999999997517,-0.007024147179738753,-0.016930045062678353,6579.9707763569,0.09260072793264286,-1.42261465858314,-1.8496299503271683,-0.022764406479836765,-12.727476850880354,65.2162091234027,-294.78379087659715,47.97827880778302,243.5840127958695,16.46989546017393,184.1963896051919,100.0,100.0,10580.830805631153,0.792253794185237,14.056121750654299,5.583783513093108,-16.46989546017393,0.0,0.0,0.0,0.0,6579.97077635628,0.9249192087848043,-148.81651316469558,-0.16281592845916748,False,-591.9108421811942,-3578.7754693846905,6412.518692487091,-85.35182455413363,0.20627243402389273,162.36411235367152,-781.928064048518,-1884.6526163773542,6579.9707763569,272,-1.1066664709943441,57.73374310990278,False,0.5706896781921387,-1.0,0.10000002384185791,0.0
27.39999999997508,-0.0069782934578544314,-0.016712146585744,6578.327369238809,0.06106506256148579,-1.433490685820284,-1.9701559581594168,-0.053408694490141025,-13.010201515313035,63.92258260870407,-296.0774173912958,53.72102036063273,241.93148358754576,16.390497340398603,183.8583838089915,100.0,100.0,10578.80923181237,0.7908218286282932,13.947545972823558,6.627645449670495,-16.390497340398603,0.0,0.0,0.0,0.0,6578.327369236611,0.933634769724072,-148.69779657369796,-0.16343949735164642,False,-620.1016129111165,-3574.2665896267436,6411.461877830994,-85.21583196372217,0.051763592930204036,161.232662960073,-776.8236277283553,-1860.396157925022,6578.327369238809,273,-1.1573495833519931,56.57639352655079,False,0.5706896781921387,-1.0,-0.3999999761581421,0.0
27.49999999997499,-0.006927105090980518,-0.01649587175650084,6576.684649334631,0.021881791842093937,-1.4577269499189496,-2.3048358955538526,-0.018774941063099296,-12.966197471045584,62.6334221618472,-297.36657783815264,59.38298078682956,240.1555198260431,16.490572245431235,183.5333012196406,100.0,100.0,10576.910126045488,0.7894414432301873,13.81603971524946,5.461300829606426,-16.490572245431235,0.0,0.0,0.0,0.0,6576.684649333206,0.9422941784778591,-148.57379101073866,-0.16397668421268463,False,-648.1418878041823,-3569.1470951000038,6410.367298739899,-86.74911448777522,-0.05278763982771235,160.11634766106954,-771.1253387279512,-1836.3204439336735,6576.684649334631,274,-1.1308417791224756,55.44555174742831,False,0.5706896781921387,-1.0,0.10000002384185791,0.0
27.599999999974898,-0.006871346440250055,-0.01628098461490045,6575.025082636723,0.11869937583762594,-1.4408928182292862,-2.1899437760288265,-0.0031057106201281552,-13.32189908709528,61.31943580127495,-298.68056419872494,63.87302482623727,238.83690352291774,16.705551774849827,183.43480258359807,100.0,100.0,10577.073746707907,0.7889678213531133,14.100048196245556,4.233728508827995,-16.705551774849827,0.0,0.0,0.0,0.0,6575.025082635714,0.9509589601914787,-148.41431202908043,-0.16199201345443726,False,-676.0543518905032,-3563.499935701163,6409.2230224188215,-85.68364434014924,-0.05054676538973482,158.94790725899244,-764.9182857286361,-1812.399207330718,6575.025082636723,275,-1.0608061247256502,54.38474562270266,False,0.5706896781921387,-1.0,0.6000000238418579,0.0
27.699999999974807,-0.006811680343324711,-0.01606724684380059,6573.350414127374,0.2351928581083159,-1.3946493556422714,-1.6241263460516087,-0.026057767273351264,-13.131927066525032,59.98516788852267,-300.01483211147723,68.41674435696044,237.39155349722375,16.736152445526077,183.31204743296084,100.0,100.0,10577.029334148508,0.7883963415414651,14.432456131620816,5.442890337257749,-16.736152445526077,0.0,0.0,0.0,0.0,6573.3504141264275,0.9596804725517758,-148.22327862736455,-0.1604488044977188,False,-703.8675518325407,-3557.3926992663187,6408.036551514369,-83.05929316449452,-0.05284183549464737,157.7826186206366,-758.2762558189069,-1788.6059186518814,6573.350414127374,276,-1.062689299805607,53.322056322897055,False,0.5706896781921387,-1.0,0.10000002384185791,0.0
27.799999999974716,-0.006747405389961642,-0.01585513244347961,6571.69022508941,0.25132485179981623,-1.3731360010488547,-1.2887826155513664,-0.05091517977762127,-12.628028559924168,58.6944788051815,-301.3055211948184,74.03995880612642,235.22347395334378,16.427612212094527,182.95187220910032,100.0,100.0,10574.836739550665,0.7868743233861119,14.351809401552384,6.7123098182982295,-16.427612212094527,0.0,0.0,0.0,0.0,6571.690225086517,0.9683867008440176,-148.06629570002116,-0.16172286868095398,False,-731.5416453967309,-3550.745063084222,6406.832332867366,-82.71499315469175,-0.13547891954489844,156.67913166708988,-751.1211680105299,-1764.9933436081503,6571.69022508941,277,-1.1057739200516468,52.21628240284541,False,0.5706896781921387,-1.0,-0.3999999761581421,0.0
27.899999999974625,-0.006677621999902833,-0.01564529280531284,6570.069813296226,0.18037293672497748,-1.4029924609889866,-1.619877488683406,-0.0534524649616635,-12.26476373167094,57.45141871488252,-302.54858128511734,80.588073393757,232.31687630691997,15.97779396591712,182.38585002305587,100.0,100.0,10570.773780042495,0.7845287885225453,13.871193459068838,7.833573693058818,-15.97779396591712,0.0,0.0,0.0,0.0,6570.069813293228,0.9770076928853775,-147.94973376377223,-0.16282916069030762,False,-759.0244915260996,-3543.495089717272,6405.614987675572,-84.05533654417675,-0.16271908907818702,155.58657468670296,-743.3528810291834,-1741.6339950874253,6570.069813296226,278,-1.071518529238037,51.144763873607374,False,0.5706896781921387,-1.0,-0.3999999761581421,0.0
27.999999999974534,-0.0066018605777884674,-0.015438209877052383,6568.483079241631,0.18677706003589492,-1.44219080604991,-2.184261091837304,-0.011452080413217176,-12.366705449410503,56.234287152310394,-303.7657128476895,86.90512861746163,229.31039845385746,15.803966922639207,181.85949997015368,100.0,100.0,10567.059020596676,0.7823430963079381,13.392404797077338,6.536942071309943,-15.803966922639207,0.0,0.0,0.0,0.0,6568.483079240303,0.9855460569476927,-147.85457856553876,-0.16387423872947693,False,-786.3196958789264,-3535.693525998232,6404.375674078838,-85.59834319771998,-0.23894300260790713,154.4347105606623,-734.9191195194122,-1718.5815235134714,6568.483079241631,279,-1.0449282988296151,50.09983557477776,False,0.5706896781921387,-1.0,0.10000002384185791,0.0
28.099999999974443,-0.0065209617030713264,-0.015233548345143032,6566.902299923266,0.3228132452943895,-1.4337666711615042,-2.21928924365534,-0.0003736170852173976,-13.132495720742458,54.961728097373765,-305.0382719026261,91.99892256952494,226.91739136767498,15.82514736994406,181.58349058000746,100.0,100.0,10565.59528577892,0.7811612783068556,13.390866924050302,5.1997596503892485,-15.82514736994406,0.0,0.0,0.0,0.0,6566.902299919968,0.9940081110206489,-147.69640469472276,-0.1648564338684082,False,-813.3963694439585,-3527.3112948041244,6403.097750954247,-88.06675098766402,-0.3399373504059915,153.2545319950511,-725.9134567859,-1695.7986017813223,6566.902299923266,280,-1.0244665592605073,49.075369015517246,False,0.5706896781921387,-1.0,0.6000000238418579,0.0
28.199999999974352,-0.006435667521364745,-0.015030958263068595,6565.324079865701,0.45943446762281515,-1.3929698991154973,-1.774311363027202,-0.02433397794059892,-13.38506270837497,53.627911068042714,-306.37208893195714,96.90569252686643,224.50909707437324,15.703824065784223,181.33249533877182,100.0,100.0,10564.358301529519,0.7800798204372643,13.54452714444349,5.76386239234958,-15.703824065784223,0.0,0.0,0.0,0.0,6565.324079865245,1.0024578030494944,-147.46844082802846,-0.16330792009830475,False,-840.2862850365809,-3518.426227268727,6401.762196212751,-87.43811700020883,-0.37846726191466495,152.0264847651969,-716.4185084783234,-1673.246273844796,6565.324079865701,281,-0.9531884859393163,48.12218052957793,False,0.5706896781921387,-1.0,0.10000002384185791,0.0
28.29999999997426,-0.006345730446244941,-0.01483075080824402,6563.7704103967135,0.48888992405426074,-1.3739562880120602,-1.4893933253922695,-0.05148235094155288,-13.3065318455232,52.28835826153963,-307.7116417384603,102.34771174080235,221.54358317967154,15.329837014670687,180.94155473685484,100.0,100.0,10561.858603558321,0.7784378459490722,13.458138162523221,6.918483054442976,-15.329837014670687,0.0,0.0,0.0,0.0,6563.770410394786,1.0109158164263468,-147.22856946186874,-0.16215455532073975,False,-867.0195646279172,-3509.10288551418,6400.373419097615,-85.11815009936207,-0.44397293688224,150.81082113717142,-706.4067132759868,-1650.9591799737243,6563.7704103967135,282,-0.9472596950348936,47.17492083454304,False,0.5706896781921387,-1.0,-0.3999999761581421,0.0
28.39999999997417,-0.006250505938915848,-0.014633582451283529,6562.262180138407,0.42424641395524,-1.404976193532649,-1.8002495843049242,-0.054588675143088634,-13.096645486520606,50.97097075084366,-309.0290292491562,108.50902771221885,217.79628102107012,14.85260183304061,180.36812537849394,100.0,100.0,10557.709647909858,0.7760650233241503,13.014797217127185,7.539915371367825,-14.85260183304061,0.0,0.0,0.0,0.0,6562.262180137067,1.0193074595126443,-147.00613802873417,-0.16384166479110718,False,-893.5388822508156,-3499.2668115626525,6398.950081586328,-84.95806951557735,-0.6000332103877087,149.66767774508426,-695.8063211201122,-1629.0103984768825,6562.262180138407,283,-0.9851394524047898,46.18978138213825,False,0.5706896781921387,-1.0,-0.3999999761581421,0.0
28.49999999997408,-0.006149857753131489,-0.014439781879680738,6560.785142678842,0.43126898303131783,-1.4448141374601795,-2.3307439526511873,-0.013359141809855285,-13.303372278461392,49.66213450801163,-310.3378654919883,114.10605583440864,214.24948991737523,14.732901978075772,179.90966522476552,100.0,100.0,10554.577402245744,0.774154554647328,12.688425630563835,6.1928142233186,-14.732901978075772,0.0,0.0,0.0,0.0,6560.785142676199,1.0275826841234221,-146.78743095839857,-0.16538256406784058,False,-919.7892232325867,-3488.858252772183,6397.491816816974,-86.46146256211458,-0.7062043213799098,148.54447483626063,-684.6021650785974,-1607.4365188460597,6560.785142678842,284,-0.95697863762763,45.23280274451062,False,0.5706896781921387,-1.0,0.10000002384185791,0.0
28.59999999997399,-0.006044655335156005,-0.014248831336895732,6559.309122451428,0.5623966329542989,-1.4373257523829754,-2.3692492921185817,-0.0027083449329336133,-13.941965764670671,48.30111589414227,-311.69888410585764,118.62242413102284,211.43899925909946,14.800854797346398,179.68951254234275,100.0,100.0,10553.571581260943,0.7732010062175111,12.831983900376832,4.906829364079056,-14.800854797346398,0.0,0.0,0.0,0.0,6559.309122450263,1.0358129746919977,-146.5103007705513,-0.1642875075340271,False,-945.8096069122696,-3477.9553549473203,6395.986388001269,-85.41410115322937,-0.699756335915703,147.37241782865266,-672.8910319095664,-1586.1799044232328,6559.309122451428,285,-0.8866909838997219,44.3461117606109,False,0.5706896781921387,-1.0,0.6000000238418579,0.0
28.699999999973898,-0.005935549701163962,-0.014060312146344378,6557.830786147633,0.693513574972718,-1.3974580691173926,-1.9432196324329496,-0.02606879847315604,-14.037394839955919,46.893779082270726,-313.10622091772916,122.9886067431261,208.61549343720722,14.73144233978021,179.485679333331,100.0,100.0,10552.715342814585,0.7723128593676196,13.112285162184873,5.505446418432573,-14.73144233978021,0.0,0.0,0.0,0.0,6557.830786145805,1.0440555403397167,-146.1798775452548,-0.1635800153017044,False,-971.6421372042328,-3466.61986710999,6394.440745047713,-82.80785271180983,-0.6968518666729138,146.2011812983936,-660.7453927335722,-1565.1939481310562,6557.830786147633,286,-0.8851145602926991,43.460997200318204,False,0.5706896781921387,-1.0,0.10000002384185791,0.0
28.799999999973807,-0.005822303939136695,-0.013874581875758575,6556.371629579062,0.7193123031162924,-1.378459753613116,-1.6551135499091105,-0.052687995620228925,-13.801131762681692,45.49645068066371,-314.5035493193362,127.85060340207296,205.15050604885295,14.411744410040779,179.13384613003612,100.0,100.0,10550.537081962355,0.7708308579659667,13.125561983474778,6.698289798583561,-14.411744410040779,0.0,0.0,0.0,0.0,6556.371629577446,1.0522502805256693,-145.8527475400915,-0.1657075434923172,False,-997.2315426824117,-3454.7800903529233,6392.879622263682,-82.43090940070513,-0.7782968080188973,145.08993751086174,-648.1388745046969,-1544.5184544094445,6556.371629579062,287,-0.9260577195801084,42.534939480738096,False,0.5706896781921387,-1.0,-0.3999999761581421,0.0
28.899999999973716,-0.0057043312837113625,-0.013692390116730657,6554.952727005557,0.6510383513770739,-1.408367032438339,-1.9343645529317604,-0.055452047121274536,-13.457063516401849,44.13585913010769,-315.86414086989214,133.35962368296438,200.80168204991233,13.981545428267541,178.59226058855876,100.0,100.0,10546.659838759406,0.7685876578148086,12.751808181128503,7.356543286960062,-13.981545428267541,0.0,0.0,0.0,0.0,6554.952727004972,1.0603291403266153,-145.5571306586145,-0.16763915121555328,False,-1022.5137968278308,-3442.3849730311476,6391.308318601263,-83.73480051815065,-0.8043180478527406,143.99179315446494,-635.0061585027489,-1524.2368677944567,6554.952727005557,288,-0.8934745908995984,41.641464889838495,False,0.5706896781921387,-1.0,-0.3999999761581421,0.0
28.999999999973625,-0.00558151203861022,-0.013514094790265342,6553.561207663634,0.6495608159331675,-1.446866510764814,-2.428406479762182,-0.015401606851805711,-13.572278033616767,42.79512424250693,-317.2048757574929,138.35708810233535,196.70929022407836,13.892232372362603,178.15954146438656,100.0,100.0,10543.738490392532,0.76678277967584,12.479086290166155,6.03025617921451,-13.892232372362603,0.0,0.0,0.0,0.0,6553.561207662066,1.0683225588545304,-145.27822309040317,-0.16685882210731506,False,-1047.528124961684,-3429.514092984406,6389.712706426469,-82.5343613538147,-0.7090310931531404,142.84271072370683,-621.3339201380898,-1504.3890320523378,6553.561207663634,289,-0.8173012647886047,40.82416362504989,False,0.5706896781921387,-1.0,0.10000002384185791,0.0
29.099999999973534,-0.0054543849715901005,-0.013339357292874653,6552.17397396015,0.6102898752412116,-1.473705674481172,-2.735581290751225,-0.052789350556407745,-14.063493296652325,41.40652570922495,-318.5934742907749,143.19632610640753,192.5426735447958,13.867030755028365,177.7444851544217,100.0,100.0,10540.978658558906,0.7650486872221944,12.278575038490834,7.047509107389007,-13.867030755028365,0.0,0.0,0.0,0.0,6552.173973957767,1.0762839050379214,-144.9479900387787,-0.16638727486133575,False,-1072.3222474116658,-3416.2269941909135,6388.097859652886,-79.77611977794298,-0.614998916171269,141.68910123913543,-607.18213503741,-1484.9372538428063,6552.17397396015,290,-0.8100877224660903,40.0140759025838,False,0.5706896781921387,-1.0,-0.3999999761581421,0.0
29.199999999973443,-0.005322823154872872,-0.013168549919423856,6550.776634234036,0.5060854625282043,-1.5058187386042727,-3.095764372277042,-0.024699800736234713,-14.229503403834824,40.00058649487897,-319.9994135051209,147.88225312935177,188.29126696590802,14.110809268779768,177.34809160805582,100.0,100.0,10538.397700500178,0.7633888047819323,12.081905968862747,5.857950986269638,-14.110809268779768,0.0,0.0,0.0,0.0,6550.776634231509,1.0841540330021815,-144.5969976207558,-0.16870220005512238,False,-1096.8367139193003,-3402.4579159176374,6386.494407201067,-79.25178574673825,-0.6073035167048011,140.5874492700985,-592.5366736004481,-1465.9229770302636,6550.776634234036,291,-0.8482967437613477,39.16577915882245,False,0.5706896781921387,-1.0,0.10000002384185791,0.0
29.299999999973352,-0.00518745074854174,-0.013001148320318455,6549.347993369589,0.4967948595150752,-1.4931927427209153,-3.003783987974982,-0.013882537493769189,-14.714593185509992,38.553982262023034,-321.44601773797683,151.66484370635104,184.93668529406247,14.462390360312513,177.18132551223636,100.0,100.0,10537.862609412612,0.7626513621821154,12.361902887646819,4.618052519454055,-14.462390360312513,0.0,0.0,0.0,0.0,6549.347993369245,1.0919230400086524,-144.1987620308619,-0.17085665464401245,False,-1121.004093458623,-3388.1611599308244,6384.913412574032,-80.4080887881654,-0.5432694370772599,139.5015409314213,-577.4670173276664,-1447.2878310178503,6549.347993369589,292,-0.8289067859137914,38.33687237290866,False,0.5706896781921387,-1.0,0.6000000238418579,0.0
29.39999999997326,-0.005048798979514454,-0.0128366556972111,6547.890390160507,0.49808268012759344,-1.4496448387771828,-2.485308634556063,-0.035600573966754756,-14.593401392733082,37.079544130211005,-322.92045586978884,155.35061759105207,181.54102317409513,14.658541612313249,177.01760088837526,100.0,100.0,10537.375326238469,0.761924810341989,12.756921413609454,5.311669847152255,-14.658541612313249,0.0,0.0,0.0,0.0,6547.890390159344,1.099638501883713,-143.76507609738505,-0.17302556335926056,False,-1144.8464688411195,-3373.3810254615305,6383.34484618662,-81.78762518222216,-0.5199191976746516,138.35650450295398,-562.032302399549,-1428.9765122135398,6547.890390160507,293,-0.8140037547564146,37.522868618152245,False,0.5706896781921387,-1.0,0.10000002384185791,0.0
29.49999999997317,-0.004906645863425535,-0.012675522645279729,6546.424257382581,0.4135454947230374,-1.4272936982039701,-2.113973383259941,-0.059102228633198965,-14.142116529476523,35.63740704067489,-324.36259295932496,159.45461112429882,177.3798609663847,14.631272301629625,176.69631506662085,100.0,100.0,10535.513645368515,0.7605635778053287,12.837769967575975,6.5268060797253495,-14.631272301629625,0.0,0.0,0.0,0.0,6546.424257381363,1.1072630634223783,-143.35697907661643,-0.17512060701847076,False,-1168.3258693238768,-3358.0960874315238,6381.776604899732,-84.08165202136718,-0.5169945400271007,137.18332097064095,-546.2078175165306,-1411.0391808725394,6546.424257382581,294,-0.790681478251753,36.73218713990049,False,0.5706896781921387,-1.0,-0.3999999761581421,0.0
29.59999999997308,-0.004760526860011701,-0.012518607079587633,6544.967360749421,0.2538382588287785,-1.4525093372433884,-2.293661733894344,-0.06020702234781623,-13.683818520765808,34.24859330095969,-325.75140669904016,164.04112628715842,172.24336767011738,14.523121064958788,176.1872933270949,100.0,100.0,10532.008108348207,0.7584465191678885,12.501477039747765,7.1465238359638725,-14.523121064958788,0.0,0.0,0.0,0.0,6544.967360749018,1.1148039405545975,-142.99901675850177,-0.17454661428928375,False,-1191.4885090523576,-3342.3776341062107,6380.185743037954,-83.34912679197852,-0.44019691544701,135.96391911348658,-529.9418500565025,-1393.5713400996954,6544.967360749421,295,-0.7146971188646604,36.017490021035826,False,0.5706896781921387,-1.0,-0.3999999761581421,0.0
29.699999999972988,-0.004610400656165966,-0.012366255785313612,6543.507438491303,0.16615884151139051,-1.486640943146212,-2.694429550057082,-0.02137307842261004,-13.82172146755965,32.88310088693897,-327.1168991130609,168.15651618697967,167.4745927265072,14.707049932709166,175.78958024049322,100.0,100.0,10529.488276812846,0.756777094844361,12.266512399840778,5.837130911935893,-14.707049932709166,0.0,0.0,0.0,0.0,6543.507438490254,1.1222815069771457,-142.6631798126263,-0.17433083057403564,False,-1214.3867603677425,-3326.2766265408195,6378.572923169858,-80.92326218970578,-0.39020928778343783,134.75317097165265,-513.2298010443953,-1376.6115940211114,6543.507438491303,296,-0.7092263944813488,35.30826362655448,False,0.5706896781921387,-1.0,0.10000002384185791,0.0
29.799999999972897,-0.004456926883811483,-0.012217725386597824,6542.021719829027,0.2051851004570328,-1.4758971413482518,-2.6596444445456697,-0.008878604333786204,-14.348576045803247,31.475606288806038,-328.52439371119385,171.4797305766283,163.7128410514713,15.011032053222795,175.62320405269946,100.0,100.0,10529.011196940886,0.7560382972770436,12.500876951573934,4.582033426178234,-15.011032053222795,0.0,0.0,0.0,0.0,6542.021719828664,1.1296834736317407,-142.28077027387047,-0.17699959874153137,False,-1236.95062523991,-3309.7321447491295,6376.964417072565,-80.61696799563026,-0.4398226848883425,133.60959320149308,-496.1451007058943,-1360.0771900360696,6542.021719829027,297,-0.7566258889892071,34.55163773756527,False,0.5706896781921387,-1.0,0.6000000238418579,0.0
29.899999999972806,-0.004300579723739615,-0.012072445003576278,6540.511368026207,0.25930083327263337,-1.4335135409799442,-2.1908882031674164,-0.029804579163625198,-14.298046784064917,30.034571729400255,-329.96542827059966,174.69047405099496,159.94493909231232,15.162850443795632,175.4646398263715,100.0,100.0,10528.62067940931,0.755329840004837,12.856105786341393,5.246816446225338,-15.162850443795632,0.0,0.0,0.0,0.0,6540.511368025443,1.136999132193233,-141.8573890805358,-0.17952902615070343,False,-1259.105626701858,-3292.7053697568517,6375.367211888856,-81.97103427630552,-0.439975269629252,132.4900959610652,-478.74053484669395,-1343.9045777981112,6540.511368026207,298,-0.7374417774290036,33.81419596013627,False,0.5706896781921387,-1.0,0.10000002384185791,0.0
29.999999999972715,-0.004141203533743457,-0.011930867061703928,6538.997547051511,0.22741369226331473,-1.4110165181342522,-1.855000014229203,-0.053450998146685365,-13.903301168249342,28.619134758466632,-331.3808652415333,178.21781138353063,155.3835852582259,15.076567291484755,175.15162760364944,100.0,100.0,10526.8897353964,0.7539987988298483,12.915996988922716,6.456059523945901,-15.076567291484755,0.0,0.0,0.0,0.0,6538.997547051836,1.14423543306589,-141.4539173068641,-0.18201538920402527,False,-1280.8746126291921,-3275.2420125007184,6373.770316658521,-83.521861196244,-0.4852890824569749,131.31494980532403,-460.99877737632164,-1328.1441213088813,6538.997547051511,299,-0.7179367512202443,33.096259208916024,False,0.5706896781921387,-1.0,-0.3999999761581421,0.0
30.099999999972624,-0.00397844278676493,-0.011793890477086687,6537.500160092551,0.11831567770773711,-1.4349724780405677,-2.0563352986247736,-0.05517878893051391,-13.472108406353653,27.252738131401554,-332.74726186859834,182.10912777443428,149.79768163181356,14.8838473108921,174.6505676102953,100.0,100.0,10523.519476261212,0.7519102085901336,12.573151208597436,7.086903169340842,-14.8838473108921,0.0,0.0,0.0,0.0,6537.5001600914,1.1513375436199442,-141.0956445517508,-0.1844237744808197,False,-1302.216179872192,-3257.3263090222363,6372.158509853134,-85.98992998752408,-0.5551431884318001,130.11315226259654,-442.880251022672,-1312.89588790929,6537.500160092551,300,-0.692077423414805,32.404181785501216,False,0.5706896781921387,-1.0,-0.3999999761581421,0.0
30.199999999972533,-0.0038122930517971733,-0.011661869195141408,6536.008678087476,0.075610657765776,-1.4676483539957341,-2.469389892554805,-0.018255378088845337,-13.600581316281454,25.90894501359394,-334.09105498640594,185.5833266858673,144.62708819475571,14.98085457060992,174.25923090425164,100.0,100.0,10521.108030656667,0.7502637853326718,12.334204182208875,5.778860521929056,-14.98085457060992,0.0,0.0,0.0,0.0,6536.008678086711,1.158332810182372,-140.75810715531608,-0.18412812054157257,False,-1323.190537746033,-3239.0185879498667,6370.509596797273,-85.43077083264727,-0.5538233010941623,128.8659730810794,-424.3844625260613,-1298.1992788031416,6536.008678087476,301,-0.623190049950063,31.78099173555115,False,0.5706896781921387,-1.0,0.10000002384185791,0.0
30.299999999972442,-0.0036431635241103294,-0.011534320565793477,6534.5044903467715,0.009489034408026273,-1.4899029712550542,-2.7255454845539973,-0.0504739183651528,-13.980736144836643,24.52322644973268,-335.47677355026724,188.8960799437054,139.42729006059017,15.113544097253177,173.88322541157407,100.0,100.0,10518.845434638988,0.7486782862716387,12.162829484178204,6.808495506205246,-15.113544097253177,0.0,0.0,0.0,0.0,6534.504490347295,1.16527693144896,-140.37641054215342,-0.18418371677398682,False,-1343.8518743890518,-3220.3677325050508,6368.8249193399015,-83.1763886529577,-0.5803927992918053,127.62737445865183,-405.55696350396187,-1284.00056538413,6534.5044903467715,302,-0.6189058139789194,31.16208592157223,False,0.5706896781921387,-1.0,-0.3999999761581421,0.0
30.39999999997235,-0.00347103372258304,-0.01141163945238255,6532.9763400857,-0.10979489445363248,-1.5170871187468917,-3.0365034188228606,-0.02490092714677724,-14.139983080899492,23.12547299722333,-336.8745270027766,192.045260294152,134.18943798509218,15.474458513721357,173.52350510960486,100.0,100.0,10516.74675379396,0.747157102127579,11.993058759079645,5.633992603706421,-15.474458513721357,0.0,0.0,0.0,0.0,6532.976340086614,1.17210924394255,-139.980102813829,-0.18715794384479523,False,-1364.117011377193,-3201.3263061590146,6367.125896226105,-82.99411130537415,-0.707772559979587,126.45840657151622,-386.395473997944,-1270.3437038392253,6532.9763400857,303,-0.6594019937218645,30.502683927850367,False,0.5706896781921387,-1.0,0.10000002384185791,0.0
30.49999999997226,-0.003296338983846817,-0.011293146914106565,6531.406736681736,-0.1333155151346182,-1.501072994209186,-2.9159393653737316,-0.013567724784055069,-14.60731386414831,21.688737974111724,-338.31126202588814,194.6006871712223,130.06841228428655,15.914338210631088,173.39099380811666,100.0,100.0,10516.643163671622,0.746550748699199,12.295436977162312,4.402086841947188,-15.914338210631088,0.0,0.0,0.0,0.0,6531.406736681712,1.1788209361971955,-139.53947263520482,-0.19000600278377533,False,-1383.9101113327972,-3181.859522284833,6365.4148273450255,-84.46757540425534,-0.7870549919950249,125.31494866882352,-366.9484556818277,-1257.1531144783428,6531.406736681736,304,-0.6443872205610778,29.858296707289288,False,0.5706896781921387,-1.0,0.6000000238418579,0.0
30.59999999997217,-0.0031194323629570218,-0.011178219929615244,6529.800050387291,-0.13557817022057195,-1.4545961963877032,-2.381384911296073,-0.03370621744115705,-14.456568467856258,20.226278976615546,-339.7737210233844,197.0677002781925,125.91651712366237,16.18575454272768,173.25752135799928,100.0,100.0,10516.557719393102,0.7459388474919189,12.701166387430806,5.143865117413798,-16.18575454272768,0.0,0.0,0.0,0.0,6529.800050387113,1.1854808651248967,-139.06750680031485,-0.19011032581329346,False,-1403.2985303954326,-3162.0252327839726,6363.676443956593,-83.46907749417389,-0.7432941458460177,124.12792273954724,-347.25521064437567,-1244.3594425647689,6529.800050387291,305,-0.5802548737615952,29.27804183352769,False,0.5706896781921387,-1.0,0.10000002384185791,0.0
30.69999999997208,-0.0029402153503080915,-0.011067380744639947,6528.1779366903575,-0.20849222683114724,-1.428491139037999,-1.9913947109239287,-0.05490381552377014,-13.963106322156573,18.800044500468573,-341.19995549953137,199.72767669209665,120.89229147979215,16.219984664920947,172.96313238309605,100.0,100.0,10515.098197527199,0.7446767862721692,12.783993572045768,6.35736777837036,-16.219984664920947,0.0,0.0,0.0,0.0,6528.1779366913615,1.1921024553282216,-138.628585452885,-0.1905554085969925,False,-1422.3466120215674,-3141.865020110993,6361.914778002656,-80.91420568210144,-0.7015259433628648,122.93908040579377,-327.30477279629673,-1232.020824493319,6528.1779366903575,306,-0.5744700585097647,28.703571775017927,False,0.5706896781921387,-1.0,-0.3999999761581421,0.0
30.799999999971988,-0.0027584886421428635,-0.010961578727533082,6526.560222505725,-0.3430711302379987,-1.4478291155219243,-2.1301171814250126,-0.055564107955184815,-13.495031471253657,17.42982201721147,-342.57017798278844,202.56448615216013,114.82394481225107,16.14547866520658,172.48574965141336,100.0,100.0,10512.068019977745,0.7426759425617868,12.459025285632158,6.935521776170317,-16.14547866520658,0.0,0.0,0.0,0.0,6526.560222504181,1.198602333412054,-138.24364782322277,-0.1938745379447937,False,-1440.9742746445072,-3121.3335803706523,6360.15734581782,-80.50658208464101,-0.7527762131587927,121.80690183836728,-307.07495564334357,-1220.2429439489827,6526.560222505725,307,-0.6096714062791996,28.093900368738726,False,0.5706896781921387,-1.0,-0.3999999761581421,0.0
30.899999999971897,-0.002574317642691662,-0.01086112709039027,6524.937985676319,-0.40764127817591245,-1.4763756064530595,-2.486318682054349,-0.020131333623555393,-13.628212976839242,16.082971050354924,-343.917028949645,205.05818935502262,109.25950041774523,16.329571426498255,172.12085265577528,100.0,100.0,10510.016666566567,0.7411286956355836,12.24346969919297,5.639943760590505,-16.329571426498255,0.0,0.0,0.0,0.0,6524.937985678026,1.20493241671991,-137.87953300045564,-0.19697441160678864,False,-1459.1010069996441,-3100.408083453363,6358.412183673459,-81.77353463311049,-0.7498412551632497,120.69332701093569,-286.5730399844358,-1209.060667702245,6524.937985676319,308,-0.5872829819412432,27.506617386797483,False,0.5706896781921387,-1.0,0.10000002384185791,0.0
30.999999999971806,-0.002388018298019614,-0.010765479411545584,6523.295323425553,-0.48558898960119207,-1.4955848608467557,-2.708230454423976,-0.049340114124788274,-13.955642565844533,14.697185140914023,-345.30281485908586,207.39434319889955,103.68932537581288,16.53126885793953,171.76974624199852,100.0,100.0,10508.104362193473,0.7396359758017375,12.091941403210267,6.676487757446824,-16.53126885793953,0.0,0.0,0.0,0.0,6523.295323424366,1.2111411511903538,-137.473202629006,-0.19998876750469208,False,-1476.7594146671963,-3079.129684569123,6356.668827677939,-83.25827628040177,-0.7868863719585066,119.51954797840627,-265.83419693554345,-1198.4131680932544,6523.295323425553,309,-0.5701263846489801,26.936491002148504,False,0.5706896781921387,-1.0,-0.3999999761581421,0.0
31.099999999971715,-0.0021996338773288978,-0.010675031095702768,6521.622998313091,-0.6084061820839661,-1.5197737360545958,-2.9900176146037016,-0.02494656084233966,-14.102111806691282,13.302347420424924,-346.69765257957494,209.56720778862928,98.10619217903172,16.937416837430273,171.43338655997144,100.0,100.0,10506.344921632299,0.738201275279469,11.939769393198807,5.511888672493998,-16.937416837430273,0.0,0.0,0.0,0.0,6521.622998313273,1.2171936310682911,-137.05485495895806,-0.2029089480638504,False,-1493.9056677350861,-3057.4914611953045,6354.912960836327,-85.65703470189702,-0.8463132644545263,118.31612187772956,-244.8632432242529,-1188.344461573632,6521.622998313091,310,-0.550098583394403,26.386392418754102,False,0.5706896781921387,-1.0,0.10000002384185791,0.0
31.199999999971624,-0.0020094718457679263,-0.010589043603898042,6519.905377758426,-0.6340881266477256,-1.5017910840930566,-2.8542576233967707,-0.01331405222249111,-14.553341616578049,11.870207056784563,-348.1297929432153,211.35134445423466,93.72004666394129,17.41041037194327,171.3225885565255,100.0,100.0,10506.54805671191,0.7376759161364261,12.255551271508454,4.285672611643213,-17.41041037194327,0.0,0.0,0.0,0.0,6519.905377759867,1.2231617317445593,-136.59584726027916,-0.20308591425418854,False,-1510.6118464282958,-3035.541249071735,6353.1225169139925,-85.07537197006538,-0.8289557704382788,117.06519879621435,-223.69440587088556,-1178.7723339859301,6519.905377758426,311,-0.4911278985613353,25.895264520192768,False,0.5706896781921387,-1.0,0.6000000238418579,0.0
31.299999999971533,-0.001817767799462372,-0.010506847465922588,6518.147671695185,-0.6324126827649922,-1.4537162881941106,-2.312859261088703,-0.03255361645669895,-14.387659434181362,10.413784084575582,-349.5862159154243,213.05009231665466,89.3084007166487,17.708343109062216,171.20884525453167,100.0,100.0,10506.754558999675,0.7371368817109549,12.667662114074853,5.051632738582645,-17.708343109062216,0.0,0.0,0.0,0.0,6518.147671695047,1.2291083460047043,-136.10884873620915,-0.20362736284732819,False,-1526.9419433039923,-3013.3166710021874,6351.2987419626925,-82.79742120014912,-0.838633127368246,115.8189017894082,-202.35391143615126,-1169.6222599065024,6518.147671695185,312,-0.4920620644565439,25.403202455736224,False,0.5706896781921387,-1.0,0.10000002384185791,0.0
31.399999999971442,-0.0016245071802997403,-0.010428988079811723,6516.3723403042495,-0.6933837461808247,-1.4256496541559793,-1.9154682101372134,-0.0525596427022917,-13.874135570319664,8.995489221684531,-351.00451077831536,214.79699337934002,83.99423304128513,17.759163566157465,170.9323790102593,100.0,100.0,10505.587836668941,0.7359394550770327,12.752106963485575,6.263604106194703,-17.759163566157465,0.0,0.0,0.0,0.0,6516.372340302479,1.2349666052852248,-135.6561955906394,-0.20715004205703735,False,-1542.8042777891785,-2990.7876469997723,6349.463939039451,-82.55233867321225,-0.9524105271367312,114.63868714449315,-180.8401393109671,-1160.9549530446411,6516.3723403042495,313,-0.5334864226241233,24.869716033112102,False,0.5706896781921387,-1.0,-0.3999999761581421,0.0
31.49999999997135,-0.0014296526524204044,-0.010356431702021702,6514.600610193542,-0.8093676888949947,-1.4419756669588553,-2.0355434999767184,-0.0530152875760712,-13.399868219176543,7.634563264776949,-352.3654367352229,216.54232276118074,77.63669677229517,17.68372626101532,170.47532711487958,100.0,100.0,10502.888191785689,0.7340120389536997,12.433587201526208,6.820646947277159,-17.68372626101532,0.0,0.0,0.0,0.0,6514.600610193732,1.240658712314214,-135.25805105069134,-0.2105187624692917,False,-1558.1167381763507,-2967.935019297511,6347.621550037649,-83.95842213199478,-1.0184191705170567,113.4861138208732,-159.14893326743942,-1152.877977069056,6514.600610193542,314,-0.5088065427208962,24.360909490391204,False,0.5706896781921387,-1.0,-0.3999999761581421,0.0
31.59999999997126,-0.0012333212634554787,-0.010289460645441376,6512.825343649212,-0.8566434602111537,-1.4676832191225408,-2.3712468388705052,-0.019346659967849497,-13.523480735330168,6.297479453953053,-353.7025205460468,218.03741259560292,71.84015953241983,17.851958697510238,170.13115146531246,100.0,100.0,10501.159471766096,0.7325405091633783,12.228359886770061,5.533243584663482,-17.851958697510238,0.0,0.0,0.0,0.0,6512.8253436501955,1.2462141615270574,-134.8826647786773,-0.21104107797145844,False,-1572.9576657121086,-2944.8024477437725,6345.7560940379,-82.93845469198726,-0.955734981313416,112.29200822010304,-137.29332304786388,-1145.422759050534,6512.825343649212,315,-0.4425717078221084,23.918337782569097,False,0.5706896781921387,-1.0,0.10000002384185791,0.0
31.69999999997117,-0.0010357275375157808,-0.010227485060884134,6511.031571376938,-0.9113894505921034,-1.4847230106177753,-2.584411448005099,-0.04645518642920816,-13.853170598080013,4.922198120619322,-355.07780187938056,219.38063485990344,66.06280691389883,18.025500172499054,169.79982698556026,100.0,100.0,10499.5591870273,0.7311199371262057,12.084432823402075,6.5719230668761845,-18.025500172499054,0.0,0.0,0.0,0.0,6511.031571376213,1.2516916411856696,-134.4680343667985,-0.21188491582870483,False,-1587.3992128160914,-2921.4182736022426,6343.871229394752,-80.36246952298261,-0.8929994783174564,111.09168192756108,-115.29718947625672,-1138.523636977622,6511.031571376938,316,-0.4389725188212133,23.479365263747884,False,0.5706896781921387,-1.0,-0.3999999761581421,0.0
31.799999999971078,-0.0008369779793454152,-0.010170888798176438,6509.212196146864,-1.0061286700317846,-1.5066739376244582,-2.8580063886681004,-0.02338651126801854,-13.98661357107067,3.538129944109567,-356.4618700558903,220.564372625672,60.296293775535474,18.385452920739024,169.4821233198299,100.0,100.0,10498.098133053725,0.7297531572678683,11.940019930257659,5.414023916640086,-18.385452920739024,0.0,0.0,0.0,0.0,6509.212196148008,1.257029211420784,-134.04327888782683,-0.21565134823322296,False,-1601.3526293344073,-2897.7542188296215,6341.99571084719,-79.89603363569722,-0.9249277541319422,109.93933821602973,-93.17238866073163,-1132.2233410130011,6509.212196146864,317,-0.4789464274675475,23.000418836280335,False,0.5706896781921387,-1.0,0.10000002384185791,0.0
31.899999999970987,-0.0006372465334506137,-0.010118896911104451,6507.351707473138,-1.0043000755639209,-1.487292898149649,-2.7212721480914754,-0.011854000942484233,-14.422911401401494,2.118306863969866,-357.88169313603004,221.57099920803742,55.77125113607274,18.821741476910788,169.38872303035603,100.0,100.0,10498.565534877296,0.7292919653321954,12.258261174663277,4.190396608589224,-18.821741476910788,0.0,0.0,0.0,0.0,6507.35170747397,1.2622244573291062,-133.57882723298897,-0.21921485662460327,False,-1614.7337340302483,-2873.803587400453,6340.139018382973,-81.1008242803,-0.9041732673349464,108.81350847980929,-70.93828410372232,-1126.4356041441474,6507.351707473138,318,-0.46567396858976695,22.53474486769057,False,0.5706896781921387,-1.0,0.6000000238418579,0.0
31.999999999970896,-0.0004366481204394448,-0.010070810983335116,6505.45473602787,-0.97132656676326,-1.438160257935929,-2.1840392670523756,-0.03038507875159094,-14.262532808781936,0.6746318285909839,-359.3253681714089,222.49322522300537,51.233962274120834,19.07871759989858,169.29156201045748,100.0,100.0,10499.027371709191,0.7288139722353227,12.6675881083017,4.96931370047698,-19.07871759989858,0.0,0.0,0.0,0.0,6505.45473602786,1.2673329036731118,-133.08587547662412,-0.2227051556110382,False,-1627.5832774514502,-2849.60028467072,6338.290605536923,-82.53071113646146,-0.9214551765742262,107.63352942467563,-48.607668767319,-1121.0826786648652,6505.45473602787,319,-0.4544227474527624,22.080322120237806,False,0.5706896781921387,-1.0,0.10000002384185791,0.0
32.099999999970805,-0.0002352571764132479,-0.0100271754677101,6503.5451789125445,-0.9958548538482284,-1.408683779186669,-1.7896270501038731,-0.04951374873165993,-13.751528635061433,359.2687491593464,-360.7312508406535,223.31501758649372,45.79713732220798,19.068168472883258,169.03068412888933,100.0,100.0,10498.119141698311,0.7276730607514988,12.749038173047513,6.177985836796294,-19.068168472883258,0.0,0.0,0.0,0.0,6503.545178912328,1.272312856317977,-132.6266142418302,-0.22611674666404724,False,-1639.856416529393,-2825.146436612737,6336.4372987649385,-84.86876308750996,-0.9601823279822922,106.42488626936928,-26.188828878322756,-1116.2251730654884,6503.5451789125445,320,-0.43654114978949926,21.643780970448308,False,0.5706896781921387,-1.0,-0.3999999761581421,0.0
32.199999999970714,-3.319692364838084e-05,-0.009988942920956806,6501.646873403085,-1.0717569558916502,-1.422707836807701,-1.9031173565900543,-0.0499469581583496,-13.278846170151853,357.9200532948902,-362.0799467051097,223.96397316089994,39.34604563508833,18.90296542691214,168.5908148947042,100.0,100.0,10495.702693556432,0.7258081783884722,12.434288608931347,6.720559901451987,-18.90296542691214,0.0,0.0,0.0,0.0,6501.6468734029595,1.2771630525621704,-132.22344220263182,-0.2267053723335266,False,-1651.6341244571581,-2800.47478194081,6334.556399562657,-84.26996351188018,-0.916780161042316,105.16916241949112,-3.6954815405377555,-1111.9691259609117,6501.646873403085,321,-0.3674769592082432,21.276304011240065,False,0.5706896781921387,-1.0,-0.3999999761581421,0.0
32.29999999997062,0.00016937317105223507,-0.009956362281917625,6499.754502475289,-1.0816271143122573,-1.4462533553149854,-2.229558330023269,-0.01796367636743019,-13.37548535596723,356.5962963684253,-363.40370363157456,224.4641256701472,33.489808480348636,18.978176005432303,168.263488762099,100.0,100.0,10494.237396540215,0.724398826848266,12.236240317657762,5.440242674967852,-18.978176005432303,0.0,0.0,0.0,0.0,6499.754502476902,1.281905495800896,-131.84563586729436,-0.22761152684688568,False,-1662.987585313312,-2775.6097244583175,6332.648445564187,-81.97281827260248,-0.899254700862214,103.91266308086503,18.854621401534807,-1108.34224922307,6499.754502475289,322,-0.36492422352046433,20.9113797877196,False,0.5706896781921387,-1.0,0.10000002384185791,0.0
32.39999999997053,0.00037234443985446653,-0.009928820428594247,6497.8528156621815,-1.0944510183647729,-1.4616855054844673,-2.4420642898644673,-0.04335306134772869,-13.73029735248062,355.2347515722373,-364.7652484277626,224.82159206887607,27.67650210824252,19.050056924578186,167.9480271077667,100.0,100.0,10492.88475687446,0.7230369592343918,12.09701479141949,6.4795237632833675,-19.050056924578186,0.0,0.0,0.0,0.0,6497.852815661721,1.2865224085590858,-131.4281362866276,-0.23153360188007355,False,-1673.8199112712994,-2750.540611563543,6330.737434571171,-81.66822945332498,-0.9881167023489742,102.7116138156866,41.449383044599216,-1105.2762901111116,6497.8528156621815,323,-0.4087176538767396,20.50266213384286,False,0.5706896781921387,-1.0,-0.3999999761581421,0.0
32.49999999997044,0.0005755506479812886,-0.009906679519769026,6495.936981854215,-1.1437822299511156,-1.4819544245750895,-2.7146239627019924,-0.02154276761319812,-13.842442255228965,353.8639346113959,-366.136065388604,225.02705952528598,21.894976909417384,19.294374397832367,167.64499087179266,100.0,100.0,10491.652267532781,0.7217246637010607,11.957820180340681,5.327446087462254,-19.294374397832367,0.0,0.0,0.0,0.0,6495.936981855156,1.290958734595282,-130.99906898414653,-0.23530147969722748,False,-1684.0459201832148,-2725.2649126888264,6328.82861406945,-83.00916511192607,-1.0305243636395935,101.54382788692723,64.07029813327705,-1102.811564140688,6495.936981854215,324,-0.38993613232460733,20.112726001518254,False,0.5706896781921387,-1.0,0.10000002384185791,0.0
32.59999999997035,0.0007789043448503921,-0.009889512696349358,6493.995562695024,-1.2245806429413548,-1.4934982906465677,-2.845398334774946,-0.04821823524783516,-14.06264489918286,352.4620621339299,-367.53793786606997,225.09376584819782,16.148917911853584,19.533375036565047,167.3511830295059,100.0,100.0,10490.520546647254,0.7204485141623241,11.872585564200339,6.383245196564531,-19.533375036565047,0.0,0.0,0.0,0.0,6493.995562695784,1.2952735788541607,-130.5372196197659,-0.2361806333065033,False,-1693.751929135615,-2699.809557151623,6326.905507086244,-81.96940842982782,-0.9396888165178788,100.34397521846893,86.70763166874565,-1100.9005533576105,6493.995562695024,325,-0.3257840333700385,19.786941968148216,False,0.5706896781921387,-1.0,-0.3999999761581421,0.0
32.69999999997026,0.0009822209766682528,-0.009877685951014091,6492.023393279118,-1.3435123924206904,-1.5100181755740985,-3.0350790322550214,-0.027169760815960595,-14.135775154921253,351.05958544858805,-368.94041455141183,225.01118148782365,10.433773536890602,19.929534958235767,167.0672615913759,100.0,100.0,10489.498292496472,0.7192109727654868,11.776493279971634,5.2460211870823565,-19.929534958235767,0.0,0.0,0.0,0.0,6492.023393278964,1.2994819684284256,-130.0749368381078,-0.237371027469635,False,-1703.014878759847,-2674.1884600801986,6324.970854993332,-79.37088344154196,-0.8457154525166649,99.12981998552448,109.3408391227099,-1099.5840000668886,6492.023393279118,326,-0.32165536607837225,19.465286602069845,False,0.5706896781921387,-1.0,0.10000002384185791,0.0
32.79999999997017,0.0011855044555373572,-0.009870420160926744,6490.007381402815,-1.3627060331682266,-1.4868925090338119,-2.840942398482946,-0.014846346542479922,-14.50669611625295,349.62792764819886,-370.372072351801,225.02988985783804,5.951921631341593,20.386439115180085,167.00366500926833,100.0,100.0,10490.346037104204,0.7188640969849317,12.139723943735488,4.038764721654246,-20.386439115180085,0.0,0.0,0.0,0.0,6490.007381403877,1.303574559231941,-129.58129318410442,-0.2415441870689392,False,-1711.7414460643279,-2648.3920417260347,6323.055407687482,-78.8462029045459,-0.848644977915491,97.95792671262144,131.9703559904186,-1098.7751723143651,6490.007381402815,327,-0.3711533441877969,19.09413325788205,False,0.5706896781921387,-1.0,0.6000000238418579,0.0
32.89999999997008,0.001388798559000727,-0.009867023920960713,6487.953310198993,-1.3395364780007648,-1.4347731671301927,-2.2631735594985822,-0.03203088410220734,-14.28848010958282,348.1784190536783,-371.8215809463216,224.96423632596154,1.4498731154597198,20.652759686844597,166.9310741743455,100.0,100.0,10491.146170954027,0.7184791501082198,12.580997759639372,4.870906357385227,-20.652759686844597,0.0,0.0,0.0,0.0,6487.9533101982115,1.3075487075518764,-129.06533076634898,-0.2455277442932129,False,-1719.8469937970938,-2622.430824637974,6321.170753958741,-79.9858106927165,-0.7995172681133714,96.81564048492788,154.60105558796093,-1098.3971028813467,6487.953310198993,328,-0.3572497883160791,18.73688346956597,False,0.5706896781921387,-1.0,0.10000002384185791,0.0
32.99999999996999,0.0015919641053895295,-0.009868058463869444,6485.886403469816,-1.3613945351407688,-1.4022559325808939,-1.8323695335298282,-0.04923901294709757,-13.672587734875876,346.7753442068675,-373.2246557931324,224.73134593639534,-3.9647906434617757,20.637248839963817,166.7893134684258,100.0,100.0,13327.87562311573,0.7178134771470305,12.665406040063555,6.081171290516739,-20.637248839963817,0.0,0.0,0.0,0.0,6485.886403469679,1.3114051847281598,-128.5930306127332,-0.2494155317544937,False,-1727.3785954363566,-2596.3298018769183,6319.30588809489,-81.35581684754258,-0.7859322044249257,95.62389156551006,177.21744421196243,-1098.5122681979465,6485.886403469816,329,-0.3414488175027428,18.395434652063226,False,0.7224137783050537,-1.0,-0.3999999761581421,0.0
33.099999999969896,0.0017946878017927343,-0.009874429120211024,6483.832559816149,-1.4238715250979894,-1.4121699215589307,-1.9006947240800145,-0.04903270501793473,-13.223993596145405,345.4336682114941,-374.5663317885058,223.99931356604387,-10.277025690366306,20.441688889632363,166.37758239867034,100.0,100.0,10489.370514277987,0.7160545678942865,12.360782239439606,6.582006849643776,-20.441688889632363,0.0,0.0,0.0,0.0,6483.8325598157,1.3150826119279297,-128.1804375287615,-0.25320279598236084,False,-1734.2923981061936,-2570.099930866262,6317.44908253347,-83.63324816723721,-0.7939486627067975,94.410619803599,199.78464609556718,-1099.2214496618913,6483.832559816149,330,-0.32120940564562545,18.0742252464176,False,0.5706896781921387,-1.0,-0.3999999761581421,0.0
33.199999999969805,0.0019967048738134268,-0.009886303618043732,6481.788609614056,-1.4184411987840595,-1.4320059990514076,-2.184827935267451,-0.018645041085878777,-13.311919205413359,344.11540801992544,-375.88459198007445,223.25244687817218,-15.967154490671959,20.471763128900186,166.0750643262965,100.0,100.0,10488.266795407959,0.7147384786387192,12.180625116987823,5.313421950607769,-20.471763128900186,0.0,0.0,0.0,0.0,6481.7886096141665,1.318607005586607,-127.79105819333844,-0.25410163402557373,False,-1740.6750616664783,-2543.75692627276,6315.576236329151,-83.02137187981063,-0.7144743495717815,93.1545597784294,222.27318655291066,-1100.5433187606282,6481.788609614056,331,-0.2586622529513086,17.815562993466294,False,0.5706896781921387,-1.0,0.10000002384185791,0.0
33.299999999969714,0.0021980463687820335,-0.009903065461103545,6479.740161513591,-1.4075988786247406,-1.4447378284659318,-2.3732350205079435,-0.04154447074202578,-13.661261907004883,342.7606083585409,-377.239391641459,222.3795781267287,-21.589871241897164,20.48461235270761,165.78287065887545,100.0,100.0,10487.258031838133,0.713463962886398,12.056868001431852,6.356118771478108,-20.48461235270761,0.0,0.0,0.0,0.0,6479.740161513474,1.3220381498137832,-127.36519461294515,-0.2553749084472656,False,-1746.6023452719646,-2517.3047061377874,6313.6865457246695,-80.70550638855107,-0.6588493198580121,91.8895623224672,244.68652177281598,-1102.4092471300467,6479.740161513591,332,-0.25782570992302006,17.557737283543275,False,0.5706896781921387,-1.0,-0.3999999761581421,0.0
33.39999999996962,0.0023984748635357896,-0.009925036397085158,6477.68492193541,-1.426318153958915,-1.4624340208163331,-2.6263573622520826,-0.02088356871200291,-13.745949655594028,341.397850843345,-378.6021491566549,221.36766534606394,-27.15611638755126,20.65041884981508,165.50142570306602,100.0,100.0,10486.348868628267,0.7122326624225185,11.931864634590811,5.213720029359104,-20.65041884981508,0.0,0.0,0.0,0.0,6477.684921934788,1.325312760797684,-126.93087318610272,-0.259694904088974,False,-1751.9768076151706,-2490.7455418747327,6311.806396845639,-80.34301154249219,-0.7131917823860864,90.6757707070001,266.9982218088041,-1104.8550517235199,6477.68492193541,333,-0.3010096706484285,17.256727612894846,False,0.5706896781921387,-1.0,0.10000002384185791,0.0
33.49999999996953,0.002597999665109581,-0.00995178788377313,6475.611997802363,-1.4696172422023286,-1.471848885665959,-2.747188582603228,-0.04553718258744825,-13.976213046141119,340.00527371741794,-379.99472628258195,220.23154327696827,-32.661867713426346,20.799813940090772,165.22790207616077,100.0,100.0,10485.523098064388,0.7110326568237493,11.857626065323855,6.270866569317304,-20.799813940090772,0.0,0.0,0.0,0.0,6475.611997801074,1.3284153133507137,-126.4643791247315,-0.2638142704963684,False,-1756.7133911361884,-2464.1007237670874,6309.943582788098,-81.61700743211794,-0.7218811375650855,89.49639457692949,289.2093227199985,-1107.8330272216247,6475.611997802363,334,-0.2843236486960794,16.972403964198765,False,0.5706896781921387,-1.0,-0.3999999761581421,0.0
33.59999999996944,0.0027963646400927986,-0.009983640995837843,6473.5186901569605,-1.5465265973191988,-1.486069448783001,-2.925946593747697,-0.025834183015490845,-14.021094153958002,338.612682106995,-381.3873178930049,218.9585030915855,-38.112325329797315,21.089569484460657,164.96279954358414,100.0,100.0,10484.786409182932,0.7098658725410526,11.772037041920663,5.1418056807929196,-21.089569484460657,0.0,0.0,0.0,0.0,6473.518690157145,1.331350907915125,-125.99672281102995,-0.26783502101898193,False,-1760.8614937117918,-2437.3893122696627,6308.086853342807,-83.09843645468429,-0.7699675862035774,88.27295928124114,311.29131173513036,-1111.3789156566686,6473.5186901569605,335,-0.2698702224900714,16.702533741708695,False,0.5706896781921387,-1.0,0.10000002384185791,0.0
33.69999999996935,0.0029936005039492178,-0.010020176477308074,6471.396311048404,-1.6434934547772704,-1.4925880975814265,-2.9849967103628954,-0.049136302298629586,-14.15577543875739,337.197241138186,-382.8027588618139,217.5629661162463,-43.50676309750524,21.352081147297437,164.70360272215487,100.0,100.0,10484.12387365282,0.7087217453756167,11.731117708837527,6.208391088249712,-21.352081147297437,0.0,0.0,0.0,0.0,6471.3963110466975,1.3341210798279917,-125.50393425555656,-0.27174365520477295,False,-1764.3785915167439,-2410.627908422759,6306.221975934649,-85.48315994848407,-0.8431356999257577,87.03251291587031,333.2476080996269,-1115.4460454539349,6471.396311048404,336,-0.2555912539636021,16.446942487745094,False,0.5706896781921387,-1.0,-0.3999999761581421,0.0
33.79999999996926,0.003189433737905022,-0.010061709035782032,6469.242506413213,-1.7668068075056484,-1.5041664046622152,-3.109622579479184,-0.029349176428019444,-14.174515487212666,335.78781496651095,-384.21218503348894,216.03301239428788,-48.84388935023339,21.741631829986282,164.45137243274482,100.0,100.0,10483.545647341612,0.7076044906517268,11.671350433696615,5.088485324043318,-21.741631829986282,0.0,0.0,0.0,0.0,6469.2425064133095,1.3367451771542715,-125.01677241895855,-0.27274566888809204,False,-1767.3535718723851,-2383.821159050398,6304.326314034266,-84.98522384629354,-0.8305246929392421,85.74983730938649,355.04776370358707,-1120.0694498632558,6469.242506413213,337,-0.1917808779785358,16.255161609766557,False,0.5706896781921387,-1.0,0.10000002384185791,0.0
33.89999999996917,0.0033839160367317724,-0.010107826903058004,6467.050465954418,-1.903423212801858,-1.5085755107815173,-3.1272604840189775,-0.05134009257996546,-14.246003544117022,334.36012447387293,-385.63987552612696,214.38257028615303,-54.125905946503295,22.09500575554934,164.20384183555825,100.0,100.0,10483.037710013046,0.7065046309280592,11.651487772010721,6.160782528439552,-22.09500575554934,0.0,0.0,0.0,0.0,6467.050465953509,1.3392755023421885,-124.51150552278544,-0.27409693598747253,False,-1769.8623439785026,-2356.969819062379,6302.40038093927,-82.77894546467483,-0.8418112240203265,84.45460366363406,376.69753320898093,-1125.203290848417,6467.050465954418,338,-0.19112083956092957,16.064040770205626,False,0.5706896781921387,-1.0,-0.3999999761581421,0.0
33.99999999996908,0.0035767574235346716,-0.010158834919500925,6464.818124468315,-2.0599558527190056,-1.5182190627006011,-3.2164717803657608,-0.03149763209106886,-14.252638892888385,332.942165975224,-387.0578340247759,212.60047570424234,-59.346778504633896,22.565132746315488,163.96243108385033,100.0,100.0,10482.612999011622,0.7054278519037979,11.607872663191477,5.047079807991057,-22.565132746315488,0.0,0.0,0.0,0.0,6464.818124467771,1.3416493229598796,-124.01534344637071,-0.278553307056427,False,-1771.8073598923847,-2330.0961662947675,6300.466392011047,-82.48433049274183,-0.9631361164135529,83.21053152113011,398.1646363878796,-1130.881503238843,6464.818124468315,339,-0.23621849351335097,15.827822276692276,False,0.5706896781921387,-1.0,0.10000002384185791,0.0
34.099999999968986,0.0037682062267870857,-0.010214010638744418,6462.535989205617,-2.1088846504115826,-1.490223900009714,-2.9541462555617564,-0.018102241437274708,-14.55886085257453,331.5018791533714,-388.49812084662847,211.2987341547349,-63.446991423467075,23.070449765014338,163.9370860582192,100.0,100.0,10483.989878799277,0.7052256025744305,12.018337193673048,3.857884620671569,-23.070449765014338,0.0,0.0,0.0,0.0,6462.535989204426,1.3438681233133463,-123.49401621760664,-0.282863974571228,False,-1773.1053865733227,-2303.2262418855794,6298.528215360377,-83.8165931906493,-1.0390977155084884,82.00142275026629,419.4767171659384,-1137.0236643050287,6462.535989205617,340,-0.22822455101817393,15.599597725674101,False,0.5706896781921387,-1.0,0.6000000238418579,0.0
34.199999999968895,0.0039585204337220185,-0.010272727522032787,6460.211609741843,-2.100905853291139,-1.4341447376907759,-2.328025703033363,-0.033538090404706816,-14.27962826950787,330.04983214365944,-389.9501678563405,209.90378446492662,-67.56855124770136,23.37148645350126,163.8973771957862,100.0,100.0,10485.279866948365,0.7049632809752777,12.491279877296865,4.754480453689484,-23.37148645350126,0.0,0.0,0.0,0.0,6460.211609742856,1.3460057656628572,-122.95854080625831,-0.2842273414134979,False,-1773.847935312306,-2276.3575648289243,6296.570273513308,-82.81173780535913,-0.9754328311189945,80.76057622973487,440.6624946819351,-1143.5600277526898,6460.211609741843,341,-0.16850274408200297,15.431094981592098,False,0.5706896781921387,-1.0,0.10000002384185791,0.0
34.299999999968804,0.004147377753354385,-0.01033551370925944,6457.871747532848,-2.1214449633818537,-1.3975788573326373,-1.855543269539801,-0.04837998352975428,-13.598133211089193,328.6510010677653,-391.34899893223457,208.05473483147938,-72.5384857018647,23.37352475239282,163.78206177178706,100.0,100.0,13321.590579347994,0.7043936297123458,12.58425869847101,5.960779160812921,-23.37352475239282,0.0,0.0,0.0,0.0,6457.871747531849,1.34806579273136,-122.47618801379008,-0.28593409061431885,False,-1774.1128582475878,-2249.4783053626506,6294.5960102764875,-80.24657924439263,-0.9054215828307196,79.50494005814642,461.6860915034101,-1150.5493861147609,6457.871747532848,342,-0.1647894790690653,15.266305502523032,False,0.7224137783050537,-1.0,-0.3999999761581421,0.0
34.39999999996871,0.004334204818661247,-0.01040313190450078,6455.544527661735,-2.168607475769372,-1.4020640010966081,-1.870272802748464,-0.047393726394253675,-13.12748720890864,327.3181400491059,-392.68185995089397,205.4800634783541,-78.17364756794017,23.169616419135693,163.4035336675603,100.0,100.0,10484.507004511752,0.7027567081589366,12.291378902771292,6.406159398096972,-23.169616419135693,0.0,0.0,0.0,0.0,6455.544527660074,1.3499587481349693,-122.05986449952653,-0.29069700837135315,False,-1773.806598948392,-2222.610629123389,6292.634761380869,-79.69506088136848,-0.934705455427354,78.29409191822911,482.48368041337,-1158.0766436090269,6455.544527661735,343,-0.20470690899329516,15.061598593529737,False,0.5706896781921387,-1.0,-0.3999999761581421,0.0
34.49999999996862,0.00451872239686285,-0.010475630362306256,6453.229255777038,-2.146042917238359,-1.4169748165050384,-2.1038115913430224,-0.019128664121556664,-13.195113815900235,326.0101342697888,-393.9898657302111,203.09630620256715,-83.20426420156731,23.17031994782468,163.1355928930935,100.0,100.0,10483.94575770822,0.7015689515811245,12.129139931409998,5.152087076336116,-23.17031994782468,0.0,0.0,0.0,0.0,6453.229255778647,1.3516399321012704,-121.66730599668672,-0.29522275924682617,False,-1772.8512470192757,-2195.7930452049563,6290.697168401876,-80.79665341438113,-0.9117677523711332,77.11473765002518,503.0241772187725,-1166.1471719319325,6453.229255777038,344,-0.18872842300651027,14.872870170523226,False,0.5706896781921387,-1.0,0.10000002384185791,0.0
34.59999999996853,0.004701154833509548,-0.010552438898007688,6450.912899060074,-2.1081706131683364,-1.4260924865509583,-2.263911595350105,-0.0389558207683744,-13.527064428530728,324.6680773352682,-395.3319226647317,200.61767754282525,-88.13808160894564,23.13598535810917,162.87645775967505,100.0,100.0,10483.462666681035,0.7004168888872037,12.019535686855573,6.1964428175310555,-23.13598535810917,0.0,0.0,0.0,0.0,6450.912899058636,1.3531639688741834,-121.23947597533177,-0.2996358573436737,False,-1771.3004043011786,-2169.0340974756755,6288.7729108734375,-82.13172809410092,-0.9211681106173243,75.88756380033273,523.3325560662829,-1174.6974981262158,6450.912899060074,345,-0.17620380214712716,14.6966663683761,False,0.5706896781921387,-1.0,-0.3999999761581421,0.0
34.69999999996844,0.004881180402183226,-0.010633794199047029,6448.596250920582,-2.0911760325248356,-1.4403897777778725,-2.4948305273537144,-0.019838278948548387,-13.586482997590918,323.31975491015896,-396.6802450898409,198.02565354670628,-92.98248148986401,23.22960036624486,162.62639893333656,100.0,100.0,10483.058985839716,0.6993016665066049,11.907665870290984,5.065943292357538,-23.22960036624486,0.0,0.0,0.0,0.0,6448.596250920848,1.3544944659513496,-120.80408975810579,-0.3039262294769287,False,-1769.1160759385918,-2142.3591250138616,6286.850064024926,-84.36338879165808,-0.9523433157374314,74.64137535511507,543.3730023710367,-1183.7539702379154,6448.596250920582,346,-0.1609389791386103,14.53572738923749,False,0.5706896781921387,-1.0,0.10000002384185791,0.0
34.79999999996835,0.005058941800605047,-0.010719299481159735,6446.269266881732,-2.0908693815362356,-1.4470399886923218,-2.6052906179449833,-0.042109915277515134,-13.82454044336428,321.94295507868816,-398.05704492131173,195.3382036601909,-97.7360421782579,23.292948198095505,162.38301314061442,100.0,100.0,10482.721980038872,0.6982131071655532,11.843066917836104,6.122702667038603,-23.292948198095505,0.0,0.0,0.0,0.0,6446.269266881141,1.3556902339520993,-120.33979930902593,-0.305252343416214,False,-1766.3870167887699,-2115.7543096902455,6284.905684361029,-83.75555719230562,-0.8899843552187894,73.35334908197237,563.1614012433538,-1193.2724182427016,6446.269266881732,347,-0.09767748137072642,14.438049907866763,False,0.5706896781921387,-1.0,-0.3999999761581421,0.0
34.89999999996826,0.005234099821191146,-0.010809184796415761,6443.932192442027,-2.1195909528245833,-1.4583586381031155,-2.77219226250264,-0.024367926580538483,-13.845547949204601,320.56650922000733,-399.43349077999255,192.5384805741735,-102.40203583469278,23.475929016608884,162.14656512785018,100.0,100.0,10482.453356355969,0.6971523069032629,11.767134429192948,5.004006862444865,-23.475929016608884,0.0,0.0,0.0,0.0,6443.932192442848,1.3567633703153712,-119.87711895827428,-0.306902140378952,False,-1763.1889509291266,-2089.2045184221233,6282.939973187819,-81.43433492602776,-0.8480863164904137,72.04837672704134,582.6599920949984,-1203.2784515370024,6443.932192442027,348,-0.0953548098495024,14.342695098017261,False,0.5706896781921387,-1.0,0.10000002384185791,0.0
34.99999999996817,0.005406814152032639,-0.010903068085728527,6441.576603954802,-2.163500158985618,-1.4623542344229477,-2.8251431233585005,-0.04574307390983391,-14.003296107530415,319.1676847007526,-400.83231529924734,189.64380712615755,-106.98106702954586,23.620224157565726,161.91493888509922,100.0,100.0,10482.241758954313,0.6961103214052411,11.733043612717518,6.068900202333146,-23.620224157565726,0.0,0.0,0.0,0.0,6441.576603953016,1.3576938467448083,-119.39141303841298,-0.31169846653938293,False,-1759.4315356611633,-2062.751862301973,6280.9784055650625,-81.00086450332962,-0.9177509009562869,70.78996624615026,601.8865514042734,-1213.7295393032996,6441.576603954802,349,-0.1437814681877274,14.198913629829534,False,0.5706896781921387,-1.0,-0.3999999761581421,0.0
35.09999999996808,0.005576731367254797,-0.011001167954754995,6439.2031038178775,-2.23106282328197,-1.4712143039946046,-2.9400638825675958,-0.028019083896305835,-13.994856820842799,317.77466338317544,-402.22533661682445,186.63962925438366,-111.47142619595084,23.872941413358138,161.68888915516115,100.0,100.0,10482.092668783487,0.6950902500651305,11.680779902640893,4.958372850505495,-23.872941413358138,0.0,0.0,0.0,0.0,6439.203103818085,1.3584260988463512,-118.91012649431114,-0.31634005904197693,False,-1755.0386361810108,-2036.4394380264828,6279.028386950076,-82.1876086524991,-0.9414791380664114,69.5677845772697,620.8017358028039,-1224.650016723326,6439.2031038178775,350,-0.12790573273954925,14.071007897089984,False,0.5706896781921387,-1.0,0.10000002384185791,0.0
35.199999999967986,0.005744028482761214,-0.0111031152665819,6436.8047548422755,-2.3081294701007664,-1.473266494861918,-2.95245276664104,-0.04825762430869836,-14.098658848230365,316.3635408808706,-403.6364591191293,183.5424087447543,-115.87565444964112,24.079329976831374,161.46653114007273,100.0,100.0,10481.995687531384,0.6940841496065085,11.665844686205121,6.028084505687288,-24.079329976831374,0.0,0.0,0.0,0.0,6436.80475484109,1.359001989348822,-118.40970481640052,-0.32088911533355713,False,-1750.0615464771327,-2010.2621796221526,6277.079594056285,-83.5856409274867,-1.0006152082054174,68.30586486131266,639.4252507009783,-1235.9987914758972,6436.8047548422755,351,-0.11615536105823922,13.954852536031746,False,0.5706896781921387,-1.0,-0.3999999761581421,0.0
35.299999999967895,0.005908339817231304,-0.011209114340503895,6434.3825214699455,-2.403169369710029,-1.4804001379833744,-3.0329767839172517,-0.03044960481210218,-14.073306834810271,314.9617250650252,-405.0382749349747,180.33925710416042,-120.18854102805439,24.385462020126504,161.24894073035716,100.0,100.0,10481.958649531854,0.693096438771637,11.628111139525332,4.923037316717616,-24.385462020126504,0.0,0.0,0.0,0.0,6434.382521467893,1.359383922833337,-117.91742512810751,-0.3253032863140106,False,-1744.4654122285199,-1984.2506921019747,6275.11836223357,-85.87022539936248,-1.0842182020523932,67.02930711754806,657.7163884541887,-1247.7986083848937,6434.3825214699455,352,-0.1010319132205014,13.853820622811245,False,0.5706896781921387,-1.0,0.10000002384185791,0.0
35.399999999967804,0.006069859607869887,-0.011318808177305052,6431.930554089734,-2.503071854418529,-1.4811173814012435,-3.019593237949175,-0.049794239946695316,-14.143539142299431,313.54440456429415,-406.45559543570573,177.04598377190413,-124.41429557343994,24.639825914091464,161.03440721642673,100.0,100.0,10481.97189044276,0.6921199269497944,11.624529842302032,5.99532792806146,-24.639825914091464,0.0,0.0,0.0,0.0,6431.930554088433,1.3596300812262376,-117.40946526012517,-0.3267285227775574,False,-1738.3370538487654,-1958.3798002575418,6273.123313114107,-85.32656750107469,-1.0738201856905751,65.71064584979467,675.6967715480758,-1260.0097262975985,6431.930554089734,353,-0.03685910234912572,13.816961520462119,False,0.5706896781921387,-1.0,-0.3999999761581421,0.0
35.49999999996771,0.006228211541650276,-0.011432384914182888,6429.450077206752,-2.616791750315435,-1.4870623555360554,-3.0785783162593714,-0.03198176635756683,-14.110167419113353,312.1384362195165,-407.8615637804834,173.6509650059995,-128.54517621281576,24.987671781575678,160.82419448650532,100.0,100.0,10482.044564820679,0.6911598077566145,11.595338620260613,4.894007748772737,-24.987671781575678,0.0,0.0,0.0,0.0,6429.450077206329,1.359750438371075,-116.91437340288414,-0.32850199937820435,False,-1731.7494313899713,-1932.624872916442,6271.095931351322,-83.0645890876933,-1.0836242146993973,64.37650274069847,693.3245088165087,-1272.653088646839,6429.450077206752,354,-0.035088819932979104,13.78187270052914,False,0.5706896781921387,-1.0,0.10000002384185791,0.0
35.59999999996762,0.006383606826191026,-0.011549499512488638,6426.936015091798,-2.7321317475130846,-1.4868574584641765,-3.0494345275308863,-0.05066467337148253,-14.159994000660777,310.7184366176426,-409.28156338235726,170.16949633730104,-132.58691429711732,25.279986201731578,160.6167115355136,100.0,100.0,10482.167498466539,0.6902094093021663,11.59823745730969,5.967506591798618,-25.279986201731578,0.0,0.0,0.0,0.0,6426.936015090251,1.359726060605916,-116.40484838543449,-0.3334740996360779,False,-1724.6168967061303,-1907.0402816801768,6269.05851382075,-82.6500354372351,-1.2056533258544966,63.093522166133106,710.623111891585,-1285.6902857302352,6426.936015091798,355,-0.08536106753069933,13.69651163299844,False,0.5706896781921387,-1.0,-0.3999999761581421,0.0
35.69999999996753,0.006535659915212168,-0.011670322677032996,6424.389776416156,-2.8584579150784024,-1.491966573037539,-3.0952396736230092,-0.032925393470161456,-14.12385435714503,309.3109175439443,-410.6890824560556,166.59093290635388,-136.5298625181176,25.66118242017542,160.4133185450982,100.0,100.0,10482.350464908664,0.6892743245658898,11.57395053722979,4.868845763508341,-25.66118242017542,0.0,0.0,0.0,0.0,6424.389776414425,1.3595014480131535,-115.90656074538015,-0.3382810354232788,False,-1716.868835722984,-1881.6793767916442,6267.015739723286,-83.84554749054689,-1.281476052170586,61.84740498748584,727.5496617614185,-1299.140320407313,6424.389776416156,356,-0.06942198857319568,13.627089644425245,False,0.5706896781921387,-1.0,0.10000002384185791,0.0
35.79999999996744,0.006684598596148909,-0.011794521553655356,6421.806845829303,-2.984206892504814,-1.4911051424416761,-3.0567124833414354,-0.05111086045487711,-14.161322994434784,307.8901644036834,-412.1098355963165,162.93012257482363,-140.3811854703551,25.984180396896438,160.21250518430577,100.0,100.0,10482.584600924427,0.6883482328819629,11.580445381930236,5.9427650462968895,-25.984180396896438,0.0,0.0,0.0,0.0,6421.806845827745,1.35913515056757,-115.39488816801195,-0.34003564715385437,False,-1708.5918971969684,-1856.5092356386044,6264.953081150732,-82.77096405427326,-1.2072678554074499,60.570247476818665,744.1295157232965,-1312.9661393529143,6421.806845829303,357,-0.0032319896291262964,13.623857654796119,False,0.5706896781921387,-1.0,-0.3999999761581421,0.0
35.89999999996735,0.006830029316088195,-0.011922248588928612,6419.188772441805,-3.119031121780821,-1.4956039460919264,-3.0945981548312296,-0.03349740625308627,-14.125197979000564,306.48248055706097,-413.5175194429389,159.17720700847022,-144.1297217725001,26.39253191618176,160.01567079104066,100.0,100.0,10482.879862769245,0.6874368926050619,11.558945825102526,4.846132950664745,-26.39253191618176,0.0,0.0,0.0,0.0,6419.188772439458,1.3586373653455774,-114.8978789559935,-0.3420705795288086,False,-1699.8596953755666,-1831.4978444444157,6262.874824003816,-80.13697212793524,-1.120438916944066,59.273730720984936,760.3188634669378,-1327.1847129195332,6419.188772441805,358,7.623913314086343e-05,13.62393389392926,False,0.5706896781921387,-1.0,0.10000002384185791,0.0
35.99999999996726,0.0069721959269511535,-0.01205318357164602,6416.531458414901,-3.2517795299240673,-1.49425504069335,-3.050669976744425,-0.05129456948925445,-14.15516224633655,305.06197183553957,-414.9380281644603,155.3466131379209,-147.78400215075015,26.74071394890588,159.8213611040663,100.0,100.0,10483.227592042422,0.6865342283143565,11.567386921867696,5.920043885976936,-26.74071394890588,0.0,0.0,0.0,0.0,6416.531458413361,1.357989165118629,-114.38789585154412,-0.34732553362846375,False,-1690.5913895952367,-1806.6991992693834,6260.811270702535,-79.45979725529995,-1.134089258235044,58.01976919412259,776.1448505882024,-1341.760395195635,6416.531458414901,359,-0.050950813571427826,13.572983080357833,False,0.5706896781921387,-1.0,-0.3999999761581421,0.0
36.09999999996717,0.007110697977623055,-0.012187460131463346,6413.836571781314,-3.392296119611185,-1.4982872630058137,-3.083906238914649,-0.03383870809246834,-14.120355128081645,303.6548142064285,-416.3451857935714,151.42914820360582,-151.33159439085964,27.171408524620823,159.6309811156116,100.0,100.0,10483.637670856897,0.6856460265824883,11.547477746925317,4.825069868304667,-27.171408524620823,0.0,0.0,0.0,0.0,6413.836571779605,1.3571355742064943,-113.89027434068922,-0.35234424471855164,False,-1680.7220922066606,-1782.1702599763864,6258.774576212177,-80.42318637998721,-1.095128670063572,56.80211150757753,791.5628988689984,-1356.7080618344996,6413.836571781314,360,-0.033387002060032415,13.539596078297802,False,0.5706896781921387,-1.0,0.10000002384185791,0.0
36.199999999967076,0.007245794771165121,-0.012324771277099255,6411.100334760189,-3.529689639258571,-1.496558426666967,-3.0370360453203338,-0.051319398447973084,-14.145765130495839,302.23502483679584,-417.76497516320404,147.4388239992271,-154.78233774800654,27.540402955996772,159.44311798481218,100.0,100.0,10484.101591197392,0.6847663935933843,11.556946444603955,5.8987554873127985,-27.540402955996772,0.0,0.0,0.0,0.0,6411.100334758882,1.3561217066730753,-113.3794094526686,-0.35724756121635437,False,-1670.3060443191107,-1757.9013976604544,6256.755253099716,-81.63245194057714,-1.0823090477282218,55.53820933422522,806.6018739261012,-1371.993538566689,6411.100334760189,361,-0.02117188825768757,13.518424190040115,False,0.5706896781921387,-1.0,-0.3999999761581421,0.0
36.299999999966985,0.007377079992466415,-0.012465231430625867,6408.324526689685,-3.673933189099329,-1.5002158042898048,-3.0676353586208855,-0.034038615610004416,-14.112744730652107,300.8286977774684,-419.1713022225315,143.36704277232468,-158.12268303579873,27.989514012796,159.25916359158944,100.0,100.0,10484.629015190838,0.6839010673807697,11.537966989766693,4.805217267102982,-27.989514012796,0.0,0.0,0.0,0.0,6408.324526687678,1.3549099442963775,-112.88115213181733,-0.36202654242515564,False,-1659.3158831281173,-1733.9301728693708,6254.743246067307,-83.72107945213226,-1.089634477417023,54.256408404979,821.2165447613613,-1387.6295628572716,6408.324526689685,362,-0.0061454639951874475,13.512278726044928,False,0.5706896781921387,-1.0,0.10000002384185791,0.0
36.399999999966894,0.00750482770955532,-0.01260854744394257,6405.50562109083,-3.8142938130313966,-1.4981754882106053,-3.0193208445304753,-0.0512505442752717,-14.135437435654698,299.4098149708794,-420.5901850291205,139.22739501052573,-161.36372654260896,28.375674768563375,159.07773796400517,100.0,100.0,10485.211561530532,0.6830442980805657,11.547965715193905,5.878582517077214,-28.375674768563375,0.0,0.0,0.0,0.0,6405.505621089693,1.3535578277660925,-112.37065309240768,-0.36374780535697937,False,-1647.8315530134419,-1710.2136493809112,6252.715785403088,-83.03273322760909,-0.9933366407707791,52.93383033098271,835.4374206276982,-1403.5835014596869,6405.50562109083,363,0.06137525807181429,13.573653984116742,False,0.5706896781921387,-1.0,-0.3999999761581421,0.0
36.4999999999668,0.0076286267342583185,-0.012754814250874965,6402.645509583718,-3.9608347626285547,-1.5015167188423175,-3.0485048409434223,-0.0341530463591519,-14.104220700155562,298.0044131370588,-421.9955868629411,135.01184115537646,-164.49090347837628,28.8398491705117,158.90020986562038,100.0,100.0,10485.858591895958,0.6822017343803495,11.529560362016912,4.786339711350351,-28.8398491705117,0.0,0.0,0.0,0.0,6402.645509582853,1.3520736991085465,-111.87567186474261,-0.3657907247543335,False,-1635.9204109657483,-1686.7116062016971,6250.673077724853,-80.6227538753572,-0.9127457444351605,51.59148223098933,849.218728057636,-1419.865922407401,6402.645509583718,364,0.06392232459974047,13.637576308716483,False,0.5706896781921387,-1.0,0.10000002384185791,0.0
36.59999999996671,0.007748765159851361,-0.012903753173899002,6399.740866402737,-4.102913963719079,-1.4992085556054133,-2.99964011480008,-0.05112851048596613,-14.125386959449193,296.5864701446011,-423.4135298553988,130.7335368572301,-167.51652039560673,29.24000282421781,158.72522717626117,100.0,100.0,10486.561844674514,0.6813677478531074,11.539828741457583,5.85935842923481,-29.24000282421781,0.0,0.0,0.0,0.0,6399.740866400113,1.350442133762053,-111.36827869349547,-0.3710676431655884,False,-1623.5115055931917,-1663.494895731845,6248.6429089910125,-80.03704543281184,-0.9464153755307723,50.29328473234612,862.5925375946534,-1436.445803318437,6399.740866402737,365,0.011100243447481502,13.648676552163964,False,0.5706896781921387,-1.0,-0.3999999761581421,0.0
36.69999999996662,0.007864827892576719,-0.013055439455572353,6396.793701744953,-4.250661682227942,-1.5022714163099045,-3.0281361418978157,-0.034216583422885256,-14.095755937296724,295.1819781954898,-424.81802180451007,126.38498570534888,-170.42506798292678,29.716264313608903,158.55413059774526,100.0,100.0,10487.330337885602,0.6805478778143533,11.521811588057139,4.768314168854892,-29.716264313608903,0.0,0.0,0.0,0.0,6396.793701742837,1.3486088590216219,-110.87346402677053,-0.37619054317474365,False,-1610.547532865498,-1640.630845639058,6246.635597121915,-81.05512304911467,-0.9339795009376227,49.03400570754434,875.5126410016403,-1453.3315201943144,6396.793701744953,366,0.027049249348333394,13.675725801512298,False,0.5706896781921387,-1.0,0.10000002384185791,0.0
36.79999999996653,0.00797744672654511,-0.013209465835403202,6393.795897433109,-4.293268514244215,-1.470476488428215,-2.7329196391193937,-0.021394339487669656,-14.363822149200772,293.75933156222385,-426.2406684377761,123.09038112594776,-172.75614851240303,30.235885333811172,158.59551998043105,100.0,100.0,10489.795152067521,0.6805893373600117,11.946175233133165,3.592706624550773,-30.235885333811172,0.0,0.0,0.0,0.0,6393.795897429375,1.3466359641616477,-110.35987874210385,-0.3812210261821747,False,-1597.075712128528,-1618.097554554039,6244.64124965044,-82.29908297289661,-0.949458392598781,47.73520773495826,888.0493695990016,-1470.4777367970844,6393.795897433109,367,0.03051573234543445,13.706241533857733,False,0.5706896781921387,-1.0,0.6000000238418579,0.0
36.89999999996644,0.008087231017465644,-0.013365556675845582,6390.753609374384,-4.268260570546435,-1.412221618292786,-2.0997735367885686,-0.033750418998740074,-14.02864291276496,292.32972065040246,-427.6702793495974,119.76499451766323,-175.18073821713028,30.559608845458932,158.7220735518155,100.0,100.0,13329.106997162502,0.6809748050067402,12.410203184109632,4.499407458967141,-30.559608845458932,0.0,0.0,0.0,0.0,6390.7536093718045,1.344548249373006,-109.83760253216799,-0.38613805174827576,False,-1583.0735262174987,-1595.9366435158618,6242.648950390381,-84.41031970272324,-0.9870413437849876,46.42233910729262,900.2705568642755,-1487.85376915513,6390.753609374384,368,0.04021328371719696,13.74645481757493,False,0.7224137783050537,-1.0,0.10000002384185791,0.0
36.99999999996635,0.00819360970222176,-0.013523959197054406,6387.695045178867,-4.252943848639052,-1.3730455615571242,-1.6294988224048677,-0.045496982109144615,-13.37075893677184,290.954905966966,-429.0450940330339,115.52289898662634,-177.9013069269414,30.55198651332462,158.67785468379253,100.0,100.0,13331.29073663459,0.6806659224097186,12.498334364771193,5.695355212856621,-30.55198651332462,0.0,0.0,0.0,0.0,6387.695045175743,1.3423484219425097,-109.37071822412774,-0.3879694640636444,False,-1568.6147465993276,-1574.0949777598182,6240.636535095737,-83.7608494107528,-0.9189660712744211,45.06957597149826,912.1126320513263,-1505.4871378160965,6387.695045178867,369,0.11364112100039031,13.86009593857532,False,0.7224137783050537,-1.0,-0.3999999761581421,0.0
37.09999999996626,0.008295672922604238,-0.013684930939481171,6384.652034370608,-4.251635934328163,-1.3732583911271063,-1.6295120048058551,-0.043923230555869025,-12.845145225155916,289.64739435061813,-430.35260564938176,110.37147578384845,-180.83065601206914,30.30206318495689,158.46902705082925,100.0,100.0,13331.874454965839,0.6796893023581444,12.203128551358322,6.12856431657499,-30.30206318495689,0.0,0.0,0.0,0.0,6384.652034368489,1.3400147366633042,-108.97396956376322,-0.39013364911079407,False,-1553.7607285354943,-1552.5239849698492,6238.604704526559,-81.38457804631585,-0.8653767960717513,43.69795567525053,923.4743097443038,-1523.406512183044,6384.652034370608,370,0.1214324056524347,13.981528344227755,False,0.7224137783050537,-1.0,-0.3999999761581421,0.0
37.19999999996617,0.008393185545456311,-0.013848357682643447,6381.62701154278,-4.186155969921847,-1.3842431945907245,-1.8433476174634347,-0.01943008553295074,-12.927309513501276,288.3667139506998,-431.63328604930007,105.68823267151387,-183.28886172694268,30.237278385167617,158.2731290649969,100.0,100.0,10495.99724294616,0.6787660838932442,12.051047929371515,4.894572596443874,-30.237278385167617,0.0,0.0,0.0,0.0,6381.62701154186,1.3375005873192083,-108.60524787365819,-0.3955715000629425,False,-1538.4498727439893,-1531.3044372545914,6236.579764141372,-80.7926059738716,-0.926950564706918,42.37319792090034,934.3294149201965,-1541.5991772318685,6381.62701154278,371,0.06479546918551027,14.046323813413265,False,0.5706896781921387,-1.0,0.10000002384185791,0.0
37.299999999966076,0.008486658965580316,-0.014013923021924338,6378.606820050458,-4.100495429274975,-1.3907172411671407,-1.9996055172573262,-0.03612063010554503,-13.228167302656693,287.0533457793974,-432.9466542206025,101.02546546787998,-185.74300990146816,30.13472320602849,158.1800022285623,100.0,100.0,13334.255449013472,0.6782605816591245,11.94050395050758,5.939776655063245,-30.13472320602849,0.0,0.0,0.0,0.0,6378.606820047805,1.3348085842840385,-108.20307751647292,-0.4008517861366272,False,-1522.6340476604803,-1510.5115482055382,6234.570876798401,-81.7930877258544,-0.9423533963394165,41.08862448995779,944.7348760484008,-1560.0299108006172,6378.606820050458,372,0.07945598872508271,14.125779802138348,False,0.7224137783050537,-1.0,-0.3999999761581421,0.0
37.399999999965985,0.008575697888047386,-0.014181640116992642,6375.595611828393,-4.031845582906352,-1.402518828345209,-2.2282012167638725,-0.019942188473236627,-13.319528124566348,285.73315545314034,-434.26684454685955,96.28246466345568,-187.94726136269375,30.128409204324647,157.99853288999188,100.0,100.0,10498.198087460718,0.6773968147708997,11.835682344077295,4.825911585138277,-30.128409204324647,0.0,0.0,0.0,0.0,6375.595611827214,1.3319372635933917,-107.79460250698445,-0.40602847933769226,False,-1506.3574055591048,-1490.1173903833753,6232.568671333185,-83.01978643743413,-0.9835160096853514,39.766045793132015,954.646688897435,-1578.7001778236208,6375.595611828393,373,0.09320026771156026,14.21898006984991,False,0.5706896781921387,-1.0,0.10000002384185791,0.0
37.499999999965894,0.008660629881125256,-0.014351225112668233,6372.583587693876,-3.9748802223096216,-1.4073333615161212,-2.345904812858148,-0.03941333230680875,-13.602446161756525,284.3810640330399,-435.61893596696,91.51752129484055,-190.02634837971127,30.08321312682629,157.81820752940956,100.0,100.0,10498.969534737333,0.6765377926435131,11.777998999468098,5.880309465401914,-30.08321312682629,0.0,0.0,0.0,0.0,6372.583587691006,1.3288940143974162,-107.35355249217213,-0.4110676944255829,False,-1489.6034151707447,-1470.1665577531116,6230.561827600712,-85.1052407872091,-1.0464262317479194,38.43047566716395,964.1013183668634,-1597.5783795422276,6372.583587693876,374,0.10724212635553977,14.32622219620545,False,0.5706896781921387,-1.0,-0.3999999761581421,0.0
37.5999999999658,0.00874104773894303,-0.01452266438687915,6369.574267172268,-3.9445223890206575,-1.4165856017380007,-2.515405918752184,-0.024495738905346152,-13.610010621192783,283.02714928545106,-436.9728507145488,86.71025380239436,-191.97583287078928,30.138574000754684,157.6430855994728,100.0,100.0,10499.783948746728,0.6757001496553617,11.711243196710742,4.777061053842175,-30.138574000754684,0.0,0.0,0.0,0.0,6369.574267168985,1.3256905032804789,-106.91198744491277,-0.4129811227321625,False,-1472.4385676013055,-1450.5962121915575,6228.529274200246,-84.45389645176782,-1.000070898401111,37.053901864628536,973.0534342991381,-1616.662999547387,6369.574267172268,375,0.18205714218039762,14.508279338385847,False,0.5706896781921387,-1.0,0.10000002384185791,0.0
37.69999999996571,0.008817303715512549,-0.014695758796319664,6366.558527015028,-3.9258857523074386,-1.4188278401702472,-2.575411780666681,-0.0432990863835198,-13.799506873538729,281.65060082397093,-438.34939917602895,81.8808370858485,-193.80820969307237,30.14825977573272,157.47150515224124,100.0,100.0,10500.634902967358,0.6748767537065212,11.68327036267813,5.838838879636193,-30.14825977573272,0.0,0.0,0.0,0.0,6366.558527011609,1.3223775958867696,-106.4502910507049,-0.4152454435825348,False,-1454.917329223255,-1431.3499077783313,6226.472609880496,-82.07175488150249,-0.9659427860220923,35.657900481423454,981.542249610857,-1635.931869206305,6366.558527015028,376,0.1827608149372738,14.69104015332312,False,0.5706896781921387,-1.0,-0.3999999761581421,0.0
37.79999999996562,0.00888898629265915,-0.014870476802774818,6363.5402964869945,-3.9293299364897822,-1.4255682434507555,-2.690823007736337,-0.028321786422853924,-13.764798821776248,280.2789619096813,-439.7210380903186,77.0120900457303,-195.5113881941449,30.248384848204996,157.30380162971764,100.0,100.0,10501.522003487451,0.674069132789217,11.638661991322472,4.742480185185494,-30.248384848204996,0.0,0.0,0.0,0.0,6363.540296484293,1.3188985381104368,-105.99454724632056,-0.4208325445652008,False,-1436.989264047164,-1412.5168171031214,6224.41705210771,-81.43895269854444,-1.0470284198460618,34.310232805964276,989.5219540988167,-1655.3814776848926,6363.5402964869945,377,0.12616491649734649,14.817205069820467,False,0.5706896781921387,-1.0,0.10000002384185791,0.0
37.89999999996553,0.008956454056030268,-0.015046639066222932,6360.511721648053,-3.938922617754116,-1.425743631347994,-2.7070534155655155,-0.04605580363265596,-13.901562264327133,278.889512876013,-441.11048712398696,72.12288388357668,-197.09885536435203,30.29524042653266,157.1385642987998,100.0,100.0,10502.439960576918,0.6732712292950028,11.628419161266311,5.808469186408243,-30.29524042653266,0.0,0.0,0.0,0.0,6360.511721645485,1.3152465948026724,-105.52024371762272,-0.4262590706348419,False,-1418.6168253416242,-1394.1786307298025,6222.371100810466,-82.38826166835621,-1.0812576937611547,33.00330521523599,997.0324655172894,-1674.9918608519367,6360.511721648053,378,0.14120910160143169,14.958414171421898,False,0.5706896781921387,-1.0,-0.3999999761581421,0.0
37.99999999996544,0.009019294800605945,-0.015224195593655012,6357.477247457627,-3.9647227614817635,-1.430645999366136,-2.785291779039619,-0.030861876392109248,-13.843704537938914,277.5087332584554,-442.4912667415445,67.19896975428182,-198.556972867002,30.424075727200695,156.97643478235844,100.0,100.0,10503.390387235213,0.6724858361179664,11.59706915690746,4.716589833943004,-30.424075727200695,0.0,0.0,0.0,0.0,6357.477247454035,1.3114179090417444,-105.05512911636933,-0.4315844178199768,False,-1399.840336524727,-1376.3016891065831,6220.326177925193,-83.5675966264248,-1.1383499619474082,31.65918389296506,1004.0278972034538,-1694.7574534856758,6357.477247457627,379,0.1556375884159051,15.114051759837803,False,0.5706896781921387,-1.0,0.10000002384185791,0.0
38.09999999996535,0.009077873734179627,-0.015402986289204727,6354.429938180137,-3.9916786271747213,-1.4294087031595872,-2.7734750649135047,-0.04771593599419158,-13.950015180430352,276.11288737980635,-443.88711262019353,62.258024401510966,-199.90009024522217,30.49402903508869,156.81615633365283,100.0,100.0,10504.368594920368,0.6717075603752428,11.597106072955734,5.784794116152691,-30.49402903508869,0.0,0.0,0.0,0.0,6354.429938178138,1.3074218210821187,-104.57446223129263,-0.4367605149745941,False,-1380.6497848820293,-1358.9326958676731,6218.271041354442,-85.59683297701703,-1.2162403282844259,30.30276642580004,1010.548904088876,-1714.66043371427,6354.429938180137,380,0.17046280600169778,15.284514565839501,False,0.5706896781921387,-1.0,-0.3999999761581421,0.0
38.19999999996526,0.009131780234479506,-0.015582942301096903,6351.374667044199,-4.030381832043607,-1.4330966799251441,-2.828908778069535,-0.032385912043856956,-13.879191631508665,274.72785106031887,-445.272148939681,57.287769621422115,-201.1134518647778,30.639945865211224,156.65853879405066,100.0,100.0,10505.377174529365,0.6709398957130176,11.573345340561637,4.695841362402456,-30.639945865211224,0.0,0.0,0.0,0.0,6351.374667039053,1.3032678699686708,-104.10615889314163,-0.4387768507003784,False,-1361.1029641368896,-1342.0000698418635,6216.185760877365,-84.91648916938688,-1.1805413400417264,28.904282864831664,1016.5497757022586,-1734.6931369581073,6351.374667044199,381,0.24928510369050091,15.533799669530001,False,0.5706896781921387,-1.0,0.10000002384185791,0.0
38.299999999965166,0.009181385835948025,-0.015763922508752356,6348.305084915418,-4.066759603801776,-1.430955683186425,-2.8006693834973806,-0.04860575729253398,-13.968453244282802,273.3293001932999,-446.6706998067,52.30491626432125,-202.21222880859676,30.72327546420097,156.50243179877367,100.0,100.0,10506.411888481696,0.6701779065773383,11.57902492628912,5.765025307016355,-30.72327546420097,0.0,0.0,0.0,0.0,6348.30508490993,1.2990058320343634,-103.62723132516528,-0.4411507546901703,False,-1341.246375064892,-1325.440291716761,6214.07285692969,-82.50188522181556,-1.1542837301062436,27.48542253974969,1022.0718712577341,-1754.8398536743123,6348.305084915418,382,0.2502816473237727,15.784081316853774,False,0.5706896781921387,-1.0,-0.3999999761581421,0.0
38.399999999965075,0.009226283192453258,-0.015945839088237032,6345.226391713724,-4.11196487286744,-1.4338731201761228,-2.843074713517998,-0.03324264939962345,-13.890565237283653,271.9427342386182,-448.0572657613817,47.29857186553372,-203.18081229084012,30.87849202540043,156.3487297467063,100.0,100.0,10507.4757202297,0.6694254431638997,11.559405575715312,4.678050295884503,-30.87849202540043,0.0,0.0,0.0,0.0,6345.22639171053,1.2945774850333527,-103.161678681767,-0.44695624709129333,False,-1321.036487274412,-1309.3463568074596,6211.956980410687,-81.80559206048183,-1.2434690191926454,26.118649369124526,1027.0698449838967,-1775.0908073025464,6345.226391713724,383,0.18921551514543844,15.973296831999212,False,0.5706896781921387,-1.0,0.10000002384185791,0.0
38.499999999964984,0.009266849584254059,-0.016128569823894146,6342.132586384857,-4.152636422473613,-1.4311672380576475,-2.8058772378690042,-0.04901756385437451,-13.970722941674758,270.5435042598688,-449.4564957401311,42.28462235034933,-204.03518650510787,30.968787012345327,156.1963553239042,100.0,100.0,10508.56478595028,0.6686778817853785,11.568019746205605,5.747501869953471,-30.968787012345327,0.0,0.0,0.0,0.0,6342.132586381585,1.2899774006415294,-102.68304492793551,-0.4525241553783417,False,-1300.4462753940413,-1293.804472531343,6209.846614705155,-82.68279885265613,-1.2852695883333527,24.79542069081339,1031.5856957191618,-1795.4323927958962,6342.132586384857,384,0.2068174015880937,16.180114233587307,False,0.5706896781921387,-1.0,-0.3999999761581421,0.0
38.59999999996489,0.009302682282312433,-0.016312008004290196,6339.029120234657,-4.200352690999531,-1.4335971851156275,-2.8412701808898464,-0.03369955373576151,-13.889081274635426,269.1568715230603,-450.84312847693957,37.25320906223129,-204.75904282846528,31.128196112134805,156.0462360261369,100.0,100.0,10509.682113886594,0.6679392169026389,11.55058250944682,4.661959446523677,-31.128196112134805,0.0,0.0,0.0,0.0,6339.029120233628,1.2852040120583437,-102.21776746050114,-0.45798492431640625,False,-1279.5183270585712,-1278.7790704592624,6207.734138239789,-83.79732889063045,-1.3463070345429629,23.433227341610586,1035.57459166702,-1815.8527310375846,6339.029120234657,385,0.22212115369842161,16.402235387285728,False,0.5706896781921387,-1.0,0.10000002384185791,0.0
38.6999999999648,0.00933416355656286,-0.016496050356631264,6335.910185169241,-4.242193487604841,-1.4305344394447028,-2.799543675755599,-0.049154659984892816,-13.964680209233721,267.7580273494694,-452.2419726505305,32.219464762670945,-205.36917238690478,31.221228326719743,155.89734535969217,100.0,100.0,10510.824108112032,0.6672050398638096,11.56064873250195,5.731297523360185,-31.221228326719743,0.0,0.0,0.0,0.0,6335.910185164779,1.2802678175718214,-101.74004012195182,-0.4632859528064728,False,-1258.2494771223187,-1264.3179718335537,6205.608838518941,-85.75394538419381,-1.4266911072037203,22.058502440177616,1039.0790871165775,-1836.3403257001924,6335.910185169241,386,0.237939225826328,16.640174613112055,False,0.5706896781921387,-1.0,-0.3999999761581421,0.0
38.79999999996471,0.009360896416286957,-0.016680571494768856,6332.781436812919,-4.2900288957900115,-1.432646058950835,-2.831389090325575,-0.03393172069907319,-13.881017884919897,266.3720784430235,-453.62792155697645,27.17436509480695,-205.84865524149092,31.381410255329417,155.7506142194305,100.0,100.0,10511.993645460136,0.6664793667169225,11.544346839180822,4.646888068836119,-31.381410255329417,0.0,0.0,0.0,0.0,6332.781436808291,1.2751766871846104,-101.27707203833297,-0.46539339423179626,False,-1236.6874711502553,-1250.342062652408,6203.451624411401,-85.02883807017113,-1.3888529246135568,20.640898637732818,1042.0549890610641,-1856.8812187976691,6332.781436812919,387,0.32169936957537104,16.961873982687425,False,0.5706896781921387,-1.0,0.10000002384185791,0.0
38.89999999996462,0.009383267261449184,-0.016865487168255804,6329.637163742191,-4.331181380123864,-1.429347481708591,-2.787607775506521,-0.049143684926917085,-13.954577301825777,264.97415542397323,-455.02584457602666,22.132321906964545,-206.2150771485576,31.474288053399967,155.60505339749054,100.0,100.0,10513.187379731186,0.6657579448316444,11.555100498344633,5.715923961168663,-31.474288053399967,0.0,0.0,0.0,0.0,6329.637163739583,1.2699793580404666,-100.80547733470034,-0.46786096692085266,False,-1214.8698160300676,-1236.781730762636,6201.26567469298,-82.56705208154699,-1.3574304584606829,19.201694612922207,1044.5453115445232,-1877.466031570236,6329.637163742191,388,0.3232004019706359,17.28507438465806,False,0.5706896781921387,-1.0,-0.3999999761581421,0.0
38.99999999996453,0.009400885828810459,-0.017050653613712982,6326.483200119022,-4.377715943935727,-1.4312373271716359,-2.8177922727833984,-0.034044403919207614,-13.869711878836737,263.58925841925407,-456.4107415807458,17.085039349304047,-206.45096138500472,31.632828770324796,155.46158122820367,100.0,100.0,10514.407932488626,0.665044745877874,11.539405664560704,4.632486068326106,-31.632828770324796,0.0,0.0,0.0,0.0,6326.4832001157765,1.264619301522082,-100.34860987405924,-0.4737986922264099,False,-1192.7663922934698,-1223.7354770581574,6199.075939164805,-81.79718830085767,-1.4412433809780087,17.81437417564292,1046.5066104631803,-1898.0787602785292,6326.483200119022,389,0.25835173602217115,17.54342612068023,False,0.5706896781921387,-1.0,0.10000002384185791,0.0
39.09999999996444,0.009414141733375403,-0.01723600568279895,6323.313872327605,-4.417069004761665,-1.427770569419398,-2.773261082404161,-0.04905812971752002,-13.942599787020688,262.1925141711675,-457.8074858288324,12.04621932761953,-206.5746696525569,31.723441627691248,155.31923810182147,100.0,100.0,10515.65218860562,0.6643356395651954,11.550475560895887,5.701135620185594,-31.723441627691248,0.0,0.0,0.0,0.0,6323.313872322853,1.259092986390814,-99.87974182885584,-0.4794932007789612,False,-1170.3626384776683,-1211.2928286527645,6196.891603259352,-82.5931020119981,-1.4769840755023793,16.47135105800855,1047.9822577593497,-1918.7121526091794,6323.313872327605,390,0.27706441723283365,17.820490537913063,False,0.5706896781921387,-1.0,-0.3999999761581421,0.0
39.19999999996435,0.009422652349810889,-0.01742138159326654,6320.13518124961,-4.461439265908829,-1.4294919387736482,-2.8027545715753215,-0.03409706272349232,-13.856845420456626,260.8088421291682,-459.19115787083166,7.008242267704681,-206.56820655805643,31.878504777511278,155.17892183202824,100.0,100.0,10516.922462715513,0.6636345203095909,11.535136332925882,4.618580905374574,-31.878504777511278,0.0,0.0,0.0,0.0,6320.135181245927,1.2533980554625417,-99.42499209999801,-0.4850802421569824,False,-1147.696130083681,-1199.4125937506255,6194.7057001530475,-83.63408894965268,-1.5284237841300916,15.089569998949314,1048.929659580948,-1939.3481989624313,6320.13518124961,391,0.2933443703595139,18.113834908272576,False,0.5706896781921387,-1.0,0.10000002384185791,0.0
39.29999999996426,0.009426809567228184,-0.017606735355951933,6316.94145448418,-4.498299101219524,-1.4258938017019884,-2.758118002229626,-0.04893821411956804,-13.929802725722809,259.41339660230983,-460.58660339769006,1.9840998758018709,-206.4506863816362,31.965185830344677,155.03969825025524,100.0,100.0,10518.215863869362,0.6629373617613709,11.546354614108111,5.686813304725569,-31.965185830344677,0.0,0.0,0.0,0.0,6316.941454480191,1.2475461461906354,-98.95851559545376,-0.4905025362968445,False,-1124.770753271485,-1188.1428788598002,6192.508497203905,-85.50891230513575,-1.5977918348103552,13.695565083097264,1049.3924410238415,-1959.9817798245692,6316.94145448418,392,0.31026138954099675,18.424096297813573,False,0.5706896781921387,-1.0,-0.3999999761581421,0.0
39.399999999964166,0.009426239259221985,-0.017791887576750043,6313.738856280783,-4.539945594658637,-1.4274756345343993,-2.7873861214132245,-0.034121453066944626,-13.843211714821813,258.0310293603914,-461.9689706396085,-3.033174829709841,-206.20362569248212,32.11526094451214,154.90244103783914,100.0,100.0,10519.534375622947,0.6622479662315449,11.531259119472294,4.605089782945886,-32.11526094451214,0.0,0.0,0.0,0.0,6313.738856276275,1.2415434704203823,-98.50733549905277,-0.4926968216896057,False,-1101.6230810045379,-1177.3985943297525,6190.281254049638,-84.73138691742446,-1.5440224237229918,12.258879620393843,1049.3289543365913,-1980.5929250438148,6313.738856280783,393,0.40003269819174775,18.82412899600532,False,0.5706896781921387,-1.0,0.10000002384185791,0.0
39.499999999964075,0.009421334638800226,-0.017976811448169264,6310.521691472421,-4.573841892895992,-1.423766053908561,-2.742935385864677,-0.048804688778105176,-13.916650414766892,256.63693925406847,-463.3630607459314,-8.031306284762872,-205.8468650244579,32.19659368447152,154.76623929782585,100.0,100.0,10520.875330757373,0.661562401516136,11.542556999301203,5.672899596390912,-32.19659368447152,0.0,0.0,0.0,0.0,6310.521691468311,1.2354347017490812,-98.04837977217564,-0.49532395601272583,False,-1078.2744442976898,-1167.1039768419928,6188.027214584041,-82.21568996161261,-1.4937817202158934,10.802459231949562,1048.782971991241,-2001.1786504102024,6310.521691472421,394,0.40069955831087545,19.224828554316197,False,0.5706896781921387,-1.0,-0.3999999761581421,0.0
39.599999999963984,0.00941173090458573,-0.01816131041368837,6307.296289044598,-4.612364954516461,-1.4252243250251522,-2.772181387505635,-0.03413355131790937,-13.829147926434203,255.25591619414735,-464.7440838058525,-13.016618415918376,-205.36146018491144,32.3403560732445,154.6319411881721,100.0,100.0,10522.24037124053,0.6608843721929916,11.527659550505325,4.591972354345028,-32.3403560732445,0.0,0.0,0.0,0.0,6307.29628904157,1.2291647694715224,-97.60466093198609,-0.5013818740844727,False,-1054.7078397315468,-1157.3608455857789,6185.772439556283,-81.36868513073779,-1.5592396154020973,9.399219313718486,1047.7138842984834,-2021.7170752517895,6307.296289044598,395,0.33342282417516717,19.558251378491363,False,0.5706896781921387,-1.0,0.10000002384185791,0.0
39.69999999996389,0.009397821643140476,-0.018345376829653967,6304.056913975373,-4.6429432798572075,-1.4214145595724135,-2.7280297192053,-0.04866753847284739,-13.903313126482121,253.86321267415994,-466.1367873258399,-17.97756037428185,-204.76794998502785,32.41506959657099,154.4986579787163,100.0,100.0,10523.62705644356,0.6602100350236998,11.53901322894458,5.659365045178476,-32.41506959657099,0.0,0.0,0.0,0.0,6304.056913971008,1.222720583178825,-97.14859735150421,-0.5102839469909668,False,-1030.916839513212,-1148.3024025451398,6183.533688656035,-83.88050900261615,-1.7278438815957897,8.036215933275127,1046.1655053143977,-2042.2073486770796,6304.056913975373,396,0.278684859683089,19.836936238174452,False,0.5706896781921387,-1.0,-0.3999999761581421,0.0
39.7999999999638,0.009379252175436089,-0.01852879746563215,6300.810063724253,-4.67802532393534,-1.4227587806747342,-2.757328925212164,-0.034140830806744765,-13.814769151818238,252.48355874077058,-467.51644125922934,-22.919816167111662,-204.0469551185638,32.551306740344565,154.3672119733068,100.0,100.0,10525.03668259036,0.6595429956349089,11.52429718777424,4.5792066480709535,-32.551306740344565,0.0,0.0,0.0,0.0,6300.8100637199705,1.2160725854596013,-96.70405183061376,-0.5174688696861267,False,-1006.92326019896,-1139.978169860399,6181.288355032817,-86.87347598798983,-1.8136842087342746,6.661236697135418,1044.0983521695455,-2062.625733874171,6300.810063724253,397,0.33753645791158987,20.174472696086042,False,0.5706896781921387,-1.0,0.10000002384185791,0.0
39.89999999996371,0.009356397880605515,-0.018711636611279333,6297.549448508916,-4.705409122064216,-1.4188695962290023,-2.7118566029111886,-0.048532989291663144,-13.836508705381362,251.09493697669933,-468.9050630233005,-27.87442352750172,-203.34301587503768,32.628703161652616,154.33674472562095,100.0,100.0,13367.367822393659,0.6592853366925429,11.525857220837533,5.648539443604065,-32.628703161652616,0.0,0.0,0.0,0.0,6297.549448505129,1.209283640236294,-96.25165627866832,-0.521242618560791,False,-982.7685048864631,-1132.2725163416846,6179.007727076143,-86.68796224730197,-1.7895771152965612,5.198895095700133,1041.5542120690059,-2082.9793875676155,6297.549448508916,398,0.4363292993327559,20.610801995418797,False,0.7224137783050537,-1.0,-0.3999999761581421,0.0
39.99999999996362,0.00932890982237687,-0.018893674467579412,6294.281657439343,-4.737137606264872,-1.4201579126243995,-2.7416889648663414,-0.03407615743940341,-13.789366052137138,249.72009867253655,-470.27990132746334,-32.7662752457046,-202.39401677032254,32.75651411653369,154.21224710918722,100.0,100.0,10528.688459317136,0.6586459093602286,11.50781456437702,4.568427372969527,-32.75651411653369,0.0,0.0,0.0,0.0,6294.281657436125,1.2023530006046221,-95.81646486358628,-0.524944007396698,False,-958.4675069953587,-1125.0994179737713,6176.691817301148,-84.5487584891417,-1.7989585112158866,3.683019708820737,1038.494241426993,-2103.24384173094,6294.281657439343,399,0.452827168618428,21.063629164037224,False,0.5706896781921387,-1.0,0.10000002384185791,0.0
40.09999999996353,0.009297180789545164,-0.019074930005936637,6291.000933056734,-4.76050720642201,-1.4162580321285272,-2.697515221169776,-0.04837743818588208,-13.83361539754488,248.3328295523774,-471.6671704476225,-37.66951523263645,-201.45680949263112,32.825048759007295,154.18453608432588,100.0,100.0,13371.60371867206,0.6583988031621921,11.509690791841386,5.638058692458951,-32.825048759007295,0.0,0.0,0.0,0.0,6291.000933053623,1.195286819922602,-95.37115110513979,-0.530811071395874,False,-934.0215163923834,-1118.5145210244239,6174.356387300269,-83.89243515698993,-1.9407026519646946,2.187217335997656,1034.9621654921677,-2123.4212082608665,6291.000933056734,400,0.41169323699370847,21.475322401030933,False,0.7224137783050537,-1.0,-0.3999999761581421,0.0
40.19999999996344,0.009260872551701495,-0.01925516771279229,6287.714005691555,-4.78801982004429,-1.4175450056713492,-2.728628599687515,-0.034004717659788894,-13.792171738996384,246.95794189012278,-473.0420581098771,-42.499012204266556,-200.27801495724603,32.9434484243764,154.06267168029459,100.0,100.0,10532.418691151357,0.6577695454717905,11.493300072881246,4.558579454014647,-32.9434484243764,0.0,0.0,0.0,0.0,6287.714005689179,1.1880341240332943,-94.93818305165408,-0.5394715070724487,False,-909.4430936546518,-1112.6339034307234,6172.008507845808,-86.55204812895994,-2.2001428124115883,0.7285922489087996,1030.9203324554105,-2143.485269788038,6287.714005691555,401,0.3560676427773394,21.831390043808273,False,0.5706896781921387,-1.0,0.10000002384185791,0.0
40.29999999996335,0.00922037578158302,-0.01943442540885026,6284.415024051029,-4.807129214304182,-1.41365656376835,-2.6858907908904293,-0.04823791519861248,-13.83926997821693,245.57023997476907,-474.42976002523073,-47.34100872496023,-199.11068873689518,33.00264187910633,154.03750676419125,100.0,100.0,13375.926588317305,0.6575322106842344,11.496994538203017,5.628798241914841,-33.00264187910633,0.0,0.0,0.0,0.0,6284.415024047305,1.1806154832218625,-94.49141348793873,-0.5461138486862183,False,-884.7607997077797,-1107.494358311155,6169.621085996649,-89.66278191372902,-2.3833462357364286,359.2725554037529,1026.4122320058218,-2163.440236513211,6284.415024051029,402,0.42450043600785936,22.255890479816134,False,0.7224137783050537,-1.0,-0.3999999761581421,0.0
40.399999999963256,0.009175363582921668,-0.01961245185823301,6281.11085529525,-4.830489197090978,-1.4149450587167924,-2.71812331465091,-0.0339571841859194,-13.795388934223439,244.19488372630863,-475.80511627369117,-52.09849463287223,-197.7055695508994,33.11124241200044,153.91798906354154,100.0,100.0,10536.220704694111,0.6569120358378645,11.48238998138601,4.549899518617012,-33.11124241200044,0.0,0.0,0.0,0.0,6281.110855291274,1.1730454097058252,-94.0589581291506,-0.5493900179862976,False,-860.0001597053007,-1102.973394561327,6167.169910101557,-89.57049364835386,-2.4628567956812635,357.75199005003117,1021.4014740508401,-2183.2581408584983,6281.11085529525,403,0.5307365867134227,22.786627066529558,False,0.5706896781921387,-1.0,0.10000002384185791,0.0
40.499999999963165,0.009126223655729022,-0.01978930347780521,6277.795550062162,-4.845517694387393,-1.4110567751006975,-2.6764414361377633,-0.048126722304218925,-13.842233324132291,242.80687600164828,-477.19312399835155,-56.8694753721523,-196.3114731360867,33.16070244749863,153.8950739437738,100.0,100.0,13380.327488593271,0.6566833451059847,11.48755488488797,5.620605614638531,-33.16070244749863,0.0,0.0,0.0,0.0,6277.795550058566,1.1653663118204367,-93.6179339837549,-0.5526848435401917,False,-835.1642767280216,-1098.9866143251115,6164.6578657583805,-87.49254946009269,-2.5785159809391325,356.1996513929068,1015.9312173557548,-2202.945263149276,6277.795550062162,404,0.5445446611926074,23.331171727722165,False,0.7224137783050537,-1.0,-0.3999999761581421,0.0
40.599999999963075,0.009072641292813762,-0.01996471385277659,6274.476112280176,-4.864925740890379,-1.4123292140476915,-2.7093570348719767,-0.0339379939469565,-13.795121454680348,241.43136874346922,-478.5686312565305,-61.54521753640418,-194.68388490535247,33.25912028732227,153.77762469547764,100.0,100.0,10540.08717041457,0.6560712031838752,11.474243256726892,4.542119881738091,-33.25912028732227,0.0,0.0,0.0,0.0,6274.476112275033,1.1575385528370847,-93.19243336052168,-0.5582224130630493,False,-810.2617982654973,-1095.594365000244,6162.097028640372,-86.8274358663964,-2.823760318644186,354.6885078049515,1009.966428716028,-2222.47194609109,6274.476112280176,405,0.5002939216167688,23.831465649338934,False,0.5706896781921387,-1.0,0.10000002384185791,0.0
40.699999999962984,0.009015000471904911,-0.02013875782666894,6271.146496148488,-4.876044456093964,-1.4084225382976938,-2.668288750945556,-0.04803972437630012,-13.84174873668077,240.04340556493688,-479.9565944350628,-66.23528716355266,-193.06684561131541,33.298412521678586,153.756704475819,100.0,100.0,13384.797828463477,0.6558502008641556,11.480404994175567,5.613198055984333,-33.298412521678586,0.0,0.0,0.0,0.0,6271.146496145178,1.1495597100278738,-92.75473868669388,-0.5665249228477478,False,-785.320736938564,-1092.9122764617543,6159.488671633816,-89.41584275895737,-3.1822921974991027,353.2354619219317,1003.5498525324548,-2241.846521264786,6271.146496148488,406,0.4395274565029829,24.270993105841917,False,0.7224137783050537,-1.0,-0.3999999761581421,0.0
40.79999999996289,0.008952999506729719,-0.02031115444083528,6267.813847357616,-4.891619637660309,-1.4096612709171108,-2.7015010396022814,-0.033938942596875334,-13.791784717999068,238.66807645396642,-481.3319235460333,-70.81948123054548,-191.22115449139662,33.38619210941602,153.64109253687977,100.0,100.0,10544.011318958968,0.6552452366922198,11.467967389660245,4.534990094223376,-33.38619210941602,0.0,0.0,0.0,0.0,6267.813847354245,1.1414054138350727,-92.32911786253756,-0.5727893114089966,False,-760.3749886487882,-1090.974397163536,6156.804869473082,-92.43350133231878,-3.4640068497654695,351.78985769871633,996.6479050891522,-2261.0377123537833,6267.813847357616,407,0.5152043051750221,24.78619741101694,False,0.5706896781921387,-1.0,0.10000002384185791,0.0
40.8999999999628,0.00888701787903306,-0.020481996779262455,6264.4720254665945,-4.898892672442925,-1.4057223436353015,-2.6607261968248923,-0.047967466036367076,-13.83864283487921,237.2804438319222,-482.7195561680775,-75.41870880689532,-189.38552897509032,33.414806939852774,153.62195607342005,100.0,100.0,13389.329731590804,0.655031148727146,11.474780465774755,5.606359813289528,-33.414806939852774,0.0,0.0,0.0,0.0,6264.472025462473,1.1331334788365635,-91.89359772517156,-0.5756835341453552,False,-735.43371751743,-1089.6553405304107,6154.027881444168,-92.27400812391677,-3.6418471562005132,350.2752228580518,989.3028302939603,-2280.0558814674964,6264.4720254665945,408,0.6280780636913026,25.41427547470824,False,0.7224137783050537,-1.0,-0.3999999761581421,0.0
40.99999999996271,0.008816767686515424,-0.020650990016229564,6261.128323890388,-4.910646898261986,-1.4069165447506322,-2.6939923059237976,-0.03394997431467475,-13.786211868388218,235.9055372920918,-484.09446270790784,-79.90158781318944,-187.32662124900352,33.49142661846488,153.5079867110523,100.0,100.0,10547.986849014776,0.6544326589576497,11.462933579684886,4.528334179225824,-33.49142661846488,0.0,0.0,0.0,0.0,6261.128323886092,1.1247381359592912,-91.47564289497207,-0.5785842537879944,False,-710.488386883759,-1088.8707497770367,6151.164662971679,-90.13148317697534,-3.8500119425282255,348.72867860291296,981.482578862897,-2298.868208606675,6261.128323890388,409,0.6456808746790197,26.05995634938726,False,0.5706896781921387,-1.0,0.10000002384185791,0.0
41.09999999996262,0.008742623112226275,-0.02081824524787781,6257.776506958562,-4.9140439870571155,-1.4029385843367712,-2.6533336266841427,-0.04790170552398441,-13.833687209702143,234.51844038708492,-485.4815596129148,-84.40011487062168,-185.27728648700733,33.508804424902955,153.49045240749066,100.0,100.0,13393.91577313887,0.6542248356725937,11.470170571825289,5.599943779215249,-33.508804424902955,0.0,0.0,0.0,0.0,6257.776506954297,1.1162273506649119,-91.04906029783425,-0.5836868286132812,False,-685.5552192503824,-1088.6790361290314,6148.224755129305,-89.37635383208237,-4.177747240521354,347.227513768608,973.2288048530289,-2317.487060993758,6257.776506958562,410,0.5978662251263646,26.657822574513624,False,0.7224137783050537,-1.0,-0.3999999761581421,0.0
41.19999999996253,0.008664310736516042,-0.0209834544865369,6254.4240207293815,-4.921914081849589,-1.4040842852108528,-2.686537551355264,-0.03396375315535529,-13.779038138122452,233.14412980626997,-486.85587019372974,-88.77204428756811,-183.01054942797137,33.57371279905302,153.37795387501112,100.0,100.0,10552.007700625314,0.6536322146523033,11.4587312085497,4.522033434568974,-33.57371279905302,0.0,0.0,0.0,0.0,6254.424020727112,1.1075558572300919,-90.63605185930778,-0.5914625525474548,False,-660.6773689412022,-1089.1912031290037,6145.205242925325,-91.82584364219841,-4.608945136051732,345.7884096398335,964.5110711889658,-2335.878153441288,6254.4240207293815,411,0.5371174573927289,27.194940031906352,False,0.5706896781921387,-1.0,0.10000002384185791,0.0
41.29999999996244,0.00858219862579892,-0.0211467465655528,6251.064531257612,-4.921349014698074,-1.4000661382498998,-2.645921499101785,-0.04783731858306139,-13.827413936753832,231.757715174427,-488.2422848255727,-93.16016875810524,-180.75288011429478,33.57928175572452,153.36185798247683,100.0,100.0,13398.548726675976,0.6534300834823688,11.466245467357808,5.593849977451301,-33.57928175572452,0.0,0.0,0.0,0.0,6251.064531253802,1.0987466493121771,-90.21071526946866,-0.5971930027008057,False,-635.893720208804,-1090.4370612278374,6142.078398687199,-94.70059782024819,-4.961241552382923,344.353006426035,955.3703510239359,-2354.0558276773377,6251.064531257612,412,0.6172099743030319,27.812150006209386,False,0.7224137783050537,-1.0,-0.3999999761581421,0.0
41.39999999996235,0.008496028486361721,-0.021307801065196752,6247.705640707997,-4.9252344271557105,-1.4011641187888109,-2.679028128464066,-0.03397628803923873,-13.77068926701282,230.38412569483637,-489.6158743051634,-97.41171658326455,-178.28417783499376,33.63193275715183,153.25067204268143,100.0,100.0,10556.067889373906,0.6528427848674293,11.455095998323676,4.516006728050722,-33.63193275715183,0.0,0.0,0.0,0.0,6247.705640704728,1.089808618157264,-89.80125053450467,-0.5995823740959167,False,-611.1968942753251,-1092.291377955331,6138.832690859306,-94.43424507109614,-5.208674096894668,342.84309538924686,945.7778911017867,-2371.9844145777024,6247.705640707997,413,0.7405588325753781,28.552708838784763,False,0.5706896781921387,-1.0,0.10000002384185791,0.0
41.499999999962256,0.008406161447339477,-0.021466764235534754,6244.340912225524,-4.92059852778704,-1.3971080906049116,-2.6384397422441963,-0.04777191186599305,-13.820167209178027,228.99850124929176,-491.001498750708,-101.67995397080325,-175.8240226774822,33.625138801716176,153.2358609818042,100.0,100.0,13403.2213998132,0.652645819151938,11.4627935098687,5.5880087387643504,-33.625138801716176,0.0,0.0,0.0,0.0,6244.340912222925,1.0807797614013595,-89.38529757825658,-0.6019589900970459,False,-586.566695307221,-1094.671605818811,6135.478909440968,-92.19401143413631,-5.480529434099077,341.30013843764016,935.7738923178306,-2389.680194699729,6244.340912225524,414,0.7590734503108292,29.311782289095593,False,0.7224137783050537,-1.0,-0.3999999761581421,0.0
41.599999999962165,0.008312224778638395,-0.021623186701566464,6240.9826461551875,-4.981965385094693,-1.418541068912208,-2.841035931023453,-0.05143027915230828,-13.762742310373293,227.62213657686416,-492.3778634231355,-106.23560465817368,-172.75567156754025,33.56079209521607,153.02151806553647,100.0,100.0,10559.407996730084,0.6516409422240275,11.226003066129449,5.62476309281533,-33.56079209521607,0.0,0.0,0.0,0.0,6240.982646152266,1.0716134579182395,-88.98291331357981,-0.6064544916152954,False,-562.0262151971398,-1097.6323358064064,6132.0250705524,-91.33008158879731,-5.862662850518892,339.8045364970147,925.3168623580261,-2407.0931436183787,6240.9826461551875,415,0.7202513841778742,30.032033673273467,False,0.5706896781921387,-1.0,-0.3999999761581421,0.0
41.699999999962074,0.008214363825181759,-0.021776929923415254,6237.6191196285545,-5.030163327302971,-1.4382909496356913,-3.0724703660294264,-0.033647776124339404,-13.970651578962011,226.2415713296673,-493.7584286703324,-110.23259129542201,-170.0021313542261,33.74688290187368,152.9223967594573,100.0,100.0,10561.19567179074,0.6511027676967329,11.178320976410586,4.4337324144707795,-33.74688290187368,0.0,0.0,0.0,0.0,6237.619119626301,1.062292095085074,-88.57739894478873,-0.6134941577911377,False,-537.6330068858804,-1101.2778345047684,6128.465570820147,-93.63130531016168,-6.339262263302382,338.3733391807352,914.4229810192334,-2424.207839074586,6237.6191196285545,416,0.6535820573356077,30.685615730609076,False,0.5706896781921387,-1.0,0.10000002384185791,0.0
41.79999999996198,0.008113056664896218,-0.021928295991460456,6234.235143314544,-5.085928040907576,-1.4443711675610373,-3.134745341309109,-0.05029334118619459,-14.174388164859307,224.82775195916992,-495.1722480408298,-114.16740088348452,-167.15660634880962,33.9105720366339,152.82465860695285,100.0,100.0,10563.011546657865,0.6505695046676954,11.198220549404994,5.504599875804461,-33.9105720366339,0.0,0.0,0.0,0.0,6234.23514331185,1.0528505480549843,-88.1387040262747,-0.6185030937194824,False,-513.4304488052088,-1105.6329674125145,6124.773512960208,-96.35579147687194,-6.735397070448171,336.94303338196534,903.145467936247,-2441.057909769378,6234.235143314544,417,0.7400934313021986,31.425709161911275,False,0.5706896781921387,-1.0,-0.3999999761581421,0.0
41.89999999996189,0.008008091281463034,-0.022076919037400323,6230.832692738692,-5.1693804945332715,-1.4504740170840136,-3.197406663773474,-0.03847563666852912,-14.15330215259635,223.41724028021181,-496.58275971978793,-118.031597011508,-164.20123563378456,34.166576474466346,152.72838395845105,100.0,100.0,10564.854703715944,0.6500415590840929,11.209844693465332,4.433591690432068,-34.166576474466346,0.0,0.0,0.0,0.0,6230.8326927376565,1.0432938540738317,-87.70674755328268,-0.6202437877655029,False,-489.39502766165464,-1110.5755522862657,6120.94250521043,-95.97087257273996,-7.025925630731269,335.4342559705924,891.4607214524649,-2457.6026272434037,6230.832692738692,418,0.8722657334071049,32.29797489531838,False,0.5706896781921387,-1.0,0.10000002384185791,0.0
41.9999999999618,0.00789979559366977,-0.02222299393678564,6227.404657558752,-5.259089422696828,-1.4472551089823824,-3.1337481596184613,-0.05366672994089388,-14.194822514826981,221.99339050933554,-498.00660949066423,-121.83025443521176,-161.15905846849603,34.36780325164771,152.63168840095247,100.0,100.0,10566.716963175184,0.6495110120028089,11.259168431266998,5.511081910618409,-34.36780325164771,0.0,0.0,0.0,0.0,6227.404657556133,1.0336672566700615,-87.26873509558915,-0.619318425655365,False,-465.48244895090323,-1115.9872994194154,6116.989671020303,-92.56574596772442,-7.251026967853283,333.8672137050336,879.4052454873189,-2473.863685042977,6227.404657558752,419,0.9832306647628073,33.28120556008119,False,0.5706896781921387,-1.0,-0.3999999761581421,0.0
42.09999999996171,0.00778797358132945,-0.02236614585711983,6223.9559832531995,-5.359427102123312,-1.4468753057963568,-3.1106088905985434,-0.04092735887923019,-14.099737862292843,220.58457062578958,-499.4154293742102,-125.5537571180999,-158.0135248341573,34.63006306996796,152.53527054580817,100.0,100.0,10568.599670453012,0.6489808953073836,11.281861896115512,4.442953980441468,-34.63006306996796,0.0,0.0,0.0,0.0,6223.955983251371,1.0239613945138084,-86.85503247694538,-0.6191673874855042,False,-441.67441657853203,-1121.807226471598,6112.939708529127,-87.82759015340066,-7.419758071150529,332.3088536236642,866.9572190735944,-2489.7993568145794,6223.9559832531995,420,0.9792787199948999,34.26048428007609,False,0.5706896781921387,-1.0,0.10000002384185791,0.0
42.19999999996162,0.007672943351598109,-0.022506587875770073,6220.482025561774,-5.450538286942526,-1.4400683947168276,-3.0029527937631677,-0.05399224219737708,-14.104964263382644,219.16802404832686,-500.8319759516729,-129.20697209164197,-154.78798309724434,34.81888789201665,152.43815478417127,100.0,100.0,10570.499373351771,0.6484470727489065,11.329132260325604,5.519561774491334,-34.81888789201665,0.0,0.0,0.0,0.0,6220.482025560276,1.0141860201347477,-86.43982537029629,-0.6225981712341309,False,-418.0417066974484,-1128.130893777364,6108.819297819409,-84.97646766435322,-7.595814155899157,330.84371725312093,854.1520538999015,-2505.4333623307243,6220.482025561774,421,0.8763960157741639,35.136880295850254,False,0.5706896781921387,-1.0,-0.3999999761581421,0.0
42.29999999996153,0.007554528049273402,-0.02264393989744735,6216.989552988259,-5.540064115511658,-1.437690972283376,-2.962124015646526,-0.04036149945352069,-13.993655091096082,217.76906944965933,-502.2309305503404,-132.77912663618577,-151.46613461834622,35.0551380273404,152.34140494672184,100.0,100.0,10572.418635760518,0.6479141279171714,11.344737136446767,4.449959740021826,-35.0551380273404,0.0,0.0,0.0,0.0,6216.989552986652,1.0043020116677437,-86.04581947710577,-0.6260161399841309,False,-394.6400453758218,-1135.037509305909,6104.647416925156,-83.84294118176487,-7.640337641554465,329.4625439654312,840.9700624451151,-2520.7233893838393,6216.989552988259,422,0.9010824471967811,36.03796274304703,False,0.5706896781921387,-1.0,0.10000002384185791,0.0
42.39999999996144,0.007432991640933916,-0.022778465937609713,6213.473967559764,-5.613741315264721,-1.4302252575722008,-2.8543834221021953,-0.052543383546167076,-13.951859283634075,216.3655942422001,-503.63440575779964,-136.38014581742144,-148.14915360103907,35.22419492362948,152.3448515527497,100.0,100.0,13421.848229656087,0.647785966958346,11.37148954049055,5.526042828967059,-35.22419492362948,0.0,0.0,0.0,0.0,6213.47396755764,0.994337692616633,-85.65295982647488,-0.6295142769813538,False,-371.4501002468673,-1142.4813139533271,6100.435905738455,-83.04272978402322,-7.621644196336543,328.083402203218,827.4406294687635,-2535.698828174713,6213.473967559764,423,0.9200139807767891,36.95797672382382,False,0.7224137783050537,-1.0,-0.3999999761581421,0.0
42.49999999996135,0.007308167430024014,-0.0229097863070729,6209.942787726349,-5.682266908756584,-1.427899300178765,-2.82612243702501,-0.03861477654666487,-13.884973325510039,214.98002513058262,-505.01997486941707,-139.79504424331896,-144.66596026263844,35.42518069739823,152.25274378151786,100.0,100.0,10577.054499543992,0.6472704990259567,11.373451843640511,4.4535699574723795,-35.42518069739823,0.0,0.0,0.0,0.0,6209.942787723477,0.9842622425041782,-85.28251161110818,-0.6328426599502563,False,-348.5050489693392,-1150.497521932654,6096.193007073533,-83.12119996006,-7.557731093474367,326.7295319311339,813.5451983102732,-2550.317411703355,6209.942787726349,424,0.9516200664551363,37.909596790278954,False,0.5706896781921387,-1.0,0.10000002384185791,0.0
42.599999999961256,0.007180361715873245,-0.02303813868951694,6206.3918880619085,-5.733636708734263,-1.4209431984798797,-2.7366908230553197,-0.05073618482147873,-13.883343503969241,213.5854293761445,-506.4145706238552,-143.23293328381547,-141.18572613151323,35.55859836039581,152.25709060026907,100.0,100.0,13427.22096302604,0.647144692207912,11.390551047811863,5.527736353168964,-35.55859836039581,0.0,0.0,0.0,0.0,6206.391888058639,0.9741072160142863,-84.90940592091862,-0.6361907720565796,False,-325.78789112439307,-1159.0390512911824,6091.9204056,-82.84927496558154,-7.495318870649549,325.35784008726046,799.3178662110096,-2564.605598917026,6206.3918880619085,425,0.9739744181241204,38.883571208403076,False,0.7224137783050537,-1.0,-0.3999999761581421,0.0
42.699999999961165,0.007049426863396265,-0.02316313819966284,6202.829105636904,-5.780613514400957,-1.419334734813531,-2.7285614515817174,-0.036901299304605915,-13.829490498387132,212.2060630704986,-507.79393692950106,-146.47645278879625,-137.54920675107786,35.72494472209875,152.166104330713,100.0,100.0,10581.762385009677,0.6466327359062154,11.386129631620598,4.453554020882509,-35.72494472209875,0.0,0.0,0.0,0.0,6202.82910563468,0.9638322071561841,-84.5554110657622,-0.6425334811210632,False,-303.3540559705468,-1168.179694169302,6087.625799344522,-85.33368192298911,-7.601001517927007,324.0020427044397,784.7421984332723,-2578.5205443864675,6202.829105636904,426,0.8884410624678301,39.7720122708709,False,0.5706896781921387,-1.0,0.10000002384185791,0.0
42.799999999961074,0.006915658002605037,-0.023285037220279803,6199.249788354073,-5.812087934509659,-1.413123996225297,-2.6581549417896637,-0.049257352264439176,-13.847037090668302,210.81609741430663,-509.1839025856931,-149.74232112778503,-133.9157527286313,35.82585264488944,152.1718163062577,100.0,100.0,13432.67371780879,0.646511442065251,11.398243823216799,5.526879059781138,-35.82585264488944,0.0,0.0,0.0,0.0,6199.24978835167,0.9534518115547259,-84.19261861956274,-0.6478345394134521,False,-281.2654986212052,-1177.9717120151302,6083.290512229362,-88.00279841505717,-7.66719509602592,322.6631863692205,769.8510488499927,-2592.0903433615476,6199.249788354073,427,0.9524927755080456,40.72450504637895,False,0.7224137783050537,-1.0,-0.3999999761581421,0.0
42.89999999996098,0.0067789265447279435,-0.02340344521289791,6195.661898118416,-5.8414582727805575,-1.4122439520009287,-2.6672335713557,-0.03564252287986506,-13.796557869488053,209.44020259639018,-510.55979740360954,-152.8064414549875,-130.13540827459397,35.96175528223098,152.08219927570622,100.0,100.0,10586.537285087446,0.6460042618436046,11.390492562095929,4.451674154886425,-35.96175528223098,0.0,0.0,0.0,0.0,6195.661898116386,0.9429677187297081,-83.84906873858765,-0.649665117263794,False,-259.4813500336853,-1188.3124387555852,6078.893732533157,-87.45953584276074,-7.6399269500867755,321.25562402335686,754.6301029591147,-2605.2715210997953,6195.661898118416,428,1.114929522205775,41.83943456858473,False,0.5706896781921387,-1.0,0.10000002384185791,0.0
42.99999999996089,0.006639515387318561,-0.023518628117454286,6192.060258414281,-5.85744136399204,-1.4066460364933404,-2.6110314188010126,-0.048254166548699844,-13.825779053349823,208.05297937631406,-511.9470206236857,-155.89266726353264,-126.3576109809048,36.03439874895645,152.08937119667826,100.0,100.0,13438.198620210638,0.6458881073321134,11.400030987310576,5.524747628473377,-36.03439874895645,0.0,0.0,0.0,0.0,6192.0602584115795,0.9324180357745437,-83.50270922883716,-0.6513941884040833,False,-237.95491325526515,-1199.1228802415105,6074.439983807919,-84.90310968741089,-7.634084623799006,319.7938235731347,739.1108529163023,-2618.093682035011,6192.060258414281,429,1.145104105069479,42.98453867365421,False,0.7224137783050537,-1.0,-0.3999999761581421,0.0
43.0999999999608,0.006497265062031321,-0.023630215674475197,6188.45228526679,-5.873862507677097,-1.406302437411142,-2.630154802524221,-0.034824939705723416,-13.721115155850622,206.68191062071662,-513.3180893792832,-158.88686763929493,-122.5014133326469,36.15704041748146,152.10187151662322,100.0,100.0,13441.468911546523,0.6457932711140436,11.38073747470601,4.450759439085279,-36.15704041748146,0.0,0.0,0.0,0.0,6188.452285264542,0.921769254977229,-83.17973653891504,-0.6553351879119873,False,-216.72622366764926,-1210.4449308798585,6069.948138648051,-83.68710489838273,-7.733591646842303,318.3530159677953,723.2755467053267,-2630.515608882579,6188.45228526679,430,1.0865069898415556,44.07104566349576,False,0.7224137783050537,-1.0,0.10000002384185791,0.0
43.19999999996071,0.006352434966790483,-0.02373849011545207,6184.832272986559,-5.878668783106469,-1.401157158020094,-2.5832848067241834,-0.047636990282825524,-13.801135171080608,205.29994434106462,-514.7000556589351,-161.79229693539736,-118.5885844789132,36.20496374932476,152.11468817542524,100.0,100.0,13444.75316003282,0.6456992499170618,11.385476679944713,5.524308495206788,-36.20496374932476,0.0,0.0,0.0,0.0,6184.832272982915,0.9110357249729639,-82.85131072832687,-0.6589248180389404,False,-195.85344205260427,-1222.3242501989405,6065.427411979822,-83.88393889664714,-7.792094449894858,316.9507789953478,707.1530605031166,-2642.5687196521244,6184.832272986559,431,1.128492356224744,45.19953801972051,False,0.7224137783050537,-1.0,-0.3999999761581421,0.0
43.29999999996062,0.006204943683968421,-0.02384304337916758,6181.208499556679,-5.884841345305994,-1.4012173744323475,-2.6102579271465047,-0.034317907838811716,-13.716450265401653,203.93026749607583,-516.0697325039239,-164.5972693197388,-114.5990063467899,36.303826291191506,152.12854433736496,100.0,100.0,13448.05077367319,0.6456092994644161,11.365699004494882,4.449514646059915,-36.303826291191506,0.0,0.0,0.0,0.0,6181.2084995548785,0.9002151043281671,-82.54384466255696,-0.6592977046966553,False,-175.29006612120563,-1234.6755714673645,6060.871428350946,-82.16485816133562,-7.673658721674788,315.5278153362801,690.7343308993646,-2654.207588968935,6181.208499556679,432,1.2928424335548911,46.492380453275395,False,0.7224137783050537,-1.0,0.10000002384185791,0.0
43.39999999996053,0.006055036306572866,-0.023944169561138092,6177.574899584976,-5.880327200766468,-1.3963872056668805,-2.5693987986555635,-0.04728364137923064,-13.80981668194942,202.5480749457859,-517.4519250542138,-167.31098368089323,-110.55695932987747,36.329031981190376,152.14263180101506,100.0,100.0,13451.359616835281,0.6455199073084626,11.371503305976931,5.524341986721742,-36.329031981190376,0.0,0.0,0.0,0.0,6177.574899583928,0.8893436504458896,-82.23602700073167,-0.6600651741027832,False,-154.98497010591092,-1247.4319821420117,6056.288690037016,-78.96625570993658,-7.500390329429318,314.0880622143989,674.0466416476914,-2665.4649555458923,6177.574899584976,433,1.3046092983260589,47.79698975160145,False,0.7224137783050537,-1.0,-0.3999999761581421,0.0
43.49999999996044,0.005902650913445969,-0.024041456713034308,6173.939863653276,-5.878195818309003,-1.396713364603576,-2.6010401390513063,-0.03404471697315883,-13.724457533350593,201.17753679946742,-518.8224632005323,-169.92103094104937,-106.44216073569821,36.406148801219814,152.15759057114062,100.0,100.0,13454.678225165015,0.6454339965771502,11.35333852209575,4.449114348362842,-36.406148801219814,0.0,0.0,0.0,0.0,6173.939863651999,0.8783880577887279,-81.94896871946177,-0.6642166376113892,False,-135.01747315341555,-1260.6557795375345,6051.717693353999,-77.49390889007364,-7.400865902604318,312.69560850772933,657.0830996848052,-2676.294961294979,6173.939863653276,434,1.1926459468199855,48.98963569842144,False,0.7224137783050537,-1.0,0.10000002384185791,0.0
43.599999999960346,0.005748017985284452,-0.024135209700066225,6170.297043341393,-5.866135882410314,-1.3920770201165868,-2.563467962649139,-0.04710822259578451,-13.820979936727193,199.7943815785306,-520.2056184214691,-172.43749592266562,-102.27898101321527,36.410248775746545,152.1725982993285,100.0,100.0,13458.004592916674,0.6453479880105253,11.360787528338793,5.525316260953782,-36.410248775746545,0.0,0.0,0.0,0.0,6170.297043339887,0.8673641339607208,-81.65600366920746,-0.668104350566864,False,-115.46528234661135,-1274.3931258403804,6047.1832730301085,-77.58146918673022,-7.250267665089375,311.3608236269347,639.8693621218653,-2686.7315438113724,6170.297043341393,435,1.2323526375132903,50.221988335934725,False,0.7224137783050537,-1.0,-0.3999999761581421,0.0
43.699999999960255,0.005591095350017059,-0.024225013556416302,6166.6549627997165,-5.857179036040089,-1.3925592235247073,-2.5974678372342344,-0.03392048740569015,-13.731233339897782,198.42293351963926,-521.5770664803604,-174.847169386076,-98.04730150169905,36.466829183836786,152.1882922299546,100.0,100.0,13461.337106029265,0.645264798180645,11.34412044214359,4.449570407592039,-36.466829183836786,0.0,0.0,0.0,0.0,6166.6549628000785,0.856256931107182,-81.38352932540904,-0.6718596816062927,False,-96.29699516013348,-1288.5996918301528,6042.679684385106,-78.01503494210624,-7.089802672575964,310.00611103411865,622.400734363899,-2696.7285091002627,6166.6549627997165,436,1.2698548207849176,51.49184315671964,False,0.7224137783050537,-1.0,0.10000002384185791,0.0
43.799999999960164,0.005432098446185251,-0.024311183349161845,6163.007041476291,-5.838756068188178,-1.388030405660778,-2.5613724609361093,-0.047036594627442696,-13.829012072736532,197.0390391363627,-522.960960863637,-177.1610511393314,-93.77155925364987,36.450732813056426,152.20386424465102,100.0,100.0,13464.674105030259,0.6451808977545045,11.352869096863726,5.527051817261266,-36.450732813056426,0.0,0.0,0.0,0.0,6163.00704147432,0.8450849261315582,-81.10654762438553,-0.6752548217773438,False,-77.55504816752392,-1303.2950834519163,6038.2096386895,-79.22531815851094,-6.9378311196904825,308.6536513832196,604.7011990293421,-2706.3209304286966,6163.007041476291,437,1.3162934474450725,52.80813660416471,False,0.7224137783050537,-1.0,-0.3999999761581421,0.0
43.89999999996007,0.005270956630137362,-0.024393134140147453,6159.366704800737,-5.882875338245555,-1.408793754655324,-2.7638040966907123,-0.05051363835166962,-13.739327375525116,195.66328365369458,-524.3367163463051,-179.52058544334292,-88.85890050382856,36.3760990179118,152.11499835109487,100.0,100.0,13467.047937311352,0.6446757010369383,11.111216702135827,5.569821149485981,-36.3760990179118,0.0,0.0,0.0,0.0,6159.366704798775,0.8338247285208445,-80.84757011635106,-0.6784621477127075,False,-59.210080723202694,-1318.4364276136664,6033.759021152589,-80.13515152461906,-6.82695412101291,307.26427818613695,586.7628920668911,-2715.4436924812144,6159.366704800737,438,1.3696849800726714,54.17782158423738,False,0.7224137783050537,-1.0,-0.3999999761581421,0.0
43.99999999995998,0.005107854592800249,-0.02447082329943971,6155.722830693484,-5.914950049509823,-1.4278850857790881,-2.9948295997119567,-0.03360912356456726,-13.992406064045761,194.2829576731993,-525.7170423268003,-181.45247756288663,-84.46982805981318,36.53981436915654,152.04451789100207,100.0,100.0,10616.259505485761,0.6442447270176536,11.06764041161534,4.377747203098989,-36.53981436915654,0.0,0.0,0.0,0.0,6155.722830692947,0.8224764377717294,-80.59243826878223,-0.6812360882759094,False,-41.309485544657015,-1334.040045911777,6029.324159283239,-81.56185969554764,-6.758838392435219,305.87043238133776,568.6063732705237,-2724.0920496936283,6155.722830693484,439,1.4164081193438485,55.59422970358123,False,0.5706896781921387,-1.0,0.10000002384185791,0.0
44.09999999995989,0.004943046640769256,-0.024544751132629716,6152.06003795085,-5.954100680455035,-1.433464081375292,-3.0573607338589164,-0.04967024680274795,-14.168314309663074,192.86827047893706,-527.1317295210627,-183.4075342240381,-80.06194358008825,36.69125230607746,152.07174385616852,100.0,100.0,13473.054138597916,0.6442074668109115,11.083812806863271,5.457911756035693,-36.69125230607746,0.0,0.0,0.0,0.0,6152.060037950427,0.8110889383199646,-80.3156538824043,-0.6807078123092651,False,-23.788562472040066,-1350.0377503477334,6024.8825903241905,-80.37789559636202,-6.579942063585455,304.4500898193242,550.2599520504335,-2732.32169608434,6152.06003795085,440,1.6072353232090213,57.201465026790245,False,0.7224137783050537,-1.0,-0.3999999761581421,0.0
44.1999999999598,0.004776534116691331,-0.024614493568053206,6148.381096233676,-6.020038439581986,-1.4390960103449133,-3.1223051565152504,-0.0383921205470889,-14.191079868923877,191.45631996888088,-528.5436800311188,-185.12406968484666,-75.56475616367965,36.91734892625773,152.0030067034537,100.0,100.0,10621.499239711882,0.6437823306782907,11.09851067563373,4.384906157049299,-36.91734892625773,0.0,0.0,0.0,0.0,6148.38109623364,0.7996522631384537,-80.05784671853002,-0.680543839931488,False,-6.585624724314431,-1366.3739774689864,6020.433853108326,-77.44049733827562,-6.384542935551333,303.0095278217138,531.723777870079,-2740.085423995683,6148.381096233676,441,1.6268247199405295,58.828289746730775,False,0.5706896781921387,-1.0,0.10000002384185791,0.0
44.29999999995971,0.004608500859825489,-0.0246803820379532,6144.678793725166,-6.091528420153244,-1.4355129324290272,-3.0609124065819446,-0.05307373240940106,-14.203448142425986,190.03004428321563,-529.969955716784,-186.86487511616087,-71.04925755965183,37.09966505241053,152.03023048692995,100.0,100.0,13479.145280942605,0.6437435527323548,11.143564558572262,5.472267497689432,-37.09966505241053,0.0,0.0,0.0,0.0,6144.6787937236595,0.7881747220696721,-79.79922041421824,-0.6839208602905273,False,10.214439925530014,-1383.1045864293249,6016.0154986616135,-76.00558221640524,-6.277774443729229,301.6201343641787,513.0183157157735,-2747.4201284649503,6144.678793725166,442,1.4895829748338085,60.317872721564584,False,0.7224137783050537,-1.0,-0.3999999761581421,0.0
44.39999999995962,0.004438966633640685,-0.024741992645423903,6140.958816793576,-6.1730058720092575,-1.4347972112812868,-3.0418067721994912,-0.04077161377287094,-14.148903088747154,188.61848605745203,-531.3815139425476,-188.36528754718702,-66.458636117722,37.32612511795488,151.9602707760955,100.0,100.0,10626.797257529195,0.6433120493663357,11.169005115569774,4.4011483463858365,-37.32612511795488,0.0,0.0,0.0,0.0,6140.9588167922075,0.7766187113222094,-79.56422260775426,-0.6897706985473633,False,26.49512190416399,-1400.2895943048898,6011.663398427314,-77.59017093416304,-6.248085624403518,300.2810505029743,494.14576565688105,-2754.278621288589,6140.958816793576,443,1.4031153467200466,61.72098806828463,False,0.5706896781921387,-1.0,0.10000002384185791,0.0
44.49999999995953,0.0042680975741822315,-0.02479966805217817,6137.2163170077865,-6.24478806289625,-1.4277320114697436,-2.937509137998349,-0.05342267321453249,-14.123295696032438,187.19845160816544,-532.8015483918342,-189.89032940024728,-61.85191766737639,37.49094439226605,151.98601388739974,100.0,100.0,13485.28666604561,0.6432657672199008,11.211941554941891,5.488418479232972,-37.49094439226605,0.0,0.0,0.0,0.0,6137.216317008481,0.7650111385198849,-79.32893885057206,-0.6936561465263367,False,42.20866043402311,-1417.922958843937,6007.369611868805,-79.65467568767642,-6.142249455315035,298.9545249214648,475.124621957966,-2760.699047568474,6137.2163170077865,444,1.5363360821610492,63.25732415044568,False,0.7224137783050537,-1.0,-0.3999999761581421,0.0
44.59999999995944,0.004095932747777213,-0.024852989154486402,6133.45876587418,-6.314612285016471,-1.4251268990152302,-2.9015320752644786,-0.04016321149520026,-14.050424752939765,185.7959013561301,-534.2040986438695,-191.17237647656097,-57.18528472893315,37.68669647466139,151.91459740575726,100.0,100.0,10632.139933220618,0.642827100393112,11.230311339168136,4.414968597911961,-37.68669647466139,0.0,0.0,0.0,0.0,6133.45876587263,0.7533480725832079,-79.12434698006523,-0.6940380930900574,False,57.448135430609554,-1435.9281575156233,6003.099027234829,-78.84676202217207,-5.911602264021402,297.57390640551336,455.9592334825593,-2766.634752677426,6133.45876587418,445,1.757987996887643,65.01531214733333,False,0.5706896781921387,-1.0,0.10000002384185791,0.0
44.699999999959346,0.003922621545144301,-0.02490230928155852,6129.681892556289,-6.367929116177524,-1.417473313292662,-2.799328650817652,-0.05201801772205408,-14.031488504760828,184.3854967137782,-535.6145032862214,-192.47841452592468,-52.505449762621176,37.81508131527988,151.93928958312713,100.0,100.0,13491.472120634498,0.6427752896578454,11.26278813757072,5.500177244572241,-37.81508131527988,0.0,0.0,0.0,0.0,6129.681892554641,0.7416623127867924,-78.92997066410574,-0.6943718791007996,False,72.29055682739417,-1454.2573588803837,5998.844958977795,-76.15297306401804,-5.673161602588073,296.14677423612386,436.6662304054635,-2772.1250692230947,6129.681892556289,446,1.798567500114808,66.81387964744815,False,0.7224137783050537,-1.0,-0.3999999761581421,0.0
44.799999999959255,0.003748166576855405,-0.024947218495990502,6125.893304813308,-6.4163425150442635,-1.414958210026344,-2.773839204120946,-0.038443143848237875,-13.904529402234646,182.99488756036703,-537.0051124396327,-193.6694791645158,-47.78727802636207,37.985866319606075,151.96843112478305,100.0,100.0,13495.06324484609,0.6427409474957736,11.261367740768083,4.425622436436595,-37.985866319606075,0.0,0.0,0.0,0.0,6125.8933048117415,0.7299233622813013,-78.7722635750928,-0.696876585483551,False,86.68681805174954,-1472.9332717710452,5994.636400679076,-74.83084830507374,-5.526257561749065,294.73191361336455,417.2459033355437,-2777.1243629736628,6125.893304813308,447,1.7250205379318766,68.53890018538003,False,0.7224137783050537,-1.0,0.10000002384185791,0.0
44.899999999959164,0.003572689556960545,-0.024988077975021398,6122.088339413569,-6.44762613613363,-1.4078515211667773,-2.6892008612327456,-0.050282854242885616,-13.947041549292965,181.59632131543677,-538.403678684563,-194.75843892443385,-43.04880284322868,38.07516097632165,151.9970755762855,100.0,100.0,13498.664609813879,0.6427039418752841,11.280572384793405,5.509403953129057,-38.07516097632165,0.0,0.0,0.0,0.0,6122.088339414936,0.718147834255316,-78.62007541462545,-0.7018483877182007,False,100.52712215993006,-1491.9853743392928,5990.507391794372,-76.47109673880894,-5.461063305695253,293.3483878588356,397.71180148084784,-2781.672840179382,6122.088339413569,448,1.6267239598332406,70.16562414521327,False,0.7224137783050537,-1.0,-0.3999999761581421,0.0
44.99999999995907,0.003396280342037946,-0.025024476358906998,6118.27575944523,-6.474421708259301,-1.406103636183451,-2.6835150759974487,-0.036735014111432214,-13.846443260423207,180.2128185771951,-539.7871814228046,-195.7249214366701,-38.27853935045487,38.20786078150877,152.0261987940394,100.0,100.0,13502.277412701054,0.642668557176643,11.271554322161098,4.432054610949618,-38.20786078150877,0.0,0.0,0.0,0.0,6118.275759442978,0.7063193085893673,-78.49519162015321,-0.7048214673995972,False,113.76557729840513,-1511.402379117183,5986.449751050711,-78.56129639070913,-5.325934923211914,291.98101089087965,378.07392767566415,-2785.724708273527,6118.27575944523,449,1.7786383662165453,71.94426251142981,False,0.7224137783050537,-1.0,0.10000002384185791,0.0
45.09999999995898,0.0032190432445657765,-0.025056781315148345,6114.450331828139,-6.485616368286952,-1.3997868905399844,-2.6174825241156072,-0.04886901624555784,-13.914806118435017,178.8187863022565,-541.1812136977431,-196.58820387451394,-33.49447018424111,38.261032484416965,152.05505905064163,100.0,100.0,13505.899501029828,0.6426315948944394,11.285621059998856,5.515772622202699,-38.261032484416965,0.0,0.0,0.0,0.0,6114.450331828691,0.6944739301421147,-78.37638622530267,-0.7074300646781921,False,126.46148953296613,-1531.1376999349998,5982.435743994534,-79.89932438337085,-5.22791669988225,290.5542917291992,358.3438939850622,-2789.320896002314,6114.450331828139,450,1.8365372192834104,73.78079973071323,False,0.7224137783050537,-1.0,-0.3999999761581421,0.0
45.19999999995889,0.003041087908222001,-0.025084586964535745,6110.620942068717,-6.494583399929268,-1.3988227954794175,-2.6288001458006263,-0.03547886464547677,-13.819654340345402,177.4382430032447,-542.561756996755,-197.3272629601094,-28.6843895869671,38.360182374949765,152.08446043006236,100.0,100.0,13509.53038599642,0.642596650037058,11.273423528324084,4.436589620698581,-38.360182374949765,0.0,0.0,0.0,0.0,6110.620942067614,0.6825914073172735,-78.28620765917057,-0.7094057202339172,False,138.56523430213213,-1551.1894653153943,5978.4567530025515,-81.53187331948457,-5.1878723166967315,289.1048596110908,338.53390594327317,-2792.4162208921193,6110.620942068717,451,1.9170507590620451,75.69785048977528,False,0.7224137783050537,-1.0,0.10000002384185791,0.0
45.2999999999588,0.0028625012810281143,-0.025108265671077615,6106.78179988972,-6.4900979867304525,-1.3931654841296834,-2.576635439384051,-0.04793020625530312,-13.901092828255223,176.04625721598484,-543.9537427840148,-197.96225808590145,-23.86610604144841,38.38188994691531,152.11361397295977,100.0,100.0,13513.167982161722,0.6425603127568978,11.285247485759884,5.520911470642773,-38.38188994691531,0.0,0.0,0.0,0.0,6106.781799889481,0.6707096565212215,-78.20539539392014,-0.7080128192901611,False,150.1601866940515,-1571.5101922856645,5974.485405751625,-80.44749058584571,-5.048232462892678,287.6189942606213,318.6536426040497,-2795.05213450436,6106.78179988972,452,2.157220282068289,77.85507077184357,False,0.7224137783050537,-1.0,-0.3999999761581421,0.0
45.39999999995871,0.0026834126480968666,-0.025127417340180053,6102.941870108906,-6.485583075911798,-1.392785707332533,-2.599478281035612,-0.034695826414370065,-13.80596136992861,174.6670924337643,-545.3329075662353,-198.47154808261337,-19.027330793038903,38.45178439730257,152.1432572547692,100.0,100.0,13516.81111509255,0.6425259118868379,11.271674403572653,4.4402909935113195,-38.45178439730257,0.0,0.0,0.0,0.0,6102.94187010901,0.6588165724980029,-78.16305724768227,-0.7067103385925293,False,161.32607581846193,-1592.069675988531,5970.518774054754,-77.56622592996582,-4.891335380705925,286.1093608569403,298.7174959861432,-2797.1840983088437,6102.941870108906,453,2.1978128915164934,80.05288366336006,False,0.7224137783050537,-1.0,0.10000002384185791,0.0
45.49999999995862,0.0025038912802284397,-0.025142417981435353,6099.094902435548,-6.469347614336392,-1.3875758814592318,-2.555930558738044,-0.04738828036637936,-13.895401425294683,173.27609078829965,-546.7239092117001,-198.8762167224362,-14.185670287655498,38.44580095394991,152.17258973848726,100.0,100.0,13520.458007640602,0.6424899741169285,11.282583761728972,5.52552890159854,-38.44580095394991,0.0,0.0,0.0,0.0,6099.094902435448,0.6469292308389046,-78.13361934364487,-0.7076414823532104,False,172.00200240037742,-1612.8840671375663,5966.586590325621,-76.10096670380247,-4.811635757180282,284.63495410207315,278.73317731502993,-2798.8539696933835,6099.094902435548,454,2.104777018525909,82.15766068188597,False,0.7224137783050537,-1.0,-0.3999999761581421,0.0
45.59999999995853,0.0023240858380786816,-0.025152874016421717,6095.249958670039,-6.454675110589034,-1.3875697998967662,-2.5854811584533475,-0.03426502175146454,-13.798439738894112,171.89759068935206,-548.1024093106477,-199.15402972360377,-9.329090581553459,38.48952930732965,152.2023208046286,100.0,100.0,13524.296502697558,0.6424557174209305,11.268503088030052,4.4436561773182595,-38.48952930732965,0.0,0.0,0.0,0.0,6095.249958669328,0.6350226112293187,-78.13690364927443,-0.7109255790710449,False,182.07154591192182,-1633.963350306881,5962.721928531075,-77.55635773148458,-4.800436780185186,283.20842709837785,258.71723549491884,-2800.0179355080654,6095.249958670039,455,2.005028377150796,84.16268905903677,False,0.7224137783050537,-1.0,0.10000002384185791,0.0
45.699999999958436,0.0021440476193649795,-0.025159164250867064,6091.400427659548,-6.429410373769565,-1.3826303216570606,-2.546582949636142,-0.04711158727704289,-13.893211423441603,170.50708404329308,-549.4929159567066,-199.32701097421503,-4.474869114867306,38.458368852074436,152.23167124286383,100.0,100.0,13528.918334849233,0.6424197415297412,11.279148441932985,5.529961773233554,-38.458368852074436,0.0,0.0,0.0,0.0,6091.400427660708,0.6231269595927101,-78.14836381330612,-0.7121348977088928,False,191.49431030432206,-1655.2881623752314,5958.916828300131,-79.48271372207668,-4.715331105305709,281.80459658398564,238.67538098770953,-2800.7181644065217,6091.400427659548,456,2.1746245940740514,86.33731365311081,False,0.7224137783050537,-1.0,-0.3999999761581421,0.0
45.799999999958345,0.0019639763999374274,-0.025160729638064035,6087.560392327854,-6.4650520701009135,-1.403091012204568,-2.746762443614519,-0.05042758533143868,-13.801497543706914,169.12504207638705,-550.8749579236127,-199.25547179862886,0.974283080348465,38.362140900249976,152.1553427220376,100.0,100.0,13532.570129937854,0.6419590907891267,11.037331475712504,5.573992292498181,-38.362140900249976,0.0,0.0,0.0,0.0,6087.560392327742,0.6112246968704236,-78.19270905222562,-0.7129522562026978,False,200.33708741655374,-1676.824393956102,5955.145944251472,-80.70768158289218,-4.658758137781776,280.3501395395331,218.62985284103442,-2800.8924233092885,6087.560392327854,457,2.2595628967706167,88.59687654988143,False,0.7224137783050537,-1.0,-0.3999999761581421,0.0
45.899999999958254,0.0017840582204652197,-0.02515761318012907,6083.718983999026,-6.488468702018351,-1.4218587517498764,-2.975367780764513,-0.03374202958882116,-14.05316375453003,167.73861064451742,-552.2613893554823,-199.03306021499063,5.761205895672418,38.50569645650709,152.09769286440405,100.0,100.0,10674.585937955711,0.6415736519946798,10.995398274621817,4.374493412563565,-38.50569645650709,0.0,0.0,0.0,0.0,6083.71898399892,0.5993214600487866,-78.25588309444174,-0.7130903601646423,False,208.55045562298605,-1698.562127348701,5951.401598263193,-82.22916082915852,-4.653754722399553,278.8805357114616,198.60136110218826,-2800.545499211968,6083.718983999026,458,2.337759947042425,90.93463649692386,False,0.5706896781921387,-1.0,0.10000002384185791,0.0
45.99999999995816,0.0016042962647520355,-0.025150377823205027,6079.860535627681,-6.518607962007555,-1.4270986422929435,-3.0359796460159014,-0.04964139929376612,-14.232606215788998,166.3176291351039,-553.6823708648957,-198.82313491367466,10.576445976821546,38.63657623980803,152.13818342891804,100.0,100.0,13541.124792057552,0.6415822714023419,11.012955836486983,5.463586020226954,-38.63657623980803,0.0,0.0,0.0,0.0,6079.86053562814,0.5874661993952892,-78.31473847077352,-0.7098516821861267,False,216.22466727072668,-1720.4704778837108,5947.658389569229,-81.07290730120336,-4.547209174217099,277.37834390037386,178.59026019219658,-2799.7400592791837,6079.860535627681,459,2.601430484017449,93.53606698094131,False,0.7224137783050537,-1.0,-0.3999999761581421,0.0
46.09999999995807,0.0014248834681761505,-0.025138641336829602,6075.988310924945,-6.574970162681061,-1.4324175830259205,-3.0995076080859616,-0.03850100347308497,-14.252268107807893,164.8994423440903,-555.1005576559094,-198.3582469925138,15.366042927219272,38.83906740600205,152.08187283373957,100.0,100.0,10682.586250729079,0.641201178389304,11.028745168600551,4.383582140125323,-38.83906740600205,0.0,0.0,0.0,0.0,6075.988310925849,0.5756477251080893,-78.41259028672062,-0.7066728472709656,False,223.44278780018246,-1742.5345776468828,5943.914724574766,-78.12895824326108,-4.417631896363873,275.8568430234725,158.61802767736907,-2798.4335536158715,6075.988310924945,460,2.6424852291496075,96.17855221009093,False,0.5706896781921387,-1.0,0.10000002384185791,0.0
46.19999999995798,0.0012458353635170696,-0.02512278347283997,6072.094937115688,-6.636364637388055,-1.428542620553166,-3.0374421932242814,-0.05300998154277814,-14.267336733911373,163.46687154684392,-556.5331284531558,-197.9073118112231,20.18368979969822,38.99736147972139,152.12196006975717,100.0,100.0,13549.761282318806,0.6412068239092202,11.074519514808765,5.479867824876036,-38.99736147972139,0.0,0.0,0.0,0.0,6072.094937115805,0.5638852617766235,-78.53147105703023,-0.705690324306488,False,230.13915908204925,-1764.7597651735432,5940.200542781362,-76.58223264845104,-4.357851996215747,274.3764481913339,138.6863926667202,-2796.668256196546,6072.094937115688,461,2.537817910942091,98.71637012103302,False,0.7224137783050537,-1.0,-0.3999999761581421,0.0
46.29999999995789,0.0010673612625205823,-0.02510243060426838,6068.186608307657,-6.7071889236370446,-1.4275778967140458,-3.018215348999132,-0.0408139553479896,-14.208609130060252,162.0491751905223,-557.9508248094774,-197.20634609064285,24.961838721408373,39.197001038776094,152.06404070469915,100.0,100.0,10690.6461505266,0.6408180171582724,11.100442599723838,4.401409634905605,-39.197001038776094,0.0,0.0,0.0,0.0,6068.186608306979,0.5521553541197274,-78.69593984404756,-0.7069595456123352,False,236.19668900163407,-1787.1351331361157,5936.548789195034,-77.90373331407986,-4.359737758228382,272.9483833193908,118.81865574379123,-2794.402574867156,6068.186608307657,462,2.4308136419529887,101.14718376298602,False,0.5706896781921387,-1.0,0.10000002384185791,0.0
46.3999999999578,0.0008894554510917673,-0.02507796489971359,6064.258272033996,-6.76786995347819,-1.4202844177291698,-2.9143056359563633,-0.05331550909875192,-14.185575633172391,160.6230024281626,-559.3769975718371,-196.5207506109362,29.7660201980162,39.33471204734707,152.102269821404,100.0,100.0,13558.445551670457,0.6408148477166994,11.14363442492984,5.497643491677709,-39.33471204734707,0.0,0.0,0.0,0.0,6064.258272034389,0.5404904507555799,-78.88312271016413,-0.7060591578483582,False,241.58094113327115,-1809.6347420663199,5932.952151480506,-79.70310923250888,-4.287241403880475,271.5435870792071,99.01418081553554,-2791.679052636117,6064.258272033996,463,2.617263161459211,103.76444692444522,False,0.7224137783050537,-1.0,-0.3999999761581421,0.0
46.49999999995771,0.0007122895000715423,-0.025049006430046195,6060.317168993273,-6.826549614499493,-1.4174995588085777,-2.8772271887539955,-0.04012347605342518,-14.052839847910334,159.21724770233664,-560.7827522976631,-195.7124672284112,34.561807456350294,39.51634889051701,152.1444693841811,100.0,100.0,13563.28693229908,0.6408270978537148,11.152278292496437,4.418444638309924,-39.51634889051701,0.0,0.0,0.0,0.0,6060.317168995111,0.5288844514949266,-79.12802088317189,-0.704687237739563,False,246.3640795673354,-1832.2375226110523,5929.386554252977,-80.83338540421512,-4.237305672521396,270.09023456224116,79.29206714796409,-2788.4553957927424,6060.317168993273,464,2.6916715739549444,106.45611849840017,False,0.7224137783050537,-1.0,0.10000002384185791,0.0
46.59999999995762,0.0005358280526161723,-0.025015934259596286,6056.358659308139,-6.868496936031338,-1.4097213601615106,-2.776434887404658,-0.051873186091927606,-14.080209357335116,157.8044822344298,-562.1955177655699,-194.80173741312146,39.3383401081787,39.615297955666236,152.18559582780617,100.0,100.0,13568.13842957862,0.6408343175982778,11.18114399820612,5.513124289342984,-39.615297955666236,0.0,0.0,0.0,0.0,6056.358659308586,0.5173664632791005,-79.40331568767327,-0.702547550201416,False,250.49911516569315,-1854.9253973512104,5925.845511640397,-82.25553077405354,-4.2344261284546905,268.6236672170619,59.6483788172323,-2784.7738017782585,6056.358659308139,465,2.780982501664957,109.23710100006512,False,0.7224137783050537,-1.0,-0.3999999761581421,0.0
46.69999999995753,0.00036032276589384297,-0.024978403086439952,6052.391681520474,-6.904719482127965,-1.4071484865949728,-2.7530955866293394,-0.03833994004057508,-13.969780605759784,156.40815343087704,-563.5918465691227,-193.7647392112597,44.096346998414035,39.755315397756355,152.22677464614227,100.0,100.0,13573.000178353275,0.6408413854741797,11.17987527427522,4.43034700533832,-39.755315397756355,0.0,0.0,0.0,0.0,6052.391681521917,0.5059305199143399,-79.73731831060162,-0.6999353766441345,False,254.0362208192105,-1877.6821690939335,5922.31200941399,-83.10669507266496,-4.277226085175147,267.12058316455773,40.1111302993026,-2780.5958315824955,6052.391681520474,466,2.8526415793277637,112.08974257939289,False,0.7224137783050537,-1.0,0.10000002384185791,0.0
46.799999999957436,0.00018571914671436956,-0.02493679189453946,6048.411253041289,-6.9234927821567736,-1.3999849014461634,-2.670656350101046,-0.05014034876010638,-14.02408950229868,155.00239235132196,-564.9976076486778,-192.62733922761245,48.827577921676124,39.81279843607713,152.26725373664675,100.0,100.0,13577.870953136553,0.6408450838407919,11.200556400630875,5.524353484332725,-39.81279843607713,0.0,0.0,0.0,0.0,6048.411253040852,0.4946071974480181,-80.10434444710754,-0.6965475678443909,False,256.9278956441202,-1900.4873532758002,5918.779527091491,-84.31734823237787,-4.361882908603677,265.61651989470863,20.67425541224362,-2775.963673700133,6048.411253041289,467,2.938621766235537,115.02836434562843,False,0.7224137783050537,-1.0,-0.3999999761581421,0.0
46.899999999957345,1.2284498509999476e-05,-0.024890769292677237,6044.426620986244,-6.937697551950646,-1.3982161069036936,-2.6671967590619454,-0.03664991454099037,-13.92009202349274,153.61138592341848,-566.3886140765812,-191.36465340723012,53.533460861532774,39.91318844046899,152.30797640772207,100.0,100.0,13582.748894962286,0.6408495691358005,11.193291934565258,4.438853979610118,-39.91318844046899,0.0,0.0,0.0,0.0,6044.426620985633,0.4833967995619842,-80.53666464994232,-0.6896709203720093,True,259.2684758172075,-1923.3329015327358,5915.228349098746,-82.96994975226869,-4.337379396593244,264.08525289244994,1.3675103741331418,-2770.84043766083,6044.426620986244,468,2.6218374201860963,117.65020176581453,False,0.7224137783050537,-1.0,0.10000002384185791,0.0
46.999999999957254,-0.00016005372421962758,-0.024840712262743484,6040.432214564154,-6.936335972706246,-1.3918491239320356,-2.602950596489621,-0.04876817681504716,-13.991847753031081,152.20976322262564,-567.790236777374,-190.00321070990157,58.20625286533584,39.93308759015956,152.34814635931343,100.0,100.0,13587.63303490947,0.6408514238159135,11.20908555592995,5.532947993283522,-39.93308759015956,0.0,0.0,0.0,0.0,6040.432214564439,0.47234104866060855,-81.01806583578339,-0.6827201247215271,True,261.1405550387529,-1946.2241854166982,5911.660887589797,-79.87625239330966,-4.276826439079855,262.54165090958827,-17.81718058012894,-2765.2680890886045,6040.432214564154,469,0.628448110461214,118.27864987627574,False,0.7224137783050537,-1.0,-0.3999999761581421,0.0
47.09999999995716,-0.00033101260832875276,-0.024786303279385614,6036.437401760164,-6.932820204938003,-1.3908571463250838,-2.6159035831724444,-0.03543389890773327,-13.88997240417635,150.82190042457242,-569.1780995754273,-188.51738111537716,62.84753782205764,39.9985473774059,152.38860785930004,100.0,100.0,13592.5204848522,0.6408544095636751,11.198323388470374,4.4453074641921555,-39.9985473774059,0.0,0.0,0.0,0.0,6036.437401760058,0.46142087651218505,-81.57157708250094,-0.6778348684310913,True,262.4737506310953,-1969.1507137209526,5908.106582135332,-78.17789084115944,-4.271726900191212,261.04912831745605,-36.84832355915676,-2759.2112810612066,6036.437401760164,470,0.4750841262830733,118.75373400255882,False,0.7224137783050537,-1.0,0.10000002384185791,0.0
47.19999999995707,-0.0005006824720447884,-0.024727915939009942,6032.436044677896,-6.915914334887049,-1.3851344874159242,-2.5648387766584246,-0.04787351674091663,-13.974005956887385,149.42270335848468,-570.577296641515,-186.9344644411271,67.45011528565927,39.985596922550776,152.42854269742674,100.0,100.0,13597.410709113381,0.6408549997362204,11.211413808495886,5.540014684973409,-39.985596922550776,0.0,0.0,0.0,0.0,6032.436044678152,0.4506628374866642,-82.16821616048475,-0.6749624013900757,True,263.1555076665141,-1992.0747029100355,5904.596614430345,-79.28392299737295,-4.315495443316737,259.615874524963,-55.73597278802584,-2752.7116023305866,6032.436044677896,471,0.3296954901619605,119.08342949272078,False,0.7224137783050537,-1.0,-0.3999999761581421,0.0
47.29999999995698,-0.0006687651995252902,-0.02466524691240079,6028.437596889567,-6.899020371012847,-1.3847112744872667,-2.5886878355373026,-0.034684463793928325,-13.872129023710306,148.03664000294546,-571.9633599970541,-185.22829541038294,72.01532715298676,40.0204298347724,152.46873876087744,100.0,100.0,13602.300216581581,0.6408567316008741,11.198791655540271,4.450622096990623,-40.0204298347724,0.0,0.0,0.0,0.0,6028.437596890182,0.4400614728012029,-82.83308224098599,-0.6696580648422241,True,263.1617388944481,-2014.9639887034575,5901.124357694552,-80.88475602379003,-4.28221429616083,258.2052055470361,-74.4469420111553,-2745.735286288456,6028.437596889567,472,0.4903055126604785,119.57373500538127,False,0.7224137783050537,-1.0,0.10000002384185791,0.0
47.39999999995689,-0.0008353687630221669,-0.024598665323824324,6024.435454329944,-6.870410155523824,-1.3794230679518533,-2.545681250429456,-0.04736348096911691,-13.96470279255213,146.63881671976415,-573.3611832802354,-183.42690886179062,76.53661887358756,39.978387684614866,152.5083649219623,100.0,100.0,13607.18887125696,0.6408560098032167,11.210547782522719,5.5462711446991975,-39.978387684614866,0.0,0.0,0.0,0.0,6024.435454331297,0.4296661775197473,-83.55009242282142,-0.6636537909507751,True,262.5680596751535,-2037.8155028138883,5897.668909213552,-81.86687068848623,-4.263457835940973,256.74889761781037,-92.99325069962762,-2738.3234238481236,6024.435454329944,473,0.5269801669067851,120.10071517228805,False,0.7224137783050537,-1.0,-0.3999999761581421,0.0
47.4999999999568,-0.0010001804452628123,-0.024527882569273664,6020.439175898436,-6.843340971577575,-1.37936529537541,-2.5758067210021482,-0.034272634641088255,-13.86136153930538,145.25376456378376,-574.7462354362158,-181.50374833580238,81.01482934388174,39.98566662890701,152.54817884681583,100.0,100.0,13612.072794030311,0.6408562532222367,11.197052006580282,4.455360060244451,-39.98566662890701,0.0,0.0,0.0,0.0,6020.439175897484,0.4194683289014715,-84.34352416039296,-0.6566561460494995,True,261.33274115013313,-2060.601263732797,5894.2248759174145,-83.1398355946134,-4.285119638879908,255.28255443396742,-111.34008716665628,-2730.443887611544,6020.439175898436,474,0.5829698285118949,120.68368500079994,False,0.7224137783050537,-1.0,0.10000002384185791,0.0
47.59999999995671,-0.0011633257574267261,-0.024453262360612796,6016.441789110026,-6.8056285567466865,-1.3743440344840014,-2.537113911326595,-0.04710523655269644,-13.959875967023917,143.85673093373998,-576.1432690662596,-179.48750086815414,85.44414753778582,39.91704244248905,152.58734231477786,100.0,100.0,13616.95219045302,0.6408538252018089,11.208250905589699,5.552130451738105,-39.91704244248905,0.0,0.0,0.0,0.0,6016.4417891099165,0.40951746936388406,-85.1960921078203,-0.6489276885986328,True,259.50830597864604,-2083.317597875522,5890.777461482272,-83.86086917385792,-4.34576514972801,253.78227449235024,-129.50142331674314,-2722.1371659834167,6016.441789110026,475,0.6167114638347706,121.30039646463472,False,0.7224137783050537,-1.0,-0.3999999761581421,0.0
47.69999999995662,-0.001324370761344316,-0.024374390169393557,6012.458084262648,-6.828699362028069,-1.3949157218383663,-2.7380605803163673,-0.05035789520158417,-13.870210356344222,142.46796702915088,-577.5320329708487,-176.98183395545124,90.29949528776828,39.777042054658025,152.51930766614,100.0,100.0,13620.833361349842,0.640422539806173,10.964734874534162,5.59677771078042,-39.777042054658025,0.0,0.0,0.0,0.0,6012.458084262975,0.39979699284372194,-86.12754966532047,-0.6401764750480652,True,257.0530982970382,-2105.9340471849696,5887.321224466101,-84.92724266165713,-4.443378740608551,252.28301851645324,-147.42895315284926,-2713.3571136568908,6012.458084262648,476,0.6820674574814423,121.98246392211615,False,0.7224137783050537,-1.0,-0.3999999761581421,0.0
47.799999999956526,-0.0014832107189479942,-0.024291352673574663,6008.476420800251,-6.84004746881574,-1.413723594775042,-2.964856253710055,-0.033709849284949515,-14.064647540836939,141.07757406654756,-578.9224259334521,-174.7405746624855,94.5733850450711,39.89859491187359,152.57302690771323,100.0,100.0,13625.828284804298,0.6404790906978066,10.913549281321728,4.388825427630166,-39.89859491187359,0.0,0.0,0.0,0.0,6008.47642080041,0.39034455885223684,-87.13867736839939,-0.6274912357330322,True,254.06072525144907,-2128.4649637029697,5883.838689332209,-83.47678823058236,-4.431873733291929,250.75616421847027,-165.1110172332907,-2704.1133796223316,6008.476420800251,477,0.8963797197074034,122.87884364182355,False,0.7224137783050537,-1.0,0.10000002384185791,0.0
47.899999999956435,-0.0016401053993348419,-0.024204649764815102,6004.4803981023615,-6.8583586202521145,-1.4189264641776347,-3.024845105290518,-0.04966419208743989,-14.29505318602265,139.65307146979362,-580.346928530206,-172.39728174750906,98.80140823488617,39.99228832531176,152.6271058642424,100.0,100.0,13630.843081543608,0.6405364615277893,10.92829075781373,5.489019850592345,-39.99228832531176,0.0,0.0,0.0,0.0,6004.480398102806,0.3812279845144821,-88.20764255169864,-0.6143971681594849,True,250.61002611458193,-2150.9348682370232,5880.333653822986,-80.29473894712325,-4.37954579717663,249.21746480575666,-182.5765330539546,-2694.461611819217,6004.4803981023615,478,0.8919239901375594,123.7707676319611,False,0.7224137783050537,-1.0,-0.3999999761581421,0.0
47.999999999956344,-0.001794695490989416,-0.024114027988954807,6000.47387471003,-6.902638724304967,-1.4242656413899457,-3.0866779409882787,-0.03844395199476944,-14.276229735961717,138.23053311460254,-581.7694668853972,-169.92939657875016,102.97576483545447,40.172032961297845,152.68174928782196,100.0,100.0,13635.87527545161,0.6405956245642754,10.935049290024045,4.401055098757077,-40.172032961297845,0.0,0.0,0.0,0.0,6000.473874708449,0.37243504205487055,-89.36840668495272,-0.6031599044799805,True,246.632884394858,-2173.316930367027,5876.835875863821,-78.49299405535976,-4.375453796266079,247.73223855011653,-199.7855020569418,-2684.373595730449,6000.47387471003,479,0.755045503837936,124.52581313579904,False,0.7224137783050537,-1.0,0.10000002384185791,0.0
48.09999999995625,-0.0019471468619511227,-0.024019827278300793,5996.448972964337,-6.9517819989872995,-1.4204422456477994,-3.0256159800223474,-0.053004699317281724,-14.347810049036767,136.79287592124635,-583.2071240787533,-167.36490576439806,107.09990955881091,40.2920935653802,152.7349463188659,100.0,100.0,13640.915303018457,0.6406482175569096,10.979126316684756,5.50953023346513,-40.2920935653802,0.0,0.0,0.0,0.0,5996.448972964205,0.3639925742545198,-90.59775171183915,-0.5937967300415039,True,242.0260194862396,-2195.554789907963,5873.376423948044,-79.44478931227518,-4.414340126942991,246.3105618965182,-216.756388672399,-2673.8871726204443,5996.448972964337,480,0.6243163294696112,125.15012946526865,False,0.7224137783050537,-1.0,-0.3999999761581421,0.0
48.19999999995616,-0.0020970892256013747,-0.02392180964159232,5992.412466010863,-7.010043051546353,-1.41964286333303,-3.0069407186590733,-0.040645882231951945,-14.250945826721415,135.36899481955098,-584.6310051804487,-164.68209677232238,111.16481366900628,40.46857836324944,152.78747256650362,100.0,100.0,13645.9626136433,0.6406976176831635,10.9972814149219,4.422752768257569,-40.46857836324944,0.0,0.0,0.0,0.0,5992.41246601073,0.3559022546097224,-91.92435102696844,-0.5815786719322205,True,236.7746107428388,-2217.613909933025,5869.94978600522,-80.90623653220587,-4.376992835891161,244.91070055793006,-233.44797259394502,-2662.975849302057,5992.412466010863,481,0.7714588061795299,125.92158827144817,False,0.7224137783050537,-1.0,0.10000002384185791,0.0
48.29999999995607,-0.0022447083418591063,-0.023820307262327436,5988.358767720509,-7.058176395975044,-1.4125485941640787,-2.906069881743286,-0.053274282061674935,-14.283273175822636,133.93593993992695,-586.0640600600727,-161.90875319501566,115.17375791635068,40.56762488808082,152.83818834717968,100.0,100.0,13651.013025296965,0.6407390461373084,11.040101006620842,5.532209475956375,-40.56762488808082,0.0,0.0,0.0,0.0,5988.3587677207815,0.34823038511980603,-93.3329059013187,-0.5684489607810974,True,230.95317295654746,-2239.507762992967,5866.536505722714,-81.78862781629363,-4.34910914407771,243.46500021198142,-249.8809326157557,-2651.67660444229,5988.358767720509,482,0.7975120916129832,126.71910036306116,False,0.7224137783050537,-1.0,-0.3999999761581421,0.0
48.39999999995598,-0.0023896258326176313,-0.023715101179771804,5984.296383662859,-7.103965539504601,-1.4100639368343217,-2.87314803829441,-0.03991968054557713,-14.165919838703276,132.51961995470205,-587.4803800452977,-159.02310368364184,119.11638643919773,40.71110433676969,152.88825466881872,100.0,100.0,13656.067579494373,0.6407774897235585,11.051984496069641,4.442375363598724,-40.71110433676969,0.0,0.0,0.0,0.0,5984.296383662881,0.3409741001771811,-94.84654590797554,-0.5540475249290466,True,224.5265575813223,-2261.200995155048,5863.1325985860585,-82.96333222562679,-4.357755861644855,242.00903751248296,-266.0131476869947,-2639.965063332197,5984.296383662859,483,0.8422800935789498,127.56138045664011,False,0.7224137783050537,-1.0,0.10000002384185791,0.0
48.49999999995589,-0.0025320459528557398,-0.02360651627799434,5980.220227975792,-7.133303643722084,-1.402534780975088,-2.775874024516352,-0.0518735602280346,-14.203789248437506,131.0948954030877,-588.9051045969121,-156.05287469227486,122.9962758785663,40.771577925105774,152.936812611592,100.0,100.0,13661.124102739586,0.6408093141864545,11.085259659989331,5.550804907255132,-40.771577925105774,0.0,0.0,0.0,0.0,5980.220227976844,0.3342011259150104,-96.4438469849343,-0.5386888384819031,True,217.54986952718647,-2282.69540259787,5859.724776884339,-83.60115152224567,-4.4008809160319755,240.5159386100552,-281.86735547190096,-2627.87739206633,5980.220227975792,484,0.8636514876364555,128.42503194427655,False,0.7224137783050537,-1.0,-0.3999999761581421,0.0
48.5999999999558,-0.0026715825687932578,-0.02349435360794461,5976.139577350518,-7.157432590363233,-1.400260676420039,-2.756138766651251,-0.038207267150134894,-14.085828145550522,129.68663370822688,-590.3133662917729,-152.97527996053947,126.80298087742648,40.87445674420944,152.9850201106612,100.0,100.0,13666.182754415793,0.6408395215036244,11.087999278220499,4.4572510073955875,-40.87445674420944,0.0,0.0,0.0,0.0,5976.139577350084,0.32790168981463497,-98.14547645884375,-0.5223672389984131,True,209.98110189354972,-2303.9659996742334,5856.307796117994,-84.5753704734555,-4.479152331705741,239.02986840912754,-297.40057155806545,-2615.391443636394,5976.139577350518,485,0.8847605319881887,129.30979247626473,False,0.7224137783050537,-1.0,0.10000002384185791,0.0
48.69999999995571,-0.0028084568329870946,-0.02337892973359148,5972.049017319203,-7.164741933268294,-1.3933061996795262,-2.676025143866337,-0.050226914265925536,-14.141253996691802,128.26911804549303,-591.7308819545067,-149.81826602536887,130.54074979651662,40.894491625075474,153.0320618206823,100.0,100.0,13671.242129950515,0.6408646392553059,11.112424848340707,5.564833743832546,-40.894491625075474,0.0,0.0,0.0,0.0,5972.049017318128,0.32215392912944923,-99.93101636538039,-0.5014798045158386,True,201.908380956147,-2325.0465576157276,5852.864686351741,-83.06789643801639,-4.449467143983461,237.5152038333337,-312.63741464812335,-2602.5424579434034,5972.049017319203,486,1.0832100033789236,130.39300247964366,False,0.7224137783050537,-1.0,-0.3999999761581421,0.0
48.79999999995562,-0.002942274789796497,-0.02326006575771752,5967.95811698117,-7.168058828060169,-1.3917788328757184,-2.674801881982761,-0.03660287090855552,-14.027286816909932,126.86696814829236,-593.1330318517073,-146.55806838036762,134.19917545228228,40.95872959451451,153.07899204040348,100.0,100.0,13676.301120302684,0.6408892636761754,11.108003601249493,4.468075907880143,-40.95872959451451,0.0,0.0,0.0,0.0,5967.95811698082,0.31701767084583354,-101.83115580122406,-0.4765736758708954,True,193.4595783137575,-2345.9706428260233,5849.394146722484,-78.72475146213303,-4.297799133541871,235.96976117187756,-327.534029600146,-2589.3105201491144,5967.95811698117,487,1.2363280073394964,131.62933048698315,False,0.7224137783050537,-1.0,0.10000002384185791,0.0
48.899999999955526,-0.0030732732670178363,-0.023138068572365434,5963.860897747404,-7.1563563203726375,-1.3855614105189584,-2.6115230948843564,-0.048927869567839476,-14.099896581432256,125.45449730289876,-594.5455026971009,-143.22299719877208,137.78335148044317,40.942057939010475,153.12497223146735,100.0,100.0,13681.358739486815,0.6409098081527476,11.126352339357698,5.575499126259743,-40.942057939010475,0.0,0.0,0.0,0.0,5963.860897747755,0.3125820287757902,-103.82065035649728,-0.44964876770973206,True,184.71675053535304,-2366.781549635928,5845.901191677055,-72.1959507272626,-3.9855086583798993,234.47380433387713,-342.11678008442556,-2575.7297934757203,5963.860897747404,488,1.2759870056151474,132.9053174925983,False,0.7224137783050537,-1.0,-0.3999999761581421,0.0
48.999999999955435,-0.0032010506707498164,-0.023012779256774474,5959.767046537981,-7.142911135682019,-1.3847551202594675,-2.625537599489966,-0.035446220735304894,-13.989221929605094,124.056355335838,-595.9436446641616,-139.78863737995383,141.28267331480833,40.97213482136278,153.17096077933994,100.0,100.0,13686.412874366586,0.6409304878420955,11.117346535897418,4.476187735434744,-40.97213482136278,0.0,0.0,0.0,0.0,5959.767046539516,0.3088509759155369,-105.9151187908834,-0.4245074391365051,True,175.65651317318262,-2387.4751198350223,5842.419480355069,-65.00851051055189,-3.5272403034049424,233.12907557197357,-356.3409606678696,-2561.7825868641344,5959.767046537981,489,1.1366146416572993,134.0419321342556,False,0.7224137783050537,-1.0,0.10000002384185791,0.0
49.099999999955344,-0.003325858645917687,-0.022884493808618366,5955.670040910816,-7.116457549570645,-1.379138298258792,-2.5744969577369785,-0.04807566143667588,-14.07517453493005,122.64705336152585,-597.3529466384739,-136.28366239556559,144.70316544742636,40.92327067022431,153.21608881219922,100.0,100.0,13691.462866102924,0.6409475746874174,11.1320745348724,5.584054974334114,-40.92327067022431,0.0,0.0,0.0,0.0,5955.670040910085,0.3058300208995967,-108.0692219594783,-0.40250465273857117,True,166.17920058212968,-2407.9981318516448,5839.03063795681,-60.08780321236165,-3.0205709712085524,231.9491332938923,-370.2345844635569,-2547.5018507753966,5955.670040910816,490,0.9459418064993346,134.98787394075495,False,0.7224137783050537,-1.0,-0.3999999761581421,0.0
49.19999999995525,-0.0034472884739575327,-0.0227530733240637,5951.5796524147245,-7.0902601260975135,-1.3788672975413407,-2.598715259244813,-0.03472426172473758,-13.965820013312824,121.25133909290608,-598.7486609070936,-132.68332938041647,148.03377482392594,40.92330455770556,153.26124998450365,100.0,100.0,13696.50591924251,0.6409650266416086,11.120446755130812,4.482681762055001,-40.92330455770556,0.0,0.0,0.0,0.0,5951.579652414288,0.3034756849564303,-110.2885532214033,-0.3833090662956238,True,156.19893619200877,-2428.2801709143614,5835.826038874001,-59.22864790849019,-2.5067378104127553,230.87094367547493,-383.75215292095254,-2532.8721224347714,5951.5796524147245,491,0.7845338694516107,135.77240781020657,False,0.7224137783050537,-1.0,0.10000002384185791,0.0
49.29999999995516,-0.0035656059598890614,-0.022618801883611858,5947.488908126396,-7.052602547959757,-1.3736640361920451,-2.5552615540590025,-0.04758184451780781,-14.061246589525355,119.84392041713053,-600.1560795828692,-129.0165916412289,151.28150711413295,40.84587104432974,153.30555263418768,100.0,100.0,13701.541664111748,0.6409790084191639,11.133220607980281,5.591395416660774,-40.84587104432974,0.0,0.0,0.0,0.0,5947.488908126158,0.30178863297514563,-112.52710534899336,-0.3650882840156555,True,145.65489538733283,-2448.257307431184,5832.865193844402,-61.66911250182046,-1.9945937058067782,229.83090919169234,-396.92325545485033,-2517.925025683672,5947.488908126396,492,0.7111951378800869,136.48360294808666,False,0.7224137783050537,-1.0,-0.3999999761581421,0.0
49.39999999995507,-0.003680238521123114,-0.0224814742904174,5943.412835689607,-7.07552950532632,-1.394387670771587,-2.7536366856221917,-0.05071485825943924,-13.968529284427014,118.4452236690795,-601.5547763309202,-124.72246805021129,154.72044873466754,40.69585793378953,153.24115368565418,100.0,100.0,13705.55423207484,0.6405599222886337,10.888034334540327,5.636300453209444,-40.69585793378953,0.0,0.0,0.0,0.0,5943.412835690252,0.30075018710168044,-114.79441438305513,-0.34517085552215576,True,134.55630536408643,-2467.912446564516,5830.12730248771,-66.37614381447011,-1.5258442110778663,228.73359858100488,-409.68415217142507,-2502.637718009265,5943.412835689607,493,0.7656683161077861,137.24927126419445,False,0.7224137783050537,-1.0,-0.3999999761581421,0.0
49.49999999995498,-0.003791124839552335,-0.02234121400652393,5939.339642834956,-7.085997502835554,-1.4133043618918013,-2.9786566479693315,-0.03384338795134831,-14.164289956321825,117.04501423852598,-602.9549857614737,-120.91085796393526,157.7310495967969,40.8108648451264,153.3001526986998,100.0,100.0,13710.706171349408,0.6406332632723655,10.837188674121196,4.416199347745206,-40.8108648451264,0.0,0.0,0.0,0.0,5939.339642834816,0.3003946850612409,-117.07026642076052,-0.3222641348838806,True,122.95418043477878,-2487.2641352548685,5827.543041565544,-70.38296750204302,-1.0404290245737626,227.56381854661186,-422.02801713896594,-2487.023943206244,5939.339642834956,494,0.8554797017691146,138.10475096596358,False,0.7224137783050537,-1.0,0.10000002384185791,0.0
49.59999999995489,-0.003898711113210363,-0.02219837611115637,5935.252721925625,-7.103584540001716,-1.4184799382886342,-3.0361687292279385,-0.04996778259653365,-14.395305628583875,115.61041058664463,-604.3895894133551,-117.02324482181378,160.65750660040314,40.89759525307621,153.35938397388148,100.0,100.0,13715.876181677326,0.640706926226898,10.852939458185055,5.528322829656405,-40.89759525307621,0.0,0.0,0.0,0.0,5935.252721926165,0.30078698876991017,-119.30882243529408,-0.2992198169231415,True,110.90825388765526,-2506.3459898717665,5825.059770249206,-72.7693161120462,-0.6466737288705681,226.2841882090573,-434.0045211225776,-2471.123228693927,5935.252721925625,495,0.8267827044329942,138.93153367039656,False,0.7224137783050537,-1.0,-0.3999999761581421,0.0
49.6999999999548,-0.0040025600449643895,-0.02205287403821573,5931.155985407898,-7.14705895095131,-1.4238394243459702,-3.096437084215916,-0.0385693809627919,-14.37452246213442,114.17803351954612,-605.8219664804536,-113.04210468851927,163.48261746834444,41.07139537119814,153.41911950649094,100.0,100.0,13721.062367516766,0.6407821503368003,10.86030434727525,4.429421690452399,-41.07139537119814,0.0,0.0,0.0,0.0,5931.155985408128,0.30186809652780544,-121.52785605122466,-0.27902692556381226,True,98.36424516258607,-2525.0856777615204,5822.6830900624755,-76.66915642254706,-0.4826658658328987,224.93561480661734,-445.56498420543585,-2454.925937934175,5931.155985407898,496,0.6788845235415949,139.61041819393816,False,0.7224137783050537,-1.0,0.10000002384185791,0.0
49.79999999995471,-0.004102965100869807,-0.021904953511557454,5927.041459684852,-7.1953877840444544,-1.4200021759561956,-3.033948475882049,-0.05325961247155665,-14.445497078145646,112.73048363919844,-607.2695163608014,-108.99187447436675,166.2217929865543,41.1847898326161,153.47725046720458,100.0,100.0,13726.254174449135,0.6408502128878845,10.905060048662124,5.54989460852846,-41.1847898326161,0.0,0.0,0.0,0.0,5927.041459682183,0.30364533107668634,-123.69241361271719,-0.25663164258003235,True,85.32640088089707,-2543.4531263217314,5820.3788629523815,-79.77730800327497,-0.35630776270061043,223.55375299084636,-456.74207502882695,-2438.459424906576,5927.041459684852,497,0.741787580008821,140.352205773947,False,0.7224137783050537,-1.0,-0.3999999761581421,0.0
49.899999999954616,-0.004199485342526177,-0.021754546865498662,5922.915992681748,-7.252575628073117,-1.4192727611357803,-3.015068330618348,-0.04070636183293879,-14.346974092575236,111.29701372898435,-608.7029862710154,-104.85638796518977,168.8570306288376,41.355483520911825,153.53465274765253,100.0,100.0,13731.451968860652,0.6409148809159215,10.923359750417262,4.4520034085918905,-41.355483520911825,0.0,0.0,0.0,0.0,5922.915992681098,0.3061371071570894,-125.82931074641023,-0.23102949559688568,True,71.87949851820304,-2561.5301596357262,5818.099501512015,-79.33662999690357,-0.18342959817136364,222.11200698947073,-467.48670833001404,-2421.716157067311,5922.915992681748,498,0.84232997268907,141.19453574663606,False,0.7224137783050537,-1.0,0.10000002384185791,0.0
49.999999999954525,-0.004292429570398849,-0.021601884466736783,5918.773908026997,-7.299636374936019,-1.412223752836559,-2.9140077002292695,-0.05347625762384293,-14.379459055719883,109.85425822408327,-610.1457417759165,-100.65988349916586,171.40346426260433,41.448047820989856,153.5901079347954,100.0,100.0,13736.650829809554,0.6409710778362621,10.966418350540124,5.573422237228402,-41.448047820989856,0.0,0.0,0.0,0.0,5918.773908026442,0.3094056922675203,-127.90655206353506,-0.20244154334068298,True,58.11366349660344,-2579.40245134797,5815.823801266006,-75.64526456126625,0.045458489157969684,220.63189634045614,-477.8332597767999,-2404.7217788371386,5918.773908026997,499,0.9272564689615824,142.12179221559765,False,0.7224137783050537,-1.0,-0.3999999761581421,0.0
50.099999999954434,-0.0043813573102162075,-0.021446919696582935,5914.623775733695,-7.344213130094282,-1.4098588838536181,-2.8818209016400744,-0.039938598055592585,-14.261215366038819,108.42846620756362,-611.5715337924362,-96.38669803696351,173.84183516157728,41.586054567802606,153.64488039261295,100.0,100.0,13741.85279418512,0.6410241853759269,10.978127268092356,4.4722891848735475,-41.586054567802606,0.0,0.0,0.0,0.0,5914.623775733257,0.31345908168396164,-129.94080369715064,-0.17397092282772064,True,44.10444306619627,-2597.0996221597625,5813.550376762265,-69.4655873598337,0.3967280833528222,219.19571197906657,-487.73269577326823,-2387.4711006236125,5914.623775733695,500,0.8883004012171911,143.01009261681483,False,0.7224137783050537,-1.0,0.10000002384185791,0.0
50.19999999995434,-0.004466591524611787,-0.02128986856738,5910.460409865207,-7.372489154002725,-1.4024064002758523,-2.7848812594302843,-0.05206082768890275,-14.299913818520409,106.9940800436289,-613.0059199563709,-92.06081825495119,176.18753029587018,41.64047144126678,153.69803065763975,100.0,100.0,13747.054969494351,0.6410702593322577,11.011440949460201,5.592681148645113,-41.64047144126678,0.0,0.0,0.0,0.0,5910.460409864251,0.3182752952823106,-131.89079210749782,-0.14876191318035126,True,29.82920498150757,-2614.599953319216,5811.316091170174,-63.303994368235,0.8157998931955,217.88919849319643,-497.22096851978415,-2369.988168920742,5910.460409865207,501,0.729357361543407,143.73944997835824,False,0.7224137783050537,-1.0,-0.3999999761581421,0.0
50.29999999995425,-0.004547692877590004,-0.021130706283450214,5906.293136073008,-7.395546631739044,-1.400269344274607,-2.7661037555823427,-0.03822164214242466,-14.18153789822239,105.57633152345244,-614.4236684765474,-87.66572222834372,178.420785904761,41.73842389653844,153.75081584153205,100.0,100.0,13752.25849101212,0.641114679017659,11.013892159184495,4.487689193686635,-41.73842389653844,0.0,0.0,0.0,0.0,5906.293136071364,0.32374758124082387,-133.7719328783992,-0.1280457079410553,True,15.210318719456957,-2631.8228082746086,5809.199607522985,-60.321468202665265,1.2406475328130835,216.72797903207973,-506.24917113331924,-2352.270223473678,5906.293136073008,502,0.5319511497496128,144.27140112810784,False,0.7224137783050537,-1.0,0.10000002384185791,0.0
50.39999999995416,-0.004624996565179074,-0.020969634202280003,5902.116436190334,-7.402024892570202,-1.3933947768946853,-2.686288565409179,-0.050425656903134296,-14.238068597041888,104.14909678454556,-615.8509032154543,-83.22526042255053,180.5577121061198,41.75299647596975,153.80233585820244,100.0,100.0,13757.46120350658,0.6411536446389653,11.038307376548781,5.607272742900234,-41.75299647596975,0.0,0.0,0.0,0.0,5902.116436188873,0.3298003457263367,-135.54501845692917,-0.11153937131166458,True,0.18587427755039804,-2648.6714203735182,5807.282022961146,-60.83929542971939,1.6700227799920944,215.6665423515394,-514.8546176357345,-2334.33967939781,5902.116436190334,503,0.35122345244881986,144.62262458055665,False,0.7224137783050537,-1.0,-0.3999999761581421,0.0
50.49999999995407,-0.004698064343881477,-0.020806649416391453,5897.939918123416,-7.404547327405075,-1.3920007911372059,-2.6858606815666115,-0.03662958897271169,-14.123876565220925,102.73738343078571,-617.2626165692142,-78.72205576871163,182.57817374734512,41.81295122649736,153.8537413902698,100.0,100.0,13762.662951391685,0.6411921196565689,11.03357788437358,4.498968715618352,-41.81295122649736,0.0,0.0,0.0,0.0,5897.939918123118,0.336335121491842,-137.23217431056258,-0.09732840955257416,True,-15.285436267216845,-2665.062919566735,5805.6098350757275,-64.09458453230445,2.0726441887385527,214.6284207784155,-522.988522760886,-2316.1962130326965,5897.939918123416,504,0.25029315545009484,144.87291773600674,False,0.7224137783050537,-1.0,0.10000002384185791,0.0
50.59999999995398,-0.004767241947697178,-0.020641937865472162,5893.757503079278,-7.392307644364986,-1.3858545803259452,-2.6226453128200884,-0.04914440433744637,-14.197615961553822,101.31510190666346,-618.6848980933365,-74.17988740540825,184.49922087574006,41.7914552879304,153.90410622343538,100.0,100.0,13767.861963490446,0.6412261791245069,11.051917097877586,5.618449896438671,-41.7914552879304,0.0,0.0,0.0,0.0,5893.757503079748,0.343337841478863,-138.8041429063798,-0.0827946662902832,True,-31.187514429236007,-2680.990009432155,5804.148526947669,-69.05190856786395,2.419749870294269,213.51766082841652,-530.6893736176498,-2297.860523184361,5893.757503079278,505,0.24981738601781478,145.12273512202455,False,0.7224137783050537,-1.0,-0.3999999761581421,0.0
50.69999999995389,-0.004832092382081419,-0.02047551838634566,5889.578911101884,-7.378351679176576,-1.3851723362235377,-2.637221264023661,-0.035485744102727715,-14.086762619413703,99.90730529411937,-620.0926947058806,-69.58092764128075,186.3002676688339,41.81789548807985,153.95448415031072,100.0,100.0,13773.057069975988,0.6412604026451991,11.042605649822896,4.507498614517894,-41.81789548807985,0.0,0.0,0.0,0.0,5889.578911101671,0.3507886068764253,-140.2912603321063,-0.06682159006595612,True,-47.480934989531164,-2696.484543237865,5802.828930855757,-72.95305971189576,2.7712968167412106,212.31940255303053,-537.9085239733035,-2279.334706767999,5889.578911101884,506,0.2929642101571503,145.4156993321817,False,0.7224137783050537,-1.0,0.10000002384185791,0.0
50.7999999999538,-0.004892970615986025,-0.020307560710397507,5885.39752583001,-7.351628650509693,-1.3796176369513482,-2.5860330091765382,-0.04830597522099747,-14.173777998442013,98.48809886546034,-621.5119011345396,-64.94884780771974,187.99937782613608,41.76483006403283,154.00391674236687,100.0,100.0,13778.246798093318,0.6412907173224646,11.057328881858622,5.627487830626618,-41.76483006403283,0.0,0.0,0.0,0.0,5885.397525830585,0.35870844772333516,-141.66771098947171,-0.05179156735539436,True,-64.11874235436149,-2711.5981795336074,5801.600378293679,-75.07631651180314,3.0353719545403353,211.008346638161,-544.6854889715643,-2260.6376582814505,5885.39752583001,507,0.24375987461975346,145.65945920680144,False,0.7224137783050537,-1.0,-0.3999999761581421,0.0
50.89999999995371,-0.0049494414151459104,-0.020138105246531597,5881.22314771809,-7.3251621049668065,-1.3794637876201397,-2.610652156092975,-0.03477094153449881,-14.064252470158873,97.08264275248841,-622.9173572475116,-60.26576877048554,189.57542031156663,41.761852138954325,154.05339312039325,100.0,100.0,13783.429296343646,0.641321446459836,11.045394589579839,4.514387084734905,-41.761852138954325,0.0,0.0,0.0,0.0,5881.223147717372,0.36700505259154037,-142.96122916933015,-0.04077786207199097,True,-81.1339202230573,-2726.2465347394314,5800.4663983519795,-78.55940929168193,3.0867216195732454,209.638308115418,-550.9718183340427,-2241.7738760438974,5881.22314771809,508,0.08261316665858243,145.74207237346002,False,0.7224137783050537,-1.0,0.10000002384185791,0.0
50.999999999953616,-0.0050018679445668545,-0.019967304831518196,5877.048716077915,-7.287458296274517,-1.3743175476624832,-2.566934936893181,-0.04781995043316754,-14.160668775301227,95.66523240963123,-624.3347675903688,-55.55515529226545,191.04747957518802,41.680822262276706,154.10193070314634,100.0,100.0,13788.60335800453,0.6413484053670105,11.058160632418096,5.635288775048601,-41.680822262276706,0.0,0.0,0.0,0.0,5877.04871607588,0.3756499220127223,-144.14514676905938,-0.028537048026919365,True,-98.51981949078466,-2740.3950997317984,5799.3965048895925,-81.29720578914966,3.1086618357831517,208.24007535378956,-556.8079395891823,-2222.7603738446055,5877.048716077915,509,0.12036516564405422,145.86243753910406,False,0.7224137783050537,-1.0,-0.3999999761581421,0.0
51.099999999953525,-0.0050498175054089775,-0.01979522127768805,5872.88412762099,-7.25141376462383,-1.3745149396013572,-2.597489140110695,-0.03436586948888203,-14.050679948748957,94.26112400941747,-625.7388759905825,-50.79936694618747,192.3938224221271,41.651416880592244,154.15048164812237,100.0,100.0,13793.76668829687,0.6413757722695099,11.044842757961428,4.520353206946354,-41.651416880592244,0.0,0.0,0.0,0.0,5872.884127619972,0.38466306543491924,-145.25451840411603,-0.013427000492811203,True,-116.21751930869814,-2754.1496636368215,5798.347986746299,-80.58053329264507,3.17605839710758,206.88159212934255,-562.1456847021274,-2203.604032632234,5872.88412762099,510,0.21958327452114143,146.0820208136252,False,0.7224137783050537,-1.0,0.10000002384185791,0.0
51.199999999953434,-0.005093660543632434,-0.019621989960468218,5868.721966801358,-7.205131929847872,-1.369631236085364,-2.557914770898597,-0.047566131661775424,-14.153631067254338,92.84475238611348,-627.1552476138864,-46.02154965492764,193.6345315225913,41.544912926627006,154.19804798214287,100.0,100.0,13798.918325880699,0.6413992893029414,11.056637158516725,5.64239797333485,-41.544912926627006,0.0,0.0,0.0,0.0,5868.721966801571,0.3940998596852081,-146.26586345017387,0.004360346123576164,True,-134.16114486628874,-2767.622222469168,5797.302780869034,-76.62521081763019,3.3069873084911823,205.54455113479747,-567.0262917171625,-2184.319922399322,5868.721966801358,511,0.14435158974803997,146.22637240337323,False,0.7224137783050537,-1.0,-0.3999999761581421,0.0
51.29999999995334,-0.005132786019967388,-0.01944768791964436,5864.577533273355,-7.221284334096976,-1.3910338327887093,-2.7610527615995006,-0.05075227750602355,-14.064646791873642,91.43669654692168,-628.5633034530782,-40.59030090063039,194.75814704743183,41.36484054990141,154.1351932421674,100.0,100.0,13803.01555918271,0.6409850681954832,10.80762959728532,5.686949256230067,-41.36484054990141,0.0,0.0,0.0,0.0,5864.577533273437,0.4039502016211493,-147.20573606123747,0.02017773687839508,True,-152.30212862777947,-2780.8573395428793,5796.26560896382,-71.6464135469091,3.505945298531452,204.1057707201491,-571.3817397427697,-2164.91661921481,5864.577533273355,512,-0.36643931608403163,145.8599330872892,False,0.7224137783050537,-1.0,-0.3999999761581421,0.0
51.39999999995325,-0.005167195353729135,-0.01927245554983496,5860.43861115608,-7.2253466884452395,-1.4104730098326725,-2.9897765384273796,-0.033681582593972366,-14.263574546156601,90.02682723961028,-629.9731727603897,-35.79001598104757,195.716440940643,41.45782159396679,154.19772555342905,100.0,100.0,13808.281115269336,0.6410689557533892,10.755642757808367,4.45192621773888,-41.45782159396679,0.0,0.0,0.0,0.0,5860.438611154884,0.41412647801657926,-148.06564270855955,0.03112179972231388,True,-170.69214112410205,-2793.7541023032613,5795.291015121406,-68.81640547287077,3.705718992953406,202.74430038498784,-575.2121867771273,-2145.409751807628,5860.43861115608,513,-0.3770009886749378,145.48293209861424,False,0.7224137783050537,-1.0,0.10000002384185791,0.0
51.49999999995316,-0.005197454367022692,-0.01909640960464673,5856.288024054284,-7.237684244843308,-1.4158878057936846,-3.048000209868045,-0.050159525413280844,-14.50076515986713,88.5818679343175,-631.4181320656825,-30.959319796869394,196.56345031680584,41.52323838034414,154.2603674635335,100.0,100.0,13813.56132540538,0.6411527504166643,10.771483572118013,5.57774712216944,-41.52323838034414,0.0,0.0,0.0,0.0,5856.288024053822,0.42455033191910085,-148.8101172361074,0.0376778282225132,True,-189.37239376637908,-2806.185822023776,5794.441574042469,-68.92083379216406,3.9088624589687275,201.4859118120487,-578.5806201369661,-2125.812317189274,5856.288024054284,514,-0.38142009767610313,145.10151200093813,False,0.7224137783050537,-1.0,-0.3999999761581421,0.0
51.59999999995307,-0.005223128403739844,-0.018919672704994474,5852.129723939905,-7.2766692076338755,-1.4214810615870845,-3.108846319125201,-0.038591507777101096,-14.478189197468682,87.13914020081377,-632.8608597991862,-26.090484086508006,197.2752186420448,41.67805939489899,154.32345036869174,100.0,100.0,13818.854834319653,0.64123792362009,10.778807778270291,4.465604761215153,-41.67805939489899,0.0,0.0,0.0,0.0,5852.129723937486,0.4351311585683667,-149.4826627266633,0.04195458069443703,True,-208.3644977749406,-2818.0529421958563,5793.753677948347,-71.41953328495988,4.0962020436054445,200.27672163178335,-581.4386539043195,-2106.137965519985,5852.129723939905,515,-0.382346956138744,144.71916504479938,False,0.7224137783050537,-1.0,0.10000002384185791,0.0
51.69999999995298,-0.005244595284034278,-0.018742332501773873,5847.955451410658,-7.321072395451889,-1.4177759684808298,-3.045989784553425,-0.053518484700025515,-14.5512862518355,85.68101072164313,-634.3189892783569,-21.198423546540877,197.8773256750541,41.7722993934278,154.384735560271,100.0,100.0,13824.149961577976,0.6413152664944839,10.82392916017401,5.599985894487423,-41.7722993934278,0.0,0.0,0.0,0.0,5847.955451409363,0.4458569135326958,-150.06754770191944,0.046223465353250504,True,-227.65405076531906,-2829.341503562425,5793.2050260995065,-75.6409266475411,4.228921253507608,199.02699696997948,-583.8283470186958,-2086.3964540974675,5847.955451410658,516,-0.38389223623432395,144.33527280856507,False,0.7224137783050537,-1.0,-0.3999999761581421,0.0
51.79999999995289,-0.00526142598890411,-0.018564530432912826,5843.772151147342,-7.374497870828782,-1.4172482699416162,-3.0276303231449173,-0.040746744156553445,-14.450125254444622,84.2372061967488,-635.7627938032512,-16.277130747415963,198.3457308254146,41.925545970192445,154.44520745538543,100.0,100.0,13829.448075095623,0.6413889640010513,10.842128293966786,4.488801328340675,-41.925545970192445,0.0,0.0,0.0,0.0,5843.772151148555,0.456724345069059,-150.60230592557528,0.05239107832312584,True,-247.21098401284692,-2840.0941087084175,5792.739663467521,-78.99622253643557,4.375376731746703,197.70830530274296,-585.7019410848055,-2066.603527791856,5843.772151147342,517,-0.3847978300362005,143.95047497852886,False,0.7224137783050537,-1.0,0.10000002384185791,0.0
51.8999999999528,-0.0052740052296141315,-0.018386333105674658,5839.57391646562,-7.418092807402813,-1.41034421901114,-2.9266055912696425,-0.05372719724492523,-14.48426607902548,82.78395012307271,-637.2160498769273,-11.34134742760221,198.7055952632639,42.000260076799776,154.50354848661252,100.0,100.0,13834.743447814839,0.6414535609003383,10.885351339933171,5.624120404651774,-42.000260076799776,0.0,0.0,0.0,0.0,5839.5739164645665,0.4677691599603517,-151.065238074703,0.05792370066046715,True,-267.00196472880344,-2850.379081894566,5792.317482698536,-80.69929552418736,4.452515170973985,196.2999208363717,-587.1022621606451,-2046.7666013237028,5839.57391646562,518,-0.3878034644625187,143.56267151406635,False,0.7224137783050537,-1.0,-0.3999999761581421,0.0
51.999999999952706,-0.005281914305212239,-0.018207900885260184,5835.369415146965,-7.459289062527638,-1.4081997608930432,-2.8953437827354946,-0.03996829321185147,-14.363790228209913,81.34790650274613,-638.6520934972539,-6.386135422684267,198.93198364548599,42.12207375896393,154.56114252698814,100.0,100.0,13840.039264165276,0.6415148927262667,10.896780753081064,4.50955810554111,-42.12207375896393,0.0,0.0,0.0,0.0,5835.36941514754,0.4789176543082188,-151.48863015742847,0.060124471783638,True,-287.0355203238141,-2860.1108033117616,5791.935785214311,-83.74272193190768,4.341853762347716,194.86270322086517,-587.9827004562264,-2026.9035265471637,5835.369415146965,519,-0.3877836831507133,143.17488783091565,False,0.7224137783050537,-1.0,0.10000002384185791,0.0
52.099999999952615,-0.005285544142547201,-0.01802928082335219,5831.1532431971045,-7.484516685084322,-1.4009058910269243,-2.7986553644537606,-0.05231251264137031,-14.404379829418959,79.90306503137651,-640.0969349686235,-1.425797622024114,199.05013363937695,42.15991397396183,154.61695399829838,100.0,100.0,13845.331869592359,0.6415686440140332,10.930128971879258,5.643831069648179,-42.15991397396183,0.0,0.0,0.0,0.0,5831.153243195549,0.4901581069155922,-151.84712320282347,0.06382215768098831,False,-307.2944313821889,-2869.2673496618686,5791.564182831779,-86.14890239559578,4.208512777296154,193.40576698250084,-588.3867739483544,-2007.0195412555659,5831.1532431971045,520,-1.486608531438973,141.68827929947668,False,0.7224137783050537,-1.0,-0.3999999761581421,0.0
52.199999999952524,-0.005284487292515972,-0.017850652622514954,5826.93480802238,-7.504661553133343,-1.3989943990419642,-2.780830597028284,-0.03825737670268265,-14.284244670843869,78.47507845294963,-641.5249215470503,3.5450967912101308,199.0342847762332,42.24300655957354,154.67235761372706,100.0,100.0,13850.623548530886,0.6416206394359858,10.93222416726479,4.525295164690307,-42.24300655957354,0.0,0.0,0.0,0.0,5826.934808021413,0.5015035599571409,-152.1728375362977,0.06692732125520706,False,-327.7486249887061,-2877.915949992791,5791.177786237354,-87.19056809875002,4.019911504586382,191.89810213761248,-588.2691254028781,-1987.1346499383646,5826.93480802238,521,-3.3103792825654725,138.3779000169112,False,0.7224137783050537,-1.0,0.10000002384185791,0.0
52.29999999995243,-0.005279138973790781,-0.01767204438992604,5822.708381110489,-7.508604985880517,-1.3922748781645167,-2.7011267125062366,-0.05069279783888362,-14.342792656192652,77.03736650201327,-642.9626334979866,8.512775222790317,198.91024189883314,42.242360684073596,154.72635453591894,100.0,100.0,13855.911353572134,0.6416666972099415,10.95663735144625,5.65876457825921,-42.242360684073596,0.0,0.0,0.0,0.0,5822.708381108393,0.5129259788862052,-152.43958914227517,0.06958715617656708,False,-348.394309125626,-2886.0060139586444,5790.7660117804,-88.10720841559343,3.773600067050356,190.38938382276805,-587.6737505623897,-1967.2519814865668,5822.708381110489,522,-3.261842865563621,135.1160571513476,False,0.7224137783050537,-1.0,-0.3999999761581421,0.0
52.39999999995234,-0.005269102976214948,-0.017493655238955727,5818.483636961755,-7.508741176569129,-1.3910982408854298,-2.701430630513275,-0.036680445321928434,-14.227153460808609,75.61537577465566,-644.3846242253443,13.483204499667329,198.65155107512314,42.288846048162924,154.7802104662499,100.0,100.0,13861.196261579655,0.641712217000629,10.9515364418185,4.536828216869365,-42.288846048162924,0.0,0.0,0.0,0.0,5818.483636959593,0.5244268553040132,-152.6784638072398,0.07165756821632385,False,-369.2090029322808,-2893.581361761942,5790.318915264121,-88.31717059163545,3.500322447557804,188.8617684446414,-586.556543312248,-1947.3937012005515,5818.483636961755,523,-3.213372651551118,131.9026844997965,False,0.7224137783050537,-1.0,0.10000002384185791,0.0
52.49999999995225,-0.0052547769083337815,-0.01731549440867723,5814.254297471014,-7.494493476449975,-1.3850961788806027,-2.638072864503129,-0.049428812742800365,-14.30286455403661,74.18255968202786,-645.8174403179721,18.443174330036097,198.2848072192643,42.2535169909244,154.83289793026705,100.0,100.0,13866.475669224747,0.641752883061809,10.969870073857873,5.670216191045599,-42.2535169909244,0.0,0.0,0.0,0.0,5814.254297469458,0.5359670353642988,-152.86288967623844,0.0714358389377594,False,-390.18830091824435,-2900.568235295525,5789.833024865324,-90.16656400331959,3.123185452991163,187.35769601750857,-584.9617654357165,-1927.5608375739494,5814.254297471014,524,-3.1553889952291923,128.7472955045673,False,0.7224137783050537,-1.0,-0.3999999761581421,0.0
52.59999999995216,-0.0052357758888723,-0.01713778020963729,5810.030136897442,-7.47865408926629,-1.3846206322217882,-2.653145105481523,-0.035549290306383236,-14.190766795893772,72.76442488829679,-647.2355751117032,23.39878456229634,197.7829813418074,42.26788107174346,154.88558445587327,100.0,100.0,13871.749532308751,0.6417937071641086,10.960185799384417,4.545559898255141,-42.26788107174346,0.0,0.0,0.0,0.0,5810.030136898988,0.5475277262038177,-153.02298323920638,0.07291894406080246,False,-411.30774456230745,-2906.9690749135075,5789.286247026595,-91.7831655962221,2.7682164650969816,185.84832164079836,-582.8465719492644,-1907.7776929368229,5810.030136897442,525,-3.0927432378263013,125.65455226674099,False,0.7224137783050537,-1.0,0.10000002384185791,0.0
52.69999999995207,-0.005212498361077971,-0.016960502888170338,5805.80435217019,-7.450405722322975,-1.3792007606989953,-2.6016196095215385,-0.04860207399063913,-14.279625901909176,71.33461523969221,-648.6653847603078,28.337450611328197,197.17350211740856,42.20236035600671,154.93720857749798,100.0,100.0,13877.015510266181,0.6418302198955949,10.97490080652787,5.679484016715565,-42.20236035600671,0.0,0.0,0.0,0.0,5805.804352169571,0.559147875674253,-153.13296295831756,0.07390782982110977,False,-432.5477560909417,-2912.8533028283878,5788.668213447985,-92.41083010447505,2.3913819845506774,184.30873026836036,-580.2553175551997,-1888.0431815111222,5805.80435217019,526,-3.042161770317133,122.61239049642386,False,0.7224137783050537,-1.0,-0.3999999761581421,0.0
52.79999999995198,-0.00518457117188449,-0.016783899551346983,5801.586786363504,-7.42250739830581,-1.3792466759623518,-2.626593950888931,-0.03484078149087984,-14.169025864330017,69.91875426832118,-650.0812457316788,33.2650060503576,196.4288662014191,42.18869055776027,154.98887287333795,100.0,100.0,13882.272882366224,0.6418671761159437,10.962588005028646,4.552614083891824,-42.18869055776027,0.0,0.0,0.0,0.0,5801.586786362475,0.5707798245516502,-153.22261329843658,0.07451045513153076,False,-453.8966076342124,-2918.1699037810076,5787.967847695756,-93.06450546402984,1.9851747217145834,182.785284235455,-577.1464628541814,-1868.3836980559463,5801.586786363504,527,-2.9794837836743966,119.63290671274946,False,0.7224137783050537,-1.0,0.10000002384185791,0.0
52.89999999995189,-0.005152392328865838,-0.016607941306020006,5797.37020425177,-7.3837127710087955,-1.3742305918187518,-2.582450389585675,-0.048121534833806004,-14.267141682220606,68.49066899330737,-651.5093310066926,38.16958222960215,195.57729182956783,42.096580042878514,155.03949038337538,100.0,100.0,13887.519543803588,0.6418999904631186,10.97533638045236,5.687481659615286,-42.096580042878514,0.0,0.0,0.0,0.0,5797.370204249408,0.5824503103663284,-153.26590524877773,0.07464370876550674,False,-475.33921993055503,-2922.964239678539,5787.181934419522,-93.12835339264917,1.5673237906478865,181.25469530007757,-573.5643140493451,-1848.796026186147,5797.37020425177,528,-2.9254939155807493,116.70741279716871,False,0.7224137783050537,-1.0,-0.3999999761581421,0.0
52.9999999999518,-0.005115601043810995,-0.016432883538973386,5793.164532889617,-7.346649277436203,-1.3746255252751387,-2.613319093701644,-0.0344368021076755,-14.156257810440481,67.0760860344736,-652.9239139655263,43.05646298343959,194.59088602601776,42.057873160323,155.0901270392229,100.0,100.0,13892.754345039997,0.6419332739168496,10.961628018635581,4.558717930609972,-42.057873160323,0.0,0.0,0.0,0.0,5793.164532889969,0.5941126038100373,-153.2923584722554,0.07442659139633179,False,-496.8609851536535,-2927.1854179689108,5786.302880797175,-93.42447675349477,1.1441364580560507,179.74872389907657,-569.46870819704,-1829.3085955585173,5793.164532889617,529,-2.86047007927115,113.84694271789756,False,0.7224137783050537,-1.0,0.10000002384185791,0.0
53.099999999951706,-0.005074593783519412,-0.016258678124883883,5788.962193397356,-7.299683630954576,-1.3698713427413953,-2.5733129519317735,-0.047869325711825755,-14.260771476966964,65.64896407619,-654.3510359238098,47.91458461454531,193.49858068358637,41.94167919538696,155.13967930503497,100.0,100.0,13897.975399875795,0.6419623642068346,10.973390760859878,5.694761015593691,-41.94167919538696,0.0,0.0,0.0,0.0,5788.962193396671,0.6057945191105734,-153.2758837883535,0.0737900584936142,False,-518.4490788011046,-2930.8794523142897,5785.330940767158,-93.31267604336577,0.72573844824037,178.23687047180528,-564.9037799813809,-1809.916048862074,5788.962193397356,530,-2.8043363641810712,111.0426063537165,False,0.7224137783050537,-1.0,-0.3999999761581421,0.0
53.199999999951615,-0.005028856516102081,-0.016085676504515718,5784.778548703302,-7.31621951040356,-1.3918058034717529,-2.777787310125546,-0.05102235160525892,-14.171486115591156,64.23027482491968,-655.7697251750802,53.30607995861433,191.9969781551677,41.752989510977294,155.0770987345295,100.0,100.0,13902.112647102078,0.6415490793742967,10.720931570944286,5.738958670506604,-41.752989510977294,0.0,0.0,0.0,0.0,5784.778548702002,0.6174457310610915,-153.24184645211494,0.07286403328180313,False,-540.0862287789531,-2933.9967301601014,5784.260191350022,-93.51628490271072,0.31275352599131523,176.74817192637485,-559.8123073724837,-1790.6575084826898,5784.778548703302,531,-2.733876221273432,108.30873013244306,False,0.7224137783050537,-1.0,-0.3999999761581421,0.0
53.299999999951524,-0.004978456605610449,-0.01591400520352805,5780.601008736322,-7.320471123721705,-1.4116597667018096,-3.007749911730445,-0.03368431727855244,-14.375432803818413,62.80958017121878,-657.190419828781,58.052537417637275,190.63850954715485,41.84247875364442,155.14206006719303,100.0,100.0,13907.451722024372,0.6416400635668286,10.668153361334346,4.4884956660536615,-41.84247875364442,0.0,0.0,0.0,0.0,5780.601008734081,0.6290844488173806,-153.18138283265176,0.07160259783267975,False,-561.762032302539,-2936.584265208848,5783.092148971877,-93.37519427391962,-0.09097918993188489,175.25110598657574,-554.2017893365552,-1771.5470592567426,5780.601008736322,532,-2.675860622852052,105.632869509591,False,0.7224137783050537,-1.0,0.10000002384185791,0.0
53.39999999995143,-0.004923957767666773,-0.01574350905512905,5776.412111215183,-7.333933735807802,-1.4172459531589978,-3.0650750406033747,-0.05048327430124404,-14.6139034731394,61.35323206455,-658.6467679354498,62.77512828334757,189.16503306505348,41.904924477821524,155.2070740523392,100.0,100.0,13912.804603384346,0.6417307364896296,10.684396177823004,5.628512105124004,-41.904924477821524,0.0,0.0,0.0,0.0,5776.412111215087,0.6406936932009514,-153.05908599560306,0.07006240636110306,False,-583.456708460995,-2938.593965914735,5781.821464421395,-93.57703596029923,-0.4879858790018665,173.77456494266977,-548.1349786966651,-1752.5674280169658,5776.412111215183,533,-2.612763589668665,103.02010591992234,False,0.7224137783050537,-1.0,-0.3999999761581421,0.0
53.49999999995134,-0.004865026139170803,-0.015574499662983353,5772.215680529452,-7.374498756722252,-1.4230349634693293,-3.125483824435272,-0.03869834680449673,-14.591169244346437,59.899315648074484,-660.1006843519253,67.46897693755204,187.5514120954281,42.059155842389124,155.27255024315627,100.0,100.0,13918.170857812844,0.6418228667957008,10.691846194072715,4.502654756978105,-42.059155842389124,0.0,0.0,0.0,0.0,5772.215680528776,0.6523039810117309,-152.9169299114937,0.07202491909265518,False,-605.1694528352249,-2940.117139690252,5780.450472017393,-91.59000710138501,-0.768396649299703,172.26679396210216,-541.5747098124938,-1733.7533024833067,5772.215680529452,534,-2.557625293630337,100.462480626292,False,0.7224137783050537,-1.0,0.10000002384185791,0.0
53.59999999995125,-0.004802042532525547,-0.015406882108267211,5768.00334296355,-7.420930245841249,-1.419446017501915,-3.061712399824082,-0.05385366446024523,-14.662973185436698,58.4298311927303,-661.5701688072696,72.13323824547267,185.82758250072848,42.15261531626025,155.33610815285456,100.0,100.0,13923.537341252937,0.641906724243036,10.737430457766166,5.651388896729466,-42.15261531626025,0.0,0.0,0.0,0.0,5768.003342963594,0.6639625218802842,-152.7369412717034,0.07329494506120682,False,-626.9100827778244,-2941.230925855649,5778.996931554285,-88.0114895058057,-0.9732309475877682,170.74729413968282,-534.5633747207439,-1715.094116292306,5768.00334296355,535,-2.5144987643178656,97.94798186197414,False,0.7224137783050537,-1.0,-0.3999999761581421,0.0
53.69999999995116,-0.004734687092395903,-0.015240982442995443,5763.781958546832,-7.476359503810708,-1.4191196651971079,-3.0436263631347074,-0.040832018130655096,-14.561866967642487,56.974981626899066,-663.0250183731009,76.76134077954787,183.96921211744794,42.306979565644184,155.39886119845303,100.0,100.0,13928.90684964801,0.6419869808726677,10.755533369857806,4.526419705286975,-42.306979565644184,0.0,0.0,0.0,0.0,5763.781958549239,0.6756061894002587,-152.55227546665816,0.07111997157335281,False,-648.6625132150427,-2941.850874145979,5777.482725057382,-85.74025241594134,-1.1715348934079037,169.29504213777105,-527.0653671255119,-1696.6261655542526,5763.781958546832,536,-2.458356659794636,95.48962520217951,False,0.7224137783050537,-1.0,0.10000002384185791,0.0
53.79999999995107,-0.00466333700935718,-0.015076683443503209,5759.545549168316,-7.522244161626604,-1.4123659170934422,-2.9425639539289556,-0.054032003251836186,-14.595258400732439,55.51047129621569,-664.4895287037842,81.35242967576453,182.0056970483507,42.382480881399424,155.45938016404438,100.0,100.0,13934.272529298169,0.642057763406909,10.798914260360343,5.676052920492842,-42.382480881399424,0.0,0.0,0.0,0.0,5759.545549166894,0.6871794782627422,-152.33735396049084,0.06599739193916321,False,-670.3906110365006,-2941.864767385385,5775.9277191238225,-85.939429817539,-1.365454506463431,167.916812833432,-519.1226758816413,-1678.3364009307772,5759.545549168316,537,-2.392844251267287,93.09678095091222,False,0.7224137783050537,-1.0,-0.3999999761581421,0.0
53.89999999995098,-0.004587690739399821,-0.014914323570925115,5755.302691937774,-7.565713233259425,-1.4104529413623481,-2.912261815921575,-0.04003043013394536,-14.475802060505812,54.063408950246554,-665.9365910497534,85.89851661814055,179.91243460403453,42.50698351040386,155.5191864886037,100.0,100.0,13939.639127009188,0.6421254200174632,10.810013354633623,4.547573714601366,-42.50698351040386,0.0,0.0,0.0,0.0,5755.302691937688,0.6986582747900135,-152.12217220675907,0.06276330351829529,False,-692.0743474436861,-2941.2614553463773,5774.329027060032,-86.72927382693373,-1.4827286080272626,166.55449826393814,-510.7017331099881,-1660.2624999153838,5755.302691937774,538,-2.3241255012823645,90.77265544962985,False,0.7224137783050537,-1.0,0.10000002384185791,0.0
53.99999999995089,-0.00450812192911458,-0.01475376497636955,5751.047920951787,-7.593591801796606,-1.4033257203922473,-2.8158828942222742,-0.05261347567185722,-14.51619196613234,52.60725704336625,-667.3927429566336,90.39923099276422,177.71862893716744,42.54721670336489,155.57713387658265,100.0,100.0,13945.00188971982,0.6421852160307774,10.843367960890431,5.696133963090611,-42.54721670336489,0.0,0.0,0.0,0.0,5751.047920950815,0.7100897837394949,-151.87981405779382,0.059424564242362976,False,-713.7167991763016,-2940.115571999223,5772.679941583282,-87.17173812894369,-1.5890455525077405,165.1507816963521,-501.84413314903503,-1642.3891171694584,5751.047920951787,539,-2.2675032898417484,88.50515215978811,False,0.7224137783050537,-1.0,-0.3999999761581421,0.0
54.099999999950796,-0.004424348374262942,-0.01459535847657666,5746.79053564159,-7.616455460289657,-1.401649043959038,-2.7990933671243923,-0.038324970991743666,-14.397694769812983,51.16814155049401,-668.8318584495057,94.84660282090573,175.39876423181826,42.63465806268325,155.6347312745312,100.0,100.0,13950.36465346636,0.642243474696066,10.845052186980011,4.563581048396196,-42.63465806268325,0.0,0.0,0.0,0.0,5746.79053564101,0.7214335923977668,-151.63885500970468,0.055998142808675766,False,-735.2911117385115,-2938.3862676458193,5770.977716913906,-87.92593983335807,-1.7140923182989054,163.74148942392867,-492.51846102295065,-1624.7553056125137,5746.79053564159,540,-2.2042973109220565,86.30085484886605,False,0.7224137783050537,-1.0,0.10000002384185791,0.0
54.199999999950705,-0.004336738708611438,-0.014438947031725284,5742.5247556607455,-7.623557736147652,-1.3950876716014946,-2.719556367406857,-0.051010579567541216,-14.456146671164355,49.718966861264235,-670.2810331387356,99.24105614856126,172.98225915682127,42.638068183408166,155.69086533773077,100.0,100.0,13955.723327852378,0.6422955799638727,10.86944072965574,5.711345802675639,-42.638068183408166,0.0,0.0,0.0,0.0,5742.524755660487,0.7327243933044559,-151.371617665044,0.052450086921453476,False,-756.7979948934678,-2936.124230611793,5769.216643156743,-88.24898923642724,-1.858291258404664,162.30211499467728,-482.7657530426253,-1607.3435835716587,5742.5247556607455,541,-2.150193009296548,84.15066183956951,False,0.7224137783050537,-1.0,-0.3999999761581421,0.0
54.299999999950614,-0.004245030096460889,-0.014284893868019326,5738.260134231324,-7.6269376930501105,-1.3941313924482024,-2.7206483156556875,-0.036765373641161954,-14.342423197022256,48.285680976576465,-671.7143190234233,103.57473267266086,170.44279424421575,42.69056699692689,155.74693299010747,100.0,100.0,13961.080417850062,0.6423474194006411,10.863921703450169,4.575320055327428,-42.69056699692689,0.0,0.0,0.0,0.0,5738.260134232149,0.7439212918436766,-151.10627972982363,0.048802923411130905,False,-778.2081073092811,-2933.288637361496,5767.393233895558,-88.86879018300114,-2.0270313571495624,160.86580487021524,-472.5567503380262,-1590.1943853879113,5738.260134231324,542,-2.0896675828680613,82.06099425670145,False,0.7224137783050537,-1.0,0.10000002384185791,0.0
54.39999999995052,-0.004149584465190299,-0.014133023692956197,5733.990356267086,-7.616371979514746,-1.3882698747006337,-2.6571712526971707,-0.049765809596120744,-14.417876893504607,46.841225087176696,-673.158774912823,107.8489790306925,167.8101833703338,42.66092040680271,155.80178919542223,100.0,100.0,13966.43212683597,0.6423942323115795,10.882235904793934,5.723031967698807,-42.66092040680271,0.0,0.0,0.0,0.0,5733.990356265794,0.7550589149720673,-150.81515280039224,0.04502139240503311,False,-799.5246360471606,-2929.928956502577,5765.503189051026,-89.077540811832,-2.212546350389906,159.40605730201034,-461.9317426649841,-1573.2881974998838,5733.990356267086,543,-2.0378829122089845,80.02311134449246,False,0.7224137783050537,-1.0,-0.3999999761581421,0.0
54.49999999995043,-0.00405015834213558,-0.013983711884757152,5729.725065486941,-7.604268872392234,-1.3879973452311551,-2.672763270820886,-0.035648572684076694,-14.307814265180916,45.41162501881944,-674.5883749811803,112.05574352760718,165.05759802393496,42.682896509006724,155.85673138145512,100.0,100.0,13971.77992772888,0.6424415143404411,10.87213973827773,4.584227271948925,-42.682896509006724,0.0,0.0,0.0,0.0,5729.7250654869895,0.7660964788464172,-150.52604719352487,0.04120950028300285,False,-820.7098911619149,-2926.0074538338017,5763.543343491126,-89.59451600295861,-2.4175371276265416,157.95172949476105,-450.8636266465328,-1556.6668070111662,5729.725065486941,544,-1.9799420677555732,78.04316927673689,False,0.7224137783050537,-1.0,0.10000002384185791,0.0
54.59999999995034,-0.003947105473905844,-0.013836765503772098,5725.457437956941,-7.580167255982093,-1.382702374171589,-2.620897362813593,-0.048951831151912914,-14.396182762524225,43.97000686207699,-676.0299931379228,116.1973682649558,162.2152508638482,42.62460849841497,155.9105784192657,100.0,100.0,13977.120243259516,0.6424843443750001,10.886838710098493,5.732513694375793,-42.62460849841497,0.0,0.0,0.0,0.0,5725.457437956647,0.7770686877540264,-150.2113941707069,0.03718261420726776,False,-841.7684298443804,-2921.573313390533,5761.51071043641,-89.71982047484653,-2.6345057903219384,156.4773068767115,-439.39178135519853,-1540.3087358799098,5725.457437956941,545,-1.9304229986700787,76.11274627806681,False,0.7224137783050537,-1.0,-0.3999999761581421,0.0
54.69999999995025,-0.00384020193596562,-0.013692571515594401,5721.197178145829,-7.556430315717659,-1.3829384389895043,-2.646229383959745,-0.034946875057350175,-14.287705276613027,42.542523555567065,-677.4574764444327,120.26530187387257,159.25607875987512,42.62007382416326,155.96456257301782,100.0,100.0,13982.453871597976,0.6425279609210561,10.874113057648904,4.591441567945649,-42.62007382416326,0.0,0.0,0.0,0.0,5721.197178146053,0.7879341049457079,-149.89929123019104,0.03312700241804123,False,-862.6677046405676,-2916.587482187217,5759.401945300878,-90.16033133017699,-2.866393733460432,155.0148085832932,-427.4912795116928,-1524.2570611159688,5721.197178145829,546,-1.8748736743623975,74.23787260370442,False,0.7224137783050537,-1.0,0.10000002384185791,0.0
54.79999999995016,-0.0037297920647897374,-0.013550919795154583,5716.937044832719,-7.522182542295217,-1.3780370868605945,-2.601642066468009,-0.04847699248395833,-14.38511929572524,41.10247501154778,-678.897524988452,124.26293816926568,156.21060750741765,42.53667985486211,156.01747560663887,100.0,100.0,13987.777434735199,0.6425673218898674,10.886839203843625,5.740715027806635,-42.53667985486211,0.0,0.0,0.0,0.0,5716.937044832509,0.7987276851848375,-149.56233075049462,0.02886015921831131,False,-883.4147053465806,-2911.098437090991,5757.215051875297,-90.22352316013229,-3.106472574059457,153.53555670505736,-415.20045265239355,-1508.4883915966082,5716.937044832719,547,-1.827475498968054,72.41039710473636,False,0.7224137783050537,-1.0,-0.3999999761581421,0.0
54.89999999995007,-0.003615671825780613,-0.013412208120591065,5712.686817859885,-7.4896509943302325,-1.3786148607330204,-2.6328183966990695,-0.03454361834630733,-14.276466712921755,39.67612405144909,-680.3238759485507,128.18101609800505,153.0517468976762,42.50857779181301,156.0705135391775,100.0,100.0,13993.091313378465,0.6426075235505141,10.872708459227606,4.597697213926623,-42.50857779181301,0.0,0.0,0.0,0.0,5712.686817859257,0.8094079183989291,-149.22857300264334,0.02457387186586857,False,-903.9748022090403,-2905.06862491823,5754.946750122777,-90.60687029532656,-3.357963171770251,152.07009492874312,-402.4965876458979,-1493.0470079841973,5712.686817859885,548,-1.7742590278014523,70.63613807693491,False,0.7224137783050537,-1.0,0.10000002384185791,0.0
54.99999999994998,-0.0034981750897514954,-0.013276209618911069,5708.438925479517,-7.447589985955728,-1.3739699868979034,-2.5923577426496056,-0.04822609562222819,-14.380110848236319,38.2368924127901,-681.7631075872097,132.02402201645492,149.8102239127566,42.40254365046646,156.1224500996361,100.0,100.0,13998.392315968256,0.6426434422522931,10.88443650095682,5.748193702625386,-42.40254365046646,0.0,0.0,0.0,0.0,5708.438925479166,0.8200334083629137,-148.87102847371673,0.023925868794322014,False,-924.3800453617001,-2898.583580658723,5752.594006510958,-88.79607630662126,-3.5106659757327554,150.57396954467646,-389.41685099113647,-1477.9076547771801,5708.438925479517,549,-1.732725177505415,68.9034128994295,False,0.7224137783050537,-1.0,-0.3999999761581421,0.0
55.09999999994989,-0.0033770055120739624,-0.01314347978605608,5704.20854271352,-7.470100369471947,-1.3964340878668031,-2.798090396631612,-0.05134319274620705,-14.28881753109936,36.80643630454934,-683.1935636954505,136.15400756110643,145.95073678069292,42.22755575136261,156.06059046909974,100.0,100.0,14002.582447066612,0.6422325294991151,10.628339184556678,5.7919958096026765,-42.22755575136261,0.0,0.0,0.0,0.0,5704.208542713949,0.8306247997452122,-148.51480336249847,0.022954316809773445,False,-944.670729165555,-2891.7116072936287,5750.169145246706,-85.40113302418486,-3.6009612463239677,149.06434525884978,-375.9282536040735,-1463.1321697837627,5704.20854271352,550,-1.6921559970682933,67.2112569023612,False,0.7224137783050537,-1.0,-0.3999999761581421,0.0
55.199999999949796,-0.0032522844719896347,-0.013014101221920297,5699.9827058194405,-7.4800711373665445,-1.4166926275733238,-3.029237939367661,-0.03371404007841523,-14.501050707107805,35.37370583181953,-684.6262941681803,139.7699026474758,142.5218122749879,42.33345568083006,156.12861053787566,100.0,100.0,14008.01278966744,0.6423325847228017,10.574666606828847,4.525601677098553,-42.33345568083006,0.0,0.0,0.0,0.0,5699.982705819134,0.8411388370859547,-148.14856042402926,0.01883971132338047,False,-964.7986317943218,-2884.3890270830725,5747.696654183963,-83.26145228723269,-3.6955538310393847,147.6124908027679,-362.0443074218861,-1448.7297480241675,5699.9827058194405,551,-1.6521651455147597,65.55909175684644,False,0.7224137783050537,-1.0,0.10000002384185791,0.0
55.299999999949705,-0.003124445877897283,-0.012887672653728149,5695.743913966889,-7.500337413938322,-1.4224278538048687,-3.085591795780657,-0.050855938577339936,-14.73714048239405,33.9047576040257,-686.0952423959741,143.31060495523928,138.9997658903617,42.41284647606931,156.19671082343305,100.0,100.0,14013.459052755883,0.6424323677660388,10.59129667348658,5.68029748885907,-42.41284647606931,0.0,0.0,0.0,0.0,5695.743913966155,0.8515314910276272,-147.73592050620775,0.011722283437848091,False,-984.6901982049054,-2876.5244419549376,5745.200792883924,-83.57533476959402,-3.7983443983696654,146.2326246360675,-347.8133151275255,-1434.6557198130176,5695.743913966889,552,-1.6036714770189622,63.95542027982748,False,0.7224137783050537,-1.0,-0.3999999761581421,0.0
55.399999999949614,-0.002993337109684425,-0.012764630136310394,5691.495684549952,-7.548116768819023,-1.4283927484162278,-3.1455450763204653,-0.03883334708929813,-14.716730088321007,32.43853084992037,-687.5614691500793,146.75893897761264,135.36494841205544,42.586517590456324,156.26539233618374,100.0,100.0,14018.922075097373,0.6425339863999897,10.59884028124401,4.540311442488237,-42.586517590456324,0.0,0.0,0.0,0.0,5691.495684551405,0.8617755107076531,-147.3175550300724,0.006517895497381687,False,-1004.3195170160672,-2868.109505019288,5742.679622376323,-84.4489199530429,-3.835909049739571,144.8746219907302,-333.2182870500702,-1420.958626774073,5691.495684549952,553,-1.5523914486839372,62.403028831143544,False,0.7224137783050537,-1.0,0.10000002384185791,0.0
55.49999999994952,-0.0028592557177652884,-0.01264471161452815,5687.229698387334,-7.60224973253375,-1.424896326578555,-3.0808734573260343,-0.05423570651506693,-14.78439074769529,30.95656173199261,-689.0434382680072,150.12929260019882,131.64390192584816,42.699201899604844,156.33211272192509,100.0,100.0,14024.386831571243,0.642627122100472,10.644887681050538,5.703915012100183,-42.699201899604844,0.0,0.0,0.0,0.0,5687.229698387992,0.8719206515599356,-146.87456561455622,0.001313961809501052,False,-1023.7162593292596,-2859.211475631576,5740.123176181931,-84.93894292770814,-3.8675258751938557,143.47693608975953,-318.2923465016319,-1407.6092969292736,5687.229698387334,554,-1.510630597048846,60.8923982340947,False,0.7224137783050537,-1.0,-0.3999999761581421,0.0
55.59999999994943,-0.002722068583182937,-0.012528359729704392,5682.952555550829,-7.665246546971524,-1.4247512326887783,-3.0631246885226115,-0.04094311245405596,-14.686416295362289,29.48955373882527,-690.5104462611745,153.4032681063719,127.81863531816838,42.87477036500651,156.3981321864985,100.0,100.0,14029.857947233611,0.64271699169066,10.662863536166476,4.564744817471587,-42.87477036500651,0.0,0.0,0.0,0.0,5682.952555550151,0.8819261946839201,-146.43908863345638,-0.0039041542913764715,False,-1042.8402827225411,-2849.8017713482095,5737.530635254401,-85.71156392924681,-3.923078080517354,142.0727506768848,-303.0206746799246,-1394.6570051106928,5682.952555550829,555,-1.558158694579848,59.334239539514854,False,0.7224137783050537,-1.0,0.10000002384185791,0.0
55.69999999994934,-0.0025820593326002024,-0.012415293953691531,5678.658376451782,-7.719000600126164,-1.418122435641135,-2.9620798510280344,-0.054383540119815665,-14.71686256794081,28.012603389940793,-691.9873966100589,156.59493947333678,123.9151511416126,42.971096073307784,156.46189141379452,100.0,100.0,14035.327046472783,0.6427972422624219,10.706401476333617,5.729231401680571,-42.971096073307784,0.0,0.0,0.0,0.0,5678.6583764522065,0.8918298653387584,-145.98562956753193,-0.00914856418967247,False,-1061.7105972928716,-2839.9267408042706,5734.8944638141575,-86.02858791937513,-3.99992464058505,140.63737472252637,-287.43484490505455,-1382.0705229249413,5678.658376451782,556,-1.549100812284003,57.78513872723085,False,0.7224137783050537,-1.0,-0.3999999761581421,0.0
55.79999999994925,-0.002439117339863335,-0.012305959647175499,5674.355476704982,-7.770205580531476,-1.4164174908480427,-2.932809350828312,-0.040118598577097375,-14.60176145902723,26.55330763029641,-693.4466923697033,159.68446890245878,119.91595418343509,43.11837761064612,156.52506773230328,100.0,100.0,14040.80084252823,0.6428747941977214,10.71714049129022,4.58640964762726,-43.11837761064612,0.0,0.0,0.0,0.0,5674.355476704733,0.9015903190508201,-145.54309263868026,-0.014425292611122131,False,-1080.284764882874,-2829.5587681914453,5732.213469083351,-86.62116859680827,-4.103989026301967,139.20350756879873,-271.52254227358645,-1369.8994279235765,5674.355476704982,557,-1.5033893170131043,56.28174941021775,False,0.7224137783050537,-1.0,0.10000002384185791,0.0
55.89999999994916,-0.0022935132284515373,-0.012200059266613364,5670.038499761707,-7.806212247432408,-1.4094264923943527,-2.8367740237806576,-0.052963125943385495,-14.639941384898865,25.084535195103147,-694.9154648048966,162.6862803752569,115.84658287753236,43.18100797300099,156.58638525733494,100.0,100.0,14046.273083325359,0.6429444304187011,10.750504169459726,5.749822525433272,-43.18100797300099,0.0,0.0,0.0,0.0,5670.038499762592,0.9112452790339041,-145.08376386746463,-0.019749945029616356,False,-1098.5837519621782,-2818.742248633485,5729.481806359461,-86.79066321293884,-4.224895556937526,137.7451006178224,-255.31389259122514,-1358.1105975593998,5670.038499761707,558,-1.4651283228320702,54.81662108738568,False,0.7224137783050537,-1.0,-0.3999999761581421,0.0
55.99999999994907,-0.0021451597934481204,-0.012098040349784697,5665.716471987785,-7.837152480485155,-1.4079556074833406,-2.821061688123749,-0.038419547875713174,-14.526391825367876,23.632944663372054,-696.3670553366278,165.58009960665203,111.68880164219998,43.29281940098911,156.64750544905672,100.0,100.0,14051.749553301639,0.6430130324572354,10.751750589883498,4.60281581161975,-43.29281940098911,0.0,0.0,0.0,0.0,5665.716471987631,0.9207530115307444,-144.63549754364018,-0.025114944204688072,False,-1116.5632217312475,-2807.4510968616173,5726.698627950544,-87.25527045009915,-4.366091620341618,136.2936394968355,-238.79918820664477,-1346.7538517380324,5665.716471987785,559,-1.4219392841926004,53.39468180319307,False,0.7224137783050537,-1.0,0.10000002384185791,0.0
56.09999999994898,-0.001994314012230571,-0.011999590297428349,5661.383733972118,-7.8527810666915885,-1.4015160912748958,-2.741691923920598,-0.051378732177107145,-14.582717043886724,22.170867534991572,-697.8291324650082,168.38118705641455,107.46789875135103,43.320180389527444,156.70718104088425,100.0,100.0,14057.224610464866,0.643075484928461,10.776119956888921,5.765470693831812,-43.320180389527444,0.0,0.0,0.0,0.0,5661.383733971926,0.9301513457723428,-144.17005860903186,-0.03053927980363369,False,-1134.2461483175678,-2795.728007751249,5723.859456478412,-87.32801917174804,-4.51793391337708,134.82175398073787,-222.00703584150713,-1335.7943919097238,5661.383733972118,560,-1.38600627486236,52.00867552833071,False,0.7224137783050537,-1.0,-0.3999999761581421,0.0
56.199999999948886,-0.001840912163771303,-0.011905158827839761,5657.049558955228,-7.8646472989919305,-1.4007457383048199,-2.743587180085373,-0.036877201092724105,-14.474085269371376,20.724819168357136,-699.2751808316426,171.06897235110256,103.1649606753607,43.39856922147258,156.76695850386224,100.0,100.0,14062.702677444428,0.643138223505916,10.77015694731097,4.614905080213273,-43.39856922147258,0.0,0.0,0.0,0.0,5657.049558954456,0.9393982568267628,-143.71505884844024,-0.03600618988275528,False,-1151.5865529344696,-2783.548801229325,5720.963703367299,-87.71083293615563,-4.684328380815369,133.360027219418,-204.93034207102144,-1325.2822807151222,5657.049558955228,561,-1.3450034977594991,50.66367203057121,False,0.7224137783050537,-1.0,0.10000002384185791,0.0
56.299999999948795,-0.0016851964869367471,-0.011814419912857083,5652.70776845001,-7.863009752586236,-1.3949833857988316,-2.6799696093608487,-0.050153770214985745,-14.547195452986438,19.267171669312567,-700.7328283306872,173.65975116476883,98.80511969024096,43.394318203266,156.82555536669827,100.0,100.0,14068.178349206732,0.6431959758929314,10.78845745723739,5.777567772048413,-43.394318203266,0.0,0.0,0.0,0.0,5652.707768450949,0.9485317463731241,-143.24232682149497,-0.041537608951330185,False,-1168.6094241116416,-2770.9545998990907,5718.007828612536,-87.72170500167884,-4.8570049381040175,131.8802085531723,-187.5960729257987,-1315.1812246992504,5652.70776845001,562,-1.3110841975614453,49.35258783300977,False,0.7224137783050537,-1.0,-0.3999999761581421,0.0
56.399999999948704,-0.0015271266257226438,-0.01172782519037757,5648.3677233301705,-7.859758578794289,-1.394875097154538,-2.696085449329143,-0.035773442077625096,-14.442193005994834,17.824537733808107,-702.1754622661916,176.13252708597307,94.36918861367968,43.44357117627592,156.88441740586478,100.0,100.0,14073.654999229224,0.6432547825599739,10.777922318482041,4.624147581897664,-43.44357117627592,0.0,0.0,0.0,0.0,5648.36772333188,0.9575103955370281,-142.77928079711668,-0.04704028740525246,False,-1185.263123937137,-2757.928216089416,5714.991935718888,-88.05121286960748,-5.040407095386881,130.4095549003333,-169.9997359754447,-1305.541500192831,5648.3677233301705,563,-1.2705555711906393,48.08203226181913,False,0.7224137783050537,-1.0,0.10000002384185791,0.0
56.49999999994861,-0.001366929026349983,-0.011645036442395324,5644.022752177889,-7.844917802377996,-1.3896596117592526,-2.643850329293975,-0.04935231832982558,-14.52795631467182,16.369466626300476,-703.6305333736993,178.5046926561136,89.88210732931435,43.411986135750816,156.94222353368514,100.0,100.0,14079.12739355546,0.6433092025327947,10.792609569710605,5.787457681041239,-43.411986135750816,0.0,0.0,0.0,0.0,5644.0227521775905,0.9663725069786442,-142.2979203757348,-0.05268547683954239,False,-1201.5739704987475,-2744.5103011677643,5711.9132362732535,-88.01754301288273,-5.227315204991819,128.9215071614541,-152.16653921328012,-1296.3254567674476,5644.022752177889,564,-1.2402779652502434,46.84175429656889,False,0.7224137783050537,-1.0,-0.3999999761581421,0.0
56.59999999994852,-0.0012045866033787247,-0.01156650660782577,5639.682274753404,-7.830321609498941,-1.3900437186213885,-2.669545009728491,-0.03507646676956474,-14.424486925716874,14.928708568203756,-705.071291431796,180.7546852528735,85.32479978001949,43.43598466683593,157.00035432246486,100.0,100.0,14084.598227589482,0.643365019803775,10.779441562022694,4.631696755049497,-43.43598466683593,0.0,0.0,0.0,0.0,5639.682274754492,0.9750754512636006,-141.82596824278593,-0.05830162391066551,False,-1217.494440625521,-2730.6803940374048,5708.77130471794,-88.3053238588479,-5.422704978616351,127.4471966845653,-134.09458068811963,-1287.5835155831646,5639.682274753404,565,-1.201593063239573,45.640161233329316,False,0.7224137783050537,-1.0,0.10000002384185791,0.0
56.69999999994843,-0.0010403091093643586,-0.011491886283289012,5635.339216086584,-7.805594474198343,-1.3852084599417358,-2.6244859180217737,-0.04888258655550732,-14.519092816298759,13.474974733321591,-706.5250252666782,182.90099879360278,80.72190827598413,43.380484619747214,157.0574595416839,100.0,100.0,14090.06242637695,0.643416665836103,10.792147764335729,5.796074539109826,-43.380484619747214,0.0,0.0,0.0,0.0,5635.339216089049,0.9836804039702596,-141.33603074204768,-0.06018081679940224,False,-1233.0890365116434,-2716.50276320785,5705.560186829952,-86.4241213607031,-5.5182227342604815,125.94656249148998,-115.8072100544404,-1279.2767810557327,5635.339216086584,566,-1.0899650838381845,44.55019614949113,False,0.7224137783050537,-1.0,-0.3999999761581421,0.0
56.79999999994834,-0.0008741026750303035,-0.011421628833861911,5631.003068767754,-7.782430914862925,-1.385924351030564,-2.655982038346671,-0.03467150525450602,-14.415431374347465,12.035131999021825,-707.964868000978,184.9214186735151,76.05475002603242,43.382073314387995,157.11488413622868,100.0,100.0,14095.522274860843,0.6434697850502397,10.777562328816773,4.63829372549508,-43.382073314387995,0.0,0.0,0.0,0.0,5631.003068768024,0.9922103996493294,-140.85733414772216,-0.06231845170259476,False,-1248.4234641751864,-2702.0226838440185,5702.288815803114,-82.97567612054395,-5.548010009281182,124.43527523857247,-97.30510978437339,-1271.4557217855079,5631.003068767754,567,-1.0710520849206948,43.479144064570434,False,0.7224137783050537,-1.0,0.10000002384185791,0.0
56.89999999994825,-0.0007061596043529126,-0.011355374575343287,5626.666438571647,-7.750101802861201,-1.3813374600817083,-2.6150429910723396,-0.04863236752003274,-14.516137200213395,10.582001394476027,-709.4179986055237,186.83551917847484,71.3475497853245,43.30504147103443,157.17125794141035,100.0,100.0,14100.972849269041,0.6435187210397828,10.789255991413189,5.8039816903522565,-43.30504147103443,0.0,0.0,0.0,0.0,5626.666438570587,1.0006406004156982,-140.3610560210194,-0.06756970286369324,False,-1263.4285129132932,-2687.201566449179,5698.985232988814,-80.78276600550281,-5.5795402189703465,122.98231671555733,-78.60968715656622,-1264.0802977272147,5626.666438571647,568,-1.1121879987199064,42.36695606585053,False,0.7224137783050537,-1.0,-0.3999999761581421,0.0
56.99999999994816,-0.000536509201404812,-0.01129357627350879,5622.338911101625,-7.720189038201674,-1.3822702457080314,-2.6497957580479783,-0.03445059122639308,-14.411141751577738,9.142535113012752,-710.857464886987,188.6203999141901,66.58220739399894,43.286137249275086,157.22790988822928,100.0,100.0,14106.416189724772,0.6435690565199338,10.77394736538084,4.644364543430586,-43.286137249275086,0.0,0.0,0.0,0.0,5622.338911102978,1.008894806407364,-139.87438644606374,-0.07577100396156311,False,-1278.0003004885007,-2671.9859040712035,5695.6792549593865,-81.03438036571298,-5.618805306806883,121.60215672255228,-59.72420430038367,-1257.2009107669985,5622.338911101625,569,-1.1400761411744296,41.2268799246761,False,0.7224137783050537,-1.0,0.10000002384185791,0.0
57.09999999994807,-0.0003653256824382852,-0.011235864844099693,5618.012834322032,-7.681703614173789,-1.377845112840763,-2.611042973039724,-0.04851324250901417,-14.516197488436147,7.689615429598028,-712.3103845704017,190.29668278455773,61.78242095075944,43.189156904308234,157.28345638047008,100.0,100.0,14111.84751626362,0.6436150752659546,10.785159255133388,5.811486802347992,-43.189156904308234,0.0,0.0,0.0,0.0,5618.012834323213,1.0169777181235264,-139.36910835726502,-0.08202129602432251,False,-1292.1115097086908,-2656.378381101551,5692.370696837855,-81.84777325232389,-5.594241250473507,120.24737135965324,-40.66805496902991,-1250.7764744451779,5618.012834322032,570,-1.063259065402614,40.163620859273486,False,0.7224137783050537,-1.0,-0.3999999761581421,0.0
57.19999999994798,-0.00019266146546233285,-0.011182691348565782,5613.697901480913,-7.646164837215251,-1.3789235801342987,-2.6475165135668215,-0.034336073204861615,-14.409216150862084,6.250253916236362,-713.7497460837634,191.8407837227464,56.93079770257965,43.15103530456036,157.33922199169686,100.0,100.0,14117.268719964486,0.6436623446153265,10.769495815839486,4.650132323576412,-43.15103530456036,0.0,0.0,0.0,0.0,5613.697901481841,1.0249085258566946,-138.8741906955574,-0.08820615708827972,False,-1305.8165089132622,-2640.427843538649,5689.046911113141,-82.2853319586466,-5.560826569161514,118.85349536633643,-21.447074335266894,-1244.8572009223428,5613.697901480913,571,-1.0305667379804637,39.13305412129302,False,0.7224137783050537,-1.0,0.10000002384185791,0.0
57.299999999947886,-1.8672129118048396e-05,-0.011133678193946306,5609.386242507684,-7.602406673256589,-1.3746096593286712,-2.609833688100311,-0.048466636093662786,-14.517583310521859,4.7973590373770865,-715.2026409626227,193.27433425334593,52.05041703875922,43.035177126400846,157.39381375975702,100.0,100.0,14122.675158694847,0.6437051060886697,10.780496670790315,5.818741578762875,-43.035177126400846,0.0,0.0,0.0,0.0,5609.386242509535,1.0326794292304144,-138.36118292759315,-0.09438333660364151,False,-1319.0666326621529,-2624.1243970046366,5685.709911780453,-83.00477187804653,-5.5497633319231925,117.45232712026144,-2.0785814134211473,-1239.4010565501028,5609.386242507684,572,-0.9994588452505032,38.13359527604252,False,0.7224137783050537,-1.0,-0.3999999761581421,0.0
57.399999999947795,0.00015656689023058068,-0.011089273594405192,5605.087665543902,-7.5619282078788,-1.3757940471136643,-2.6471722653967196,-0.034279129080092605,-14.40830258833703,3.357984124853857,-716.642015875146,194.5730907495121,47.12467803356789,42.97873106901671,157.44855831961402,100.0,100.0,14128.06862835046,0.6437489370894847,10.764660234240528,4.655701612568629,-42.97873106901671,0.0,0.0,0.0,0.0,5605.087665543746,1.0402970418262432,-137.85883554276262,-0.10052670538425446,False,-1331.897982269465,-2607.502262090271,5682.350393489358,-83.27218076771928,-5.557249405790534,116.01903080682384,17.42902622046824,-1234.4579365291859,5605.087665543902,573,-0.9692287755452217,37.1643665004973,False,0.7224137783050537,-1.0,0.10000002384185791,0.0
57.499999999947704,0.0003329191302498721,-0.011049092362748461,5600.794106804654,-7.5134449852946545,-1.3715646965497825,-2.6099604300597767,-0.04845759599907237,-14.519388892172149,1.9050416168323598,-718.0949583831674,195.75965384625508,42.17596425328066,42.84477777024259,157.50205570548889,100.0,100.0,14133.444619912141,0.6437880471177164,10.775577818656929,5.825810245780191,-42.84477777024259,0.0,0.0,0.0,0.0,5600.794106803346,1.047753434284668,-137.33868315964918,-0.10668385028839111,False,-1344.26017986413,-2590.553389737783,5678.970089355362,-83.81306895330567,-5.590786576111433,114.58610882966522,37.06055757941576,-1229.9849618211588,5600.794106804654,574,-0.9402699878898774,36.224096512607424,False,0.7224137783050537,-1.0,-0.3999999761581421,0.0
57.59999999994761,0.0005102885606111192,-0.011013767082903215,5596.520905882108,-7.532081054976152,-1.395014694862031,-2.820739589735513,-0.051609611574498705,-14.430957289323006,0.46061096278617897,-719.5393890372136,196.80649055336877,36.548219661892595,42.64292481211705,157.43931087681472,100.0,100.0,14137.665639016515,0.6433737656317053,10.514059939995924,5.868782210573457,-42.64292481211705,0.0,0.0,0.0,0.0,5596.52090588134,1.0550465081746487,-136.82492260019055,-0.11282750219106674,False,-1356.1904041236187,-2573.309462485788,5675.561299478272,-83.93368233689671,-5.638729003690372,113.12780723037298,56.80532256722979,-1226.0525516687858,5596.520905882108,575,-0.9078683483769656,35.31622816423046,False,0.7224137783050537,-1.0,-0.3999999761581421,0.0
57.69999999994752,0.0006885241362589346,-0.010983292701776648,5592.254435473976,-7.538362384401065,-1.4160395023601755,-3.0560132192682823,-0.03359522461864464,-14.64926994402517,359.0135257197918,-720.986474280208,197.69123571668857,31.582901941886934,42.731989116246666,157.50951550303924,100.0,100.0,14143.173777947952,0.6434792369944475,10.458785354197456,4.580255728030437,-42.731989116246666,0.0,0.0,0.0,0.0,5592.254435472774,1.0621517764631436,-136.30585967494673,-0.11898152530193329,False,-1367.6371923871598,-2555.7646162012047,5672.126184507,-84.34798492191632,-5.706039723872067,111.67558723757685,76.6465068483446,-1222.6601435617765,5592.254435473976,576,-0.8809448239007361,34.435283340329725,False,0.7224137783050537,-1.0,0.10000002384185791,0.0
57.79999999994743,0.0008675140015552328,-0.010957081115518144,5587.976560412452,-7.556698342777087,-1.4221355433708502,-3.112483275180874,-0.051284569267154106,-14.890283940714784,357.52931528751606,-722.4706847124837,198.45733129263266,26.585905832020575,42.79579883239208,157.5796926299187,100.0,100.0,14148.695072856564,0.6435840721923005,10.475724412515092,5.754960290323034,-42.79579883239208,0.0,0.0,0.0,0.0,5587.976560412868,1.0691175665527097,-135.74625408626432,-0.12515561282634735,False,-1378.6389329345443,-2537.9481969927842,5668.658328194154,-84.3738382236684,-5.781722771110622,110.20237026620428,96.57165865312852,-1219.7422697794798,5587.976560412452,577,-0.8568229291701382,33.57846041115959,False,0.7224137783050537,-1.0,-0.3999999761581421,0.0
57.89999999994734,0.0010471165950373834,-0.01093558126720492,5583.690654493466,-7.603543927160855,-1.4284766862364544,-3.1728073797625287,-0.03894038483668212,-14.868529570247325,356.04800830727527,-723.9519916927245,199.07854429296071,21.552181590422652,42.9578327974624,157.65045415844722,100.0,100.0,14154.231679840801,0.643690793682523,10.483256137664144,4.595414551625903,-42.9578327974624,0.0,0.0,0.0,0.0,5583.690654492881,1.0758999416711827,-135.18667890709747,-0.13135093450546265,False,-1389.1434608925488,-2519.8567587718394,5665.160217312223,-84.70933942677564,-5.87120532177093,108.73871738435243,116.56501935956152,-1217.3489066652517,5583.690654493466,578,-0.8286663757657513,32.74979403539384,False,0.7224137783050537,-1.0,0.10000002384185791,0.0
57.99999999994725,0.0012272473503896668,-0.010918400634826339,5579.388108313385,-7.657638765224112,-1.4252203130655376,-3.1073672858897203,-0.05472397725238853,-14.936264247025791,354.5506859879872,-725.4493140120126,199.58298866425517,16.494180983383036,43.05888426026296,157.7190403306586,100.0,100.0,14159.76639794331,0.6437882878399339,10.529891772535855,5.7792887062886695,-43.05888426026296,0.0,0.0,0.0,0.0,5579.388108313643,1.0825390002463642,-134.60797205101684,-0.13757430016994476,False,-1399.190409826248,-2501.517421548945,5661.626280974641,-84.67685095013915,-5.96483941938313,107.25661283771845,136.6171750453777,-1215.436358668868,5579.388108313385,579,-0.8057987805014551,31.943995254892386,False,0.7224137783050537,-1.0,-0.3999999761581421,0.0
58.09999999994716,0.001407744496535819,-0.010905981668917432,5575.075451762966,-7.720771741200608,-1.4254293793452628,-3.090375627432906,-0.04105424632781193,-14.836867980819108,353.06874031550274,-726.9312596844969,199.9444692348958,11.409166629418547,43.225892777642,157.78690466615336,100.0,100.0,14165.30600478132,0.6438824913677643,10.547671007675929,4.6205075679582635,-43.225892777642,0.0,0.0,0.0,0.0,5575.075451764342,1.0889906251890233,-134.0420193462594,-0.1438199132680893,False,-1408.727205632425,-2482.92930092363,5658.059193288034,-84.96379064048087,-6.068651711087786,105.78605767059989,156.71011735436738,-1214.0538793838884,5575.075451762966,580,-0.7787970004703892,31.165198254421995,False,0.7224137783050537,-1.0,0.10000002384185791,0.0
58.19999999994707,0.0015885463419145723,-0.010897924897562446,5570.746596722496,-7.775247793270428,-1.4190695700510594,-2.9893721462137033,-0.05485003059770529,-14.867516393334874,351.57657100970494,-728.4234289902947,200.1904279831677,6.30920113259729,43.31338240027884,157.8523180859774,100.0,100.0,14170.840466191354,0.643966420782847,10.5914444500648,5.805200150256625,-43.31338240027884,0.0,0.0,0.0,0.0,5570.746596722403,1.0952952747836646,-133.4630147832724,-0.1500972956418991,False,-1417.7947129926115,-2464.117328914047,5654.453933437863,-84.89473824342339,-6.173980006779608,104.29845478410184,176.83697878193018,-1213.1569995966515,5570.746596722496,581,-0.7570146473824381,30.408183607039557,False,0.7224137783050537,-1.0,-0.3999999761581421,0.0
58.29999999994698,0.001769470762117823,-0.010894661296822285,5566.409780165353,-7.827294888213682,-1.4177460569621114,-2.961501490689141,-0.040214377758989076,-14.752216387718738,350.102405162323,-729.8975948376767,200.2938242378666,1.1929028513768356,43.45484198692632,157.91716589198467,100.0,100.0,14176.378866616702,0.6440477620422705,10.601702921234056,4.64260161473927,-43.45484198692632,0.0,0.0,0.0,0.0,5566.4097801653415,1.1014088828999276,-132.89961965717998,-0.15639561414718628,False,-1426.3401830744579,-2445.0832632336137,5650.813276230911,-85.15080974598074,-6.287232291625505,102.82349923322133,196.97748523895606,-1212.7936955622567,5566.409780165353,582,-0.731050671296102,29.677132935743455,False,0.7224137783050537,-1.0,0.10000002384185791,0.0
58.399999999946886,0.0019504772769837456,-0.01089578515186881,5562.059461462936,-7.864814262207679,-1.4110369874783844,-2.865777413596444,-0.053433611122584726,-14.791088991229314,348.6183867001288,-731.381613299871,200.28206734819364,-3.9283854540069996,43.51139552344925,157.98000499297848,100.0,100.0,14181.913333892908,0.6441206714364953,10.63510856100468,5.826157836458982,-43.51139552344925,0.0,0.0,0.0,0.0,5562.059461463129,1.1073722501102248,-132.32380423016753,-0.1627272069454193,False,-1434.4056603552622,-2425.8498417357664,5647.13257228936,-85.05780102967843,-6.400380585084505,101.33224158791467,217.12713047383056,-1212.918803106036,5562.059461462936,583,-0.7102529850188192,28.966879950724636,False,0.7224137783050537,-1.0,-0.3999999761581421,0.0
58.499999999946795,0.002131362980958527,-0.010901714985520809,5557.704560479805,-7.897462305614206,-1.4099450790459762,-2.8514245980969224,-0.03852968300719516,-14.678247120092863,347.1518350285894,-732.8481649714104,200.12736914886833,-9.0562959826842,43.620192806326514,158.04270057569556,100.0,100.0,14187.452014787512,0.6441927782382948,10.635766833983064,4.659247473924876,-43.620192806326514,0.0,0.0,0.0,0.0,5557.704560481515,1.1131308055948115,-131.76298912166953,-0.17103134095668793,False,-1441.916667068099,-2406.418096782717,5643.417629802471,-86.66694175389893,-6.59545675707557,99.85593833806301,237.26332704030324,-1213.5789121881764,5557.704560479805,584,-0.724005914729028,28.24287403599561,False,0.7224137783050537,-1.0,0.10000002384185791,0.0
58.599999999946704,0.002312107962396683,-0.010912040875710176,5553.339255533928,-7.915526277090185,-1.4037720955431643,-2.7720906277202126,-0.05187429797069576,-14.735301469365721,345.6743656102715,-734.3256343897282,199.85763948946428,-14.180309151857152,43.64428218574628,158.1038331998962,100.0,100.0,14192.987576752272,0.6442583214551599,10.660127847494799,5.842027425635031,-43.64428218574628,0.0,0.0,0.0,0.0,5553.339255534267,1.1187067116158345,-131.18789452339524,-0.17711646854877472,False,-1448.8721791648056,-2386.812577217177,5639.652593662897,-88.11099470358594,-6.775490551768342,98.37132515666062,257.38385837399875,-1214.7283902840568,5553.339255533928,585,-0.6553208926371065,27.5875531433585,False,0.7224137783050537,-1.0,-0.3999999761581421,0.0
58.69999999994661,0.0024924885073926034,-0.010927168846805356,5548.972689732054,-7.930019703335972,-1.4033589611517183,-2.774966650836165,-0.03701190964547937,-14.627894504502397,344.2131890626003,-735.7868109373994,199.4445029448198,-19.302327182699415,43.72245517576537,158.16514873543795,100.0,100.0,14198.526775068898,0.6443244691070953,10.653557051084851,4.6714699109208455,-43.72245517576537,0.0,0.0,0.0,0.0,5548.972689731548,1.124134511681616,-130.62812589172114,-0.17940454185009003,False,-1455.3830347996377,-2367.0620863688587,5635.82174174822,-86.80405020055277,-6.878727244373203,96.83782724156639,277.4638206429446,-1216.4124360263722,5548.972689732054,586,-0.5586814386647199,27.02887170469378,False,0.7224137783050537,-1.0,0.10000002384185791,0.0
58.79999999994652,0.0026725051974740665,-0.01094668678379226,5544.598548972398,-7.9317205957469925,-1.3978391167519963,-2.710988205527584,-0.050673652184985936,-14.701467479735676,342.73996296542765,-737.2600370345722,198.9165777751563,-24.41268876871984,43.71768288147433,158.2251883818507,100.0,100.0,14204.062436253156,0.6443852893442993,10.671842190643105,5.85426718743845,-43.71768288147433,0.0,0.0,0.0,0.0,5544.598548972382,1.1294692749293085,-130.0558705886951,-0.18194133043289185,False,-1461.5283538507624,-2347.173870325632,5631.92948331306,-83.61949328023505,-6.942158593947652,95.28560276265243,297.5032785828131,-1218.5851727717543,5544.598548972398,587,-0.5503309368395762,26.478540767854206,False,0.7224137783050537,-1.0,-0.3999999761581421,0.0
58.89999999994643,0.002851913791242477,-0.010970988044349705,5540.226044991696,-7.931945116888762,-1.3980652311607256,-2.7277287995557473,-0.03592589142352427,-14.598020102008821,341.2820178610166,-738.7179821389833,198.2450409794415,-29.513159174567292,43.76943373009023,158.2855952242713,100.0,100.0,14209.600255321991,0.6444475481752114,10.660695857594717,4.680787280777331,-43.76943373009023,0.0,0.0,0.0,0.0,5540.226044993364,1.1346542721915103,-129.49841322048266,-0.18759670853614807,False,-1467.2300564426223,-2327.147530795864,5628.000663967959,-81.4344524768295,-7.01711394564923,93.7915443461399,317.47504324111253,-1221.2903890970092,5540.226044991696,588,-0.5945105826425517,25.884030185211653,False,0.7224137783050537,-1.0,0.10000002384185791,0.0
58.99999999994634,0.0030307354793274884,-0.01099965999327524,5535.848398174471,-7.921250854941473,-1.3930726381090477,-2.6748537100526297,-0.049886333911179866,-14.683890503774045,339.8111806203384,-740.1888193796614,197.4592361808245,-34.594997918025236,43.7399862162185,158.34486895072607,100.0,100.0,14215.133162731097,0.6445051361829799,10.675359162287068,5.864255520206251,-43.7399862162185,0.0,0.0,0.0,0.0,5535.848398175332,1.1396528839942441,-128.92537250732065,-0.19639289379119873,False,-1472.3678369858715,-2306.9860296921606,5624.063623871917,-81.55715551745477,-7.10180014799966,92.376056772628,337.381473558736,-1224.4821504513998,5535.848398174471,589,-0.6359838053519233,25.24804637985973,False,0.7224137783050537,-1.0,-0.3999999761581421,0.0
59.09999999994625,0.0032087059653221387,-0.011033082846304307,5531.474861128647,-7.910880653719379,-1.3937754263944764,-2.7009748962216333,-0.03523581007228857,-14.582266911223979,338.35493299034897,-741.6450670096508,196.53001256334943,-39.659441745912964,43.769111385578874,158.40458691187294,100.0,100.0,14220.66618368731,0.6445645613243871,10.661568966046957,4.688376636593714,-43.769111385578874,0.0,0.0,0.0,0.0,5531.474861129119,1.1444324608673122,-128.3647847176727,-0.2032237946987152,False,-1476.914064650229,-2286.7046295535624,5620.119339139501,-82.17442084571834,-7.1211136272325515,90.9922272685957,357.1931480596605,-1228.2027824505956,5531.474861128647,590,-0.5718266913334688,24.67621968852626,False,0.7224137783050537,-1.0,0.10000002384185791,0.0
59.19999999994616,0.003385867173373173,-0.011070844840008144,5527.098276103896,-7.891019639189912,-1.3891512151187175,-2.655158597815412,-0.04942116466770459,-14.676640024176908,336.8852517586432,-743.1147482413567,195.48737133130462,-44.69875560526488,43.71833784421693,158.46321740525704,100.0,100.0,14226.19235040243,0.644619579947,10.674232823048191,5.87294415561123,-43.71833784421693,0.0,0.0,0.0,0.0,5527.098276104117,1.1490467715572856,-127.78891448525654,-0.2099951058626175,False,-1480.939874762183,-2266.319503031941,5616.156657546723,-82.4028960556072,-7.124902301406102,89.57365127249285,376.9147337399016,-1232.4064475897067,5527.098276103896,591,-0.5517950693672534,24.124424619159008,False,0.7224137783050537,-1.0,-0.3999999761581421,0.0
59.29999999994607,0.003561935344394099,-0.011113312343018555,5522.727949436242,-7.872761503001579,-1.3901775817029207,-2.6870303723105384,-0.03482981972826322,-14.575137662249075,335.4297449057995,-744.5702550942003,194.3019378957568,-49.71337175650503,43.72763125609656,158.5223025382953,100.0,100.0,14231.716300480548,0.6446765616367874,10.659005696667709,4.694991981348387,-43.72763125609656,0.0,0.0,0.0,0.0,5522.72794943718,1.1534429533144668,-127.22529276687966,-0.21867991983890533,False,-1484.3751511821351,-2245.8463700437014,5612.182930057499,-84.33599640628715,-7.2200358062963765,88.14977609536824,396.51464253795115,-1237.1339300248255,5522.727949436242,592,-0.5669130265837823,23.557511592575224,False,0.7224137783050537,-1.0,0.10000002384185791,0.0
59.399999999945976,0.0037369731980361662,-0.011160075687391923,5518.356427203164,-7.84596574487198,-1.3857960498931048,-2.645334722163255,-0.04916999571203378,-14.675309977584693,333.96048666173425,-746.0395133382656,193.00427571902202,-54.69664218599109,43.65788185984634,158.58028862136067,100.0,100.0,14237.231165898782,0.6447291686401574,10.670633290591516,5.880907472639048,-43.65788185984634,0.0,0.0,0.0,0.0,5518.356427202061,1.1576457198349357,-126.64520234642175,-0.22509214282035828,False,-1487.2249073613639,-2225.31022516345,5608.179789601619,-86.02970712572711,-7.309752725171702,86.70501434887409,415.999856405386,-1242.3396255204689,5518.356427203164,593,-0.5006981946092418,23.056813397965982,False,0.7224137783050537,-1.0,-0.3999999761581421,0.0
59.499999999945885,0.0039106781868563254,-0.011211486562068688,5513.993088263056,-7.821603784078892,-1.387036048956787,-2.6805019167391686,-0.03460422320564659,-14.57281995847453,332.5051788185085,-747.4948211814913,191.56487841575557,-59.64802354777637,43.649243429930024,158.63870269277126,100.0,100.0,14242.741372312816,0.6447837116699395,10.654660293881925,4.701068528420346,-43.649243429930024,0.0,0.0,0.0,0.0,5513.993088262507,1.161687140883837,-126.07876227377801,-0.2276405543088913,False,-1489.6048011245239,-2204.718396656095,5604.125674770328,-84.87427784382481,-7.332390821235869,85.2032162453395,435.33669576084617,-1248.0626840894863,5513.993088263056,594,-0.40567485230531386,22.651138545660668,False,0.7224137783050537,-1.0,0.10000002384185791,0.0
59.599999999945794,0.0040831338067847485,-0.01126713852865442,5509.630242422846,-7.789299395517783,-1.382813934381602,-2.6410524079381252,-0.04904815606393616,-14.67706936857731,331.0359454281582,-748.9640545718415,190.01477400082825,-64.56202110913448,43.56209591265637,158.6959755499429,100.0,100.0,14248.240146443346,0.6448337865955666,10.66578294504042,5.888461962756861,-43.56209591265637,0.0,0.0,0.0,0.0,5509.630242421728,1.1656228639361146,-125.49882213849875,-0.23034800589084625,False,-1491.5958024719155,-2184.0626717875257,5600.021322704092,-81.797725813657,-7.325434112257042,83.67533133624936,454.53445537127817,-1254.25786100981,5509.630242422846,595,-0.3971745470364833,22.253963998624187,False,0.7224137783050537,-1.0,-0.3999999761581421,0.0
59.6999999999457,0.004254019459956337,-0.011327367710085239,5505.277354738882,-7.759948896313547,-1.3841985624610258,-2.6780152837831968,-0.03448452588296834,-14.572962798502704,329.58055637313464,-750.419443626865,188.3244074295861,-69.43701777754323,43.53680384517393,158.75363120153378,100.0,100.0,14253.7318043809,0.6448856927398002,10.649433999471997,4.706837293517568,-43.53680384517393,0.0,0.0,0.0,0.0,5505.277354739771,1.169398307189047,-124.93295414292012,-0.23609818518161774,False,-1493.1250723241299,-2163.3573328756665,5595.893164080897,-79.69171166681836,-7.339300507831382,82.19840234228322,473.55744628233947,-1260.9625734866888,5505.277354738882,596,-0.44165076022689903,21.812313238397287,False,0.7224137783050537,-1.0,0.10000002384185791,0.0
59.79999999994561,0.004423439319553502,-0.011391771985217247,5500.926537966621,-7.723019121383563,-1.3800863882591483,-2.6397116753038192,-0.048999359644722906,-14.68026173767022,328.1111515513664,-751.8888484486333,186.52517940141342,-74.26872167962301,43.43333578145998,158.81008889336317,100.0,100.0,14259.209661743507,0.6449329766388717,10.660326588671065,5.895767178224772,-43.43333578145998,0.0,0.0,0.0,0.0,5500.926537966242,1.17298110948985,-124.35103999003351,-0.24503818154335022,False,-1494.0759671633132,-2142.628482856406,5591.772664627505,-79.89877065592214,-7.371353037933465,80.79573956001245,492.4172650526958,-1268.132057394384,5500.926537966621,597,-0.48671113832824486,21.32560210006904,False,0.7224137783050537,-1.0,-0.3999999761581421,0.0
59.89999999994552,0.004591055530135844,-0.011460671016069323,5496.587350240168,-7.689370905943917,-1.3815762115977586,-2.6776169372927012,-0.03442353007718309,-14.574234556250053,326.65555184818714,-753.3444481518126,184.58756321290113,-79.05438964326419,43.39229139879736,158.8668763095601,100.0,100.0,14264.677983138026,0.6449819526028543,10.643787424812274,4.712409900244926,-43.39229139879736,0.0,0.0,0.0,0.0,5496.587350239701,1.176327503102633,-123.78096006882421,-0.2539922297000885,False,-1494.4008548461607,-2121.900778087153,5587.666178020182,-82.03347101075478,-7.422255667647754,79.41939646298599,511.0763016147222,-1275.801897508837,5496.587350240168,598,-0.464513167469681,20.86108893259936,False,0.7224137783050537,-1.0,0.10000002384185791,0.0
59.99999999994543,0.004756992770174017,-0.011533668061108731,5492.251731644288,-7.648370012364295,-1.377547054063388,-2.639852950792659,-0.04898961568091252,-14.683989943892986,325.185891500921,-754.8141084990787,182.54324701001815,-83.79096856729977,43.273293008884075,158.92240339812304,100.0,100.0,14270.130167494983,0.6450261276009512,10.654582947881389,5.902894293672778,-43.273293008884075,0.0,0.0,0.0,0.0,5492.251731644294,1.1794719597010621,-123.19460608606292,-0.260719895362854,False,-1494.1298809234731,-2101.1890210278084,5583.550168989238,-83.93947306685023,-7.444811900753727,78.01883986164873,529.5484351757716,-1283.927928562624,5492.251731644288,599,-0.40072375599673277,20.460365176602625,False,0.7224137783050537,-1.0,-0.3999999761581421,0.0
60.09999999994534,0.004920896769986675,-0.011611065443957192,5487.929334765897,-7.610868295307533,-1.379121351754327,-2.6782416466093606,-0.034393686618187154,-14.575937007344491,323.7300322091439,-756.2699677908558,180.3628053799582,-88.47456437207433,43.217193548684094,158.97820504033353,100.0,100.0,14275.570461143996,0.6450718446674263,10.637940395987686,4.717832902764397,-43.217193548684094,0.0,0.0,0.0,0.0,5487.929334765411,1.182444204311031,-122.62231405319011,-0.26345232129096985,False,-1493.3791985684786,-2080.48299751404,5579.397808847729,-82.93671249298664,-7.397044953425313,76.55598066899887,547.7942284349167,-1292.5438052213146,5487.929334765897,600,-0.3038368120395551,20.15652836456307,False,0.7224137783050537,-1.0,0.10000002384185791,0.0
60.19999999994525,0.005082912475095231,-0.01169247284861348,5483.611942089004,-7.566166222270953,-1.375161869305785,-2.6407006859015785,-0.04899976003249308,-14.687805133702295,322.26008995639785,-757.7399100436019,178.07813367272038,-93.10338837411449,43.08330826603267,159.0326830999961,100.0,100.0,14280.992341187195,0.6451125765310237,10.64869813120766,5.909867972629913,-43.08330826603267,0.0,0.0,0.0,0.0,5483.611942089134,1.1853026424323287,-122.03691438791704,-0.26625198125839233,False,-1492.2310734242967,-2059.7703437636746,5575.20734640803,-79.97855313045815,-7.3243120523432355,75.05665837327756,565.829816727601,-1301.6060775076526,5483.611942089004,601,-0.2943213490427502,19.86220701552032,False,0.7224137783050537,-1.0,-0.3999999761581421,0.0
60.29999999994516,0.005242548107197361,-0.011778323394512982,5479.314712607244,-7.590559016061088,-1.3995501289188905,-2.8538666982821725,-0.05210293741528161,-14.59772605909359,320.7990049134894,-759.2009950865104,175.23998415986915,-98.17178160973656,42.886187868404825,158.96833345851485,100.0,100.0,14285.214853994257,0.6446930516442996,10.381446443502613,5.951882313394614,-42.886187868404825,0.0,0.0,0.0,0.0,5479.314712608586,1.1879847917223842,-121.4613605577117,-0.2720090448856354,False,-1490.6193083445798,-2039.0746719880897,5571.006613726303,-77.96522582354262,-7.279978911935008,73.59963585122723,583.6004552932102,-1311.1629602771852,5479.314712607244,602,-0.3338528154808863,19.528354200039434,False,0.7224137783050537,-1.0,-0.3999999761581421,0.0
60.39999999994507,0.0053996879787713125,-0.011868513744049656,5475.023349271328,-7.602288654717942,-1.4213070547922968,-3.0913927643543646,-0.03361102352571487,-14.82671617488027,319.3348816280359,-760.6651183719638,172.70671085687815,-102.61401282159389,42.986520304201434,159.04051290320072,100.0,100.0,14290.78265757451,0.6448035015049753,10.32462413523032,4.638800648114352,-42.986520304201434,0.0,0.0,0.0,0.0,5475.023349270368,1.1904408256719525,-120.88200219148317,-0.28099411725997925,False,-1488.4331207958392,-2018.4383920265334,5566.830073383764,-78.27204188143926,-7.261918291817953,72.21181756827511,601.0932657968225,-1321.2029499876078,5475.023349271328,603,-0.38303209071599525,19.145322109323438,False,0.7224137783050537,-1.0,0.10000002384185791,0.0
60.499999999944976,0.005554630283608952,-0.011962510418301656,5470.71945477579,-7.627925952842938,-1.427729184904411,-3.146573217799039,-0.05186828042753072,-15.065920414210693,317.832780600308,-762.1672193996917,170.05845814424052,-107.0039007929164,43.062852748629375,159.11266505425937,100.0,100.0,14296.364912380026,0.6449132701538821,10.342089657619223,5.835740616089899,-43.062852748629375,0.0,0.0,0.0,0.0,5470.719454776182,1.1926812567728307,-120.26226044949088,-0.29002949595451355,False,-1485.6270374077935,-1997.893502270876,5562.685200753066,-80.50638154902556,-7.2682827009959965,70.84759616433121,618.3414431713485,-1331.6666597653405,5470.71945477579,604,-0.3653919071489209,18.779930202174516,False,0.7224137783050537,-1.0,-0.3999999761581421,0.0
60.599999999944885,0.005706967870387931,-0.01206057267012689,5466.405968863294,-7.682851990330025,-1.434442286308179,-3.206441157761029,-0.03913028248006025,-15.046200270478112,316.33400435959925,-763.6659956404005,167.27209074973337,-111.32692207344576,43.24180221458323,159.18554881782106,100.0,100.0,14301.965823860231,0.6450254159041577,10.34967158700299,4.654496703729662,-43.24180221458323,0.0,0.0,0.0,0.0,5466.405968862872,1.1946951470133353,-119.64449156120318,-0.29682591557502747,False,-1482.2326375621774,-1977.4506375318888,5558.546776958844,-82.4860772501426,-7.248840983534149,69.45765154834821,635.2996633315845,-1342.5829496385254,5466.405968863294,605,-0.3003616281442316,18.479568574030285,False,0.7224137783050537,-1.0,0.10000002384185791,0.0
60.699999999944794,0.005856891892248803,-0.012162338283182866,5462.074236399213,-7.745954755857634,-1.4314299087782056,-3.139760241337808,-0.05532235664663537,-15.108882048634447,314.81896507381686,-765.181034926183,164.3769210054385,-115.59311010167504,43.35982713239569,159.2561440248579,100.0,100.0,14307.565209333585,0.6451278893695366,10.39695842762872,5.860862555361394,-43.35982713239569,0.0,0.0,0.0,0.0,5462.074236399706,1.1965543898792128,-119.01043599724261,-0.2996143102645874,False,-1478.363334880887,-1957.083035863066,5554.38437353161,-81.51987422411113,-7.160407408119418,68.0049525500224,651.9892054451367,-1353.9114976839167,5462.074236399213,606,-0.20530300887000758,18.274265565160277,False,0.7224137783050537,-1.0,-0.3999999761581421,0.0
60.7999999999447,0.006003983422629209,-0.012268048103348906,5457.730418815917,-7.818055704234366,-1.4320212030722321,-3.1234362226325767,-0.04121275409411914,-15.012828622572759,313.3198015088643,-766.6801984911355,161.3515575668742,-119.78598541916861,43.54738872515539,159.32614555441629,100.0,100.0,14313.172895914857,0.6452275081818821,10.414458484752618,4.6803092427965565,-43.54738872515539,0.0,0.0,0.0,0.0,5457.730418814474,1.1982706422282128,-118.39427670376385,-0.30244433879852295,False,-1474.09918082573,-1936.766483617309,5550.193934487104,-78.58343169572248,-7.0487028732555475,66.51474270163045,668.3634346070835,-1365.6791148648,5457.730418815917,607,-0.19371908376294675,18.08054648139733,False,0.7224137783050537,-1.0,0.10000002384185791,0.0
60.89999999994461,0.00614845632026734,-0.012377349415805882,5453.368460041157,-7.882178735140412,-1.4259534400915383,-3.0224641326779063,-0.05540700045907441,-15.039819192189228,311.8100215954492,-768.1899784045505,158.2244236167017,-123.91544070223117,43.655259822394726,159.39361544473473,100.0,100.0,14318.776456346457,0.6453165280793784,10.458428889804832,5.8874156028799,-43.655259822394726,0.0,0.0,0.0,0.0,5453.368460039561,1.199841844662231,-117.76776764957808,-0.3080814480781555,False,-1469.383721189766,-1916.5440767743355,5546.006257130179,-76.5897522199168,-6.966937045124726,65.06035213950923,684.4461575721602,-1377.8465369675107,5453.368460041157,608,-0.2387157428101288,17.841830738587202,False,0.7224137783050537,-1.0,-0.3999999761581421,0.0
60.99999999994452,0.0062898830757590115,-0.012490460561532453,5448.996213576758,-7.94384738392587,-1.4250483069227935,-2.996163738081679,-0.04034665617796794,-14.929825354021364,310.3185778927515,-769.6814221072482,154.9744666298703,-127.96331406842168,43.82065132165443,159.46069415896272,100.0,100.0,14324.38825326988,0.6454035563515118,10.468071162983465,4.7028649484355105,-43.82065132165443,0.0,0.0,0.0,0.0,5448.996213573462,1.2011979447726477,-117.15852894752757,-0.3170790672302246,False,-1464.1175001554484,-1896.4798767817915,5541.859321403209,-76.916517058292,-6.913392377897622,63.67132348644857,700.1897839934932,-1390.4380697097927,5448.996213576758,609,-0.289726654625352,17.55210408396185,False,0.7224137783050537,-1.0,0.10000002384185791,0.0
61.09999999994443,0.006428498501523173,-0.012607037773669295,5444.6081971594695,-7.991805445535901,-1.4186433847791777,-2.9008318525479417,-0.053992711153446574,-14.965863193039645,308.816738583218,-771.1832614167816,151.62951374243303,-131.9401019109004,43.90097862377654,159.52573001901933,100.0,100.0,14329.998039445647,0.6454819831540024,10.501462825647454,5.908783457206429,-43.90097862377654,0.0,0.0,0.0,0.0,5444.6081971572,1.2023363010019872,-116.53680516248394,-0.3261500895023346,False,-1458.2544565947012,-1876.5993421539688,5537.759950063795,-79.1666026745346,-6.886951363773191,62.31122700945517,715.6204531895596,-1403.4154449648659,5444.6081971594695,610,-0.2738826607288692,17.27822142323298,False,0.7224137783050537,-1.0,-0.3999999761581421,0.0
61.19999999994434,0.006563866838172762,-0.012727275831081531,5440.2129180041675,-8.034970851830419,-1.4179617109573353,-2.8880104281525845,-0.03867705706744286,-14.859417723257106,307.33261069589145,-772.6673893041082,148.16790177512405,-135.8272932633334,44.0371226228962,159.59083762910583,100.0,100.0,14335.61721669762,0.6455603355770139,10.501397483856076,4.719791308586949,-44.0371226228962,0.0,0.0,0.0,0.0,5440.212918003005,1.2032363118464076,-115.93142228081207,-0.33472275733947754,False,-1451.808659215848,-1856.9163090751676,5533.686433781165,-82.82591603495862,-6.925724607948234,60.92153973327613,730.6896564253918,-1416.800345515996,5440.2129180041675,611,-0.24459548474241416,17.033625938490566,False,0.7224137783050537,-1.0,0.10000002384185791,0.0
61.29999999994425,0.006696242032428439,-0.012850841118882022,5435.804641222894,-8.064438972639875,-1.4120684209943652,-2.8087424709080153,-0.05246179248344281,-14.9135778729066,305.83696127865835,-774.1630387213413,144.61720418736445,-139.63642639306946,44.088352021664974,159.65438220971006,100.0,100.0,14341.235979839134,0.6456320611681664,10.525703973802447,5.924940778184992,-44.088352021664974,0.0,0.0,0.0,0.0,5435.804641221928,1.2039420517483534,-115.31328016062609,-0.34053897857666016,False,-1444.8298454944843,-1837.4319276396322,5529.600217392558,-85.58201347719715,-6.979775168369549,59.47641635282363,745.4256630499339,-1430.5556333539466,5435.804641222894,612,-0.1719144895277664,16.8617114489628,False,0.7224137783050537,-1.0,-0.3999999761581421,0.0
61.39999999994416,0.006825180131967551,-0.012977904792190426,5431.392075912282,-8.09040850127874,-1.4120338079297605,-2.8127047238162963,-0.0371861254937284,-14.813044016090577,304.3578368563837,-775.642163143616,140.9552694389435,-143.348760488901,44.19718001980287,159.71835426615633,100.0,100.0,14346.86430020963,0.6457052090650363,10.5184008573765,4.732211719068348,-44.19718001980287,0.0,0.0,0.0,0.0,5431.3920759132625,1.2044604741368568,-114.71226271051707,-0.3464553952217102,False,-1437.3901383008915,-1818.121621869253,5525.475583400927,-86.72825380806637,-7.101904634742618,57.965803282360184,759.7790522906278,-1444.7003614666382,5431.392075912282,613,-0.15902960234833202,16.702681846614468,False,0.7224137783050537,-1.0,0.10000002384185791,0.0
61.499999999944066,0.006950952842241916,-0.013108144945234263,5426.969029004673,-8.104448699854958,-1.4067594607315321,-2.7483294081878364,-0.051288063819143116,-14.883264775646564,302.86605054191386,-777.1339494580858,137.2095427514138,-146.9770307984417,44.22275306956767,159.78107441560016,100.0,100.0,14352.49243186837,0.6457730384925842,10.536634538339506,5.937420496897838,-44.22275306956767,0.0,0.0,0.0,0.0,5426.969029002797,1.2047803870288878,-114.09740704164327,-0.354979008436203,False,-1429.422340839977,-1799.037900905027,5521.306903583086,-89.05771356150191,-7.376808978028729,56.4608174563899,773.7800703983701,-1459.1986953034782,5426.969029004673,614,-0.19833292890158088,16.504348917712885,False,0.7224137783050537,-1.0,-0.3999999761581421,0.0
61.599999999943975,0.0070731083949395375,-0.013241709146258062,5422.544262768415,-8.11701570338579,-1.4073317941890704,-2.765744776885111,-0.03611820253294995,-14.78692904523125,301.3897959863109,-778.6102040136886,133.35775494226417,-150.50204670043388,44.30827529915092,159.844428381844,100.0,100.0,14358.12927041958,0.6458431904779921,10.524759905954328,4.741696292363812,-44.30827529915092,0.0,0.0,0.0,0.0,5422.544262765273,1.2048668222128143,-113.4968362688346,-0.36313432455062866,False,-1420.911121858358,-1780.2159930864693,5517.072894935802,-92.427590724237,-7.761707743761378,54.957569021186615,787.3784265246693,-1474.0670621614474,5422.544262768415,615,-0.17254702747183984,16.331801890241046,False,0.7224137783050537,-1.0,0.10000002384185791,0.0
61.699999999943884,0.007191935232240381,-0.013378288610057928,5418.1111526249,-8.119475299609778,-1.4025562062031718,-2.7121501340748635,-0.0505155947362014,-14.868931506291068,299.9000441939604,-780.0999558060391,129.42718562330734,-153.93779017201413,44.31218417882556,159.9066915626709,100.0,100.0,14363.765088955322,0.6459087352421115,10.539367907144813,5.947636683419967,-44.31218417882556,0.0,0.0,0.0,0.0,5418.111152622747,1.2047532660416218,-112.88135387781695,-0.3703342080116272,False,-1411.8842962513952,-1761.6634071947092,5512.7427544541715,-96.46965434626726,-8.26280938647293,53.42509984917643,800.6062300529992,-1489.2710880716486,5418.1111526249,616,-0.1370557993198149,16.19474609092123,False,0.7224137783050537,-1.0,-0.3999999761581421,0.0
61.79999999994379,0.007306974487907112,-0.013518007239098764,5413.678487435148,-8.122189911892198,-1.4035816503452345,-2.738719020319165,-0.03543329329615207,-14.774626114874913,298.42515507850163,-781.5748449214979,125.39579196382667,-157.26440279885998,44.37801655566544,159.96968372174936,100.0,100.0,14369.408120087297,0.6459770555625649,10.524840847977595,4.749445620112337,-44.37801655566544,0.0,0.0,0.0,0.0,5413.678487434686,1.2044368824317833,-112.2804459066972,-0.3749197721481323,False,-1402.3935599641236,-1743.3748472319287,5508.2849662123745,-99.1050975235213,-8.815582696570695,51.83804205560318,813.4123999938197,-1504.8245658564745,5413.678487435148,617,-0.06528835969704422,16.12945773122419,False,0.7224137783050537,-1.0,0.10000002384185791,0.0
61.8999999999437,0.007418530497755174,-0.013660570564567603,5409.239294994602,-8.116184471641931,-1.399155266996151,-2.692045917589945,-0.05005430110533179,-14.864689626226813,296.93623292503327,-783.0637670749663,121.29057525855488,-160.49712585188533,44.3634523156144,160.03164585527705,100.0,100.0,14375.048666085244,0.6460410782934498,10.537431527937045,5.956558332782042,-44.3634523156144,0.0,0.0,0.0,0.0,5409.239294992623,1.2039695600864428,-111.66611226212434,-0.3796914517879486,False,-1392.5021918666203,-1725.316502429976,5503.68983893581,-99.92139935162602,-9.449479002227921,50.216843046271535,825.830815010106,-1520.6947152476655,5409.239294994602,618,-0.057600245542291484,16.071857485681896,False,0.7224137783050537,-1.0,-0.3999999761581421,0.0
61.99999999994361,0.007526138253502283,-0.013806078644363343,5404.802402478397,-8.111660700886576,-1.4004897272236154,-2.7243068297100375,-0.03502317374293307,-14.770751841717477,295.4617742306181,-784.5382257693814,117.08997922000195,-163.6152943660342,44.41225740912249,160.0943632732247,100.0,100.0,14380.694595167166,0.6461080506933913,10.521447173205253,4.756226137849848,-44.41225740912249,0.0,0.0,0.0,0.0,5404.802402476106,1.203293511313218,-111.06573534653015,-0.387027770280838,False,-1382.1506897715653,-1707.5549342998559,5498.933195113376,-101.81992911529271,-10.20859695811128,48.65752711126038,837.8097103798742,-1536.8926746905274,5404.802402478397,619,-0.09668952148620119,15.975167964195695,False,0.7224137783050537,-1.0,0.10000002384185791,0.0
62.09999999994352,0.007630117199553093,-0.013954252348270172,5400.360568368155,-8.099350192288837,-1.396294183786264,-2.6817505469137592,-0.04980077983976322,-14.866262258633705,293.9729641614581,-786.0270358385415,112.82059672291781,-166.63540250212063,44.38146236462767,160.1560521332605,100.0,100.0,14386.336243858954,0.6461707966226777,10.532976235963297,5.964770621756403,-44.38146236462767,0.0,0.0,0.0,0.0,5400.360568368585,1.2024236644357573,-110.44933993099727,-0.39398056268692017,False,-1371.3286992455435,-1690.1311126566304,5493.98930094156,-104.71809968654473,-11.049526818888246,47.13636531225731,849.3846466542503,-1553.3873714094354,5400.360568368155,620,-0.07372020251153863,15.901447761684157,False,0.7224137783050537,-1.0,-0.3999999761581421,0.0
62.19999999994343,0.0077299972872694345,-0.014105167666674705,5395.9226755348745,-8.089320654293799,-1.397833720373428,-2.717350753375288,-0.03478905787764422,-14.771628072457693,292.4984025306256,-787.501597469374,108.46154406480791,-169.53591262187857,44.415054086920854,160.21848410711087,100.0,100.0,14391.981302976907,0.6462365091862168,10.516220834628548,4.762482109123895,-44.415054086920854,0.0,0.0,0.0,0.0,5395.922675533259,1.2013519960283927,-109.84638547607292,-0.3984704315662384,False,-1360.0787586774386,-1673.0435440364142,5488.838037959281,-106.66194664289078,-11.90632671005667,45.59055359070803,860.5032980188334,-1570.187264654228,5395.9226755348745,621,-0.0040528571548896185,15.897394904529268,False,0.7224137783050537,-1.0,0.10000002384185791,0.0
62.29999999994334,0.007826112280547162,-0.014258561705577315,5391.481270528391,-8.072095860151615,-1.3937899001564853,-2.677104480730843,-0.049674595766786754,-14.870927222378144,291.0093094905967,-788.9906905094028,104.0388836851116,-172.3345527422026,44.369535211534284,160.27985690111512,100.0,100.0,14397.620141141222,0.6462979363843624,10.527219408780347,5.972598924358375,-44.369535211534284,0.0,0.0,0.0,0.0,5391.481270526428,1.2001286258632768,-109.22908049271729,-0.40308094024658203,False,-1348.4586209881704,-1656.2520753046283,5483.482610256485,-107.07564276832257,-12.805546983214128,44.0205724705703,871.20281907051,-1587.2630890648668,5391.481270528391,622,0.005137581841305663,15.902532486370573,False,0.7224137783050537,-1.0,-0.3999999761581421,0.0
62.39999999994325,0.007917988278017787,-0.014414486166197336,5387.045304740685,-8.057653626348795,-1.3954684360755465,-2.7145871143245013,-0.034660014263304506,-14.774995173300958,289.5343630406301,-790.4656369593695,99.53253809025865,-175.00889687268995,44.389133238712986,160.3419410539146,100.0,100.0,14403.260381797674,0.646362266080527,10.510063780439635,4.7684525836906,-44.389133238712986,0.0,0.0,0.0,0.0,5387.045304737539,1.1987104636799255,-108.62554348071588,-0.40754252672195435,False,-1336.4424072829054,-1639.8032141368074,5477.899295588154,-107.24554169989575,-13.72034290045469,42.48404602305206,881.43045510894,-1604.6206000210875,5387.045304740685,623,0.024020243954267717,15.926552730324842,False,0.7224137783050537,-1.0,0.10000002384185791,0.0
62.49999999994316,0.008005972543569452,-0.014572695198387458,5382.607150645191,-8.036384191901421,-1.3915284639666747,-2.675570501529772,-0.049622029777297856,-14.877090942176478,288.0447859845825,-791.9552140154171,94.96793193959844,-177.57787895769215,44.329916054882595,160.40291961722775,100.0,100.0,14408.892420182085,0.6464221866844386,10.520810856992187,5.980210823739295,-44.329916054882595,0.0,0.0,0.0,0.0,5382.6071506415,1.1971366922052002,-108.00752484234842,-0.41215500235557556,False,-1324.0650287132826,-1623.673098310427,5472.096858568517,-106.68045694297612,-14.620300043859661,40.9501233610401,891.2248635501513,-1622.2324294844918,5382.607150645191,624,0.03294874646766707,15.959501476792509,False,0.7224137783050537,-1.0,-0.3999999761581421,0.0
62.599999999943066,0.008089588561318875,-0.01473321602329871,5378.175834887061,-8.018212202985481,-1.3933073888928318,-2.714087822399292,-0.03459068748638735,-14.779565315129249,286.56931825982025,-793.4306817401794,90.32589362208815,-180.0182006203564,44.336373928506035,160.46456907280805,100.0,100.0,14414.52387550591,0.646484908429381,10.50344445423742,4.774256446689632,-44.336373928506035,0.0,0.0,0.0,0.0,5378.17583488544,1.1953665007603136,-107.40301193689295,-0.4166685938835144,False,-1311.306470143131,-1607.9155244581543,5466.060531270638,-106.26712551960338,-15.484493971996358,39.445728271631666,900.5329986460172,-1640.1016077136126,5378.175834887061,625,0.05102567469963425,16.010527151492145,False,0.7224137783050537,-1.0,0.10000002384185791,0.0
62.699999999942975,0.008169196236368477,-0.014895820573106445,5373.74357964685,-7.993447238170636,-1.3894444321902895,-2.675688519248354,-0.04961019190100561,-14.883880847723995,285.07916486175736,-794.9208351382423,85.63111617461212,-182.34996731320285,44.26420124961123,160.52505990538347,100.0,100.0,14420.145163240852,0.6465430691987302,10.514078503509982,5.987684589250628,-44.26420124961123,0.0,0.0,0.0,0.0,5373.743579644295,1.1934384010754042,-106.78380297911737,-0.42133376002311707,False,-1298.1995027453975,-1592.5040096147065,5459.803913006374,-105.44971408850317,-16.30975782468218,37.93363084058468,909.3949250325388,-1658.2027461982095,5373.74357964685,626,0.06022827790947119,16.070755429401615,False,0.7224137783050537,-1.0,-0.3999999761581421,0.0
62.799999999942884,0.008244317706664301,-0.01506051144618321,5369.319488576049,-7.971985411273066,-1.3913027460162082,-2.714769628944578,-0.03455411428764039,-14.784650965526845,283.6031181401308,-796.3968818598689,80.86541231638344,-184.5490433689439,44.25816832565095,160.58617836658638,100.0,100.0,14425.763934864819,0.6466039164171009,10.496592418996686,4.77994649236763,-44.25816832565095,0.0,0.0,0.0,0.0,5369.319488573043,1.1913118899142032,-106.17791966443217,-0.42587530612945557,False,-1284.7268399393329,-1577.4925306098949,5453.3163322545915,-104.95210725077239,-17.09008959273324,36.43952266639988,917.75744710587,-1676.536134189115,5369.319488576049,627,0.07922899917845831,16.149984428580073,False,0.7224137783050537,-1.0,0.10000002384185791,0.0
62.89999999994279,0.008315324619086722,-0.015227079037598241,5364.895648427886,-7.944089934409938,-1.38750287089657,-2.676654951842972,-0.0496201067722271,-14.890849326928576,282.1123531771171,-797.8876468228826,76.05266001635147,-186.6366662016864,44.17363283056772,160.6460834426174,100.0,100.0,14431.370619743004,0.6466600421921327,10.507177748657758,5.995050842178287,-44.17363283056772,0.0,0.0,0.0,0.0,5364.895648425717,1.1890256327794322,-105.55721076454806,-0.4305347502231598,False,-1270.9205921147911,-1562.851507297567,5446.612337114391,-104.16361071930046,-17.831981360007845,34.92671303798722,925.6619365967339,-1695.0784384654362,5364.895648427886,628,0.08948774460117577,16.239472173181248,False,0.7224137783050537,-1.0,-0.3999999761581421,0.0
62.9999999999427,0.008381739051692174,-0.015395501238256011,5360.481238212625,-7.919642806635829,-1.389430015022982,-2.7160478069430307,-0.03453509671215477,-14.789909960395123,280.6357095942978,-799.3642904057019,71.17572147765232,-188.5879095991753,44.155656673222296,160.7065731488904,100.0,100.0,14436.972923724981,0.6467187387303537,10.4896125620638,4.785541210658944,-44.155656673222296,0.0,0.0,0.0,0.0,5360.481238211721,1.1865424268307432,-104.94962424213242,-0.43495917320251465,False,-1256.7719022719152,-1548.6384415845266,5439.685220349598,-103.74820505772202,-18.535046760032046,33.42043709751408,933.0551912343728,-1713.8271978426592,5360.481238212625,629,0.11119942796647214,16.35067160114772,False,0.7224137783050537,-1.0,0.10000002384185791,0.0
63.09999999994261,0.00844394345456679,-0.015565587534138435,5356.068218899701,-7.888882129542025,-1.3856866866288775,-2.678043442337701,-0.049641313017854086,-14.897784311028433,279.1443257178106,-800.855674282189,66.2575837608153,-190.42509894106908,44.05928151407061,160.7657954771409,100.0,100.0,14442.561284063018,0.6467725547153476,10.500176405654654,6.002316282655619,-44.05928151407061,0.0,0.0,0.0,0.0,5356.068218897994,1.1839016254291408,-104.32702099966605,-0.4395458996295929,False,-1242.3132878747263,-1534.8215227075614,5432.549330674455,-103.05337218659524,-19.20784414768415,31.888342341861655,939.979785362375,-1732.7612043002907,5356.068218899701,630,0.12047407809955069,16.47114567924727,False,0.7224137783050537,-1.0,-0.3999999761581421,0.0
63.19999999994252,0.008501461142283239,-0.015737291087377946,5351.6658410429745,-7.8616830955472325,-1.3876779315525867,-2.717617142456687,-0.03452543182101126,-14.795187765269873,277.6670859137628,-802.332914086237,61.28221502061149,-192.12257166313253,44.029867857592585,160.82556121573504,100.0,100.0,14448.143475709508,0.6468288308318056,10.482548232931393,4.791042399081936,-44.029867857592585,0.0,0.0,0.0,0.0,5351.665841039157,1.181063452767436,-103.71748015334258,-0.4438673257827759,False,-1227.5331098630547,-1521.4541307599695,5425.1965545182975,-102.7383123931132,-19.849843193435515,30.362455860014112,946.3826543589702,-1751.875243846913,5351.6658410429745,631,0.14329668635865975,16.61444236560593,False,0.7224137783050537,-1.0,0.10000002384185791,0.0
63.29999999994243,0.008554684392947048,-0.015910441052251482,5347.265946647716,-7.828271737436635,-1.3839886261389205,-2.679634707661068,-0.04966825465918023,-14.904597446197963,276.1750879919536,-803.8249120080462,56.27164124566679,-193.70369298165798,43.92215244985318,160.88400757432007,100.0,100.0,14453.709938115322,0.6468800734459783,10.493100400038971,6.009476481985875,-43.92215244985318,0.0,0.0,0.0,0.0,5347.265946645622,1.1780826314673678,-103.09380837523433,-0.4448326528072357,False,-1212.486448940065,-1508.4637548699216,5417.648769819886,-100.24082845127172,-20.373444701678302,28.768492062158607,952.3074666228654,-1771.1502979366348,5347.265946647716,632,0.2342187695111302,16.848661135117062,False,0.7224137783050537,-1.0,-0.3999999761581421,0.0
63.39999999994234,0.008603139058592679,-0.01608496590705258,5342.87785272789,-7.798519275802419,-1.3860423178510721,-2.7193227650919343,-0.03452085994435634,-14.800426534612212,274.6972599903102,-805.3027400096896,51.2109868290821,-195.1421233407122,43.88179816919048,160.94295861640143,100.0,100.0,14459.268526425918,0.6469336734086242,10.475414344314535,4.796444422421443,-43.88179816919048,0.0,0.0,0.0,0.0,5342.8778527259265,1.1749546870250405,-102.48702806390482,-0.44631192088127136,False,-1197.2104921208302,-1495.7842257163957,5409.937071460838,-96.17642628111561,-20.807711043775065,27.131522509994372,957.701440002537,-1790.578404773093,5342.87785272789,633,0.23554058132743472,17.084201716444497,False,0.7224137783050537,-1.0,0.10000002384185791,0.0
63.49999999994225,0.008647226236353379,-0.016260715001142158,5338.493287727157,-7.762647889856912,-1.3824065602907543,-2.681318816242698,-0.049698073720370065,-14.911261966876841,273.2046571517021,-806.7953428482977,46.121251060342125,-196.46221569891526,43.76324263474749,161.0005408428181,100.0,100.0,14464.809676840327,0.6469820952780319,10.485957098161006,6.016522432251677,-43.76324263474749,0.0,0.0,0.0,0.0,5338.493287724412,1.1716835857427612,-101.86589674749946,-0.45095738768577576,False,-1181.6813910763149,-1483.5046398804943,5402.0778528979545,-93.48158483379103,-21.202266928586507,25.543818290302724,962.6092246308581,-1810.142793927145,5338.493287727157,634,0.1736270111098722,17.25782872755437,False,0.7224137783050537,-1.0,-0.3999999761581421,0.0
63.599999999942156,0.008686475616704235,-0.016437592241600695,5334.121629262841,-7.73052502166516,-1.3845225616989878,-2.721087755486575,-0.034519250385018845,-14.805615533970574,271.72625087558333,-808.2737491244164,40.988759932380546,-197.63701680132343,43.712452718618394,161.05859184395692,100.0,100.0,14470.341334142573,0.6470327807629493,10.46821382076422,4.801738832711558,-43.712452718618394,0.0,0.0,0.0,0.0,5334.121629261016,1.1682033776176344,-101.25710097722391,-0.4584710896015167,False,-1165.850926479689,-1471.7388757863102,5394.076262369183,-93.32167050438753,-21.564275250274086,24.031886287527477,966.9784656515155,-1829.8327683349894,5334.121629262841,635,0.12314240194917056,17.38097112950354,False,0.7224137783050537,-1.0,0.10000002384185791,0.0
63.699999999942065,0.008721296075875436,-0.016615467648159778,5329.754497024566,-7.69237452086493,-1.3809408402195025,-2.683041562842665,-0.049729338871092515,-14.917779932728484,270.2330526937139,-809.7669473062859,35.833424364800585,-198.69181141874896,43.583569997149375,161.11522742564782,100.0,100.0,14475.853925927688,0.6470781528668073,10.47874656193529,6.023443721272052,-43.583569997149375,0.0,0.0,0.0,0.0,5329.754497020637,1.164532581627099,-100.6311627418347,-0.4637628197669983,False,-1149.7211660171636,-1460.507665552802,5385.929581685606,-93.71422111087877,-21.84177909030397,22.529045582695,970.8546791664536,-1849.6338585931464,5329.754497024566,636,0.19242413065035058,17.57339526015389,False,0.7224137783050537,-1.0,-0.3999999761581421,0.0
63.799999999941974,0.008751222439775823,-0.016794220737664855,5325.401322945929,-7.658058752913101,-1.3831196855627486,-2.722874218988061,-0.03451957837305882,-14.81076541677863,268.75407743233905,-811.2459225676607,30.642812940018384,-199.59909912032123,43.522865507153845,161.17229883706077,100.0,100.0,14481.355495334443,0.6471257043708991,10.46094528714523,4.806916542946251,-43.522865507153845,0.0,0.0,0.0,0.0,5325.401322944233,1.1606822226866478,-100.02007125669742,-0.46542757749557495,False,-1133.353845684376,-1449.705276055818,5377.646411583826,-91.81116466608269,-22.005415903292597,20.95251110649323,974.1860819958446,-1869.5326525168516,5325.401322945929,637,0.29662743808537856,17.870022698239268,False,0.7224137783050537,-1.0,0.10000002384185791,0.0
63.89999999994188,0.008776670295735941,-0.01697374262266432,5321.053622560027,-7.617807326222988,-1.379592874379588,-2.6847761573428697,-0.049761346314658644,-14.924165785807602,267.260292230055,-812.7397077699449,25.435690268055925,-200.3850368625126,43.38418665492838,161.2279111825791,100.0,100.0,14486.836456055027,0.6471678168878484,10.471466615322303,6.03022997455264,-43.38418665492838,0.0,0.0,0.0,0.0,5321.053622558246,1.1567011294385943,-99.3966988017671,-0.4673117399215698,False,-1116.7828108565502,-1439.2530601680726,5369.244791419682,-88.2703014737292,-22.110115489391667,19.329439376309946,977.018937321325,-1889.517028754992,5321.053622560027,638,0.3039988541414554,18.174021552380722,False,0.7224137783050537,-1.0,-0.3999999761581421,0.0
63.99999999994179,0.008796982936002961,-0.01715387369464354,5316.726295185667,-7.649628333583329,-1.4053974604728245,-2.901337364869447,-0.05278838555609947,-14.832052634137225,265.77582495024126,-814.2241750497585,19.53392803718834,-200.95955466849082,43.18912791360217,161.16099191305972,100.0,100.0,14491.053188800484,0.646739897147959,10.195943052631447,6.070693907566163,-43.18912791360217,0.0,0.0,0.0,0.0,5316.726295183238,1.1525338449040397,-98.78384000967978,-0.4720875024795532,False,-1099.996055874844,-1429.2241039500468,5360.749851044405,-86.00325043133965,-22.216706536456915,17.745611152727147,979.2801404358496,-1909.569219687719,5316.726295185667,639,0.2565450875421509,18.430566639922873,False,0.7224137783050537,-1.0,-0.3999999761581421,0.0
64.0999999999417,0.008812181476205742,-0.01733445437249884,5312.404028934977,-7.668349428593951,-1.4282640515492833,-3.142107864258515,-0.03358467419804671,-15.075891616507453,264.28777334420187,-815.7122266557978,14.34047504928596,-201.42253966843796,43.301635482433866,161.2357514841704,100.0,100.0,14496.699425867992,0.6468565949557715,10.136837575554917,4.722492976063291,-43.301635482433866,0.0,0.0,0.0,0.0,5312.404028933555,1.1481484934492485,-98.16583777562829,-0.47991034388542175,False,-1082.9655099482911,-1419.7370431352551,5352.1827076975915,-86.3041741822257,-22.332897030645817,16.230807936874545,980.9720419312232,-1929.6714607465708,5312.404028934977,640,0.1942897686990433,18.624856408621916,False,0.7224137783050537,-1.0,0.10000002384185791,0.0
64.19999999994161,0.008822893667230998,-0.017515420967302454,5308.067996936596,-7.70380661175216,-1.4352040106846364,-3.1953760749885407,-0.05268533339332478,-15.31242798765289,262.7605489433882,-817.2394510566116,9.122341083661775,-201.75637723951345,43.39223425223647,161.3104663081926,100.0,100.0,14502.361359314178,0.6469724943423105,10.155044515595995,5.951159164334838,-43.39223425223647,0.0,0.0,0.0,0.0,5308.067996933012,1.1435752895382694,-97.50623383587461,-0.48571068048477173,False,-1065.6967420778067,-1410.8247031711542,5343.541940059975,-87.07794877407522,-22.38926256671851,14.73647669687712,982.1645230361547,-1949.8166620801092,5308.067996936596,641,0.2615670069585049,18.88642341558042,False,0.7224137783050537,-1.0,-0.3999999761581421,0.0
64.29999999994152,0.00882866036216148,-0.017696582056924974,5303.7204875716925,-7.769710349562655,-1.4425090731293713,-3.254640606730401,-0.03935301949919717,-15.295414695258842,261.23726808190327,-818.7627319180966,3.8804020041953167,-201.93278639707663,43.592114533765674,161.38611857758727,100.0,100.0,14508.046370135027,0.6470914566476144,10.162648739465354,4.738926642902726,-43.592114533765674,0.0,0.0,0.0,0.0,5303.720487569758,1.1388176194096018,-96.85129420803088,-0.4877549111843109,False,-1048.2306075146273,-1402.3717745032504,5334.81549122192,-85.43227636865191,-22.346140824753636,13.187239845173346,982.8064715158159,-1969.9835145768882,5303.7204875716925,642,0.37451926986194545,19.260942685442366,False,0.7224137783050537,-1.0,0.10000002384185791,0.0
64.39999999994143,0.008829900754585198,-0.01787788500659128,5299.352747271878,-7.845251843620637,-1.4399071673722048,-3.1862209880960877,-0.05615362012863987,-15.350799509432006,259.69738325485355,-820.3026167451463,-1.3789918679238038,-201.98252548925598,43.73143973883503,161.45929879496592,100.0,100.0,14513.72974925426,0.6472000471342504,10.210815174457565,5.977376567168564,-43.73143973883503,0.0,0.0,0.0,0.0,5299.352747269304,1.133924504934342,-96.18259402614945,-0.48990365862846375,False,-1030.595543358015,-1394.2937062221617,5326.011225454035,-82.09153134308526,-22.25782924936418,11.59684722349872,982.9445520004242,-1990.1661589337411,5299.352747271878,643,0.3864217138914046,19.64736439933377,False,0.7224137783050537,-1.0,-0.3999999761581421,0.0
64.49999999994134,0.008826164555032509,-0.0180591172860432,5294.970372309387,-7.929790075319434,-1.4411121907886848,-3.170943697251826,-0.04138785915952387,-15.259623740907543,258.1740863150258,-821.825913684974,-6.651895941571391,-201.87775012777266,43.945822580013754,161.53206913632815,100.0,100.0,14519.426077845827,0.6473064072688745,10.227841358393434,4.765721026597779,-43.945822580013754,0.0,0.0,0.0,0.0,5294.970372305073,1.1288527847376832,-95.53199426710404,-0.4949081838130951,False,-1012.7862920863081,-1386.6565750305965,5317.159188820464,-79.97311109472403,-22.187758626199933,10.042556809309817,982.5286382662189,-2010.3409362823288,5294.970372309387,644,0.33150648262559596,19.978870881959367,False,0.7224137783050537,-1.0,0.10000002384185791,0.0
64.59999999994125,0.008817876258814198,-0.018240251214806803,5290.567323900614,-8.007496307383425,-1.4355252270118128,-3.0700105160295483,-0.05618086701836804,-15.281187142494016,256.63961591166407,-823.3603840883359,-11.932469034233518,-201.64824772319793,44.08059347271277,161.6021775320876,100.0,100.0,14525.119276760732,0.6474016607363201,10.272038424396461,6.004784339164588,-44.08059347271277,0.0,0.0,0.0,0.0,5290.567323899192,1.1235957214132,-94.86895807161058,-0.5030990242958069,False,-994.7853750393471,-1379.5786045579448,5308.290807998067,-80.42375898345648,-22.144245483883854,8.555112451738031,981.6059851311966,-2030.5047652322933,5290.567323900614,645,0.2665810222691767,20.245451904228542,False,0.7224137783050537,-1.0,-0.3999999761581421,0.0
64.69999999994116,0.008804599932483352,-0.01842105338390146,5286.150857657371,-8.082789959587725,-1.435283799068574,-3.045965449741942,-0.04048819711132423,-15.179015848872956,255.12395538205982,-824.87604461794,-17.2149547401569,-201.26556751586523,44.27838794932,161.67215096707878,100.0,100.0,14530.82680285229,0.6474957934472622,10.28073363196795,4.788873038207541,-44.27838794932,0.0,0.0,0.0,0.0,5286.150857655465,1.1181172953362037,-94.22284668579509,-0.5092915296554565,False,-976.6009639560866,-1373.0958888167909,5299.407098301191,-81.31972680729402,-22.05047700012582,7.09512357746258,980.1280644840468,-2050.6316626959106,5286.150857657371,646,0.3398965030474559,20.585348407275998,False,0.7224137783050537,-1.0,0.10000002384185791,0.0
64.79999999994106,0.008786764851726513,-0.01860151927863767,5281.715552739573,-8.145724764569273,-1.4293738272502212,-2.951104433778992,-0.054773119560689684,-15.21059322636771,253.59713119970442,-826.4028688002954,-22.494551844768,-200.75927429046,44.391228632170936,161.74002277246635,100.0,100.0,14536.534760443652,0.6475810515366057,10.314062576990352,6.026667577847141,-44.391228632170936,0.0,0.0,0.0,0.0,5281.715552737609,1.112473419655691,-93.56671475620239,-0.5116409659385681,False,-958.2630435369095,-1367.0910167935588,5290.483898671666,-79.75700905265941,-21.859072487112662,5.589571145539783,978.1426632941955,-2070.721126097945,5281.715552739573,647,0.4597168746535306,21.045065281929528,False,0.7224137783050537,-1.0,-0.3999999761581421,0.0
64.89999999994097,0.008763950564017341,-0.01878139429614765,5277.269267976666,-8.20404584823684,-1.4293414325706695,-2.940420714521077,-0.03884243934822739,-15.113655031082764,252.08837027587617,-827.9116297241237,-27.765367607740064,-200.10032730113969,44.565419342529744,161.80828545649132,100.0,100.0,14542.259615688989,0.6476673056504363,10.31290624428088,4.80613348293407,-44.565419342529744,0.0,0.0,0.0,0.0,5277.269267973899,1.106659931182044,-92.93223424058422,-0.5140537023544312,False,-939.7923440763238,-1361.4759332725234,5281.5204134072455,-76.48494127914735,-21.623852421497137,4.046131943817084,975.6029767864104,-2090.7448130471566,5277.269267976666,648,0.4773662333457696,21.522431515275297,False,0.7224137783050537,-1.0,0.10000002384185791,0.0
64.99999999994088,0.008736589013855864,-0.0189606963205319,5272.806378880021,-8.250111239567012,-1.4239065788733527,-2.8611279218054286,-0.053282987819567036,-15.163096478128137,250.5672356478749,-829.4327643521251,-33.02382404021599,-199.31860763744993,44.65473640014937,161.87497899225144,100.0,100.0,14547.987755847988,0.6477468217822745,10.337096600648682,6.043164023057134,-44.65473640014937,0.0,0.0,0.0,0.0,5272.806378878225,1.1006893412043977,-92.28754784213201,-0.5193391442298889,False,-921.190633428795,-1356.3131767446037,5272.552169663519,-74.43005746122066,-21.41286824389719,2.5356404215684805,972.5570890224348,-2110.704714401611,5272.806378880021,649,0.4175331629372997,21.939964678212597,False,0.7224137783050537,-1.0,-0.3999999761581421,0.0
65.09999999994079,0.008704275363680096,-0.019139149620567616,5268.33490788079,-8.29283123364478,-1.4244754187803672,-2.8665871198511486,-0.037388819894009356,-15.072918199942142,249.06296006735099,-830.937039932649,-38.263912624394315,-198.38466783020672,44.80709663710839,161.94246509872417,100.0,100.0,14553.734169617643,0.6478289692047962,10.328691664029776,4.8187692868651135,-44.80709663710839,0.0,0.0,0.0,0.0,5268.3349078784295,1.0945038684344701,-91.65923439423484,-0.5278809070587158,False,-902.452304494533,-1351.7191771520866,5263.6210454654665,-74.95089122703739,-21.23660850853828,1.0884853305919777,968.9599334848682,-2130.570135761587,5268.33490788079,650,0.3502163241224933,22.29018100233509,False,0.7224137783050537,-1.0,0.10000002384185791,0.0
65.1999999999407,0.008667442064389937,-0.019316794270533358,5263.84882940881,-8.325024445946305,-1.41961109175164,-2.8015399365251326,-0.052145687589506926,-15.137639258194756,247.5451564764756,-832.4548435235245,-43.48333562326666,-197.32887532351626,44.876097867774725,162.0087313796777,100.0,100.0,14559.48514594815,0.647905800320637,10.346811315271536,6.055913867915777,-44.876097867774725,0.0,0.0,0.0,0.0,5263.848829405993,1.0881218385367217,-91.01615056027285,-0.5344173312187195,False,-883.5889629183188,-1347.729655822447,5254.7308030346185,-75.91172708319601,-21.015059241239705,359.6734492996257,964.8596506078878,-2150.3455381957733,5263.84882940881,651,0.4258995367448857,22.716080539079975,False,0.7224137783050537,-1.0,-0.3999999761581421,0.0
65.29999999994061,0.00862570013679685,-0.019493333793235673,5259.356189039487,-8.355790776324945,-1.4207415957517513,-2.8198865731233873,-0.036344329297017045,-15.052194376956411,246.0432416890013,-833.9567583109987,-48.67557843879154,-196.1215616957998,45.01036463497295,162.07603220489844,100.0,100.0,14565.254587603322,0.6479862683235892,10.333837944557159,4.828424203783515,-45.01036463497295,0.0,0.0,0.0,0.0,5259.35618903737,1.0815408763594447,-90.39098074587353,-0.537122905254364,False,-864.6113679063861,-1344.2270391350241,5245.8432910466645,-74.4042672302579,-20.695719342771948,358.22575215496795,960.2129392282253,-2169.997917862995,5259.356189039487,652,0.5567475222841298,23.272828061364105,False,0.7224137783050537,-1.0,0.10000002384185791,0.0
65.39999999994052,0.008579480694867133,-0.019668830428238103,5254.850585862198,-8.377779820894043,-1.4163363022859528,-2.7651827897322865,-0.05139209036159269,-15.1278522027082,244.5269697664345,-835.4730302335655,-53.839681612889635,-194.79355697036556,45.06276947288027,162.1423043987511,100.0,100.0,14571.028667951266,0.6480622198403416,10.348322187166962,6.066382208135462,-45.06276947288027,0.0,0.0,0.0,0.0,5254.850585858396,1.074809528459579,-89.75601467587573,-0.5397728681564331,False,-845.5305165968877,-1341.12179610121,5236.949089197475,-71.18786443307965,-20.331477082742037,356.7448081094779,955.0677909526092,-2189.5342032714657,5254.850585862198,653,0.5779207604721227,23.850748821836227,False,0.7224137783050537,-1.0,-0.3999999761581421,0.0
65.49999999994043,0.008528411151604891,-0.019842967540427064,5250.340063443706,-8.399963629168615,-1.4178871196356955,-2.792378847531063,-0.03566452877354538,-15.044932379858711,243.02594466266663,-836.9740553373334,-58.96825557567838,-193.31513810904667,45.18230872200258,162.20973635018848,100.0,100.0,14576.820649691836,0.6481423502208349,10.332680961595532,4.836332780663222,-45.18230872200258,0.0,0.0,0.0,0.0,5250.340063440621,1.0678930797952808,-89.13940579401657,-0.5453199148178101,False,-826.363686033797,-1338.4725729778916,5228.092298512924,-69.19695103210688,-19.99423775308912,355.289807955736,949.3827293966565,-2208.919146600341,5250.340063443706,654,0.5172737459530837,24.36802256778931,False,0.7224137783050537,-1.0,0.10000002384185791,0.0
65.59999999994034,0.008472919721455748,-0.020015829518269364,5245.817924119833,-8.414704002721791,-1.4138041657070621,-2.7444151765323612,-0.05093453266968158,-15.127909006352976,241.51003040082222,-838.4899695991778,-64.06174743302095,-191.71749587084048,45.22109148801099,162.27622584202348,100.0,100.0,14582.616618246739,0.6482183489036123,10.345118814110394,6.075563640670471,-45.22109148801099,0.0,0.0,0.0,0.0,5245.817924116191,1.0607896510181885,-88.50836886679436,-0.5541883111000061,False,-807.1170306037297,-1336.3922415198017,5219.324709375116,-69.79362056043352,-19.6978098640126,353.8930440024764,943.2054233924539,-2228.1621419737457,5245.817924119833,655,0.44116786001214786,24.809190427801457,False,0.7224137783050537,-1.0,-0.3999999761581421,0.0
65.69999999994025,0.008412650959807456,-0.02018708029179115,5241.292219556639,-8.43078898012886,-1.4156434584697875,-2.7772284444523336,-0.03524676956107727,-15.045901680798934,240.00898242383647,-839.9910175761636,-69.11163545850174,-189.97099864582546,45.32838761491295,162.34392825606895,100.0,100.0,14588.429518873265,0.6482987804969758,10.327988988861582,4.843280350928822,-45.32838761491295,0.0,0.0,0.0,0.0,5241.292219554237,1.0534607076870444,-87.89193175182706,-0.5611381530761719,False,-787.7974899807116,-1334.9160912537118,5210.649725038576,-70.82989247980795,-19.361581884141604,352.53560863270184,936.4963048457661,-2247.225778082191,5241.292219556639,656,0.5229328025994018,25.33212323040086,False,0.7224137783050537,-1.0,0.10000002384185791,0.0
65.79999999994016,0.008348028799435001,-0.020356826323749584,5236.756028407199,-8.440339831023362,-1.4117743043014714,-2.7333796856925185,-0.05067638329698291,-15.133700514782564,238.49272264937966,-841.5072773506204,-74.11983604280942,-188.10707373820398,45.355645443871346,162.41071205081545,100.0,100.0,14594.245363494036,0.6483752176864717,10.33932672095495,6.084060229554186,-45.355645443871346,0.0,0.0,0.0,0.0,5236.756028405525,1.045951345654764,-87.26215618601547,-0.5678128004074097,False,-768.417658918975,-1333.9714105034645,5202.039581060887,-71.27542251230982,-19.02604379768439,351.129059517753,929.3025659531044,-2266.1219063598037,5236.756028407199,657,0.5529017658297828,25.885024996230644,False,0.7224137783050537,-1.0,-0.3999999761581421,0.0
65.89999999994006,0.008278715806886789,-0.020524712928666818,5232.217425914437,-8.45198622849283,-1.4138061322063131,-2.7695947967985686,-0.03499908426620718,-15.051597057120507,236.9911237434259,-843.0088762565741,-79.07653824815749,-186.09631005864637,45.4523974098906,162.47872137292825,100.0,100.0,14600.076983693863,0.6484561784980868,10.321388663302754,4.849725505042232,-45.4523974098906,0.0,0.0,0.0,0.0,5232.217425911183,1.038223444329782,-86.64706780073587,-0.5762364864349365,False,-749.0027021429225,-1333.6254314517557,5193.515262642557,-73.4741329002809,-18.800674891547704,349.683490041508,921.5866436226373,-2284.81104321919,5232.217425914437,658,0.5244420514185824,26.409467047649226,False,0.7224137783050537,-1.0,0.10000002384185791,0.0
65.99999999993997,0.008205130356900424,-0.020690868491788018,5227.669320856262,-8.457688033072522,-1.4100771049055567,-2.728144691683972,-0.0505429680711763,-15.142643085162971,235.47412190133565,-844.5258780986644,-83.98517631540234,-183.9702471565371,45.469543141101745,162.54580156363795,100.0,100.0,14605.910319088436,0.6485331449667445,10.332157964609133,6.092211535003316,-45.469543141101745,0.0,0.0,0.0,0.0,5227.669320853529,1.030305952082399,-86.01690072819224,-0.5820066928863525,False,-729.5689804005168,-1333.874625183643,5185.053095236194,-75.286231732737,-18.57785888387541,348.21150002925333,913.3951113301551,-2303.3074805058422,5227.669320856262,659,0.6313140425265023,27.040781090175727,False,0.7224137783050537,-1.0,-0.3999999761581421,0.0
66.09999999993988,0.008126953943321828,-0.020854920607199314,5223.11982385566,-8.46595622737295,-1.4122392258378953,-2.766362693558713,-0.03485533784404268,-15.059875166433725,233.97168266846816,-846.028317331532,-88.83456370938733,-181.6998105976802,45.55689293481933,162.61409875936707,100.0,100.0,14611.758209137106,0.6486146396751248,10.313784256342782,4.855920059933276,-45.55689293481933,0.0,0.0,0.0,0.0,5223.119823852796,1.0221904012249985,-85.4035799965998,-0.5877726674079895,False,-710.1249743511053,-1334.6465917376527,5176.622910770435,-75.8791752618679,-18.389718506733406,346.67282177074304,904.6925129705859,-2321.5697619934276,5223.11982385566,660,0.6579982174012844,27.698779307577013,False,0.7224137783050537,-1.0,0.10000002384185791,0.0
66.19999999993979,0.008044598168401619,-0.021017019352637428,5218.561709738186,-8.468657449180464,-1.4086044933113964,-2.726258287360966,-0.05048399958110165,-15.15322328958321,232.45372622739131,-847.5462737726087,-93.629685885653,-179.31653431651833,45.56488295712479,162.68143869966212,100.0,100.0,14617.60651553916,0.6486920690235091,10.324270287349622,6.1001979302249705,-45.56488295712479,0.0,0.0,0.0,0.0,5218.5617097342965,1.0138867929438555,-84.7753096961422,-0.5950252413749695,False,-690.690840917413,-1336.0142449731484,5168.234142123583,-77.95559362410428,-18.33120274833379,345.11022679905744,895.5246681064682,-2339.614594335598,5218.561709738186,661,0.6349914994687432,28.333770807045756,False,0.7224137783050537,-1.0,-0.3999999761581421,0.0
66.2999999999397,0.007957764372096119,-0.021176775561179303,5214.003131152788,-8.474216674212851,-1.4108593295376413,-2.7656402890992777,-0.03477263000114227,-15.069504466545842,230.95029585067178,-849.0497041493284,-98.35794017944411,-176.79178728467255,45.643620400376605,162.74997717544346,100.0,100.0,14623.46815667937,0.6487739897223733,10.305655735381738,4.861994366351294,-45.643620400376605,0.0,0.0,0.0,0.0,5214.0031311509665,1.0053703223146393,-84.16146952740667,-0.6012910604476929,False,-671.2941552714618,-1337.9928574851588,5159.871286536652,-81.2662700352141,-18.368502179426176,343.51613895443467,885.8583299017399,-2357.39865547048,5214.003131152788,662,0.6964633488390101,29.030234155884767,False,0.7224137783050537,-1.0,0.10000002384185791,0.0
66.39999999993961,0.00786685620861123,-0.021334360699010384,5209.436751892099,-8.474456289264872,-1.4072920902229213,-2.7262624823224706,-0.050468066572630484,-15.16460119419739,229.43127647986967,-850.5687235201304,-103.02588342932638,-174.15698671796412,45.643133938106885,162.8175221295286,100.0,100.0,14629.328908206755,0.6488517404513116,10.316004774803353,6.108108958016474,-45.643133938106885,0.0,0.0,0.0,0.0,5209.436751889308,0.9966793814978484,-83.53272415222595,-0.6060451865196228,False,-651.9577234210287,-1340.5566809652407,5151.501616154024,-85.26409755734784,-18.509237068260386,341.8578370485389,875.738433142602,-2374.941033013836,5209.436751892099,663,0.7744694827394933,29.80470363862426,False,0.7224137783050537,-1.0,-0.3999999761581421,0.0
66.49999999993952,0.00777159575886922,-0.021489369855106567,5204.87076907796,-8.477737282953921,-1.4096181969920027,-2.7663233097230435,-0.03472479231170985,-15.07981260246905,227.92678049204866,-852.0732195079515,-107.61948531895514,-171.3840451695126,45.71384367153998,162.8862433263536,100.0,100.0,14635.20180926763,0.6489339286095035,10.297246397243983,4.868011080978174,-45.71384367153998,0.0,0.0,0.0,0.0,5204.870769075319,0.9878057988204767,-82.92011702369774,-0.6080899834632874,False,-632.703241487889,-1343.6592808595249,5143.088876685396,-87.75610876060406,-18.689502754517427,340.1281496168024,865.1340398773216,-2392.196652270463,5204.87076907796,664,0.8986456587128022,30.703349297337063,False,0.7224137783050537,-1.0,0.10000002384185791,0.0
66.59999999993943,0.007672377581544358,-0.021641995510616883,5200.297749949577,-8.475870240482253,-1.4061036197137495,-2.727319199816997,-0.05047647706702173,-15.176333068887006,226.4066459876268,-853.5933540123733,-112.14688344154676,-168.50415725826792,45.70540428143453,162.95393172475823,100.0,100.0,14641.072540856967,0.6490118289186557,10.307529855054156,6.115984783251618,-45.70540428143453,0.0,0.0,0.0,0.0,5200.297749947225,0.9787910555320495,-82.29592891791819,-0.6101229190826416,False,-613.5247565285827,-1347.2300071113957,5134.611590444649,-88.35474679592579,-18.94525845498175,338.3451868454119,854.0890723775179,-2409.1869402418715,5200.297749949577,665,0.927603555352192,31.630952852689255,False,0.7224137783050537,-1.0,-0.3999999761581421,0.0
66.69999999993934,0.007568945353678395,-0.02179181808005749,5195.725935577101,-8.477165228668973,-1.4084894223384825,-2.7677857344166577,-0.03469651864824893,-15.09045061594321,224.9010499447759,-855.0989500552242,-116.59262692592749,-165.48987472332038,45.7685607119675,163.02277346840438,100.0,100.0,14646.954288620154,0.6490941085708704,10.288673158878222,4.873996829797395,-45.7685607119675,0.0,0.0,0.0,0.0,5195.725935575417,0.9696052388749392,-81.68839765031474,-0.6117281913757324,False,-594.4603981049212,-1351.3202074535818,5126.063755332891,-88.57553894639629,-19.25668607282458,336.5876297229217,842.5749967714789,-2425.865188672,5195.725935577101,666,0.9761500004578986,32.607102853147154,False,0.7224137783050537,-1.0,0.10000002384185791,0.0
66.79999999993925,0.007461683414932932,-0.021939050620378833,5191.147806054801,-8.473441798851171,-1.4050198061123276,-2.7289589139705153,-0.0504984853565476,-15.18819693308061,223.3797768113431,-856.620223188657,-120.96643457412098,-162.3720672991421,45.75261216095937,163.09054280574716,100.0,100.0,14652.832630578678,0.6491719798194088,10.298923731522072,6.12383995558572,-45.75261216095937,0.0,0.0,0.0,0.0,5191.147806051958,0.9602914657104803,-81.07048165347388,-0.6105973124504089,False,-575.4918278064578,-1355.841450987002,5117.438468090076,-85.9915354653839,-19.4751577740005,334.82731755203736,830.634597750334,-2442.255115060572,5191.147806054801,667,1.103833995170474,33.71093684831763,False,0.7224137783050537,-1.0,-0.3999999761581421,0.0
66.89999999993915,0.007350357844387288,-0.022083259990256822,5186.57164395647,-8.47296587147903,-1.4074594891914847,-2.769680594818664,-0.03467913336194029,-15.101248274313596,221.87306607644445,-858.1269339235557,-125.25145461972713,-159.12401824278047,45.80863693853586,163.15944361332285,100.0,100.0,14658.720916066712,0.6492541746452246,10.279988265299723,4.8799599624737855,-45.80863693853586,0.0,0.0,0.0,0.0,5186.5716439549615,0.9508339015846445,-80.47642410929471,-0.6074167490005493,False,-556.5628308937999,-1360.6844260045766,5108.734331714129,-80.38762316999184,-19.54038774519642,333.0875436403069,818.2418352371928,-2458.3085021153893,5186.57164395647,668,1.211335834141161,34.92227268245879,False,0.7224137783050537,-1.0,0.10000002384185791,0.0
66.99999999993906,0.0072353416627734205,-0.02222467932046461,5181.989848741087,-8.46757922934582,-1.4040312050782175,-2.7309238339273776,-0.05052807391474127,-15.200089833172527,220.3506445565387,-859.6493554434614,-129.45897986204562,-155.77617250061203,45.78558804433018,163.22723342733846,100.0,100.0,14664.60461230402,0.64933184314948,10.290219508548198,6.1316764425311305,-45.78558804433018,0.0,0.0,0.0,0.0,5181.989848738409,0.9412690290078435,-79.87871220554025,-0.60428786277771,False,-537.6483135539453,-1365.7907119683534,5099.961400085834,-72.57046711190213,-19.388913086831753,331.44592855942386,805.4382338999371,-2474.0513019541204,5181.989848741087,669,1.2401261412004405,36.16239882365923,False,0.7224137783050537,-1.0,-0.3999999761581421,0.0
67.09999999993897,0.007116424101787786,-0.022362863078116205,5177.410740868485,-8.465506374731188,-1.406522182838773,-2.771818983302933,-0.034667842414091515,-15.112130286346,218.84281349767056,-861.1571865023295,-133.5707864699342,-152.30263465274578,45.83488320775712,163.29613465176655,100.0,100.0,14670.497245122726,0.6494137849103506,10.271212400178843,4.885900104688222,-45.83488320775712,0.0,0.0,0.0,0.0,5177.410740865616,0.9315776435477773,-79.30700265293613,-0.6023212671279907,False,-518.772787621633,-1371.1734232441938,5091.154010658915,-63.47634602057231,-18.98208335283628,330.0047659144513,792.2003310110164,-2489.4339178558957,5177.410740868485,670,1.2320471963053299,37.39444601996456,False,0.7224137783050537,-1.0,0.10000002384185791,0.0
67.19999999993888,0.00699396578832362,-0.022498063905227694,5172.826644089145,-8.458620045936573,-1.403133837696728,-2.733074647824697,-0.05056194228164705,-15.211970249090161,217.31923971149575,-862.6807602885043,-137.5997271296653,-148.73332661160867,45.80513316255052,163.36388797747057,100.0,100.0,14676.384163575369,0.6494910876264361,10.281428912355583,6.139490498502409,-45.80513316255052,0.0,0.0,0.0,0.0,5172.826644087042,0.9217812125196287,-78.73099510359334,-0.6014129519462585,False,-499.94456587742707,-1376.8575056452862,5082.354292216346,-54.18070857946527,-18.328719598005478,328.8202777684166,778.5682715561854,-2504.484473929947,5172.826644089145,671,1.2251313129072203,38.619577332871785,False,0.7224137783050537,-1.0,-0.3999999761581421,0.0
67.29999999993879,0.006867779797694123,-0.022629825084118354,5168.245912403503,-8.455103581341609,-1.4056752621639652,-2.7740994315277243,-0.034660054519493395,-15.123069883716413,215.81028615038136,-864.1897138496187,-141.52624209883473,-145.0432619041336,45.848099416042295,163.43273484296728,100.0,100.0,14682.279080684644,0.6495726201527494,10.262351750865871,4.891813099223464,-45.848099416042295,0.0,0.0,0.0,0.0,5168.245912402979,0.911838996985114,-78.18096973903077,-0.6030946969985962,False,-481.14921540210105,-1382.8669504710472,5073.609784534407,-47.14328708912324,-17.52858181384806,327.84607665056683,764.5212470793098,-2519.152128364055,5168.245912403503,672,1.1671553705682403,39.78673270344002,False,0.7224137783050537,-1.0,0.10000002384185791,0.0
67.3999999999387,0.0067382133154398035,-0.022758418146706268,5163.660798027528,-8.44686676359891,-1.4023266343460994,-2.7353369223817445,-0.05059830998778718,-15.223827094059724,214.28555812792357,-865.7144418720765,-145.3647233914046,-141.26174247848112,45.81205142871289,163.50039890322967,100.0,100.0,14688.1672202421,0.6496494072841889,10.272554254441982,6.147276142633697,-45.81205142871289,0.0,0.0,0.0,0.0,5163.660798028303,0.9017435462845378,-77.62518821591144,-0.6090694069862366,False,-462.39065067474854,-1389.2912679083456,5065.01919304694,-44.781437942871484,-16.68521461897451,327.0240245154936,750.0979062747589,-2533.4671080913417,5163.660798027528,673,1.043669354924103,40.83040205836413,False,0.7224137783050537,-1.0,-0.3999999761581421,0.0
67.49999999993861,0.006605103888682402,-0.02288337643660503,5159.079683721936,-8.442050556548757,-1.4049185422190298,-2.776467887752798,-0.03465439745751788,-15.134064058569836,212.77548060342798,-867.224519396572,-149.09431783619596,-137.36477632534866,45.84909768944812,163.56914099520765,100.0,100.0,14694.062492178084,0.6497303882674482,10.253406429211553,4.89769345722402,-45.84909768944812,0.0,0.0,0.0,0.0,5159.079683722021,0.8914412526563347,-77.09129997387649,-0.6190142035484314,False,-443.69993190924583,-1396.2233008306043,5056.691781293785,-46.7527701791285,-15.853276824650203,326.2773960442521,735.280164888125,-2547.377464922872,5159.079683721936,674,0.9310385242639218,41.76144058262805,False,0.7224137783050537,-1.0,0.10000002384185791,0.0
67.59999999993852,0.006468784244320066,-0.02300498969720149,5154.494753985626,-8.432606398566412,-1.401609980836838,-2.7376710912633464,-0.05063622826572176,-15.235663644756883,211.24959636901067,-868.7504036309894,-152.73093002848742,-133.38094974036923,45.80716586997955,163.63666752604223,100.0,100.0,14699.949988118991,0.6498065243959585,10.263594184549651,6.1550268419966265,-45.80716586997955,0.0,0.0,0.0,0.0,5154.494753984756,0.8809450199315854,-76.54745828543167,-0.6286391019821167,False,-425.11749024146206,-1403.7232959989724,5048.678523696909,-51.614572738653074,-15.073732474483563,325.5070026203797,720.1050620777097,-2560.9154530924698,5154.494753985626,675,0.9760460800879011,42.73748666271595,False,0.7224137783050537,-1.0,-0.3999999761581421,0.0
67.69999999993843,0.006329116964013366,-0.023122782615566342,5149.914415311742,-8.426630816881508,-1.4042528172342172,-2.7788955620227083,-0.03465015900705474,-15.14512081476125,209.73839285557193,-870.2616071444281,-156.25246163686975,-129.28734848919663,45.83871383643696,163.7052590257682,100.0,100.0,14705.843824189013,0.6498868261486817,10.244374411627351,4.9035355153997795,-45.83871383643696,0.0,0.0,0.0,0.0,5149.914415311076,0.8702449089047435,-76.02467514153976,-0.6363703012466431,False,-406.6625423103174,-1411.76025784611,5040.919228817681,-57.52588606465143,-14.358282101550875,324.60927467833267,704.5573004339678,-2574.0281607648453,5149.914415311742,676,1.0891168535482925,43.82660351626424,False,0.7224137783050537,-1.0,0.10000002384185791,0.0
67.79999999993834,0.006186419331962855,-0.02323706241266369,5145.330788199637,-8.416120715131692,-1.4009849102824572,-2.7400560100610156,-0.050675194688426864,-15.247489524283719,208.2113495560151,-871.7886504439849,-159.67629706442796,-125.11174887017816,45.79132626729877,163.77260443586022,100.0,100.0,14711.728953001817,0.6499621906928285,10.254546289412001,6.162736281235844,-45.79132626729877,0.0,0.0,0.0,0.0,5145.330788197454,0.8593792225802389,-75.4931542467116,-0.6432510018348694,False,-388.362782483709,-1420.3216091066486,5033.361887893886,-63.435942808407304,-13.76604026650431,323.54890424597136,688.672200034105,-2586.749787777722,5145.330788199637,677,1.1602463266908378,44.98684984295508,False,0.7224137783050537,-1.0,-0.3999999761581421,0.0
67.89999999993825,0.006040579459340367,-0.023347346433896084,5140.752297678978,-8.409125630751664,-1.4036792683045147,-2.7813669062957533,-0.0346469767691341,-15.156252840167161,206.69901690640134,-873.3009830935988,-162.97914655659534,-120.83239532545431,45.817812207810434,163.84100424176964,100.0,100.0,14717.619706019395,0.6500417004502199,10.235253249093546,4.909333947004593,-45.817812207810434,0.0,0.0,0.0,0.0,5140.752297677978,0.8483309427973302,-74.9826132845543,-0.6495039463043213,False,-370.2537417462041,-1429.410184611686,5025.965521508029,-68.96545628698095,-13.339925586509617,322.3325695988906,672.4373054137696,-2599.026605021312,5140.752297678978,678,1.228474095262346,46.21532393821743,False,0.7224137783050537,-1.0,0.10000002384185791,0.0
67.99999999993815,0.005891898239884654,-0.02345395859013967,5136.171004013649,-8.397691322726503,-1.4004526627769702,-2.742480116008939,-0.0507149420899046,-15.259316871144392,205.17081044963768,-874.8291895503623,-166.17983563471293,-116.47616136491459,45.765411904263075,163.90812970118813,100.0,100.0,14723.500889942414,0.6501161878374939,10.245408158231122,6.170398686645646,-45.765411904263075,0.0,0.0,0.0,0.0,5136.171004012495,0.8371342597502311,-74.46253709929657,-0.65501868724823,False,-352.3719121698174,-1439.0288941593803,5018.6903233427975,-74.06932068740225,-13.095919252812095,320.9803968534061,655.8861120639597,-2610.894670254348,5136.171004013649,679,1.3001952178057532,47.51551915602318,False,0.7224137783050537,-1.0,-0.3999999761581421,0.0
68.09999999993806,0.005740289739454748,-0.023556410229225614,5131.5953454842365,-8.389817501304213,-1.4031991438888018,-2.7838732128812675,-0.034644669546495144,-15.167474493138528,203.65734418340432,-876.3426558165958,-169.25394211255974,-112.02252833554645,45.78728691915861,163.97630150233633,100.0,100.0,14729.38706066198,0.6501948078692555,10.226040719479766,4.915083964735917,-45.78728691915861,0.0,0.0,0.0,0.0,5131.595345482579,0.8257728234769163,-73.962758073045,-0.6595936417579651,False,-334.7507465062679,-1449.1747093222916,5011.495370732546,-78.83620973970937,-13.033984499716155,319.5154675304544,639.0090537961025,-2622.2995867173954,5131.5953454842365,680,1.3876652367292572,48.903184392752436,False,0.7224137783050537,-1.0,0.10000002384185791,0.0
68.19999999993797,0.005586037552888698,-0.02365504111228302,5127.017325961581,-8.377601962191259,-1.4000144501269172,-2.7449367620750853,-0.050755325171088404,-15.271158603834266,202.12796911568236,-877.8720308843177,-172.22168811785744,-107.49737599608633,45.73033163774373,164.04317300225523,100.0,100.0,14735.262871991574,0.6502683275948434,10.236177743056853,6.178008944151857,-45.73033163774373,0.0,0.0,0.0,0.0,5127.01732596097,0.814288332536198,-73.45405064292763,-0.6614344120025635,False,-317.40766061207506,-1459.8150190653473,5004.3348330762865,-81.62847615626701,-13.054379033666976,317.9629978246301,621.8377003875698,-2633.279176619346,5127.017325961581,681,1.5556099680545157,50.458794360806955,False,0.7224137783050537,-1.0,-0.3999999761581421,0.0
68.29999999993788,0.005429082054290632,-0.023749357959270287,5122.4453916325365,-8.368991584128393,-1.4028135909827513,-2.7864092675684895,-0.034643147359430235,-15.17880043879416,200.61336336422144,-879.3866366357786,-175.05758310419438,-102.88149785937465,45.748061093971764,164.1110853323154,100.0,100.0,14741.143113338127,0.6503459752426358,10.216735009832446,4.92078138551315,-45.748061093971764,0.0,0.0,0.0,0.0,5122.445391631006,0.8026740729206485,-72.97145442221155,-0.6601303219795227,False,-300.27879954716406,-1470.8498302209778,4997.165290272698,-80.3213561679411,-13.06041653190105,316.32764742330323,604.3654142836332,-2643.778528025968,5122.4453916325365,682,1.7509493743800129,52.20974373518697,False,0.7224137783050537,-1.0,0.10000002384185791,0.0
68.39999999993779,0.005269688673459609,-0.02383971549183202,5117.871493945635,-8.356139285308993,-1.3996713329679333,-2.7474218008130067,-0.050796260704988425,-15.283027690850158,199.08281285246807,-880.9171871475319,-177.7831955659169,-98.19969111053207,45.68702251957816,164.17767373254512,100.0,100.0,14747.012278514721,0.6504184518848527,10.226853420213235,6.185562628907808,-45.68702251957816,0.0,0.0,0.0,0.0,5117.871493946384,0.7909615945299645,-72.48873475093016,-0.6595134735107422,False,-283.3084746114728,-1482.2221301711902,4989.976657133862,-76.57804457909182,-13.048264847369365,314.67479138795653,586.6217431295237,-2653.8371285507405,5117.871493945635,683,1.7685530708790407,53.97829680606601,False,0.7224137783050537,-1.0,-0.3999999761581421,0.0
68.4999999999377,0.005107824373067861,-0.02392561719361262,5113.30408164821,-8.346936007987424,-1.4025235682468673,-2.7889716346503013,-0.034642364291647576,-15.190245073570527,197.56706037006472,-882.4329396299353,-180.3720355807921,-93.43413341499425,45.70108504109514,164.2453000140377,100.0,100.0,14752.885399493567,0.6504950595700139,10.207334710402996,4.926422638804246,-45.70108504109514,0.0,0.0,0.0,0.0,5113.304081647122,0.7791151800214158,-72.03220634944843,-0.6627498865127563,False,-266.5837500251374,-1494.0163968119,4982.813966811034,-73.80555726377528,-13.047019235635442,313.11339721868217,568.6030092099143,-2663.3997059929566,5113.30408164821,684,1.6432755032559112,55.62157230932193,False,0.7224137783050537,-1.0,0.10000002384185791,0.0
68.59999999993761,0.004943735596933048,-0.024007431809010934,5108.735057829193,-8.333592841797243,-1.399424158633793,-2.7499323600022008,-0.05083769660960683,-15.29493687800694,196.035326226821,-883.9646737731789,-182.84696214747385,-88.60845303308609,45.63644764166461,164.31158108315995,100.0,100.0,14758.746802867052,0.6505664327859834,10.217433942188245,6.193056001374363,-45.63644764166461,0.0,0.0,0.0,0.0,5108.735057827779,0.7671463664505054,-71.5668383392614,-0.6685420274734497,False,-250.21269433251663,-1506.3272709914606,4975.731890668488,-73.43238092255379,-13.039022600466138,311.65246418566244,550.3366466505869,-2672.507308979097,5108.735057829193,685,1.5709301631723873,57.19250247249431,False,0.7224137783050537,-1.0,-0.3999999761581421,0.0
68.69999999993752,0.004777416101971501,-0.024084660994923065,5104.1728684517475,-8.323941624666189,-1.4023298031720681,-2.791557798912387,-0.034642294255619786,-15.201822307590966,194.51841842653766,-885.4815815734622,-185.180559690045,-83.70628018657985,45.64733386330356,164.37889966504903,100.0,100.0,14764.611772198743,0.6506419479991445,10.197838747904818,4.932004755594321,-45.64733386330356,0.0,0.0,0.0,0.0,5104.172868452415,0.7550310972097245,-71.12236650605684,-0.6722897887229919,False,-234.2258880604064,-1519.157705658605,4968.738317912856,-73.54759845917206,-12.934500570767959,310.2296326222835,531.8219604714675,-2681.1044619548356,5104.1728684517475,686,1.7253213440934327,58.91782381658774,False,0.7224137783050537,-1.0,0.10000002384185791,0.0
68.79999999993743,0.004609092573073685,-0.024157686534932978,5099.6093724680095,-8.310254658988361,-1.3992735315198133,-2.7524662387070165,-0.0508795962999762,-15.306898608759845,192.9854911497893,-887.0145088502106,-187.39691634829663,-78.7499906704003,45.57959356822582,164.4448541136645,100.0,100.0,14770.46445943601,0.6507121725043097,10.207918362258205,6.2004859938398385,-45.57959356822582,0.0,0.0,0.0,0.0,5099.609372467441,0.7428053197486346,-70.67249771292711,-0.6759725213050842,False,-218.5765681512574,-1532.4416978594584,4961.813014495772,-73.28369000259642,-12.784810337811173,308.761929951161,513.0841852345626,-2689.233665068739,5099.6093724680095,687,1.7808901620483448,60.698713978636086,False,0.7224137783050537,-1.0,-0.3999999761581421,0.0
68.89999999993734,0.004438785691226774,-0.024226009682808088,5095.053007700971,-8.300301469790247,-1.4022327727032589,-2.7941657495854377,-0.034642918816747754,-15.213545498560054,191.46741814676466,-888.5325818532353,-189.46776916235063,-73.72473177956077,45.58780476492483,164.51184830111475,100.0,100.0,14776.320408759915,0.6507865577775103,10.188246310786983,4.937525353375872,-45.58780476492483,0.0,0.0,0.0,0.0,5095.053007701264,0.7304432541957987,-70.24605287273496,-0.6792269945144653,False,-203.31323703788362,-1546.1995059125406,4954.970685417644,-73.38891208325335,-12.619752201192314,307.2876815449526,494.12562314736454,-2696.8393978901963,5095.053007700971,688,1.8623137567309367,62.56102773536702,False,0.7224137783050537,-1.0,0.10000002384185791,0.0
68.99999999993724,0.004266701660139594,-0.02429002423430815,5090.495593293241,-8.286418619251004,-1.3992198007139958,-2.7550216202102824,-0.05092193098582363,-15.31892501680138,189.93328696342093,-890.066713036579,-191.4183686900062,-68.65154645393801,45.51746755117099,164.57746180736737,100.0,100.0,14782.163589898595,0.6508556033054885,10.19830596356442,6.207850196587407,-45.51746755117099,0.0,0.0,0.0,0.0,5090.495593292577,0.7179780533930874,-69.8158582198714,-0.6824402809143066,False,-188.40561576558875,-1560.3857280569173,4948.197094681049,-73.1334319810404,-12.43898048974372,305.7775110402987,474.96922880673964,-2703.965497763183,5090.495593293241,689,1.9203829704301751,64.48141070579719,False,0.7224137783050537,-1.0,-0.3999999761581421,0.0
69.09999999993715,0.0040928881378614074,-0.02434923247371072,5085.945553628406,-8.276310083763901,-1.4022326963153904,-2.7967937875928013,-0.034644221252650396,-15.225427443544687,188.41403761899898,-891.585962381001,-193.21968719690275,-63.517159397054925,45.52351420300597,164.6441198829698,100.0,100.0,14788.009816599586,0.6509288361621569,10.178556784998309,4.942982622639974,-45.52351420300597,0.0,0.0,0.0,0.0,5085.945553627318,0.705384784890382,-69.4106819701517,-0.6852461695671082,False,-173.90516277685452,-1575.0193953695273,4941.507127823613,-73.27508510415667,-12.253109174706271,304.2702492473845,455.6203075067319,-2710.556558973477,5085.945553628406,690,2.0054836156893145,66.4868943214865,False,0.7224137783050537,-1.0,0.10000002384185791,0.0
69.19999999993706,0.003917530177934588,-0.02440403914102907,5081.39467245993,-8.262379743069031,-1.399263056807207,-2.7575969431782,-0.05096467602268796,-15.33102794002587,186.87869052803643,-893.1213094719635,-194.89806573707898,-58.34120379181871,45.45109463469788,164.70938310848794,100.0,100.0,14793.842868648975,0.6509966874008315,10.188596201921476,6.21514684637679,-45.45109463469788,0.0,0.0,0.0,0.0,5081.394672459923,0.6926962153980346,-69.00348372268049,-0.6880298256874084,False,-159.78031824508267,-1590.0579896245954,4934.886441164625,-73.07047503900901,-12.057055257571704,302.73503062503056,436.0994594076783,-2716.657637179356,5081.39467245993,691,2.0663619288627215,68.55325625034922,False,0.7224137783050537,-1.0,-0.3999999761581421,0.0
69.29999999993697,0.0037407023908622287,-0.024453948990599918,5076.851355487266,-8.25226277095485,-1.402329535737453,-2.799440442790476,-0.0346461837752669,-15.237480389504015,185.35825249269524,-894.6417475073047,-196.4237985248759,-53.112037620870474,45.4554949610092,164.77569834340775,100.0,100.0,14799.678838240812,0.6510687602796664,10.168769704115268,4.9483753159985016,-45.4554949610092,0.0,0.0,0.0,0.0,5076.851355488822,0.6798883201030156,-68.62302463485783,-0.6904053092002869,False,-146.08470789730694,-1605.5184243140561,4928.349930498398,-73.26956326224983,-11.859911204384835,301.2084905188114,416.4149901507833,-2722.213601633583,5076.851355487266,692,2.156407262907539,70.70966351325676,False,0.7224137783050537,-1.0,0.10000002384185791,0.0
69.39999999993688,0.003562568066756535,-0.024499376600538164,5072.307355591625,-8.238433434088819,-1.3994031336435544,-2.760190849582927,-0.051007809284460956,-15.343218937299747,183.82167630688156,-896.1783236931184,-197.82424017224287,-47.847811225742404,45.38151470802609,164.84060693866124,100.0,100.0,14805.50130733215,0.6511354167793895,10.178788662667884,6.222374817371459,-45.38151470802609,0.0,0.0,0.0,0.0,5072.307355592682,0.6669936074705161,-68.24245545998848,-0.6927617788314819,False,-132.78516554144923,-1621.3605836097263,4921.883000615242,-73.11592823169646,-11.656304199811414,299.65836212278305,396.58507719133746,-2727.2706031719085,5072.307355591625,693,2.221014772273913,72.93067828553067,False,0.7224137783050537,-1.0,-0.3999999761581421,0.0
69.49999999993679,0.003383228665830126,-0.024539830636534348,5067.77105458788,-8.228454837792734,-1.4025229983032685,-2.8021044435693905,-0.03464878632179835,-15.24971604846821,182.30003606158468,-897.6999639384153,-199.06909743534771,-42.53856700476693,45.38479318980778,164.90657759282095,100.0,100.0,14811.326655393368,0.6512063369287551,10.158884712282822,4.953702739536585,-45.38479318980778,0.0,0.0,0.0,0.0,5067.771054588315,0.6539890282351135,-67.89056259878484,-0.6946976184844971,False,-119.93701976172109,-1637.5987604280126,4915.500318076552,-73.36282759772973,-11.454734048934183,298.1199901537226,376.62101508020965,-2731.7739464590036,5067.77105458788,694,2.316808787966349,75.24748707349703,False,0.7224137783050537,-1.0,0.10000002384185791,0.0
69.5999999999367,0.003202825159537124,-0.024575734373255248,5063.23417909272,-8.214874715424962,-1.3996396128178723,-2.762802168365211,-0.051051310515237314,-15.3555093033922,180.76221644764172,-899.2377835523583,-200.1866567317446,-37.20090351157254,45.30977954066407,164.9711321912928,100.0,100.0,14817.13825849763,0.6512718129797116,10.168883028923714,6.229533613740009,-45.30977954066407,0.0,0.0,0.0,0.0,5063.2341790919445,0.6409069296021085,-67.54074430583218,-0.6966099143028259,False,-107.50530923771207,-1654.195045125209,4909.187070522237,-73.24709483347067,-11.24950663118227,296.560395477841,356.5384967596726,-2735.770750430774,5063.23417909272,695,2.3856659412642975,77.63315301476132,False,0.7224137783050537,-1.0,-0.3999999761581421,0.0
69.69999999993661,0.003021485676614278,-0.02460660182657785,5058.705081915477,-8.205180830975342,-1.4028125423758664,-2.8047847101408903,-0.03465200610242108,-15.26214561397234,179.23935934364408,-900.7606406563559,-201.1461315619456,-31.82659370839375,45.31246544316459,165.03676150186624,100.0,100.0,14822.952792135724,0.6513416023205064,10.148901536987674,4.958964745538362,-45.31246544316459,0.0,0.0,0.0,0.0,5058.705081916233,0.6277252816504182,-67.22184458453003,-0.6980838179588318,False,-95.54668462922336,-1671.1608112028869,4902.957615099665,-73.52786808539422,-11.048477079746773,295.01428705130263,336.3517855207014,-2739.206915334646,5058.705081915477,696,2.487662537084045,80.12081555184537,False,0.7224137783050537,-1.0,0.10000002384185791,0.0
69.79999999993652,0.002839328374833629,-0.024632863793749613,5054.175468073959,-8.191997472574021,-1.399971829798617,-2.765429914684622,-0.05109516113652235,-15.367910082715774,177.70028086084585,-902.299719139154,-201.9766538053505,-26.43061986129047,45.23694982213239,165.10096770230803,100.0,100.0,14828.753418304213,0.6514059267978858,10.158879058211923,6.236623363008654,-45.23694982213239,0.0,0.0,0.0,0.0,5054.175468074886,0.6144763718797875,-66.90757059343731,-0.6995250582695007,False,-84.02429101636379,-1688.4603059765714,4896.79701992139,-73.43840815939993,-10.845695988766503,293.4482991509345,316.0740346864796,-2742.1303975202068,5054.175468073959,697,2.5610628315567974,82.68187838340216,False,0.7224137783050537,-1.0,-0.3999999761581421,0.0
69.89999999993643,0.002656507791759182,-0.02465404107297024,5049.653656346369,-8.182733787007008,-1.4031973840546932,-2.8074803576219147,-0.03465581749974369,-15.274779779325764,176.17619115792684,-903.8238088420732,-202.6470412425775,-21.006526418046878,45.23957572598011,165.16626386030862,100.0,100.0,14834.557117161261,0.6514746217536906,10.138819968816916,4.964161725792893,-45.23957572598011,0.0,0.0,0.0,0.0,5049.653656346291,0.6011392355945185,-66.62686112538188,-0.7005068063735962,False,-72.99577789317644,-1706.1017981414464,4890.7193082831955,-73.74275087883717,-10.648448932444731,291.89683476467434,295.7224473786321,-2744.487852243047,5049.653656346369,698,2.669515883382332,85.3513942667845,False,0.7224137783050537,-1.0,0.10000002384185791,0.0
69.99999999993634,0.0024731188386725366,-0.02467057078078816,5045.131334870643,-8.170093711204983,-1.400398881106559,-2.768073295165912,-0.05113934425287407,-15.380432083979795,174.63583729499618,-905.3641627050038,-203.1871805212983,-15.56761960037291,45.16409222179193,165.23013219690867,100.0,100.0,14840.346828292058,0.6515378379299669,10.148776564854693,6.243644809494383,-45.16409222179193,0.0,0.0,0.0,0.0,5045.131334871826,0.5877462317161759,-66.35380322705221,-0.7014431357383728,False,-62.422373490773715,-1724.0517193283963,4884.709514491332,-73.67194923606384,-10.45070116321801,290.3262750253078,275.30758912102675,-2746.327939317338,5045.131334870643,699,2.7476105044623735,88.09900477124687,False,0.7224137783050537,-1.0,-0.3999999761581421,0.0
70.09999999993624,0.002289342123922813,-0.02468198191891493,5040.616783463654,-8.16140449926987,-1.4036765047642572,-2.810190702446198,-0.034660192123253136,-15.287628759338585,173.11049819790463,-906.8895018020953,-203.56559428076767,-10.1092508155139,45.16719256914144,165.29510831170302,100.0,100.0,14846.139845081274,0.6516054892242362,10.128639845947733,4.969294604836128,-45.16719256914144,0.0,0.0,0.0,0.0,5040.616783462815,0.5742775275446397,-66.11747641187493,-0.701896071434021,False,-52.36245174404535,-1742.3151098841813,4878.781317351803,-73.99335137759692,-10.259228474862445,288.77076889383216,254.84956523508757,-2747.59822721361,5040.616783463654,700,2.8626097966792483,90.96161456792612,False,0.7224137783050537,-1.0,0.10000002384185791,0.0
70.19999999993615,0.002105248943554649,-0.024688716693853998,5036.101678130856,-8.149452834557106,-1.4009196322589825,-2.7707317147771326,-0.05118384473389423,-15.393085897810527,171.56885140788614,-908.4311485921138,-203.81282915334427,-4.64299550861941,45.09227648129787,165.35865421238077,100.0,100.0,14851.918876246546,0.6516676545483546,10.13857540621233,6.250599307215644,-45.09227648129787,0.0,0.0,0.0,0.0,5036.101678132576,0.5607657272100205,-65.89243287230674,-0.7022867202758789,False,-42.7753610068769,-1760.8606535658005,4872.919783088878,-73.93638020457958,-10.068086506758432,287.1965915071377,234.35631239650354,-2748.347942359827,5036.101678130856,701,2.9454197162580593,93.90703428418418,False,0.7224137783050537,-1.0,-0.3999999761581421,0.0
70.29999999993606,0.0019210455607186591,-0.024690313716821566,5031.594254913408,-8.141480806336832,-1.4042486595175643,-2.812915269246122,-0.034665098926453,-15.300702317010465,170.0422451006032,-909.9577548993967,-203.89721595474904,0.833958130854011,45.09638614258073,165.42332826442404,100.0,100.0,14857.701536855217,0.6517343269687451,10.11836104174228,4.9743648327023,-45.09638614258073,0.0,0.0,0.0,0.0,5031.5942549145375,0.5471922219933911,-65.7079524515425,-0.7021668553352356,False,-33.71995264336195,-1779.6900842887894,4867.138236882797,-74.2706681914416,-9.88360230089534,285.63770303543384,213.85079181920113,-2748.525722956577,5031.594254913408,702,3.066887161193023,96.9739214453772,False,0.7224137783050537,-1.0,0.10000002384185791,0.0
70.39999999993597,0.0017367793532095355,-0.024687219032227203,5027.0861824805,-8.130360943432596,-1.4015327263272224,-2.773404783487388,-0.051228649317197915,-15.405881918841427,168.49928683324075,-911.5007131667592,-203.84986270531633,6.311814875746575,45.02257255061314,165.4865719970672,100.0,100.0,14863.47029614534,0.6517955128130868,10.128275471410964,6.257488811970518,-45.02257255061314,0.0,0.0,0.0,0.0,5027.086182478928,0.533590089712761,-65.53915801681576,-0.7019627690315247,False,-25.15377366502343,-1798.7744242642345,4861.421828181991,-74.22426295612439,-9.700024670572748,284.06034016623056,193.3382775992855,-2748.1812226675324,5027.0861824805,703,3.1542907950317085,100.12821224040891,False,0.7224137783050537,-1.0,-0.3999999761581421,0.0
70.49999999993588,0.0015526817456956493,-0.02467898224735109,5022.585648391057,-8.123246904015776,-1.404912385742734,-2.8156537970567963,-0.03467050434543615,-15.314009796211403,166.97139451053886,-913.0286054894611,-203.6390141392394,11.791525767873537,45.028225416997,165.5509667785775,100.0,100.0,14869.243099240037,0.651861284944111,10.10798345434525,4.979374376866987,-45.028225416997,0.0,0.0,0.0,0.0,5022.585648391489,0.5199420678594538,-65.41560957295634,-0.7012162208557129,False,-17.135911859352593,-1818.1120650403989,4855.783515326357,-74.56880408383776,-9.523357306762874,282.4985499936225,172.84453193083968,-2747.264303775123,5022.585648391057,704,3.281984422710856,103.41019666311976,False,0.7224137783050537,-1.0,0.10000002384185791,0.0
70.59999999993579,0.0013687759619312686,-0.024666051973228263,5018.084318776498,-8.113100160919714,-1.402236593021871,-2.7760923220168796,-0.05127374670886352,-15.41883037316995,165.4271052415887,-914.5728947584113,-203.29623754781144,17.26511969901307,44.956047777669376,165.61393338578446,100.0,100.0,14875.002167177012,0.6519215763198064,10.117876671668371,6.264315872301092,-44.956047777669376,0.0,0.0,0.0,0.0,5018.084318777491,0.5062820080146035,-65.31313448521539,-0.7003565430641174,False,-9.62221169831086,-1837.6764580389288,4850.208567291686,-74.53115154912517,-9.348049103611034,280.9184148863246,152.37214008218882,-2745.82490565977,5018.084318776498,705,3.373698869178755,106.78389553229852,False,0.7224137783050537,-1.0,-0.3999999761581421,0.0
70.6999999999357,0.001185318018396635,-0.024647990176121227,5013.590328151203,-8.106982683014598,-1.4056660126060412,-2.81840624446682,-0.034676372441846084,-15.327560160859793,163.897907137293,-916.1020928627071,-202.789799424469,22.731668958229143,44.96377538403573,165.67807643015414,100.0,100.0,14880.76578339193,0.6519865402443416,10.097506997563643,4.984325713235661,-44.96377538403573,0.0,0.0,0.0,0.0,5013.5903281513165,0.49259417512839265,-65.26168047056662,-0.6989153027534485,False,-2.6717705655891395,-1857.462630617861,4844.70956302152,-74.88447940049505,-9.1798089990781,279.3540927313106,131.9496018079134,-2743.814266405815,5013.590328151203,706,3.507176236147178,110.29107176844569,False,0.7224137783050537,-1.0,0.10000002384185791,0.0
70.79999999993561,0.0010023068175361147,-0.02462524674675206,5009.095344894818,-8.09794798356071,-1.4030294582505793,-2.7787943664964185,-0.05131912767274391,-15.431941351540004,162.35226639416015,-917.6477336058398,-202.1516210016795,28.185064684383764,44.89376416121588,165.74079565267286,100.0,100.0,14886.51591190093,0.6520460354862047,10.107378931634363,6.271083619286488,-44.89376416121588,0.0,0.0,0.0,0.0,5009.095344896629,0.4789135880031963,-65.2379507113852,-0.6973221898078918,True,3.7611544372390444,-1877.4465552700335,4839.2719177979,-74.85459253498894,-9.013309146928922,277.7714822567747,111.57679492812028,-2741.2824678484394,5009.095344894818,707,1.9470926226746543,112.23816439112035,False,0.7224137783050537,-1.0,-0.3999999761581421,0.0
70.89999999993552,0.0008200223226265187,-0.024597397345474212,5004.607446059069,-8.092963093815168,-1.4065076707846453,-2.8211727936586506,-0.034682665044099864,-15.341362040672719,160.82174180549694,-919.1782581945031,-201.35010013730786,33.62248857934407,44.90409434424804,165.8047191528748,100.0,100.0,14892.271182603916,0.6521102964571878,10.086931592560088,4.989221816089646,-44.90409434424804,0.0,0.0,0.0,0.0,5004.60744605929,0.46522629883840605,-65.2724259446136,-0.6950982809066772,True,9.617672040498416,-1897.6198880099898,4833.907819145671,-75.21586199759075,-8.853969559838571,276.2048374497646,91.28488495478406,-2738.1822724981894,5004.607446059069,708,0.4541286988315837,112.69229308995193,False,0.7224137783050537,-1.0,0.10000002384185791,0.0
70.99999999993543,0.0006384390171548436,-0.02456489184376181,5000.118307072592,-8.085176660456478,-1.4039093541066443,-2.7815111720532606,-0.05136478510632722,-15.44522484822745,159.27472818858138,-920.7252718114187,-200.41740378344852,39.039726170184124,44.83677567598041,165.86722534198296,100.0,100.0,14898.013293530734,0.6521691068797534,10.096782181380766,6.27779575503981,-44.83677567598041,0.0,0.0,0.0,0.0,5000.118307073123,0.45156901081690026,-65.34290564942023,-0.6926700472831726,True,14.944981887752244,-1917.961213275789,4828.602850851533,-75.19313357527855,-8.696713982016783,274.61990480600434,71.07103138967719,-2734.5637600475648,5000.118307072592,709,0.46398675567198944,113.15627984562393,False,0.7224137783050537,-1.0,-0.3999999761581421,0.0
71.09999999993533,0.000457860101385685,-0.024527320898029246,4995.635943515119,-8.081453782531012,-1.407434987487926,-2.8239521301994235,-0.03468895956084877,-15.355718444459475,157.7428411832582,-922.2571588167417,-199.32215050505314,44.432067016660724,44.85022447099621,165.93094844418374,100.0,100.0,14903.761042274371,0.6522327165794654,10.076270114468098,4.994071007893263,-44.85022447099621,0.0,0.0,0.0,0.0,4995.635943516113,0.4379289398502561,-65.47885229783421,-0.6906810402870178,True,19.660664371649887,-1938.4600648225667,4823.376079588706,-77.18974486890532,-8.635998472882202,273.0361506310761,50.96898648625445,-2730.3813623686156,4995.635943515119,710,0.43006472347269803,113.58634456909662,False,0.7224137783050537,-1.0,0.10000002384185791,0.0
71.19999999993524,0.00027823561455705357,-0.024485133049212484,4991.152042936412,-8.07504373975919,-1.4048731529667846,-2.784236385568665,-0.051410627843289015,-15.458767050945696,156.19441461545517,-923.8055853845449,-198.0966838285506,49.79721584149018,44.78611416810069,165.9932798028911,100.0,100.0,14909.496217422651,0.652290963665894,10.086116953490047,6.2844652772176595,-44.78611416810069,0.0,0.0,0.0,0.0,4991.152042937439,0.424347267914916,-65.65551357256678,-0.6863463521003723,True,23.76272553899636,-1959.0935833525955,4818.205587546453,-78.91260469981438,-8.550789076596478,271.43815896306046,30.973188612491203,-2725.685011038334,4991.152042936412,711,0.5910994022837702,114.1774439713804,False,0.7224137783050537,-1.0,-0.3999999761581421,0.0
71.29999999993515,9.989123639359964e-05,-0.024437935213252857,4986.674556687292,-8.072693409355159,-1.408443153997011,-2.8267277475960477,-0.03469376944688863,-15.371720621903409,154.66107467095938,-925.3389253290405,-196.7098315534181,55.128579413660894,44.8031593192657,166.05675989904373,100.0,100.0,14915.236728973894,0.6523537369478813,10.065600806475164,4.99890304666368,-44.8031593192657,0.0,0.0,0.0,0.0,4986.674556687187,0.410819656119052,-65.91453999817185,-0.6815183162689209,True,27.324402386012675,-1979.8425300853507,4813.063853651861,-79.50912532836462,-8.495159241551317,269.78910183706535,11.119892435335512,-2720.430947939308,4986.674556687292,712,0.6184543329974503,114.79589830437784,False,0.7224137783050537,-1.0,0.10000002384185791,0.0
71.39999999993506,-7.724738219796792e-05,-0.02438617327124743,4982.195190760937,-8.067763460556327,-1.4059132877038545,-2.7869330673114945,-0.05145622748368301,-15.47282853776045,153.11113054564467,-926.8888694543552,-195.19419620422505,60.425808745011885,44.74274058049696,166.11895469340777,100.0,100.0,14920.966163082725,0.6524115383414473,10.075523598570125,6.291136325490615,-44.74274058049696,0.0,0.0,0.0,0.0,4982.195190760559,0.3973875883118863,-66.22849092001738,-0.6757360696792603,True,30.28557048533432,-2000.6887439532366,4807.953305298096,-80.1546709853098,-8.477455273610854,268.1454472882568,-8.59917858627779,-2714.668808555264,4982.195190760937,713,0.674151128290718,115.47004943266856,False,0.7224137783050537,-1.0,-0.3999999761581421,0.0
71.49999999993497,-0.0002528329625678158,-0.02432947162303726,4977.72182934748,-8.066889698570977,-1.4095234009916993,-2.8294515066315924,-0.03469778257215496,-15.388641655388373,151.57627180156678,-928.4237281984333,-193.5187759622934,65.680407734951,44.76383203361677,166.18218540745798,100.0,100.0,14926.700212199548,0.6524734230277162,10.055037265510446,5.003751657684345,-44.76383203361677,0.0,0.0,0.0,0.0,4977.721829347097,0.38404859388769164,-66.63907964404221,-0.6694785356521606,True,32.69511608565612,-2021.618197096236,4802.860484878635,-80.16648391450275,-8.47913443401062,266.48591205910685,-28.145365393049254,-2708.3567810765076,4977.72182934748,714,0.6953099900068939,116.16535942267545,False,0.7224137783050537,-1.0,0.10000002384185791,0.0
71.59999999993488,-0.0004269641170151098,-0.024268272173927876,4973.246202837906,-8.0635401050564,-1.4070214354865576,-2.789557915451351,-0.05150124878278547,-15.48709118704021,150.02475671868987,-929.9752432813101,-191.71642227771483,70.89401054384722,44.70754936376087,166.24427878604058,100.0,100.0,14932.425172132138,0.6525308807778126,10.06505895701048,6.29782628989513,-44.70754936376087,0.0,0.0,0.0,0.0,4973.246202839534,0.37084718473434075,-67.12042125873386,-0.6622481346130371,True,34.49431803246433,-2042.609829455593,4797.791551275587,-80.46657079413454,-8.492941734313801,264.8498841499037,-47.52964550612202,-2701.544058401651,4973.246202837906,715,0.7458332982047892,116.91119272088024,False,0.7224137783050537,-1.0,-0.3999999761581421,0.0
71.69999999993479,-0.0005992729045734901,-0.02420221799648876,4968.776126096321,-8.06423910960944,-1.410668052505723,-2.8320895259150762,-0.03470072693569321,-15.406067964650166,148.4883484619067,-931.5116515380932,-189.75633800238904,76.05619150377481,44.733105837221224,166.30726931052968,100.0,100.0,14938.153798284264,0.6525918798419128,10.044600125478006,5.00862531392233,-44.733105837221224,0.0,0.0,0.0,0.0,4968.776126096369,0.3577853345335234,-67.71667688761329,-0.6544445753097534,True,35.73378170325725,-2063.652828612304,4792.736408590159,-80.3293696078186,-8.508876755570846,263.2039383231729,-66.71105973712092,-2694.190907369129,4968.776126096321,716,0.7674606176108116,117.67865333849105,False,0.7224137783050537,-1.0,0.10000002384185791,0.0
71.7999999999347,-0.000769882011857745,-0.024131745716088063,4964.3033589757115,-8.062561559954661,-1.4081907615191158,-2.7920882696499434,-0.051545240908328835,-15.501415907435918,146.93523583866835,-933.0647641613317,-187.67157084628326,81.17061314526153,44.68137159184202,166.36929878089958,100.0,100.0,14943.875673614557,0.6526491012888318,10.054715974344795,6.304535329461257,-44.68137159184202,0.0,0.0,0.0,0.0,4964.303358976245,0.3449181130875263,-68.40393036878402,-0.6454257369041443,True,36.35839606862391,-2084.711279637323,4787.704251495266,-80.56184236418899,-8.525040038108271,261.5773094274556,-85.70326556000417,-2686.3459331149234,4964.3033589757115,717,0.8257888281707706,118.50444216666182,False,0.7224137783050537,-1.0,-0.3999999761581421,0.0
71.89999999993461,-0.0009384038306520967,-0.024056518222821986,4959.835645276889,-8.064917577466922,-1.4118707412533853,-2.834627491680673,-0.03470181345361169,-15.424153964126134,145.39725233335682,-934.6027476666432,-185.43155714196683,86.22489239682814,44.71177548336102,166.4320410302216,100.0,100.0,14949.599825331079,0.6527091494058015,10.034276028172483,5.013661560294738,-44.71177548336102,0.0,0.0,0.0,0.0,4959.835645276994,0.3322578126097262,-69.22922044259198,-0.6357386112213135,True,36.42170022039932,-2105.7697864609777,4782.686930361173,-80.405587898217,-8.53836916355399,259.93656188673725,-104.4631144281914,-2677.971608564543,4959.835645276889,718,0.8454506295750465,119.34989279623686,False,0.7224137783050537,-1.0,0.10000002384185791,0.0
71.99999999993452,-0.0011049848498427095,-0.02397696556567004,4955.364779245046,-8.064988878793285,-1.4094148404707092,-2.794513351184846,-0.05158783773721354,-15.515875244722714,143.84250309565653,-936.1574969043434,-183.0695440552157,91.22478146995384,44.66497471265244,166.49405844342397,100.0,100.0,14955.320248580876,0.6527662925060679,10.044495891650866,6.311267273355652,-44.66497471265244,0.0,0.0,0.0,0.0,4955.364779244925,0.31985937733369996,-70.17103068764645,-0.624630868434906,True,35.86983860489074,-2126.8021813608157,4777.6918760524395,-80.6362152332974,-8.551354581940062,258.31882576308067,-123.00691348449043,-2669.115806770389,4955.364779245046,719,0.9066256275361231,120.25651842377299,False,0.7224137783050537,-1.0,-0.3999999761581421,0.0
72.09999999993443,-0.001269218877942884,-0.02389277154117437,4950.898431562498,-8.069077336025583,-1.4131253073015866,-2.837058367729553,-0.03470173116718139,-15.442333276758289,142.30292555665582,-937.697074443344,-180.5552326819302,96.15590308015268,44.700590986810404,166.55658758050495,100.0,100.0,14961.041420479713,0.6528254839931513,10.024063386148544,5.018717603586563,-44.700590986810404,0.0,0.0,0.0,0.0,4950.898431563124,0.3077534472161476,-71.28496184338898,-0.6100658178329468,True,34.80837376532056,-2147.7967638720966,4772.701985874805,-78.39621610864106,-8.44512389845555,256.6866198703361,-141.28944549260186,-2659.7433279635306,4950.898431562498,720,1.0851641810893733,121.34168260486236,False,0.7224137783050537,-1.0,0.10000002384185791,0.0
72.19999999993433,-0.0014312758740110388,-0.02380435833959719,4946.428434944111,-8.070971900155667,-1.4106884400041273,-2.7968341487880153,-0.051629056627735176,-15.530342648398037,140.74652961573935,-939.2534703842605,-177.92196569723177,101.02614789773486,44.65907901854192,166.6186322174418,100.0,100.0,14966.761975777377,0.6528826561861273,10.034366552733344,6.318016245209647,-44.65907901854192,0.0,0.0,0.0,0.0,4946.428434944522,0.29602038585090684,-72.57409104874787,-0.5919570326805115,True,33.374078867229514,-2168.7788604675216,4767.703878099427,-73.25076650683235,-8.193052735997222,255.06427070239315,-159.32963029490884,-2649.901170363959,4946.428434944111,721,1.24623769930766,122.58792030417001,False,0.7224137783050537,-1.0,-0.3999999761581421,0.0
72.29999999993424,-0.0015907321868809516,-0.023711431701878425,4941.962385504851,-8.076860672685783,-1.414427063652822,-2.8393892791743114,-0.034700307152384216,-15.460627162323831,139.20534203927116,-940.7946579607285,-175.13982844797465,105.81912277447678,44.70024910083709,166.68098543438256,100.0,100.0,14972.481766038145,0.6529410899287847,10.013928399097422,5.0237877028536895,-44.70024910083709,0.0,0.0,0.0,0.0,4941.962385503928,0.284706393593534,-74.10132886261708,-0.571262776851654,True,31.6653223575813,-2189.7701227306616,4762.69263912043,-65.98864130701519,-7.7550110513778705,253.532965663013,-177.08030704358754,-2639.556577053106,4941.962385504851,722,1.3342095085842798,123.92212981275429,False,0.7224137783050537,-1.0,0.10000002384185791,0.0
72.39999999993415,-0.0017477808371722894,-0.023614404691640212,4937.492158306879,-8.080641560005157,-1.4120067874443556,-2.7990588805382752,-0.051668818269051085,-15.544939803042995,137.64727208900212,-942.3527279109976,-172.24212276596523,110.54490066921653,44.66435542385224,166.74309215249664,100.0,100.0,14978.204069635533,0.652998379052223,10.024312340502803,6.3247827873291,-44.66435542385224,0.0,0.0,0.0,0.0,4937.492158307851,0.27390531218114245,-75.86024994338906,-0.549344003200531,True,29.681297638802587,-2210.7691157122194,4757.6939427136485,-57.48861018571564,-7.1076301911650335,252.20846294471482,-194.56296279401926,-2628.7555302733886,4937.492158306879,723,1.3311700115235319,125.25329982427782,False,0.7224137783050537,-1.0,-0.3999999761581421,0.0
72.49999999993406,-0.0019019819117314229,-0.023513005966926227,4933.025273263872,-8.088392430604392,-1.4157714907374979,-2.8416303493386863,-0.034697615940490964,-15.479027018411237,136.10445829964561,-943.895541700354,-169.19946656933914,115.18506115098718,44.71140033089845,166.80531632793938,100.0,100.0,14983.92425655915,0.6530561874367978,10.003856387451522,5.02887193761715,-44.71140033089845,0.0,0.0,0.0,0.0,4933.025273263847,0.2636601003161641,-77.90150617560055,-0.5280129909515381,True,27.388196826767246,-2231.767496609053,4752.764814864349,-50.543554499515466,-6.345678612753856,251.08944256195468,-211.72862641394198,-2617.4678242382274,4933.025273263872,724,1.2309423988649906,126.48424222314281,False,0.7224137783050537,-1.0,0.10000002384185791,0.0
72.59999999993397,-0.0020535510220022787,-0.023407638215218404,4928.553651022509,-8.094121465475654,-1.4133660702413557,-2.8012023104587436,-0.05170736009067209,-15.559587030572585,134.54470429979858,-945.4552957002011,-166.04497214217136,119.75188808467162,44.68143855661515,166.8675352166286,100.0,100.0,14989.650162292179,0.6531137357120883,10.01430233267639,6.331562898713941,-44.68143855661515,0.0,0.0,0.0,0.0,4928.553651023389,0.25404269770410487,-80.20572188892491,-0.5087087154388428,True,24.689867421934167,-2252.739763524542,4748.016351574562,-48.053446548839325,-5.557080493029949,250.13437943526404,-228.60129976929366,-2605.7382861181127,4928.553651022509,725,1.0608566479498254,127.54509887109263,False,0.7224137783050537,-1.0,-0.3999999761581421,0.0
72.69999999993388,-0.0022020332224732516,-0.02329805392878091,4924.0847343561445,-8.103788850312725,-1.4171551806073206,-2.8438004605254488,-0.03469362545742071,-15.497633397852683,133.00023596666483,-946.9997640333347,-162.74990556416995,124.22492859392055,44.73465788118237,166.92967087475986,100.0,100.0,14995.372529038581,0.6531710244668933,9.993827565877817,5.033970023664968,-44.73465788118237,0.0,0.0,0.0,0.0,4924.084734356903,0.2450668587630392,-82.81090698545512,-0.49116823077201843,True,21.481735633481094,-2273.6627727314935,4743.559561313045,-49.77597523596197,-4.78668558863429,249.2763102027464,-245.13033832572236,-2593.5393633518906,4924.0847343561445,726,0.9190087290988697,128.4641076001915,False,0.7224137783050537,-1.0,0.10000002384185791,0.0
72.79999999993379,-0.002347666170861837,-0.023184644189374742,4919.610492525405,-8.111517798874775,-1.41476294942934,-2.8032850771943436,-0.051744504369353496,-15.574636530977255,131.43876042629373,-948.5612395737057,-159.34704384461568,128.61869989747103,44.71091582287931,166.99203094222395,100.0,100.0,15001.103735749268,0.6532288922682319,10.004340866057339,6.338414178490993,-44.71091582287931,0.0,0.0,0.0,0.0,4919.610492526254,0.23680391856544247,-85.69024025140966,-0.472075879573822,False,17.676401871599822,-2294.5087864114157,4739.455111517036,-54.494565060129126,-4.082596752074502,248.41448003372494,-261.3421981403397,-2580.9145911611963,4919.610492525405,727,-7.818762934658366,120.64534466553314,False,0.7224137783050537,-1.0,-0.3999999761581421,0.0
72.8999999999337,-0.0024899811887385145,-0.02306718616686125,4915.138289815522,-8.123152591662375,-1.418574803018642,-2.845919048382771,-0.034688577300868266,-15.516425574827434,129.89260891049622,-950.1073910895034,-155.80848644070144,132.9107381349811,44.7705975079374,167.05413938776067,100.0,100.0,15006.830356003895,0.6532858424977923,9.9838470079559,5.0390881192832895,-44.7705975079374,0.0,0.0,0.0,0.0,4915.138289814759,0.2293286985163783,-88.88307752221861,-0.44816574454307556,False,13.281207317414294,-2315.256151839598,4735.65098498211,-60.73125941679587,-3.4597595338505363,247.43318818286002,-277.1847059303714,-2567.8391640949944,4915.138289815522,728,-8.693038206404392,111.95230645912875,False,0.7224137783050537,-1.0,0.10000002384185791,0.0
72.9999999999336,-0.0026292373687343937,-0.02294605813532638,4910.660146882967,-8.13293243764251,-1.4161940521822105,-2.8053235556152005,-0.05178041232886836,-15.590152296389084,128.3293866403418,-951.6706133596578,-152.16645916626936,137.11777575171783,44.75334496706215,167.11667032209203,100.0,100.0,15012.56863600584,0.6533440902647235,9.994420264516041,6.345378336533363,-44.75334496706215,0.0,0.0,0.0,0.0,4910.660146882665,0.22278331341264979,-92.36006217259686,-0.41839125752449036,False,8.333316818776268,-2335.8974839568,4732.06126495716,-65.51238058350344,-2.877948366545665,246.32198682851853,-292.6867038875127,-2554.355191624533,4910.660146882967,729,-6.645829575627465,105.30647688350129,False,0.7224137783050537,-1.0,-0.3999999761581421,0.0
73.09999999993352,-0.002764953634587605,-0.02282106272372475,4906.183348801554,-8.146580732766424,-1.4200268666188607,-2.848000334491313,-0.03468264079705777,-15.53543639982942,126.78151817276307,-953.2184818272365,-148.39410338702928,141.215391079306,44.81975980059291,167.17881800982485,100.0,100.0,15018.30170371692,0.6534008997929628,9.973912128649452,5.0442308040910016,-44.81975980059291,0.0,0.0,0.0,0.0,4906.183348800437,0.2172710145599936,-96.14689717241339,-0.38574451208114624,False,2.897399432582567,-2356.4444559259805,4728.615709394065,-68.20973266632956,-2.4117318757694144,245.05370353208306,-307.79463860229214,-2540.4407024050392,4906.183348801554,730,-4.943815068244906,100.36266181525639,False,0.7224137783050537,-1.0,0.10000002384185791,0.0
73.19999999993342,-0.0028974098354360464,-0.022692564226192466,4901.699970284003,-8.158456297385348,-1.417655734521862,-2.807330037948499,-0.05181513271599179,-15.606266490165408,125.21651415748461,-954.783485842515,-144.52287102653662,145.22248973067872,44.80924768770522,167.24155109465553,100.0,100.0,15024.04890816794,0.6534595916103518,9.984547047653422,6.3523806082659355,-44.80924768770522,0.0,0.0,0.0,0.0,4901.699970285583,0.2128770667355887,-100.16605655037532,-0.35363733768463135,False,-3.10962147517216,-2376.840959733434,4725.327895214376,-72.0753879838881,-2.1595626572582547,243.6914543280471,-322.5396628807407,-2526.1362496597453,4901.699970284003,731,-3.535516734696876,96.82714508055952,False,0.7224137783050537,-1.0,-0.3999999761581421,0.0
73.29999999993333,-0.0030261138847593756,-0.022560391437023233,4897.217216510297,-8.174158426105523,-1.4215075713791512,-2.850054490177774,-0.03467594104666507,-15.554690937295188,123.66688847918377,-956.3331115208158,-140.52714657999218,149.11276349860918,44.88264435977777,167.3038000475586,100.0,100.0,15029.790630627253,0.6535164391765207,9.964034230400962,5.0494065690398005,-44.88264435977777,0.0,0.0,0.0,0.0,4897.217216510476,0.20965823488926522,-104.39820653651253,-0.3164794445037842,False,-9.69374977476624,-2397.0490599508544,4722.1653578560445,-74.79209720981706,-1.9845567823939854,242.37873524782043,-336.86699765141367,-2511.4227747694263,4897.217216510297,732,-2.04729461826128,94.77985046229824,False,0.7224137783050537,-1.0,0.10000002384185791,0.0
73.39999999993324,-0.003151365635531862,-0.022424893536111955,4892.727219064227,-8.188167469270963,-1.4191440227191299,-2.8093129490263773,-0.0518487456503702,-15.623036196981719,122.1000577744623,-957.8999422255372,-136.4373965940138,152.90723065493762,44.879100677280576,167.36676192009807,100.0,100.0,15035.548617944769,0.6535756195385788,9.97474048798385,6.359429013050644,-44.879100677280576,0.0,0.0,0.0,0.0,4892.727219065796,0.2077624785408243,-108.75699205367732,-0.27369487285614014,False,-16.721069652546817,-2417.098672900548,4719.066130691287,-73.7189447504297,-1.782576240464011,241.04457399039106,-350.8100225474069,-2496.3391484399826,4892.727219064227,733,-0.5419817951812321,94.23786866711701,False,0.7224137783050537,-1.0,-0.3999999761581421,0.0
73.49999999993315,-0.003272663421343311,-0.02228592611399654,4888.237102792516,-8.205958000106426,-1.4230127883455517,-2.8520880767404857,-0.034668571615976765,-15.574184075841087,120.54863221586416,-959.4513677841354,-132.22944905207646,156.57779088111238,44.95970586503264,167.42917501296472,100.0,100.0,15041.301267166493,0.6536326848114009,9.954233151571504,5.054626083068242,-44.95970586503264,0.0,0.0,0.0,0.0,4888.237102792098,0.20727231181076347,-113.2095659457911,-0.22639523446559906,False,-24.067222134965174,-2437.047000334115,4715.9948930562705,-69.23922247744692,-1.4638368548556095,239.546905748111,-364.31289206393734,-2480.869295010095,4888.237102792516,734,0.9272205494899851,95.165089216607,False,0.7224137783050537,-1.0,0.10000002384185791,0.0
73.59999999993306,-0.003390326277588995,-0.022143822145102323,4883.739059014822,-8.222128682308448,-1.420654584933347,-2.8112778420595683,-0.051880861953941655,-15.64084198635047,118.97991254567118,-961.0200874543285,-127.93254994422841,160.14747481718564,44.96332763646057,167.49236901366257,100.0,100.0,15047.071696911014,0.6536923090042781,9.965033382340168,6.36653922980579,-44.96332763646057,0.0,0.0,0.0,0.0,4883.739059014627,0.20827397058148153,-117.63499558175003,-0.17835493385791779,False,-31.659453661345996,-2456.932882128525,4712.939678107855,-62.28432400555343,-0.9845151102630956,238.09160065859228,-377.41112122120694,-2465.0502811927904,4883.739059014822,735,2.3581422046101626,97.52323142121716,False,0.7224137783050537,-1.0,-0.3999999761581421,0.0
73.69999999993297,-0.003503844418186211,-0.02199846457104327,4879.240132405838,-8.242031369089593,-1.4245379012261579,-2.8541055366576726,-0.03466050644615593,-15.59398339237653,117.42662317357033,-962.5733768264294,-123.52420686343164,163.58653972996893,45.0513423216955,167.55500979432136,100.0,100.0,15052.837601454805,0.653749772142402,9.944559440028277,5.059908472546066,-45.0513423216955,0.0,0.0,0.0,0.0,4879.240132406169,0.21073772008592004,-121.9736773636499,-0.1316467821598053,False,-39.505691178287506,-2476.747035922307,4709.928881893936,-53.83961611647715,-0.31882459119478324,236.83991724411675,-390.047960632489,-2448.869076048537,4879.240132405838,736,3.7890890909412196,101.31232051215838,False,0.7224137783050537,-1.0,0.10000002384185791,0.0
73.79999999993288,-0.003613555197622559,-0.021850169098743048,4874.732576071742,-8.260388044550583,-1.422182613415336,-2.8132259663462253,-0.05191190974011632,-15.65933562178335,115.85596573773914,-964.1440342622604,-119.03222149048106,166.91989459530208,45.062306377587646,167.61845737605788,100.0,100.0,15058.622372643109,0.6538098616530346,9.955461621455154,6.373725506970625,-45.062306377587646,0.0,0.0,0.0,0.0,4874.732576071495,0.2146266505549681,-126.10272710328275,-0.08885594457387924,False,-47.63252163379031,-2496.467392443302,4707.023995073211,-46.8458200179783,0.44908409720727777,235.7980336679498,-402.26096459934325,-2432.360824072076,4874.732576071742,737,5.2745170835071695,106.58683759566554,False,0.7224137783050537,-1.0,-0.3999999761581421,0.0
73.89999999993279,-0.0037189422084863695,-0.021698846502550127,4870.223354846764,-8.282424642075231,-1.4260780355658063,-2.8561057372145995,-0.03465187376436457,-15.613945887841286,114.30077265881202,-965.6992273411876,-114.43596837721928,170.11630171584878,45.15790595386604,167.68138868146207,100.0,100.0,15064.403897684322,0.6538678982829366,9.935023695192964,5.065260704796241,-45.15790595386604,0.0,0.0,0.0,0.0,4870.223354845412,0.21979394410721548,-129.99194992421653,-0.05190153419971466,False,-56.11950761580422,-2516.0497364900757,4704.343185252312,-44.265597325944725,1.2378022744682753,234.92658300067743,-413.99264664870265,-2415.5155926638804,4870.223354846764,738,6.793092039292583,113.37992963495813,False,0.7224137783050537,-1.0,0.10000002384185791,0.0
73.9999999999327,-0.003820360213433747,-0.02154479419927251,4865.70478509289,-8.302993469512359,-1.4237233370266165,-2.815153777416872,-0.05194271443476122,-15.677816388563016,112.7281710856461,-967.2718289143535,-109.76165483223916,173.20243731127593,45.17637743676867,167.74515219878444,100.0,100.0,15070.205390585157,0.653928626062466,9.945998085381893,6.380983170428504,-45.17637743676867,0.0,0.0,0.0,0.0,4865.7047850922045,0.2261101157405088,-133.56099790885207,-0.020669642835855484,False,-65.04800884662069,-2535.442960716856,4702.004797507051,-45.853344326299336,2.0136624026527183,234.1512319518042,-425.2824989594447,-2398.3664902630157,4865.70478509289,739,8.477361948184386,121.85729158314251,False,0.7224137783050537,-1.0,-0.3999999761581421,0.0
74.0999999999326,-0.003917287723324998,-0.02138795120257807,4861.183752065045,-8.327187281359555,-1.4276287230152735,-2.8580847534700844,-0.034642756719806926,-15.633908758738961,111.17107567913288,-968.8289243208666,-104.99062229624177,176.14567084908734,45.27971558520918,167.80843785076556,100.0,100.0,15076.004952436291,0.6539874137247897,9.925561264847337,5.070669497642666,-45.27971558520918,0.0,0.0,0.0,0.0,4861.183752065571,0.23341740218181076,-136.82630609243725,0.007273167371749878,False,-74.4742762456123,-2554.5843298235186,4700.073101355395,-50.43369919900017,2.741668667958019,233.36107038057625,-436.0724693605388,-2380.906727870991,4861.183752065045,740,10.160940740745758,132.01823232388827,False,0.7224137783050537,-1.0,0.10000002384185791,0.0
74.19999999993252,-0.004010095927409099,-0.02122859567700296,4856.652637148953,-8.3499886311867,-1.42527257418705,-2.8170598392012662,-0.05197325651787959,-15.696326378090653,109.59652871840147,-970.4034712815981,-100.1473735295535,178.9743616865112,45.30583860284781,167.87258278728441,100.0,100.0,15081.825619295945,0.6540489627352085,9.936577245854773,6.388301110505758,-45.30583860284781,0.0,0.0,0.0,0.0,4856.652637149353,0.2416562351913784,-139.7488325298719,0.03510383889079094,False,-84.38460257368163,-2573.464266781597,4698.488654068467,-56.43294532241751,3.416931226791189,232.44498489758135,-446.4038786391809,-2363.1672707639696,4856.652637148953,741,11.782933224474634,143.80116554836292,False,0.7224137783050537,-1.0,-0.3999999761581421,0.0
74.29999999993242,-0.0040982598210756215,-0.02106669519634151,4852.118246442622,-8.37635513762462,-1.4291860604503484,-2.860044036516061,-0.03463299442644992,-15.653967727028922,108.03752501006825,-971.9624749899313,-95.21530596447766,181.65459560974904,45.417048644747034,167.93628992941643,100.0,100.0,15087.645705954346,0.6541086897724637,9.916117373232582,5.076126365465087,-45.417048644747034,0.0,0.0,0.0,0.0,4852.118246442875,0.25074410290554205,-142.37744562917547,0.06092797592282295,True,-94.75419614363463,-2592.087809567485,4697.167544581014,-62.4561267982249,3.9962358362513304,231.35760513670047,-456.2182832821382,-2345.144509256737,4852.118246442622,742,1.6457633511138248,145.44692889947675,False,0.7224137783050537,-1.0,0.10000002384185791,0.0
74.39999999993233,-0.004182165981182569,-0.020902507758992717,4847.573027836168,-8.40140149970326,-1.4268266268661696,-2.818948038191849,-0.052003504683815475,-15.714968973931317,106.46102123136023,-973.5389787686391,-90.21711049177165,184.2163236442372,45.450947206743294,168.000884613019,100.0,100.0,15093.488063521083,0.6541712520497945,9.927156952251206,6.39567579970467,-45.450947206743294,0.0,0.0,0.0,0.0,4847.5730278345645,0.26060436825818556,-144.69028987711548,0.08409009873867035,True,-105.59161955360152,-2610.4312099099934,4696.06129654829,-68.15925706060341,4.416105511308222,230.11066319855698,-465.5587170252436,-2326.867163731069,4847.573027836168,743,-0.44660150043222496,145.00032739904452,False,0.7224137783050537,-1.0,-0.3999999761581421,0.0
74.49999999993224,-0.0042612874724689,-0.020736029732854846,4843.0237088611275,-8.429948930845878,-1.4307465354262165,-2.8619892978931576,-0.03462249680837873,-15.674208270623364,104.90009368478391,-975.0999063152155,-85.13832388393101,186.6244619834529,45.57014283275302,168.06508261991158,100.0,100.0,15099.331218630967,0.654232113652257,9.906660861617253,5.081629912312122,-45.57014283275302,0.0,0.0,0.0,0.0,4843.023708862748,0.27114683806993195,-146.74843689357775,0.107259601354599,True,-116.89271378816899,-2628.4964492943964,4695.1127861814475,-71.77565097388775,4.705092495731423,228.85226374563908,-474.3665214352379,-2308.3348298614014,4843.0237088611275,744,-0.4570851998681556,144.54324219917638,False,0.7224137783050537,-1.0,0.10000002384185791,0.0
74.59999999993215,-0.004336025165227099,-0.02056749808922193,4838.462805193949,-8.45724621685423,-1.428382101528013,-2.8208251308983563,-0.052033492073251135,-15.733815902595133,103.32161373111647,-976.678386268883,-79.99972305819021,188.91045450284264,45.61192143437401,168.13019703201087,100.0,100.0,15105.197831035694,0.6542958859829344,9.917714773042308,6.403109532511053,-45.61192143437401,0.0,0.0,0.0,0.0,4838.462805194472,0.2823802254048544,-148.53527845435383,0.1329486072063446,True,-128.55833645472407,-2646.3529656678274,4694.248471155748,-71.17418161089856,4.93908888315021,227.6516371857973,-482.6863213930806,-2289.573887292185,4838.462805193949,745,-0.47022752698734116,144.07301467218903,False,0.7224137783050537,-1.0,-0.3999999761581421,0.0
74.69999999993206,-0.004405851792985964,-0.020396938137198402,4833.896966552514,-8.487976847595277,-1.4323068599227322,-2.8639279181138293,-0.03461124208650813,-15.69468336180454,101.75874054582631,-978.241259454173,-74.7890620717217,191.03816674929487,45.73919715585083,168.19495645684404,100.0,100.0,15111.06663826324,0.6543580803865905,9.897175739142545,5.087183127386182,-45.73919715585083,0.0,0.0,0.0,0.0,4833.8969665524855,0.2942902372248321,-150.1061690324676,0.15984012186527252,True,-140.46742569710548,-2664.0648495066753,4693.420198964328,-67.00488225241921,5.249483511001697,226.3329073882207,-490.4594215951975,-2270.5871534329262,4833.896966552514,746,-0.4824591109644601,143.59055556122456,False,0.7224137783050537,-1.0,0.10000002384185791,0.0
74.79999999993197,-0.004471181373887175,-0.02022456501703167,4829.318777479434,-8.517525456914164,-1.4299357713683638,-2.822698565321666,-0.05206328987286941,-15.75291119278313,100.17826018345264,-979.8217398165467,-69.5251073833045,193.04042986961366,45.78894112094196,168.26066137130144,100.0,100.0,15116.960103471745,0.6544232612244604,9.908239469281998,6.410607849408062,-45.78894112094196,0.0,0.0,0.0,0.0,4829.318777478032,0.30683472543888723,-151.44352479815097,0.1820223480463028,True,-152.6029970323932,-2681.655063638918,4692.635042670867,-61.81954531520804,5.662595026109862,224.918467167062,-497.7319105411203,-2251.3985776959657,4829.318777479434,747,-0.4954384482306564,143.0951171129939,False,0.7224137783050537,-1.0,-0.3999999761581421,0.0
74.89999999993188,-0.004531487920518788,-0.020050433038909472,4824.734810773686,-8.550436387974537,-1.4338638662569931,-2.865867292650225,-0.03459923946033474,-15.71542472268161,98.61341577002571,-981.3865842299737,-64.19790245725093,194.88018256299094,45.9243725176597,168.32605325939105,100.0,100.0,15122.85717488522,0.6544869872823625,9.887654080803173,5.092791307509309,-45.9243725176597,0.0,0.0,0.0,0.0,4824.734810774705,0.31985984967403386,-152.60736569611302,0.19765914976596832,True,-165.0597848205969,-2699.0344915950227,4691.9788078141455,-59.0053368537629,6.090737571505648,223.61196691201724,-504.44523531215145,-2232.0142058914025,4824.734810773686,748,-0.5027478101941512,142.59236930279974,False,0.7224137783050537,-1.0,0.10000002384185791,0.0
74.99999999993179,-0.004587197405634105,-0.01987473476856203,4820.13772075696,-8.582231758707458,-1.4314845021817444,-2.824575355514765,-0.052092979882921046,-15.772283008998796,97.03090775561128,-982.9690922443881,-58.8241126035043,196.59153139249474,45.98214818436204,168.39241969764953,100.0,100.0,15128.78011461534,0.654553774851196,9.898725526561906,6.4181779383019215,-45.98214818436204,0.0,0.0,0.0,0.0,4820.137720755265,0.3332441962275034,-153.5800848733523,0.2075415849685669,True,-177.9172820397576,-2716.0936406529227,4691.5441522990195,-59.26296985449767,6.519298790933533,222.42529118560552,-510.64681519518854,-2212.4554744363254,4820.13772075696,749,-0.5080116689670346,142.0843576338327,False,0.7224137783050537,-1.0,-0.3999999761581421,0.0
75.0999999999317,-0.004637786737826897,-0.01969755348939552,4815.534004388022,-8.617315279352331,-1.4354144603707182,-2.8678141363417153,-0.03458650350726281,-15.736452711433602,95.46406410755,-984.5359358924494,-53.39613653821009,198.13661672520436,46.12579205259564,168.45851514770618,100.0,100.0,15134.708081714816,0.6546192305354593,9.878091988121199,5.098460889245899,-46.12579205259564,0.0,0.0,0.0,0.0,4815.534004385182,0.3468695243284127,-154.41894685258129,0.21427187323570251,True,-191.2284682105814,-2732.7419617103246,4691.388170674888,-61.94401147308125,6.924561634087041,221.282712475434,-516.2784196548902,-2192.7316544395094,4815.534004388022,750,-0.5087026796008112,141.57565495423188,False,0.7224137783050537,-1.0,0.10000002384185791,0.0
75.1999999999316,-0.004683692607207475,-0.01951905851259926,4810.916386481855,-8.651348129659734,-1.4330252253721931,-2.8264617181586775,-0.05212263983445763,-15.791951370535031,93.87949916749827,-986.1205008325011,-47.9284537485716,199.55070279009482,46.19164690695386,168.52561401915514,100.0,100.0,15140.663133325967,0.6546878216277497,9.889170235601547,6.425827779439156,-46.19164690695386,0.0,0.0,0.0,0.0,4810.916386482424,0.3607073986101387,-155.10331479604068,0.22059358656406403,True,-204.98704440128918,-2748.961093663797,4691.486069877282,-66.28054617576103,7.280036833351163,220.07562370810862,-521.3886610343361,-2172.8615936225497,4810.916386481855,751,-0.5101760851280135,141.06547886910386,False,0.7224137783050537,-1.0,-0.3999999761581421,0.0
75.29999999993152,-0.004724396437555238,-0.019339361978702875,4806.291289386722,-8.688591872321023,-1.4369556107014123,-2.8697743511921905,-0.03457304261061542,-15.757782014277309,92.31062655685417,-987.6893734431451,-42.415877374957326,200.7952646218779,46.343541401156514,168.59248388058094,100.0,100.0,15146.62463959361,0.654755203040479,9.86848750598196,5.104198840677452,-46.343541401156514,0.0,0.0,0.0,0.0,4806.291289386619,0.37473187949722636,-155.68565847148443,0.22673295438289642,True,-219.16626368541787,-2764.7642844767997,4691.777268134389,-71.33789514476791,7.5516916236078835,218.7514111923938,-525.9198114286492,-2152.857775469204,4806.291289386722,752,-0.5099015856841221,140.55557728341972,False,0.7224137783050537,-1.0,0.10000002384185791,0.0
75.39999999993142,-0.004760344358672688,-0.019158609330434933,4801.651508976362,-8.72484831021369,-1.4345549368073327,-2.828363093303672,-0.05215233838498566,-15.811932293805228,90.72397387241851,-989.2760261275807,-36.870622697979776,201.90660080523736,46.417504234989075,168.6603857210692,100.0,100.0,15152.614449072586,0.6548257921835683,9.879572217633836,6.433565704188033,-46.417504234989075,0.0,0.0,0.0,0.0,4801.6515089750355,0.3889352608666982,-156.14152473273765,0.23207467794418335,True,-233.75085616238283,-2780.1531413649723,4692.206344970226,-76.54146422541471,7.690424979731394,217.31113221211763,-529.9215340074436,-2132.7363906640167,4801.651508976362,753,-0.5108863044405981,140.04469097897913,False,0.7224137783050537,-1.0,-0.3999999761581421,0.0
75.49999999993133,-0.0047910239263116465,-0.0189769413607829,4797.003394366998,-8.764235332508225,-1.4384843542247243,-2.8717531370157645,-0.03455885598567537,-15.779424597753549,89.15304118838546,-990.8469588116137,-31.289969442181633,202.84565823636692,46.577669057973644,168.72810036169102,100.0,100.0,15158.612143268845,0.6548952928330147,9.85883958275834,5.110012349026897,-46.577669057973644,0.0,0.0,0.0,0.0,4797.003394367367,0.4032811782546262,-156.51995583479362,0.2365420162677765,True,-248.73271784652187,-2795.119190141092,4692.723308885667,-81.67789685721202,7.6636897189511695,215.77176320326038,-533.3367834770124,-2112.5131122823527,4797.003394366998,754,-0.509707548512091,139.53498343046704,False,0.7224137783050537,-1.0,0.10000002384185791,0.0
75.59999999993124,-0.004816889395544911,-0.018794479098605547,4792.339812870366,-8.802696932117156,-1.4360707067246519,-2.830284302521798,-0.05218213508943581,-15.8322398792729,87.56426862781863,-992.4357313721806,-25.683796886956504,203.64964130985976,46.65975018922172,168.79687512304127,100.0,100.0,15164.639358798453,0.6549680716459833,9.869930694449446,6.441400166311794,-46.65975018922172,0.0,0.0,0.0,0.0,4792.3398128708695,0.41777432728937713,-156.79412308609153,0.2425323873758316,True,-264.0985821390105,-2809.681862027757,4693.276830714548,-84.88615749394259,7.536116601731995,214.25915750765566,-536.2161275120594,-2092.2014132567697,4792.339812870366,755,-0.510094726967252,139.02488870349978,False,0.7224137783050537,-1.0,-0.3999999761581421,0.0
75.69999999993115,-0.00483743606375615,-0.018611391695973888,4787.6670419012635,-8.844205792321999,-1.439997808680713,-2.873755165857762,-0.034543934614530765,-15.801391180676998,85.99124353630289,-994.0087564636964,-20.051896187294545,204.27910984587746,46.82818685306809,168.86550423434977,100.0,100.0,15170.675888734993,0.6550398818614911,9.849147558200906,5.115908657871559,-46.82818685306809,0.0,0.0,0.0,0.0,4787.6670418996555,0.43242407967653146,-157.00898995584777,0.2476072460412979,True,-279.80113968734264,-2823.9026420897876,4693.833203393671,-86.0456675496803,7.296211837761221,212.74961899675037,-538.5033826173346,-2071.820123595813,4787.6670419012635,756,-0.5098249296168194,138.51506377388296,False,0.7224137783050537,-1.0,0.10000002384185791,0.0
75.79999999993106,-0.004853124963847531,-0.018427775293167994,4782.978020428572,-8.884849679690815,-1.4375696927456145,-2.83222972239141,-0.052212082208744605,-15.852887328472198,84.40031776211032,-995.5996822378888,-14.401745721533468,204.77204059682262,46.918378420478696,168.93522110130428,100.0,100.0,15176.743154598003,0.6551150385142374,9.86024513081675,6.449339619691053,-46.918378420478696,0.0,0.0,0.0,0.0,4782.97802042759,0.44719018248520315,-157.13539171421692,0.25185662508010864,True,-295.8597025011872,-2837.7215265594737,4694.38152438857,-86.81964444423537,6.991618807101633,211.2212213719869,-540.2498709755072,-2051.379945635461,4782.978020428572,757,-0.5095637174697181,138.00550005641324,False,0.7224137783050537,-1.0,-0.3999999761581421,0.0
75.89999999993097,-0.004863460732571441,-0.01824382701934555,4778.278955820037,-8.928454531345634,-1.4414931856680064,-2.8757847420504348,-0.03452826339349511,-15.82369194748241,82.82516677822544,-997.1748332217737,-8.73568533481612,205.08875088825417,47.095070581494035,169.004833524438,100.0,100.0,15182.821161176778,0.6551893449382356,9.839410913587038,5.121894979022487,-47.095070581494035,0.0,0.0,0.0,0.0,4778.278955818907,0.46207058461531864,-157.21653014345594,0.25525304675102234,True,-312.2420406507344,-2851.1786187019675,4694.911157953316,-86.76494374655367,6.666883608624666,209.71987123558077,-541.4004487498528,-2030.9028237935465,4778.278955820037,758,-0.5082751763352373,137.497224880078,False,0.7224137783050537,-1.0,0.10000002384185791,0.0
75.99999999993088,-0.004868909804037729,-0.01805961772418163,4773.562858756185,-8.971253494028474,-1.4390491524995912,-2.8342034271208667,-0.05224222678367065,-15.873887420855006,81.23205329470689,-998.7679467052923,-3.0587348004982013,205.26785181316924,47.193346912087485,169.07556074786956,100.0,100.0,15188.931111915115,0.6552670636695157,9.850515060979612,6.457392449108835,-47.193346912087485,0.0,0.0,0.0,0.0,4773.562858757257,0.4770027370741008,-157.22164790447715,0.2544440031051636,True,-328.9736870195983,-2864.1661860880495,4695.422313037956,-88.37755550889263,6.2772480731740865,208.1182408748711,-542.00703938548,-2010.3966450558992,4773.562858756185,759,-0.5062143285942515,136.99101055148375,False,0.7224137783050537,-1.0,-0.3999999761581421,0.0
76.09999999993079,-0.0048689877353556696,-0.017875372043629188,4768.835868346077,-9.016924206029328,-1.442967802534743,-2.87784592401328,-0.03451182326814336,-15.846336878916633,79.65474181458357,-1000.3452581854156,2.6241879235002727,205.26956593454497,47.37826077484659,169.14622431265045,100.0,100.0,15195.053223381896,0.6553440487966432,9.829629151083468,5.127978441573006,-47.37826077484659,0.0,0.0,0.0,0.0,4768.835868345969,0.4919326790350371,-157.19375103821915,0.25310128927230835,False,-346.0630073435115,-2876.628617675361,4695.898282085583,-91.40131205356782,5.8328554813310145,206.48827117972527,-542.0157146997931,-1989.886415896801,4768.835868346077,760,-2.0612926296027227,134.92971792188104,False,0.7224137783050537,-1.0,0.10000002384185791,0.0
76.1999999999307,-0.0048641649599808975,-0.01769113520918554,4764.091066858122,-9.061846828096622,-1.440506454684615,-2.8362092910393195,-0.05227261236570947,-15.895252720851923,78.05940498840619,-1001.940595011593,8.31057188578403,205.13299645932034,47.48457881755924,169.21802905361506,100.0,100.0,15201.208478150265,0.6554245094708451,9.840740005453606,6.465566927415212,-47.48457881755924,0.0,0.0,0.0,0.0,4764.091066856969,0.5068763448338994,-157.1002569180604,0.2536807358264923,False,-363.482681258713,-2888.5866792335796,4696.307368319768,-93.59734554338293,5.388709110832907,204.81568980510042,-541.4788433450735,-1969.3771714865343,4764.091066858122,761,-4.318688734569218,130.61102918731183,False,0.7224137783050537,-1.0,-0.3999999761581421,0.0
76.2999999999306,-0.0048539695147830865,-0.017507158805588695,4759.334527046872,-9.10954912890199,-1.4444190925467688,-2.8799426077041463,-0.034494592939566235,-15.869335890769596,76.47989730352985,-1003.5201026964693,13.99289966145448,204.81842168633352,47.67766360063614,169.28981042725454,100.0,100.0,15207.377304565882,0.6555043512201862,9.81980173626962,5.134166059491546,-47.67766360063614,0.0,0.0,0.0,0.0,4759.334527046158,0.5218505580967182,-156.98136250867563,0.25357815623283386,False,-381.1911297860979,-2900.105719656658,4696.635804701794,-94.31922298147289,4.897541076240315,203.10784244913788,-540.3438863856531,-1948.8969182381336,4759.334527046872,762,-4.206775613945141,126.40425357336669,False,0.7224137783050537,-1.0,0.10000002384185791,0.0
76.39999999993051,-0.004838874409499657,-0.017323462194602922,4754.559402498374,-9.15655994842826,-1.4419390884177328,-2.838251056120043,-0.05230328027068477,-15.9169956510761,74.88230037368413,-1005.117699626315,19.67121157308702,204.36529087135108,47.79196341861309,169.36275860960083,100.0,100.0,15213.58046167577,0.6555877289135756,9.830919431706317,6.473871185968126,-47.79196341861309,0.0,0.0,0.0,0.0,4754.55940249734,0.5368115512422107,-156.8047686716559,0.25075945258140564,False,-399.2044088028493,-2911.100705823235,4696.867393687454,-96.45265769193807,4.2958804447431245,201.44786167749672,-538.6634992655019,-1928.4478115031973,4754.559402498374,763,-4.087120830323766,122.31713274304292,False,0.7224137783050537,-1.0,-0.3999999761581421,0.0
76.49999999993042,-0.00481842169375006,-0.017140323264842217,4749.771701624724,-9.20625559070561,-1.4458446134315635,-2.8820785795439345,-0.03447655009152626,-15.892698876736167,73.30055967931054,-1006.6994403206886,25.335377656687307,203.73409091541583,47.99315187479389,169.43572315316385,100.0,100.0,15219.798589542042,0.6556706002283117,9.809928071206881,5.140464708546148,-47.99315187479389,0.0,0.0,0.0,0.0,4749.771701624338,0.5517397211254982,-156.61050480429225,0.24997955560684204,False,-417.5051253712622,-2921.5695936191523,4696.977836334104,-98.02468038735937,3.6967363133119377,199.79346083168366,-536.3867029482567,-1908.0607858422356,4749.771701624724,764,-3.965241851308919,118.351890891734,False,0.7224137783050537,-1.0,0.10000002384185791,0.0
76.59999999993033,-0.004793085513415086,-0.01695773533414966,4744.964648886779,-9.255315275869455,-1.4433446710897722,-2.840332373361529,-0.05233427040865805,-15.939128499694457,71.70066476456496,-1008.2993352354342,30.988023932468103,202.96446760594762,48.11535718953055,169.5098793237786,100.0,100.0,15226.052221197562,0.6557570648409173,9.821052735911996,6.482313191843058,-48.11535718953055,0.0,0.0,0.0,0.0,4744.964648885608,0.5666778388994913,-156.3639394065009,0.24857085943222046,False,-436.056863179719,-2931.579701334539,4696.963915150997,-98.40560512959308,3.0695504134118083,198.12580715533724,-533.5662793533675,-1887.7350973975404,4744.964648886779,765,-3.8593709583859934,114.492519933348,False,0.7224137783050537,-1.0,-0.3999999761581421,0.0
76.69999999993024,-0.004762423432630204,-0.016776001864280812,4740.144190467284,-9.306962217829678,-1.447242054572204,-2.884257547576052,-0.034457672219514804,-15.916435703742446,70.11665316791566,-1009.8833468320836,36.6164033039356,202.01727126838736,48.324566174316125,169.58409095635832,100.0,100.0,15232.322208313217,0.655843133312591,9.800007482077742,5.1468811080816135,-48.324566174316125,0.0,0.0,0.0,0.0,4740.1441904669555,0.5815735182558216,-156.10495851750727,0.2467559278011322,False,-454.86179105112006,-2941.0696340484683,4696.80902491192,-98.75581549158747,2.4302000350813224,196.49805284180755,-530.1529765203943,-1867.50452753174,4740.144190467284,766,-3.742743198695228,110.74977673465278,False,0.7224137783050537,-1.0,0.10000002384185791,0.0
76.79999999993015,-0.0047269092804139694,-0.016595090033466514,4735.303621101237,-9.3580277581357,-1.4447209550080207,-2.8424568261962913,-0.05236562179424683,-15.961663395922331,68.51442127575655,-1011.4855787242427,42.22575363649667,200.93219165421252,48.45458495595412,169.65951815293252,100.0,100.0,15238.628855565741,0.6559328492043022,9.811139234659715,6.490900728701442,-48.45458495595412,0.0,0.0,0.0,0.0,4735.303621099471,0.5964565380903863,-155.79873288819817,0.24437405169010162,False,-473.894135279884,-2950.081946013474,4696.5165275006,-98.5211603248072,1.7956773515732305,194.87968659035627,-526.1995410956831,-1847.3654225254922,4735.303621101237,767,-3.638259998820491,107.1115167358323,False,0.7224137783050537,-1.0,-0.3999999761581421,0.0
76.89999999993006,-0.004686117601185396,-0.016415328061366863,4730.448826964146,-9.41158035842298,-1.448609243122998,-2.886483158115161,-0.03443793716793605,-15.940556184063908,66.92809980676535,-1013.0719001932339,47.80071476610833,199.6705988662121,48.67171603924859,169.73503922312565,100.0,100.0,15244.953226073038,0.6560222767213816,9.790039213656907,5.153421805452138,-48.67171603924859,0.0,0.0,0.0,0.0,4730.448826964756,0.6112755111956414,-155.48453656386815,0.24165701866149902,False,-493.1520439709193,-2958.555459944146,4696.074861473618,-98.54613118291294,1.1808665089288024,193.30097867090717,-521.6586113639582,-1827.354319791359,4730.448826964146,768,-3.52422208825228,103.58729464758002,False,0.7224137783050537,-1.0,0.10000002384185791,0.0
76.99999999992997,-0.004640520445504098,-0.016236656970317974,4725.573172316882,-9.464605268260362,-1.4460658330723204,-2.8446279422160003,-0.05239737283584243,-15.98461227057828,65.32349084573599,-1014.6765091542632,53.349154043432925,198.2720714185431,48.80944113834555,169.811798849075,100.0,100.0,15251.315393944355,0.6561154023725252,9.80117816128828,6.499641379801646,-48.80944113834555,0.0,0.0,0.0,0.0,4725.573172316522,0.6260623715441349,-155.1271872584143,0.23847204446792603,False,-512.6115784313788,-2966.535055599094,4695.490860064406,-98.21022705097077,0.5860260230417276,191.72299097275516,-516.5827359935163,-1807.4646539357968,4725.573172316882,769,-3.42249279944358,100.16480184813645,False,0.7224137783050537,-1.0,-0.3999999761581421,0.0
77.09999999992988,-0.004589710763111528,-0.016059428839714417,4720.682485615683,-9.520014491970514,-1.449944149260632,-2.8887590031757675,-0.034417323467631565,-15.9650700364829,63.73481947165088,-1016.2651805283483,58.853111122596815,196.698656637248,49.034381255113296,169.88869001394468,100.0,100.0,15257.696633585045,0.6562083447933851,9.780022426935968,5.160093162107501,-49.034381255113296,0.0,0.0,0.0,0.0,4720.682485615249,0.6407670920047188,-154.76546911604888,0.23503543436527252,False,-532.2669996929062,-2973.9610594676033,4694.755017158076,-98.23185514664073,0.016187860640325877,190.17419353229997,-510.92660214957533,-1787.735618437009,4720.682485615683,770,-3.3122967216017294,96.85250512653472,False,0.7224137783050537,-1.0,0.10000002384185791,0.0
77.19999999992979,-0.004534157360254341,-0.015883558599809847,4715.770199750269,-9.574949024381347,-1.447377343666833,-2.8468491976179067,-0.05242956148028313,-16.007986810155813,62.12779226796669,-1017.8722077320323,64.32309175774701,194.98966439534485,49.17969107197833,169.96684172124452,100.0,100.0,15264.116786454577,0.6563050324895603,9.791168664336258,6.508542512507928,-49.17969107197833,0.0,0.0,0.0,0.0,4715.770199751119,0.6554237201316728,-154.36393061630676,0.2312176674604416,False,-552.096569821103,-2980.880794954777,4693.874762094257,-97.94823900146729,-0.5357657141037041,188.6167612205517,-504.74239734351323,-1768.157743330832,4715.770199750269,771,-3.214425866418813,93.63807926011592,False,0.7224137783050537,-1.0,-0.3999999761581421,0.0
77.2999999999297,-0.004473472971634414,-0.015709421210451404,4710.842087822789,-9.63216265836355,-1.4512448907222657,-2.891088622273621,-0.034395810542478186,-15.98998684272335,60.536729912371875,-1019.4632700876272,69.73855727237009,193.1079773307426,49.41231320829511,170.04516183319046,100.0,100.0,15270.557338078273,0.6564016393400982,9.769956198186241,5.166901340865938,-49.41231320829511,0.0,0.0,0.0,0.0,4710.842087822777,0.6699831742388128,-153.96096425594624,0.22721225023269653,False,-572.0909776759358,-2987.2359861308955,4692.841073856309,-98.04489186417825,-1.0678487988138314,187.08100718143865,-497.9870112023429,-1748.7727691474504,4710.842087822789,772,-3.108907659357733,90.52917160075819,False,0.7224137783050537,-1.0,0.10000002384185791,0.0
77.3999999999296,-0.004408121693454196,-0.015536905654176265,4705.891650332165,-9.68895402739463,-1.4486536748924848,-2.8491240172938177,-0.05246222526686307,-16.03179840871166,58.92724223115752,-1021.0727577688415,75.11265182389381,191.09247751482275,49.56507239652487,170.1247634128743,100.0,100.0,15277.037895277517,0.6565020348822407,9.781109806959204,6.51761126396178,-49.56507239652487,0.0,0.0,0.0,0.0,4705.8916503305345,0.6844811830619526,-153.52091309912987,0.22288848459720612,False,-592.2310294433734,-2993.0758059882487,4691.661104302615,-97.83528096919545,-1.5884168242777958,185.5311568072044,-490.7121069153211,-1729.5683374229018,4705.891650332165,773,-3.0155412158915884,87.5136303848666,False,0.7224137783050537,-1.0,-0.3999999761581421,0.0
77.49999999992951,-0.004337737375010411,-0.015366408712957717,4700.924607449547,-9.747916903413392,-1.4525097367314708,-2.8934755009340183,-0.03437337883237408,-16.015316002422807,57.33374679760166,-1022.6662532023975,80.42228934821516,188.90704116623164,49.80523630788678,170.20456941419667,100.0,100.0,15283.540154549875,0.6566024490790997,9.759839518688397,5.173852294157566,-49.80523630788678,0.0,0.0,0.0,0.0,4700.924607449692,0.6988691493035165,-153.08185562834052,0.2184215933084488,False,-612.5040473915469,-2998.3431079343063,4690.325754644895,-98.00399866976215,-2.095556577998735,183.99907510819148,-482.87692458615896,-1710.588617926453,4700.924607449547,774,-2.9151226177928993,84.5985077670737,False,0.7224137783050537,-1.0,0.10000002384185791,0.0
77.59999999992942,-0.0042627779412678,-0.015197793646764246,4695.934526112387,-9.80650951377852,-1.4498931682216898,-2.8514557724248792,-0.05249540132648469,-16.056058119831725,55.721755368820034,-1024.2782446311792,85.68324330923545,186.58996209743034,49.965296509104014,170.28567669503116,100.0,100.0,15290.083486215874,0.6567066915190507,9.7710005668148,6.526854527801558,-49.965296509104014,0.0,0.0,0.0,0.0,4695.934526110336,0.7131841178159356,-152.60797621912377,0.2136804610490799,False,-632.8935852223377,-3003.088365730786,4688.841830693883,-97.8510320824054,-2.596955418210723,182.45033998271367,-474.53244042193154,-1691.818388757796,4695.934526112387,775,-2.826554571145398,81.7719531959283,False,0.7224137783050537,-1.0,-0.3999999761581421,0.0
77.69999999992933,-0.0041828996312275905,-0.015031477924637573,4690.927076047513,-9.867163738398627,-1.4537371113767394,-2.895923067373072,-0.034350009863567746,-16.041066688431084,54.125783769032076,-1025.874216230967,90.86992039755214,184.10626808250862,50.21284946815056,170.3670235209412,100.0,100.0,15296.64979761446,0.6568110491184589,9.749671294805772,5.180951753190786,-50.21284946815056,0.0,0.0,0.0,0.0,4690.927076046456,0.7273776437636815,-152.1371004679839,0.2088276594877243,False,-653.3837036277416,-3007.2554396596256,4687.200030571407,-98.06850378757429,-3.089973899352738,180.91763519041046,-465.64038694825535,-1673.3041225706545,4690.927076047513,776,-2.731375192794804,79.0405780031335,False,0.7224137783050537,-1.0,0.10000002384185791,0.0
77.79999999992924,-0.004098552746399309,-0.014867299389908138,4685.895889343289,-9.927499421410962,-1.4510943216271683,-2.853847776738961,-0.05252912634892797,-16.080776609943502,52.51124431802137,-1027.4887556819779,96.00070503116902,181.49350339463882,50.38005007518006,170.44969027627653,100.0,100.0,15303.258220783064,0.6569192705207192,9.760839836202285,6.536278941930865,-50.38005007518006,0.0,0.0,0.0,0.0,4685.895889343893,0.7415144128831608,-151.63309058055074,0.20815019309520721,False,-673.9639434254827,-3010.9450367176983,4685.411289739385,-95.95742932856926,-3.484927853477315,179.3394850692476,-456.25089172917103,-1655.0277680845738,4685.895889343289,777,-2.652610788652764,76.38796721448074,False,0.7224137783050537,-1.0,-0.3999999761581421,0.0
77.89999999992915,-0.0040094171316457415,-0.014705694989453365,4680.846587817719,-9.989784611654517,-1.4549255964833905,-2.8984346882535057,-0.03432568628589639,-16.067247803528208,50.91275250457729,-1029.087247495422,101.04754608443484,178.71800455779868,50.63482764617609,170.53263076599794,100.0,100.0,15309.890873810185,0.6570277004939442,9.739450348262753,5.188205218006942,-50.63482764617609,0.0,0.0,0.0,0.0,4680.8465878179995,0.7556220255706871,-151.13310858038685,0.20686279237270355,False,-694.6316880468548,-3014.242493912156,4683.500915371755,-92.27700642987885,-3.8056479016882196,177.74896509940982,-446.32831509480394,-1637.0379662259486,4680.846587817719,778,-2.581014465454601,73.80695274902614,False,0.7224137783050537,-1.0,0.10000002384185791,0.0
77.99999999992906,-0.003915934026229911,-0.014546477536443208,4675.772867297557,-10.05180286653661,-1.4522557922173853,-2.8563032821357797,-0.05256343653238774,-16.10596411380059,49.295619787015696,-1030.7043802129836,106.03141118257518,175.81640468961808,50.80899659205937,170.61690862896302,100.0,100.0,15316.566648754564,0.6571400257240991,9.75062642239283,6.545890877276703,-50.80899659205937,0.0,0.0,0.0,0.0,4675.772867297092,0.7696600611240244,-150.60170974823228,0.20168143510818481,False,-715.3717786326179,-3017.0513275110884,4681.4846992576,-90.12028695449791,-4.095921493829501,176.22912328012765,-435.9217757999137,-1619.3138793568578,4675.772867297557,779,-2.505108078565006,71.30184467046114,False,0.7224137783050537,-1.0,-0.3999999761581421,0.0
78.09999999992897,-0.0038178080337580135,-0.014390102174980842,4670.680304244518,-10.11565639047759,-1.4560739340043667,-2.9010136640585977,-0.034300391889027226,-16.09386793928876,47.69456279024218,-1032.3054372097572,110.92185016634885,172.75650498064482,51.07082342960788,170.7014934455699,100.0,100.0,15323.267874444795,0.6572526497594643,9.729175416602509,5.1956179484173575,-51.07082342960788,0.0,0.0,0.0,0.0,4670.680304243266,0.7835390389493504,-150.0767540119494,0.1931591033935547,False,-736.1577787207822,-3019.240632744589,4679.37394875429,-90.62885511506651,-4.367353310634999,174.78673455253002,-424.99839031794204,-1601.9061741188673,4670.680304244518,780,-2.4159400142229344,68.8859046562382,False,0.7224137783050537,-1.0,0.10000002384185791,0.0
78.19999999992888,-0.003715469910332085,-0.014236357154635592,4665.562656710163,-10.179294630251283,-1.4533763983991037,-2.8588254741004526,-0.05259836752410402,-16.131630392699194,46.07479063129532,-1033.9252093687041,115.74237660877364,169.57386594114516,51.251777999952665,170.78743183312235,100.0,100.0,15330.013201319009,0.6573691962992642,9.740359048123963,6.555696427610598,-51.251777999952665,0.0,0.0,0.0,0.0,4665.562656708398,0.7972619086794971,-149.52228724088505,0.1869785189628601,False,-756.968587301554,-3020.7946524803397,4677.163050752861,-91.62062554289324,-4.574966919358912,173.3514671941855,-413.6061104181677,-1584.7912784540342,4665.562656710163,781,-2.331484446379538,66.55442020985866,False,0.7224137783050537,-1.0,-0.3999999761581421,0.0
78.29999999992879,-0.00360865010370291,-0.014085714467783561,4660.425458389923,-10.244651851788216,-1.457181027946341,-2.9036632244066203,-0.034274111605025186,-16.1209353376639,44.471122600138926,-1035.5288773998607,120.4602094984492,166.23790755864525,51.52046866949606,170.8737093919132,100.0,100.0,15336.785168998103,0.657486128631369,9.718845153800487,5.20319495585347,-51.52046866949606,0.0,0.0,0.0,0.0,4660.425458390598,0.810854685880049,-148.97529755272453,0.1807899922132492,False,-777.7998890387081,-3021.7973603388655,4674.8500089464305,-92.11430040389762,-4.793336869329553,171.86683352289091,-401.71492954420796,-1568.021734553666,4660.425458389923,782,-2.2542875048534503,64.30013270500521,False,0.7224137783050537,-1.0,0.10000002384185791,0.0
78.3999999999287,-0.003497767488213534,-0.013937938346336547,4655.2625279398535,-10.309845653005627,-1.4544551215804482,-2.8614174671522865,-0.05263395435722496,-16.157784695920604,42.848663937492006,-1037.1513360625077,125.10136148800271,162.78295696171284,51.70801633573845,170.96135543734007,100.0,100.0,15343.602184714504,0.6576070064212948,9.730036352259132,6.565701400410549,-51.70801633573845,0.0,0.0,0.0,0.0,4655.26252793971,0.8243023504186431,-148.39977365655494,0.17461536824703217,False,-798.625928876484,-3022.199732240833,4672.427613248661,-92.86591128732461,-5.039228113402105,170.37280937898512,-389.3714767879306,-1551.5712967141844,4655.2625279398535,783,-2.1781783289224217,62.12195437608279,False,0.7224137783050537,-1.0,-0.3999999761581421,0.0
78.4999999999286,-0.003382579369603494,-0.01379351621691774,4650.079358896137,-10.37664018009832,-1.4582459458420585,-2.9063865234923534,-0.03424683150159719,-16.14845785575776,41.24233818403483,-1038.7576618159646,129.63079831657672,159.18020475985477,51.98337615347053,171.0493718429224,100.0,100.0,15350.446999024589,0.6577283536876373,9.708458131046667,5.210940996135568,-51.98337615347053,0.0,0.0,0.0,0.0,4650.079358896104,0.8376154885314661,-147.83276903949863,0.1683889478445053,False,-819.4423559162143,-3022.058129428591,4669.894502947051,-93.118308340316,-5.314108506197121,168.84101662710458,-376.54873542426094,-1535.4942252672827,4650.079358896137,784,-2.106309743979967,60.01564463210282,False,0.7224137783050537,-1.0,0.10000002384185791,0.0
78.59999999992851,-0.0032634913685926944,-0.013652188918175153,4644.869828787732,-10.44332353571069,-1.4554911074237755,-2.8640823004732794,-0.052670231387011233,-16.1844357257989,39.61714511446708,-1040.3828548855324,134.0769751660959,155.46258512842428,52.17731542468468,171.13877033728727,100.0,100.0,15357.337774428317,0.6578536649967378,9.71965689062289,6.575911308787876,-52.17731542468468,0.0,0.0,0.0,0.0,4644.869828786302,0.8507786490725915,-147.23812346312923,0.16214050352573395,False,-840.2203575638981,-3021.323030796104,4667.243551760781,-93.65771774602946,-5.612290330795994,167.30994066557204,-363.2918591517387,-1519.761670371258,4644.869828787732,785,-2.0353080934807095,57.98033653862211,False,0.7224137783050537,-1.0,-0.3999999761581421,0.0
78.69999999992842,-0.0031402885872612945,-0.01351445783538084,4639.639393607694,-10.511487471396805,-1.4592679197769125,-2.9091866357648333,-0.03421853876860371,-16.176442934208957,38.00811416172851,-1041.991885838271,138.40269154897663,151.6032082892604,52.459141314545704,171.22856932974858,100.0,100.0,15364.25747266613,0.6579795261216086,9.698012837704445,5.218860563156354,-52.459141314545704,0.0,0.0,0.0,0.0,4639.639393607253,0.8638281103755925,-146.65285487012926,0.1602698713541031,False,-860.9733131466631,-3020.096900097041,4664.475931165177,-91.7624481319237,-5.832357938784134,165.72970987523573,-349.5769255339273,-1504.4294462345952,4639.639393607694,786,-1.972140038527254,56.008196500094854,False,0.7224137783050537,-1.0,0.10000002384185791,0.0
78.79999999992833,-0.0030133620519595485,-0.013380041115599196,4634.381987952492,-10.579593046084687,-1.456483666655457,-2.8668229337951,-0.052707232228211325,-16.21159160677347,36.38013799084888,-1043.6198620091507,142.63877889450407,147.63345763290465,52.65926260547762,171.31976267219878,100.0,100.0,15371.224009986821,0.6581093654449153,9.709219137017131,6.586331364496205,-52.65926260547762,0.0,0.0,0.0,0.0,4634.381987952923,0.8768266579877968,-146.04063170411132,0.15799365937709808,False,-881.7196253522441,-3018.4662761000614,4661.60926142942,-88.25189794056197,-5.996438223750466,164.13249449594446,-335.44746362413696,-1489.4661769885024,4634.381987952492,787,-1.9209537002253283,54.08724279986953,False,0.7224137783050537,-1.0,-0.3999999761581421,0.0
78.89999999992824,-0.002882525520185646,-0.01324945256930689,4629.103032887033,-10.649057241612125,-1.4602463469762197,-2.912066551899088,-0.03418922169930863,-16.204897569550095,34.76835362347743,-1045.2316463765221,146.74596690500167,143.52850861044038,52.94734397094925,171.4113855819223,100.0,100.0,15378.22055968582,0.6582398315511363,9.687507682449546,5.226957883512419,-52.94734397094925,0.0,0.0,0.0,0.0,4629.103032887452,0.8897063026859225,-145.43871474679176,0.15210266411304474,False,-902.4249550947393,-3016.3468795578183,4658.665231333441,-86.21716833872026,-6.149193840039069,162.60033784748103,-320.8827409070661,-1474.929060015243,4629.103032887033,788,-1.8612279258186382,52.22601487405089,False,0.7224137783050537,-1.0,0.10000002384185791,0.0
78.99999999992815,-0.0027481541186303586,-0.013122388429556237,4623.796518174523,-10.718516628915488,-1.4574322754387132,-2.8696422435898157,-0.05274498969461904,-16.239259858759706,33.13754491820563,-1046.862455081794,150.75738721904202,139.3180382842077,53.15343048399785,171.5044137389167,100.0,100.0,15385.264790272518,0.6583742855346687,9.69872148442357,6.596966472036399,-53.15343048399785,0.0,0.0,0.0,0.0,4623.796518174118,0.9024114359140185,-144.81085584244664,0.14275279641151428,False,-923.0340872632331,-3013.6172547612327,4655.663486806297,-86.86044809531037,-6.300430904359795,161.14555169125364,-305.9245164859315,-1460.7842799782002,4623.796518174523,789,-1.7962812501349434,50.42973362391594,False,0.7224137783050537,-1.0,-0.3999999761581421,0.0
79.09999999992806,-0.002610091036395792,-0.01299937334468589,4618.467832541728,-10.789210938340709,-1.461180789959027,-2.9150291750942285,-0.03415886966725809,-16.233828290875522,31.522958235630906,-1048.4770417643686,154.63180548721257,134.97942903034135,53.44755009245168,171.59789945071407,100.0,100.0,15392.340087124387,0.6585094398825585,9.676940994592862,5.235236912069018,-53.44755009245168,0.0,0.0,0.0,0.0,4618.4678325413,0.9149093197423629,-144.19414896678492,0.13572300970554352,False,-943.5206076876431,-3010.261259977399,4652.599134799772,-87.95125487366862,-6.3960172237268775,159.70429137927792,-290.55533417157955,-1447.0902407304334,4618.467832541728,790,-1.729040144905434,48.70069347901051,False,0.7224137783050537,-1.0,0.10000002384185791,0.0
79.19999999992797,-0.0024686942349632095,-0.012880082485575624,4613.11101897921,-10.859954918940772,-1.4583365753150743,-2.8725430195853523,-0.05278353574144215,-16.267447375125613,29.88926687897634,-1050.1107331210233,158.40456776477438,130.54049888661564,53.65937871135497,171.69279992428716,100.0,100.0,15399.463869479252,0.6586485872757936,9.688162246393933,6.607821223844313,-53.65937871135497,0.0,0.0,0.0,0.0,4613.111018979934,0.9272606526548884,-143.5520725713921,0.12872861325740814,False,-963.8992495633792,-3006.3612934747252,4649.464198005098,-88.49263662310723,-6.5057886071397695,158.2132196622955,-274.8150422361045,-1433.8107822942784,4613.11101897921,791,-1.6731031303541812,47.02759034865633,False,0.7224137783050537,-1.0,-0.3999999761581421,0.0
79.29999999992788,-0.0023238370248930963,-0.012765049701348053,4607.731436440614,-10.93180845455426,-1.4620709762639525,-2.9180773177116768,-0.034127473099257594,-16.263241141113397,28.27182835056254,-1051.728171649437,162.03259067120405,125.98097437315256,53.959313588746255,171.78818485008827,100.0,100.0,15406.619735484779,0.6587885052300341,9.666311025589977,5.243701328468323,-53.959313588746255,0.0,0.0,0.0,0.0,4607.731436441398,0.9394164715009881,-142.9216969112254,0.1217883750796318,False,-984.1332247365929,-3001.875046105981,4646.254528993061,-89.27140923281931,-6.6472289179735045,156.71192377975495,-258.68953761109947,-1421.0053327540652,4607.731436440614,792,-1.6124498308450532,45.41514051781128,False,0.7224137783050537,-1.0,0.10000002384185791,0.0
79.39999999992779,-0.0021758589808632115,-0.01265393002496438,4602.323179112506,-11.003767255069528,-1.4591963727201323,-2.8755279616147225,-0.05282290141077122,-16.296160405527818,26.63520359822613,-1053.3647964017732,165.5533391602666,121.32666522241763,54.17665578176872,171.8849926551119,100.0,100.0,15413.824853591965,0.6589324168657663,9.677539658631092,6.618899896599186,-54.17665578176872,0.0,0.0,0.0,0.0,4602.323179111709,0.951423191404533,-142.26646125470344,0.11483541131019592,False,-1004.2311748481618,-2996.8584076754896,4642.965174810398,-89.52690667066342,-6.818494492751942,155.17112620132198,-242.2166217496927,-1408.6354903790348,4602.323179112506,793,-1.5605577456770878,43.854582772134194,False,0.7224137783050537,-1.0,-0.3999999761581421,0.0
79.4999999999277,-0.0020246641351647963,-0.012547264823893657,4596.891578721134,-11.076708643019375,-1.462916797752836,-2.921213698258636,-0.03409502344471805,-16.293141663144347,25.014863119943485,-1054.985136880056,168.92200499522934,116.55977427759494,54.48217811550337,171.98231071604363,100.0,100.0,15421.063035565527,0.6590771658891891,9.6556159507372,5.2523545345933185,-54.48217811550337,0.0,0.0,0.0,0.0,4596.891578720343,0.9632302682710266,-141.62341055454783,0.10789765417575836,False,-1024.1531621780473,-2991.2692838047014,4639.592484211726,-90.062302640404,-7.014862843643269,153.6291787864657,-225.38561152654512,-1396.761520195842,4596.891578721134,794,-1.5038387371219057,42.35074403501229,False,0.7224137783050537,-1.0,0.10000002384185791,0.0
79.5999999999276,-0.001870572502172393,-0.012444689987769458,4591.430778568885,-11.1498121946868,-1.4600116380793835,-2.87859967680129,-0.05286311678035036,-16.32540454381959,23.37525365824508,-1056.6247463417544,172.17806684208423,111.70395767823621,54.70480084595399,172.08105836644512,100.0,100.0,15428.35119751373,0.6592259046906004,9.666851880756795,6.630206448613593,-54.70480084595399,0.0,0.0,0.0,0.0,4591.430778568374,0.9748839729868833,-140.9559439030214,0.10091014951467514,False,-1043.910672633586,-2985.1614815205076,4636.133782964382,-90.1431305512185,-7.230941082441267,152.05664285611115,-208.23213094183077,-1385.342889438496,4591.430778568885,795,-1.4554233343515794,40.89532070066071,False,0.7224137783050537,-1.0,-0.3999999761581421,0.0
79.69999999992751,-0.0017135193435489264,-0.0123467526791871,4585.946085667401,-11.223769830179302,-1.4637183094980641,-2.924440938715986,-0.03406151314152969,-16.323534890981023,21.751960610354516,-1058.2480393896449,175.27512479925687,106.74402116061313,55.01567889378795,172.18034098360178,100.0,100.0,15435.673365845476,0.6593755443653178,9.64485387104904,5.261199652967881,-55.01567889378795,0.0,0.0,0.0,0.0,4585.946085668295,0.9863326637241672,-140.3010985154866,0.09391867369413376,False,-1063.461029703701,-2978.4940502197314,4632.586101058656,-90.53956453875327,-7.462008489745604,150.4911628814368,-190.7489733238665,-1374.440508247108,4585.946085667401,796,-1.4021522601761833,39.49316844048453,False,0.7224137783050537,-1.0,0.10000002384185791,0.0
79.79999999992742,-0.0015538039920097643,-0.01225307070708114,4580.431690301353,-11.297948026800265,-1.4607825044901976,-2.881760677076787,-0.0529042109157139,-16.355184721208882,20.109314614968838,-1059.8906853850306,178.25455647790298,101.70132656237351,55.24334553573376,172.2810584873946,100.0,100.0,15443.04620273023,0.659529165380084,9.656096998263438,6.641744518337985,-55.24334553573376,0.0,0.0,0.0,0.0,4580.43169030083,0.9976228204833347,-139.62222851942326,0.08685972541570663,False,-1082.8185459503597,-2971.319262190003,4628.94819027518,-90.52085465587106,-7.705113586846749,148.9013828555116,-172.96946039052696,-1364.0118311122724,4580.431690301353,797,-1.3568128211941117,38.13635561929042,False,0.7224137783050537,-1.0,-0.3999999761581421,0.0
79.89999999992733,-0.0013913933507629635,-0.012164195269944857,4574.8928772169775,-11.372850328264807,-1.4644757282597909,-2.927761562206893,-0.034026935578525624,-16.35442534616858,18.48301792019782,-1061.5169820798014,181.06851235051386,96.56340289959543,55.55934453860001,172.38233458168648,100.0,100.0,15450.453950471157,0.6596837474552046,9.634022815316037,5.270239526094074,-55.55934453860001,0.0,0.0,0.0,0.0,4574.892877218298,1.0087020127785258,-138.95637143733347,0.0797901526093483,False,-1101.9380004847683,-2963.5980123052786,4625.217489027715,-90.83662573209962,-7.956827151225077,147.32328657573686,-154.88990780693308,-1354.1182174502615,4574.8928772169775,798,-1.3066333704066435,36.829722248883776,False,0.7224137783050537,-1.0,0.10000002384185791,0.0
79.99999999992724,-0.0012265650056022886,-0.012079727224159904,4569.323881526104,-11.44803328280333,-1.4615092659963065,-2.885013377028303,-0.052946211825708155,-16.38550520479394,16.837283115166954,-1063.1627168848324,183.76014474396905,91.34918217001322,55.79181579567439,172.4850494450331,100.0,100.0,15457.91301561862,0.6598422979160198,9.645273024649548,6.653517423946241,-55.79181579567439,0.0,0.0,0.0,0.0,4569.323881526848,1.0196440459130793,-138.26697402365497,0.07713420689105988,False,-1120.8665316008849,-2955.421470475985,4621.391525449061,-88.75029577156846,-8.116093759725358,145.70832803171484,-136.54121642364677,-1344.7152345934805,4569.323881526104,799,-1.2671882092804017,35.56253403960338,False,0.7224137783050537,-1.0,-0.3999999761581421,0.0
80.09999999992715,-0.0010593178153762187,-0.012000220013843977,4563.729968102002,-11.52380894441659,-1.4651894305595976,-2.9311779910005242,-0.03399128505458652,-16.38581703951964,15.207931296842991,-1064.7920687031565,186.28030518993026,86.04903029487004,56.11269889236373,172.5883454457075,100.0,100.0,15465.407857839737,0.6600018663819157,9.623120742340085,5.279476716731097,-56.11269889236373,0.0,0.0,0.0,0.0,4563.729968102552,1.0304746337107538,-137.59161701954372,0.07411455363035202,False,-1139.651630524499,-2946.864526827807,4617.484243562275,-85.07064908440002,-8.2086296286588,144.08725348358092,-117.92325920768067,-1335.8644919411115,4563.729968102002,800,-1.2317561106484718,34.33077792895491,False,0.7224137783050537,-1.0,0.10000002384185791,0.0
80.19999999992706,-0.0008900075758223804,-0.011924816564470636,4558.097184021816,-11.489577351753983,-1.4256722972276354,-2.629644311272703,-0.02365482542769227,-16.590001655689953,13.556577166712056,-1066.4434228332873,188.357840726537,82.17518003384723,56.54895462989397,172.9845251955274,100.0,100.0,15476.234735882925,0.6612358352500816,10.155732322469785,3.818944924544472,-56.54895462989397,0.0,0.0,0.0,0.0,4558.097184022377,1.0411829368661754,-136.88962327899114,0.06744925677776337,False,-1158.2318636370155,-2937.8569614198123,4613.523513286847,-82.91913300120626,-8.285810484393684,142.53858981630722,-99.07564334054739,-1327.4705799568712,4558.097184021816,801,-1.2041433027684505,33.12663462618646,False,0.7224137783050537,-1.0,0.6000000238418579,0.0
80.29999999992697,-0.000718867607114268,-0.011852738212086723,4552.430017345083,-11.383547542531335,-1.3580241335191754,-1.995733880817649,-0.038225400423304585,-16.04456166768045,11.91150872512973,-1068.0884912748697,190.43352425758408,78.16014324266185,56.71549347695824,173.3520019686816,100.0,100.0,15486.78610526287,0.6623620116228899,10.704423037153687,5.071815120622669,-56.71549347695824,0.0,0.0,0.0,0.0,4552.430017345083,1.0517340661703167,-136.18728405517132,0.057398371398448944,False,-1176.5148621686803,-2928.3025777895077,4609.537682257703,-83.47695199672528,-8.359721095288206,141.07024256027185,-80.02434202396032,-1319.446817769494,4552.430017345083,802,-1.165954725842545,31.960679900343912,False,0.7224137783050537,-1.0,0.10000002384185791,0.0
80.39999999992688,-0.0005457648653220701,-0.011784812232234538,4546.770015228081,-11.272494829324286,-1.3191307062782438,-1.5977423034701785,-0.04703030090385545,-15.179551224760106,10.345176859491197,-1069.6548231405084,192.68898930084075,72.90980079134563,56.394980564208154,173.468665574078,100.0,100.0,15494.514094417318,0.6625669470963281,10.759395927103945,6.586862815017441,-56.394980564208154,0.0,0.0,0.0,0.0,4546.770015229273,1.06208284979536,-135.55919579713952,0.0496852844953537,False,-1194.4710368041247,-2918.196330201069,4605.5239386109115,-84.49366511095135,-8.374133841219594,139.61856459961112,-60.75454480765284,-1311.8852976923488,4546.770015228081,803,-1.1188429452348594,30.841836955109052,False,0.7224137783050537,-1.0,-0.3999999761581421,0.0
80.49999999992679,-0.000370577380034506,-0.011722211485002937,4541.163401451606,-11.168529429603323,-1.3298559973391009,-1.7235961473895198,-0.04307893728169728,-14.641151284038669,8.860257044156983,-1071.1397429558426,194.98129333428062,66.52070513636494,55.73745583681886,173.36601007487846,100.0,100.0,15499.71406367379,0.6619689907199051,10.35207050436466,7.068901046678002,-55.73745583681886,0.0,0.0,0.0,0.0,4541.1634014538995,1.0722252557030658,-135.0112010888932,0.0420689582824707,False,-1212.141732309046,-2907.61098970205,4601.470022879478,-84.96619937550422,-8.397018438311672,138.1159836269477,-41.25267394544121,-1304.916582510527,4541.163401451606,804,-1.0731231503925514,29.7687138047165,False,0.7224137783050537,-1.0,-0.3999999761581421,0.0
80.5999999999267,-0.00019345742731053034,-0.011665159528904154,4535.6094275284595,-10.999554344977247,-1.348464084256639,-2.0219156743404016,-0.017072147391125173,-14.820909393815814,7.39850014435786,-1072.6014998556416,196.93237736604297,60.85465118183044,55.40561813413733,173.42511980850722,100.0,100.0,15506.674329793203,0.6619668913133548,10.145835894019495,5.487382950307063,-55.40561813413733,0.0,0.0,0.0,0.0,4535.609427526191,1.0821239890508048,-134.48525197566846,0.0345284678041935,False,-1229.4772304648213,-2896.51843949075,4597.37569863275,-85.68612322837564,-8.447900209045537,136.6018852706245,-21.535680808208237,-1298.5655587576105,4535.6094275284595,805,-1.0337159742897235,28.734997830426778,False,0.7224137783050537,-1.0,0.10000002384185791,0.0
80.6999999999266,-1.467331866460261e-05,-0.011612955136315316,4530.085172380883,-10.834599349928487,-1.3566458046140417,-2.1826702411737053,-0.03977052406842428,-15.330813584965117,5.882531383900953,-1074.1174686160987,198.72899008292734,55.177314314482764,55.03054433294226,173.4931308403298,100.0,100.0,15513.701563722054,0.6619985755526808,10.014675633531207,6.83513784318264,-55.03054433294226,0.0,0.0,0.0,0.0,4530.085172380479,1.0918398046554247,-133.90256168664553,0.027017122134566307,False,-1246.5041945205287,-2884.9684252183915,4593.233123453343,-85.88737250979443,-8.524107438462034,135.04674032389195,-1.6334338337435625,-1292.754165774621,4530.085172380883,806,-0.9987368807955634,27.736260949631216,False,0.7224137783050537,-1.0,-0.3999999761581421,0.0
80.79999999992651,0.00016566790203252104,-0.011566111229695862,4524.596943032152,-10.695166612041657,-1.3694201167876463,-2.396000238171152,-0.021996235339649676,-15.459999001419023,4.353583308507666,-1075.6464166914918,200.32923846766568,49.46084796249849,54.79215869832236,173.56793090697815,100.0,100.0,15520.764998895547,0.6620565170603604,9.889761770521552,5.416969608927519,-54.79215869832236,0.0,0.0,0.0,0.0,4524.5969430318455,1.1013211852225795,-133.3052017439278,0.01953432336449623,False,-1263.1700254899868,-2872.9341511870216,4589.042638907209,-86.37880209590827,-8.622935368508786,133.48985831065008,18.44215085426024,-1287.5395020897433,4524.596943032152,807,-0.9593188721228163,26.7769420775084,False,0.7224137783050537,-1.0,0.10000002384185791,0.0
80.89999999992642,0.0003473728500000925,-0.011524159303037301,4519.129990609628,-10.577196717537374,-1.37286866141516,-2.4720126720065703,-0.04481477508348907,-15.81451781147207,2.781415497181507,-1077.218584502818,201.77897143909698,43.72504278841456,54.499011085559815,173.64684929482976,100.0,100.0,15527.85137019813,0.6621303219547817,9.825111353809486,6.789328580022333,-54.499011085559815,0.0,0.0,0.0,0.0,4519.129990610022,1.1106181492945995,-132.66218259942664,0.012040949426591396,False,-1279.5035491474766,-2860.462577005036,4584.798550948057,-86.41845550364863,-8.738164719652882,131.90149403423857,38.66954566201029,-1282.8694136141123,4519.129990609628,808,-0.9265760738897765,25.850366003618625,False,0.7224137783050537,-1.0,-0.3999999761581421,0.0
80.99999999992633,0.0005303070532111735,-0.011487623136208575,4513.691488132284,-10.479599022480837,-1.3819202409861606,-2.613784576925544,-0.02668429946849987,-15.87039486268342,1.2070343665146446,-1078.792965633485,203.034415021397,37.94914917822777,54.323381967590414,173.72742520189905,100.0,100.0,15534.924855810095,0.6622112418883366,9.751076518910963,5.385126010177778,-54.323381967590414,0.0,0.0,0.0,0.0,4513.691488132923,1.119677432421816,-132.01530360165026,0.004555585794150829,False,-1295.449998534616,-2847.5289878718477,4580.501904831398,-86.78326019502609,-8.867058897437301,130.32004732724485,59.03378116346783,-1278.8022075227386,4513.691488132284,809,-0.8893090320222707,24.961056971596353,False,0.7224137783050537,-1.0,0.10000002384185791,0.0
81.09999999992624,0.0007143100486271004,-0.011456032567997943,4508.2689417451775,-10.395885990219005,-1.3829295567694384,-2.6394530255513793,-0.048151712262100056,-16.107006789547864,359.59946997366745,-1080.400530026332,204.14256428114226,32.15085701398863,54.080296511011724,173.80992941704312,100.0,100.0,15542.002713452599,0.6622997706529946,9.725748129616967,6.771969804021959,-54.080296511011724,0.0,0.0,0.0,0.0,4508.268941744485,1.1285489278401712,-131.33295087815353,-0.002960549434646964,False,-1311.0404806431438,-2834.178047332762,4576.148312256548,-86.73387023496666,-9.005646307686511,128.71367575033537,79.51699461316882,-1275.2855454695311,4508.2689417451775,810,-0.9162795067562488,24.044777464840102,False,0.7224137783050537,-1.0,-0.3999999761581421,0.0
81.19999999992615,0.0008992191433582345,-0.01142991253114021,4502.8701542991585,-10.325442775190128,-1.390165295409571,-2.7426566718456655,-0.029421549652530927,-16.095646491287553,357.9989982920983,-1082.0010017079012,205.05726305806903,26.317570118774025,53.944344195706684,173.89253143886933,100.0,100.0,15549.055445700267,0.6623895059924241,9.679185580008138,5.37383572080258,-53.944344195706684,0.0,0.0,0.0,0.0,4502.8701542989675,1.1371783638774122,-130.65613265047145,-0.010476609691977501,False,-1326.2184647732843,-2820.3877024536832,4571.739216266557,-87.02784592451566,-9.15232458571938,127.11908255491898,100.10107503863867,-1272.3778629665283,4502.8701542991585,811,-0.9685339779296734,23.07624348691043,False,0.7224137783050537,-1.0,0.10000002384185791,0.0
81.29999999992606,0.0010849041205204938,-0.011408788526165652,4497.483894103342,-10.264051038111718,-1.3899722533212917,-2.7410582608251537,-0.0501172490939622,-16.26104959734621,356.37238563044446,-1083.6276143695552,205.82486017947386,20.46407402675064,53.73447298488418,173.97585700739177,100.0,100.0,15556.102864215998,0.6624822956534354,9.673523756494053,6.769037863534669,-53.73447298488418,0.0,0.0,0.0,0.0,4497.483894103684,1.1456158376803067,-129.95105732239352,-0.018032783642411232,False,-1341.0173830685565,-2806.200555283794,4567.2709770468055,-86.92639604291875,-9.304765164527057,125.50282154961437,120.77152669634137,-1270.0263387327605,4497.483894103342,812,-0.9381979414671567,22.138045545443273,False,0.7224137783050537,-1.0,-0.3999999761581421,0.0
81.39999999992597,0.0012711722809739712,-0.01139318073401733,4492.118159815577,-10.211903955105202,-1.3962874949334456,-2.8229692520245835,-0.031026328924703427,-16.216203607621527,354.75811839463944,-1085.2418816053603,206.39821570295712,14.584018084466521,53.626890697215686,174.05854348815632,100.0,100.0,15563.12049071407,0.6625734656144817,9.640010872837413,5.372462632660569,-53.626890697215686,0.0,0.0,0.0,0.0,4492.118159814556,1.153806409858521,-129.25687280973793,-0.02559042163193226,False,-1355.3792638198029,-2791.5975451269223,4562.745266584852,-87.17780953130378,-9.462010695048217,123.900646134392,141.50689831802248,-1268.2888793108093,4492.118159815577,813,-0.9027260388656858,21.235319506577586,False,0.7224137783050537,-1.0,0.10000002384185791,0.0
81.49999999992588,0.0014579222783013832,-0.01138260932091552,4486.7624340647935,-10.166169586658727,-1.3954522577641348,-2.805621494984535,-0.051322110710626874,-16.344065415384797,353.1212790730198,-1086.8787209269797,206.82368124935695,8.689117678701109,53.44218866055159,174.141411538746,100.0,100.0,15570.129528600744,0.6626656060206852,9.643592150199991,6.77281552011628,-53.44218866055159,0.0,0.0,0.0,0.0,4486.762434064704,1.1618005361656107,-128.53817868080145,-0.03319234400987625,False,-1369.3398479019022,-2776.6192553956257,4558.158895537082,-87.04341282642362,-9.622706961767516,122.27821800354111,162.29590802050998,-1267.1120696043156,4486.7624340647935,814,-0.8741321829454377,20.361187323632148,False,0.7224137783050537,-1.0,-0.3999999761581421,0.0
81.59999999992579,0.0016449310666506124,-0.011377585607342283,4481.424702656472,-10.12733815802875,-1.4012602814625505,-2.8749300329497296,-0.03201089900912128,-16.285634547820166,351.49937058738425,-1088.5006294126151,207.05388000235638,2.777960578826559,53.357511689524465,174.2233557324275,100.0,100.0,15577.108396788564,0.6627549879593907,9.61603137632342,5.3756162144420365,-53.357511689524465,0.0,0.0,0.0,0.0,4481.4247026548555,1.1695428056143689,-127.83306492186493,-0.04079439863562584,False,-1382.8399779616752,-2761.2498042616103,4553.51369083254,-87.26735854502583,-9.786188509491732,120.67089179879146,183.11372633954616,-1266.552829809343,4481.424702656472,815,-0.8403374192403236,19.520849904391824,False,0.7224137783050537,-1.0,0.10000002384185791,0.0
81.6999999999257,0.0018321258565120015,-0.011377624677725268,4476.094902308151,-10.093404816871345,-1.4000552506010826,-2.847907704244301,-0.05209428814756972,-16.39336339841635,349.8565576056218,-1090.1434423943776,207.1353217231088,-3.141034196123083,53.19401552199002,174.30527325752442,100.0,100.0,15584.078658698334,0.6628444984276518,9.623885029288758,6.779587033295633,-53.19401552199002,0.0,0.0,0.0,0.0,4476.094902310087,1.1770840961442754,-127.1052828372713,-0.04844262823462486,False,-1395.9176391354997,-2745.527705713111,4548.806748989752,-87.11059290759908,-9.95170776149632,119.04384902888603,203.952250346916,-1266.5571791243767,4476.094902308151,816,-0.8132840889633921,18.70756581542843,False,0.7224137783050537,-1.0,-0.3999999761581421,0.0
81.7999999999256,0.002019253572744847,-0.01138322607157543,4470.780916060871,-10.064898311864736,-1.4055687040617322,-2.9094006902188463,-0.03263315964473688,-16.330941607791043,348.2299196500885,-1091.7700803499108,207.0208012311438,-9.065071558331935,53.12949487606517,174.38619701493096,100.0,100.0,15591.020398472583,0.6629309132277167,9.598975133715426,5.380766318086442,-53.12949487606517,0.0,0.0,0.0,0.0,4470.780916061202,1.1843686365136123,-126.39242395997594,-0.056088462471961975,False,-1408.5127065478953,-2729.440372071334,4544.040020987695,-87.31571672980975,-10.118705510917708,117.43233148026071,224.78330771795638,-1267.180726287777,4470.780916060871,817,-0.7809898629102013,17.92657595251823,False,0.7224137783050537,-1.0,0.10000002384185791,0.0
81.89999999992551,0.0022062700387440225,-0.011393900792215684,4465.473004630155,-10.040389295289303,-1.4041427970941434,-2.8762277030169927,-0.05260477489503653,-16.427005993543986,346.58312668928323,-1093.4168733107163,206.75692387373198,-14.989132689778708,52.98519526337775,174.46704245065595,100.0,100.0,15597.955032173166,0.6630171970858346,9.60878762821811,6.78763517733531,-52.98519526337775,0.0,0.0,0.0,0.0,4465.473004630174,1.191473853759917,-125.65819505136665,-0.059251513332128525,False,-1420.7116781459517,-2713.044825214098,4539.205500418952,-85.09850454008115,-10.183672228260612,115.79182894763528,245.60198071298458,-1268.3690361894498,4465.473004630155,818,-0.6728814402729708,17.25369451224526,False,0.7224137783050537,-1.0,-0.3999999761581421,0.0
81.99999999992542,0.002392892766913276,-0.01141013431158095,4460.178906302976,-10.020327389581553,-1.4094835403935875,-2.932773110928002,-0.033031602206907595,-16.36499072496305,344.9531143841395,-1095.04688561586,206.2969304759306,-20.906612611469935,52.93944888125913,174.54692170569353,100.0,100.0,15604.863692973997,0.6631004118557295,9.585013872571158,5.386749642006509,-52.93944888125913,0.0,0.0,0.0,0.0,4460.178906303717,1.198420176595944,-124.9412204635829,-0.06276435405015945,False,-1432.5943158145667,-2696.3833203822846,4534.312299275029,-81.29049338083237,-10.176831851292444,114.15295525539665,266.3768228127859,-1270.1761515651913,4460.178906302976,819,-0.6581600766444654,16.595534435600797,False,0.7224137783050537,-1.0,0.10000002384185791,0.0
82.09999999992533,0.002579106336500374,-0.011431434930478683,4454.889135111067,-10.003735931390846,-1.4079252100259887,-2.8956290098448223,-0.05295064963136407,-16.453505347738936,343.30326392008726,-1096.696736079912,205.68737815877725,-26.815915898377636,52.81336522024438,174.62674301324668,100.0,100.0,15611.767442594159,0.663183503800557,9.595712293896849,6.7961783679218515,-52.81336522024438,0.0,0.0,0.0,0.0,4454.88913511154,1.2051841301584736,-124.20354917200498,-0.06992774456739426,False,-1444.0719304706597,-2679.423261893978,4529.395520711688,-79.07596401838607,-10.156321127051962,112.59175459165957,287.10611737922164,-1272.547336460887,4454.889135111067,820,-0.7032518186099048,15.892282616990892,False,0.7224137783050537,-1.0,-0.3999999761581421,0.0
82.19999999992524,0.002764599631400993,-0.011458272091810504,4449.611262306038,-9.99092269057587,-1.4131673731180812,-2.94902701811433,-0.03328778560925549,-16.393891215300588,341.6704966158732,-1098.329503384126,204.88217887495915,-32.706853547388725,52.78576323471295,174.70566908710404,100.0,100.0,15618.648166284407,0.6632637146868141,9.572384413443523,5.393038381683984,-52.78576323471295,0.0,0.0,0.0,0.0,4449.611262306062,1.21167152561438,-123.48203472555089,-0.08039139956235886,False,-1455.0170970478594,-2662.1251718628164,4524.493193228477,-79.63181181829185,-10.135456187399877,111.11267778214552,307.75523096755853,-1275.5348492603453,4449.611262306038,821,-0.7335221027009057,15.158760514289986,False,0.7224137783050537,-1.0,0.10000002384185791,0.0
82.29999999992515,0.002949386109090545,-0.011490152951867911,4444.336014901713,-9.981293837828844,-1.4115309387322925,-2.9092997434727246,-0.05319117420428441,-16.47687574268754,340.01800380945446,-1099.9819961905448,203.92766744477413,-38.58123983022977,52.67749770087516,174.78459050271505,100.0,100.0,15625.526498787416,0.6633439325102931,9.583473102057877,6.80486892178157,-52.67749770087516,0.0,0.0,0.0,0.0,4444.336014901955,1.2178970922795844,-122.73899617281434,-0.08845942467451096,False,-1465.402014692344,-2644.4998355308567,4519.603965043358,-80.64382498868477,-10.052928834324918,109.65338603020939,328.32566166395947,-1279.083826601936,4444.336014901713,822,-0.6605779093827288,14.498182604907257,False,0.7224137783050537,-1.0,-0.3999999761581421,0.0
82.39999999992506,0.003133126930162431,-0.01152752913854985,4439.070784030339,-9.974975707329635,-1.4167202929540985,-2.9607008493550664,-0.03345260003812397,-16.420569312958317,338.38275146120367,-1101.6172485387956,202.77863465731002,-44.42544316569915,52.66784473481507,174.86270660061388,100.0,100.0,15632.384935620892,0.6634215272129093,9.560281154152653,5.399400308175899,-52.66784473481507,0.0,0.0,0.0,0.0,4439.070784029364,1.2238765268794827,-122.01287390137716,-0.09642184525728226,False,-1475.2985231071593,-2626.591314044542,4514.710090222577,-81.09128950375431,-9.975747882270117,108.14112058985673,348.7796898656818,-1283.2445437033693,4439.070784030339,823,-0.6320561143588255,13.866126490548432,False,0.7224137783050537,-1.0,0.10000002384185791,0.0
82.49999999992497,0.003315864490155825,-0.011569908303981325,4433.80648657651,-9.971713493067503,-1.4150389800101513,-2.9192818034707955,-0.053363889884894704,-16.49901948018977,336.7277894532377,-1103.2722105467615,201.48100638703,-50.244658731005,52.57733822204176,174.9408862936942,100.0,100.0,15639.243664839978,0.6634993130368411,9.571533983318387,6.8135609466306,-52.57733822204176,0.0,0.0,0.0,0.0,4433.806486577745,1.229608194685864,-121.26558908376357,-0.10432252287864685,False,-1484.6483529920768,-2608.399404572627,4509.815189540085,-81.79155542882606,-9.924464502214242,106.61509252756328,369.12203504414646,-1287.962192399201,4433.80648657651,824,-0.6050913307690089,13.261035159779423,False,0.7224137783050537,-1.0,-0.3999999761581421,0.0
82.59999999992488,0.0034972332369004712,-0.011617722582970938,4428.550325592336,-9.97142480416714,-1.420203337838918,-2.9694238864129288,-0.033558560988433773,-16.446437410741297,335.09015504368875,-1104.9098449563105,199.99065396918252,-56.02191447313639,52.58568982750447,175.01835873138813,100.0,100.0,15646.085724910507,0.663574762711536,9.54834313991652,5.405741082840168,-52.58568982750447,0.0,0.0,0.0,0.0,4428.550325592654,1.2350928053847667,-120.53542221857148,-0.11217138916254044,False,-1493.499109546742,-2589.9550074803515,4504.907895915145,-81.96694585689633,-9.895401584313225,105.04560745080904,389.31200393176044,-1293.2848779363248,4428.550325592336,825,-0.5789030881313462,12.682132071648077,False,0.7224137783050537,-1.0,0.10000002384185791,0.0
82.69999999992478,0.0036773044835325674,-0.011670481799565407,4423.293395125017,-9.974165571117021,-1.4184968242566853,-2.926885266028417,-0.05349287599046364,-16.520840196410735,333.4327808682415,-1106.567219131758,198.3529014550789,-61.765750471119354,52.51307565892944,175.09596977850788,100.0,100.0,15652.930855211685,0.6636506112565445,9.559659641941394,6.8222023610756155,-52.51307565892944,0.0,0.0,0.0,0.0,4423.293395125971,1.240328492176607,-119.78416811712927,-0.11999648809432983,False,-1501.790688621114,-2571.260494673861,4499.992576734245,-82.4452137062186,-9.88724664143931,103.47386286518214,409.35753510684543,-1299.158033927621,4423.293395125017,826,-0.5538633300743258,12.128268741573752,False,0.7224137783050537,-1.0,-0.3999999761581421,0.0
82.7999999999247,0.0038556870747025094,-0.011728596997212177,4418.042705383238,-9.97962528086711,-1.4236523801506598,-2.976240617514223,-0.03362653593763075,-16.472180004617595,331.79278732642354,-1108.207212673576,196.5249001236323,-67.45594053487626,52.53962508457692,175.17297507211293,100.0,100.0,15659.762605668086,0.6637244217435242,9.536414768636032,5.41203045814111,-52.53962508457692,0.0,0.0,0.0,0.0,4418.042705381895,1.2453147196437004,-119.05017916929965,-0.12780869007110596,False,-1509.571432470207,-2552.343227508608,4495.060020810217,-82.46903260672883,-9.893254804604313,101.8697101701388,429.21508515588334,-1305.6274177296596,4418.042705383238,827,-0.5294513029557569,11.598817438617996,False,0.7224137783050537,-1.0,0.10000002384185791,0.0
82.8999999999246,0.0040324811319380986,-0.011791581860592489,4412.789521296529,-9.988152579862389,-1.4219315676906503,-2.9329484956371403,-0.05359358812501095,-16.54276782924144,330.1330021414734,-1109.8669978585262,194.551175810682,-73.10432792896374,52.48513723265169,175.25019701921323,100.0,100.0,15666.60026872734,0.6637988483296773,9.547752410870867,6.830784282175537,-52.48513723265169,0.0,0.0,0.0,0.0,4412.789521296815,1.250037358421144,-118.29490305628696,-0.13788574934005737,False,-1516.7554319810824,-2533.20458699403,4490.119761185584,-84.45404797923528,-9.99410661314776,100.27068727577601,448.89579960734915,-1312.6388927211558,4412.789521296529,828,-0.546085436470742,11.052732002147254,False,0.7224137783050537,-1.0,-0.3999999761581421,0.0
82.99999999992451,0.004207271101733896,-0.011859824813836161,4407.540657650364,-9.99919489957294,-1.427086999154495,-2.9818185169172358,-0.03366986263517452,-16.498129985247946,328.49063392528785,-1111.5093660747118,192.39035756631299,-78.68751544783944,52.530143624922445,175.32691615979672,100.0,100.0,15673.427891436793,0.6638715384299737,9.524433675386454,5.418267553787465,-52.530143624922445,0.0,0.0,0.0,0.0,4407.540657650009,1.2544708059634366,-117.5561748622322,-0.14543341100215912,False,-1523.3414087713984,-2513.867957780169,4485.151142435083,-86.10478536745879,-10.08590001621676,98.64659725426377,468.3534190450173,-1320.2356982762415,4407.540657650364,829,-0.47381359814337654,10.578918404003877,False,0.7224137783050537,-1.0,0.10000002384185791,0.0
83.09999999992442,0.00438018571159404,-0.01193284509097173,4402.287547893691,-10.013382568265094,-1.4253571312910889,-2.938006340416556,-0.053675912801267704,-16.56500900675079,326.8284118333536,-1113.1715881666462,190.0859747150226,-84.2206012542075,52.49405822015371,175.4039313268092,100.0,100.0,15680.264319941754,0.6639450649279276,9.535776006031941,6.839317282623271,-52.49405822015371,0.0,0.0,0.0,0.0,4402.28754789122,1.258706633637875,-116.79748679930418,-0.14850014448165894,False,-1529.4559974041872,-2494.3654963504214,4480.1301954253795,-84.52332130490535,-10.111064286763435,96.9615245499756,487.6022734146485,-1328.3643155269729,4402.287547893691,830,-0.37411963827358174,10.204798765730295,False,0.7224137783050537,-1.0,-0.3999999761581421,0.0
83.19999999992433,0.004550786307124885,-0.012011007038170346,4397.036810405463,-10.029910840060966,-1.430516295584011,-2.986583072228794,-0.03369700416783989,-16.524451180270038,325.1836347215951,-1114.8163652784046,187.5983299756426,-89.67710381650119,52.557800820071456,175.48054724886595,100.0,100.0,15687.094092122721,0.664017156831129,9.512378429512264,5.424464566181731,-52.557800820071456,0.0,0.0,0.0,0.0,4397.036810406268,1.262762750285424,-116.05754264912495,-0.15178415179252625,False,-1535.1867077397292,-2474.7237779740776,4475.061546003977,-80.9852400843289,-10.099771772281974,95.26986711678988,506.59353170914216,-1337.065303489123,4397.036810405463,831,-0.36163871688276333,9.843160048847531,False,0.7224137783050537,-1.0,0.10000002384185791,0.0
83.29999999992424,0.004719229923684394,-0.01209383711937228,4391.7800470927305,-10.049685424447233,-1.4287790052804679,-2.942399447738765,-0.05374614978505616,-16.587667087952457,323.5189364207966,-1116.4810635792032,184.96975722992258,-95.07531991572114,52.54039887046604,175.5575390971683,100.0,100.0,15693.935606173764,0.6640903055326204,9.523720250638352,6.847820346819224,-52.54039887046604,0.0,0.0,0.0,0.0,4391.780047091963,1.2666263917014167,-115.29710244959175,-0.15869471430778503,False,-1540.4385255480056,-2454.962935963253,4469.982189554205,-78.80399499722644,-10.091276861971746,93.65532447675255,525.3446751045467,-1346.2859481285223,4391.7800470927305,832,-0.41025194328709463,9.432908105560436,False,0.7224137783050537,-1.0,-0.3999999761581421,0.0
83.39999999992415,0.004885056192059632,-0.012181674216214022,4386.523680134574,-10.071641893083806,-1.4339427097839652,-2.9908054181857975,-0.03371328474290296,-16.551227459238582,321.8717067704447,-1118.128293229555,182.16242609713402,-100.38577761993392,52.6231479332967,175.63423551452752,100.0,100.0,15700.773888160806,0.6641623205371093,9.500244503626782,5.4306392206693985,-52.6231479332967,0.0,0.0,0.0,0.0,4386.523680133974,1.2702008184031737,-114.55304294083568,-0.16926097869873047,False,-1545.0765407433637,-2435.077709123676,4464.928809348634,-79.28808160118845,-10.089150402060115,92.13612942369767,543.8044553000782,-1356.063973748945,4386.523680134574,833,-0.45207299768456516,8.98083510787587,False,0.7224137783050537,-1.0,0.10000002384185791,0.0
83.49999999992406,0.005048450060327893,-0.012274053688585711,4381.259481102017,-10.096958200670553,-1.4321973575503175,-2.946344985001789,-0.05380830314808968,-16.610799534323718,320.20448586132335,-1119.7955141386765,179.21727658181103,-105.62990676084489,52.62469175403545,175.7113878632846,100.0,100.0,15707.626884572604,0.6642356113624667,9.511585119403394,6.856315829538856,-52.62469175403545,0.0,0.0,0.0,0.0,4381.259481101195,1.2734863269166496,-113.78727265864961,-0.1797359585762024,False,-1549.0500050676642,-2415.0693476332367,4459.9034757789195,-81.87946551310469,-10.11228968137486,90.64807593876534,561.9934607157011,-1366.3476566133613,4381.259481102017,834,-0.42665584752320057,8.55417926035267,False,0.7224137783050537,-1.0,-0.3999999761581421,0.0
83.59999999992397,0.0052089309155048955,-0.01237128764334241,4375.9936771245,-10.12430449047937,-1.4373645137128328,-2.9946588354957826,-0.033722021736379205,-16.578506189591312,318.55475478136145,-1121.4452452186385,176.09853494225075,-110.77534812314457,52.726690297608904,175.7883486505403,100.0,100.0,15714.480108496553,0.6643080677722459,9.48803354947659,5.436811354206326,-52.726690297608904,0.0,0.0,0.0,0.0,4375.993677122387,1.2764704395483226,-113.03815091039307,-0.18757478892803192,False,-1552.3913668556856,-2394.9612005228278,4454.87580436703,-83.99792080666492,-10.116788939042092,89.11809548840479,579.858189514005,-1377.1717404568772,4375.9936771245,835,-0.3543890348498949,8.199790225502776,False,0.7224137783050537,-1.0,0.10000002384185791,0.0
83.69999999992388,0.005366711125790217,-0.012472921982081104,4370.718211241278,-10.155129915973111,-1.435609055592938,-2.949982057977762,-0.05386491742181888,-16.634444995184896,316.88496053684395,-1123.115039463156,172.84555041284057,-115.84658876376173,52.74740882432114,175.86584520631243,100.0,100.0,15721.351049419134,0.6643820167688705,9.49937380537117,6.864827224364888,-52.74740882432114,0.0,0.0,0.0,0.0,4370.71821123994,1.2792454264106796,-112.26921896410785,-0.1908339112997055,False,-1555.2341471641896,-2374.76422397246,4449.813165863702,-82.69322387395073,-10.063981720748634,87.50695270922108,597.422282522967,-1388.4856750452684,4370.718211241278,836,-0.25417144904353595,7.94561877645924,False,0.7224137783050537,-1.0,-0.3999999761581421,0.0
83.79999999992378,0.005521291386274101,-0.012579240807707245,4365.439117452228,-10.187834603662974,-1.4407774255707626,-2.9982549026882848,-0.03372525834647446,-16.606319261151327,315.232675633479,-1124.767324366521,169.4247913229986,-120.80849548796142,52.86886138943106,175.94325396904824,100.0,100.0,15728.225706747438,0.6644554285933582,9.475748847421801,5.443001422468702,-52.86886138943106,0.0,0.0,0.0,0.0,4365.439117450136,1.2818282870073854,-111.51952630884487,-0.19420431554317474,False,-1557.6720779300322,-2354.4897666820902,4444.715100641513,-79.33605182378635,-9.987852580829468,85.86717901476027,614.6301571200329,-1400.3210867139705,4365.439117452228,837,-0.24066008709693393,7.704958689362305,False,0.7224137783050537,-1.0,0.10000002384185791,0.0
83.8999999999237,0.0056729108954516674,-0.012689802183415463,4360.148512255311,-10.224139229026607,-1.43900897276036,-2.9534006684960072,-0.053917614872010106,-16.658635791127857,313.56025408903946,-1126.4397459109607,165.87382175199673,-125.68852585456669,52.908941242894485,176.02127794481862,100.0,100.0,15735.121106681727,0.6645305468510938,9.487089913206548,6.873378220139618,-52.908941242894485,0.0,0.0,0.0,0.0,4360.148512252961,1.284212017505301,-110.74962882256322,-0.2011016309261322,False,-1559.61941891788,-2334.1722934263053,4439.619671434388,-77.25501687774073,-9.924778492332075,84.28535457727534,631.5084408816796,-1412.6287790578094,4360.148512255311,838,-0.2889183483568738,7.416040341005432,False,0.7224137783050537,-1.0,-0.3999999761581421,0.0
83.9999999999236,0.005821053284640465,-0.012804861064846934,4354.852239075646,-10.2621700575422,-1.44417564986374,-3.0016664705749174,-0.03372423383281721,-16.63469309033703,311.9053600737122,-1128.094639926288,162.16153245862682,-130.44889663000137,53.05000719127333,176.09931763412612,100.0,100.0,15742.023734258059,0.6646054227357251,9.463393544985644,5.449229881067334,-53.05000719127333,0.0,0.0,0.0,0.0,4354.852239073701,1.2863049883840334,-109.9961160403623,-0.2115786224603653,False,-1560.9448790866895,-2313.84114997779,4434.568728720841,-77.81928655864843,-9.875646581444684,82.78400442379372,647.9996516461766,-1425.4371337387606,4354.852239075646,839,-0.331657163745351,7.08438317726008,False,0.7224137783050537,-1.0,0.10000002384185791,0.0
84.09999999992351,0.00596598389638805,-0.012923989265255006,4349.5425897604555,-10.30392050855669,-1.4423908281797253,-2.9566600614824186,-0.05396743811346826,-16.68340342246977,310.2302543401135,-1129.769745659887,158.3235113837905,-135.11993788660573,53.109587465918814,176.17805137404318,100.0,100.0,15748.950145607647,0.6646822153757616,9.4747364731506,6.881992327353177,-53.109587465918814,0.0,0.0,0.0,0.0,4349.542589761272,1.2881089242217425,-109.22052466588109,-0.22214572131633759,False,-1561.5968265005476,-2293.5099263805764,4429.566190395132,-80.46609972758236,-9.85643417317803,81.30857614857983,664.1333273459177,-1438.6984850081872,4349.5425897604555,840,-0.31162587422399346,6.772757303036087,False,0.7224137783050537,-1.0,-0.3999999761581421,0.0
84.19999999992342,0.006107170997940688,-0.013047411540160885,4344.225220296264,-10.347239605999524,-1.4475525451393798,-3.0049421788925645,-0.03371968312678066,-16.66365323682507,308.57269312402514,-1131.427306875975,154.3312462826206,-139.6613510627511,53.27037721872314,176.2569038949915,100.0,100.0,15755.887310476712,0.6647590575501268,9.45097010063926,5.455516947553933,-53.27037721872314,0.0,0.0,0.0,0.0,4344.225220293523,1.2896061767380183,-108.46175485551265,-0.23001883924007416,False,-1561.6097451054477,-2273.1809925652556,4424.577262502056,-82.61589898960472,-9.82295380918227,79.79817655655536,679.8502754907573,-1452.4378526507096,4344.225220296264,841,-0.23945690923344648,6.533300393802641,False,0.7224137783050537,-1.0,0.10000002384185791,0.0
84.29999999992333,0.006244905294561166,-0.013174715004351599,4338.892599523714,-10.39439533202935,-1.4457477257663613,-2.9598002893096313,-0.054015067180519495,-16.708780799816925,306.894843357129,-1133.1051566428712,150.2181622050603,-144.10622933008588,53.34954668936937,176.3365284801381,100.0,100.0,15762.85130796265,0.6648380226766442,9.462315710759045,6.8906927422357,-53.34954668936937,0.0,0.0,0.0,0.0,4338.892599522712,1.2908883584705917,-107.68333856603414,-0.23327462375164032,False,-1561.1179611303721,-2252.8443850457647,4419.565640765718,-81.3310588976976,-9.733688465149543,78.20785973149572,695.182857390549,-1466.60927428442,4338.892599523714,842,-0.13865407464627538,6.394646319156365,False,0.7224137783050537,-1.0,-0.3999999761581421,0.0
84.39999999992324,0.00637864145567936,-0.013306093255184205,4333.550199604932,-10.442956363063415,-1.4509010525534036,-3.008115585946046,-0.03371202660044175,-16.69322640923347,305.23455392980037,-1134.7654460702,145.95851200493937,-148.41190422639448,53.53011988087856,176.41637428264693,100.0,100.0,15769.82959135493,0.6649173258608043,9.43848020955646,5.461882518004867,-53.53011988087856,0.0,0.0,0.0,0.0,4333.550199603753,1.2919708680434774,-106.9246005393123,-0.23662616312503815,False,-1560.2166599100208,-2232.4975036778537,4414.528576116997,-77.98799646399524,-9.621132620999491,76.58562253843806,710.0703668462263,-1481.2343011671057,4333.550199604932,843,-0.12544042741561126,6.269205891740754,False,0.7224137783050537,-1.0,0.10000002384185791,0.0
84.49999999992315,0.0065086946746191095,-0.013441150217940461,4328.190667649112,-10.495467471654068,-1.4490725005754612,-2.9628494702830173,-0.054060956333169825,-16.734802971635062,303.5538971636815,-1136.4461028363187,141.58337609308592,-152.6141111717161,53.62891579111454,176.4970691180171,100.0,100.0,15776.83775583141,0.6649989534577114,9.449829096302537,6.899502299904275,-53.62891579111454,0.0,0.0,0.0,0.0,4328.19066764871,1.2928499853229378,-106.14585210315434,-0.2435465306043625,False,-1558.8267568033407,-2212.1871994301746,4409.505995616657,-75.91223192651135,-9.52220167215424,75.01894632144133,724.5478911785992,-1496.2688422611322,4328.190667649112,844,-0.1760343511715291,6.093171540569225,False,0.7224137783050537,-1.0,-0.3999999761581421,0.0
84.59999999992306,0.006634507850591083,-0.013580047472659845,4322.819296088478,-10.549214026943837,-1.45421397178998,-3.0112108882458104,-0.033701489719740456,-16.723441220436275,301.89081539491286,-1138.1091846050872,137.06993342255228,-156.66796777976805,53.82928068196958,176.57808677382002,100.0,100.0,15783.863736739775,0.6650812037268659,9.42592489384872,5.468346138447224,-53.82928068196958,0.0,0.0,0.0,0.0,4322.819296087395,1.2934356649551388,-105.38375051963544,-0.2540457546710968,False,-1556.8235898367698,-2191.9604066108272,4404.54238241205,-76.47287341128586,-9.43855190469072,73.53240299109744,738.5534139277994,-1511.730884656494,4322.819296088478,845,-0.22083891647873538,5.87233262409049,False,0.7224137783050537,-1.0,0.10000002384185791,0.0
84.69999999992297,0.006756419699198068,-0.01372240721610521,4317.428911156922,-10.607020113750352,-1.452357942446848,-2.96582832846621,-0.05410541991240072,-16.761507187238774,300.2072853342436,-1139.7927146657566,132.4467437497726,-160.61171952767694,53.94768857966232,176.66002916295767,100.0,100.0,15790.922638672579,0.6651659745169209,9.43727747194745,6.908443453552276,-53.94768857966232,0.0,0.0,0.0,0.0,4317.428911156227,1.2937316709354494,-104.59958563988991,-0.26462772488594055,False,-1554.1587445009532,-2171.838365795532,4399.64289558371,-79.10852655471089,-9.384896280175065,72.07035684345726,752.124640914729,-1527.578371296832,4317.428911156922,846,-0.201959952373108,5.670372671717382,False,0.7224137783050537,-1.0,-0.3999999761581421,0.0
84.79999999992287,0.006873863232958539,-0.01386835825452477,4312.024630048683,-10.66588489188954,-1.4574841399425147,-3.014246491895999,-0.03368817823773411,-16.754328352807264,298.54134376315926,-1141.4586562368409,127.69406541709515,-164.3984363905086,54.16780231095974,176.74239493602425,100.0,100.0,15798.002877307175,0.6652516481445151,9.413304626873902,5.474926989892274,-54.16780231095974,0.0,0.0,0.0,0.0,4312.024630046091,1.2937182768985676,-103.83244825506361,-0.2725401818752289,False,-1550.8655335745084,-2151.818000403071,4394.772177699066,-81.2510187367777,-9.31716928384475,70.57363579673753,765.1984550929445,-1543.8256408936975,4312.024630048683,847,-0.13027916030259498,5.540093511414787,False,0.7224137783050537,-1.0,0.10000002384185791,0.0
84.89999999992278,0.006987199635410514,-0.014017542463819213,4306.599458536792,-10.72891450819311,-1.4555969417099492,-2.9687530241342723,-0.054148686031838346,-16.78893268178168,296.8548705783448,-1143.1451294216552,122.83776793621598,-168.06873054416505,54.305756589389304,176.82575965239127,100.0,100.0,15805.119060286583,0.6653400324347799,9.424661178911572,6.917538255479547,-54.305756589389304,0.0,0.0,0.0,0.0,4306.5994585340395,1.2934630428223404,-103.04514077165017,-0.28042274713516235,False,-1547.0268424392173,-2131.8874029121707,4389.9010435051205,-82.03678788988283,-9.295281250049781,68.99760958379208,777.8150634138984,-1560.4328270723547,4306.599458536792,848,-0.1126365542716712,5.427456957143115,False,0.7224137783050537,-1.0,-0.3999999761581421,0.0
84.9999999999227,0.007095853966234886,-0.014170055226154514,4301.158343449795,-10.792819006054655,-1.4607045487851678,-3.017237235535067,-0.03367212533886073,-16.785920449548772,295.18599821765724,-1144.8140017823428,117.86133403208324,-171.57380063044778,54.545526009808185,176.9096470705382,100.0,100.0,15812.260081659433,0.6654295947367554,9.400619444454366,5.481643871946075,-54.545526009808185,0.0,0.0,0.0,0.0,4301.15834344872,1.2928991426456127,-102.27495940021147,-0.2906070649623871,False,-1542.5703661623902,-2112.0929492498235,4385.032883208731,-84.42294189285874,-9.40612487513988,67.40116450113082,789.9104635212675,-1577.4105477755206,4301.158343449795,849,-0.13428813531621336,5.293168821826902,False,0.7224137783050537,-1.0,0.10000002384185791,0.0
85.0999999999226,0.007200208736914292,-0.01432555944567418,4295.694470034009,-10.860989536255673,-1.4587825853800793,-2.971636912834733,-0.054190930051174285,-16.817120355330072,293.49650836172975,-1146.5034916382701,112.7877804695102,-174.95647122873135,54.702910935488674,176.9946059329132,100.0,100.0,15819.440046137246,0.6655220512734896,9.411980160329472,6.926808332554002,-54.702910935488674,0.0,0.0,0.0,0.0,4295.694470033182,1.2920509204131077,-101.48316086733031,-0.3000904321670532,False,-1537.4869118823794,-2092.4636205678135,4380.145365766982,-88.0847900769512,-9.620534074738323,65.76833802393874,801.527236593299,-1594.7212774924496,4295.694470034009,850,-0.1013819817911534,5.191786840035749,False,0.7224137783050537,-1.0,-0.3999999761581421,0.0
85.19999999992251,0.007299683032692182,-0.014484116539568092,4290.212619978851,-10.929844067302918,-1.4638684228625725,-3.0201957691861665,-0.033653321153250766,-16.818251880989585,291.82463052908116,-1148.175369470919,107.60395048355144,-178.16625564872075,54.96219382915118,177.08018536723634,100.0,100.0,15826.648323986814,0.6656159554733483,9.387869030798644,5.488515181045773,-54.96219382915118,0.0,0.0,0.0,0.0,4290.212619977552,1.290901741324145,-100.70854765166489,-0.30846863985061646,False,-1531.8126952372093,-2073.010920479118,4375.201397835132,-92.3843312340076,-9.957303720369726,64.07683826577382,812.6007151992936,-1612.37185318472,4290.212619978851,851,-0.059322923500665564,5.132463916535084,False,0.7224137783050537,-1.0,0.10000002384185791,0.0
85.29999999992242,0.007394679470596892,-0.014645411725716368,4284.706157479334,-11.00306187191786,-1.4619082218001604,-2.9744916345314265,-0.05423229538005966,-16.846112418726882,290.13204658425934,-1149.8679534157407,102.32985331882165,-181.2480259142774,55.13884491485182,177.16690682496008,100.0,100.0,15833.89851138081,0.6657129303250228,9.399234036903502,6.9362748553971,-55.13884491485182,0.0,0.0,0.0,0.0,4284.706157477875,1.2894941236973514,-99.91280425779249,-0.3162572681903839,False,-1525.576920938986,-2053.7489320740083,4370.161705280864,-96.84913359774265,-10.44659277233309,62.34075574608182,823.175718666846,-1630.3272333067462,4284.706157479334,852,-0.02992167623886019,5.1025422402962235,False,0.7224137783050537,-1.0,-0.3999999761581421,0.0
85.39999999992233,0.007484613178427445,-0.014809472027760315,4279.179704623425,-11.076765797960578,-1.4669692725270413,-3.0231334058492534,-0.03363173121847609,-16.85135845466354,288.45708476529444,-1151.5429152347056,96.95581942650682,-184.14980534803405,55.41745151787153,177.25434508170494,100.0,100.0,15841.180452517256,0.6658116164557244,9.375052780165106,5.49555888354702,-55.41745151787153,0.0,0.0,0.0,0.0,4279.179704620934,1.287803186038694,-99.13445149823313,-0.3236103951931,False,-1518.7989826957087,-2034.6969940792872,4364.986808973241,-101.28854747129164,-11.107385346009732,60.58684709650226,833.1871390225432,-1648.5904261302783,4279.179704623425,853,-0.0014808313923755558,5.101061408903848,False,0.7224137783050537,-1.0,0.10000002384185791,0.0
85.49999999992224,0.00756990557749197,-0.0149760061943202,4273.626803546539,-11.154926530400276,-1.4649675050207955,-2.9773277846567936,-0.05427290636092533,-16.8759520345507,286.7613253222541,-1153.2386746777458,91.49870410940058,-186.91833810383494,55.61315714816624,177.34299381448332,100.0,100.0,15848.50722983691,0.6659135419380339,9.38642215964559,6.945958502770058,-55.61315714816624,0.0,0.0,0.0,0.0,4273.626803545968,1.2858761512948715,-98.33528779963135,-0.3283461928367615,False,-1511.5180022395414,-2015.8602499280028,4359.640785310123,-103.78637176397716,-11.862710779908591,58.81102883748708,842.6818888864061,-1667.1290095517247,4273.626803546539,854,0.06639930886000074,5.1674607177638485,False,0.7224137783050537,-1.0,-0.3999999761581421,0.0
85.59999999992215,0.007649969887616832,-0.015145006541870886,4268.051922572637,-11.233368634005023,-1.4700009307966615,-3.026060644323591,-0.03360730802361943,-16.88527710045238,285.0831970670264,-1154.9168029329735,85.95244177388719,-189.50036183042465,55.910851879776644,177.43245374353882,100.0,100.0,15855.869159072461,0.6660174357920696,9.362169839248262,5.5027924852625425,-55.910851879776644,0.0,0.0,0.0,0.0,4268.051922571229,1.283711728049362,-97.55515485351499,-0.3333214521408081,False,-1503.8031007825386,-1997.2089809564477,4354.118109565142,-104.24534670281041,-12.712458990087844,57.034589989757194,851.5946478895057,-1685.942128241067,4268.051922572637,855,0.07910845697943483,5.246569174743283,False,0.7224137783050537,-1.0,0.10000002384185791,0.0
85.69999999992206,0.007725244958081627,-0.015316206493609348,4262.448780340031,-11.316357672716927,-1.4679544260043633,-2.9801553246688774,-0.054312876207905425,-16.906682962750875,283.3841766378807,-1156.615823362119,80.33059631990825,-191.94430747954638,56.125355127175666,177.52319027864849,100.0,100.0,15863.278804088644,0.6661247294458034,9.373543645445448,6.955879423106376,-56.125355127175666,0.0,0.0,0.0,0.0,4262.448780337766,1.281303059358905,-96.75348279886863,-0.34144118428230286,False,-1495.5800885464582,-1978.825908409954,4348.386089701035,-106.01552264794825,-13.66102227742907,55.35391400462146,859.9742687336467,-1705.0001068685926,4262.448780340031,856,0.03509090102047899,5.281660075763762,False,0.7224137783050537,-1.0,-0.3999999761581421,0.0
85.79999999992197,0.007795144176424369,-0.01548956346251546,4256.821697484568,-11.399416623778427,-1.4729575795977403,-3.028987487373986,-0.03357999822719417,-16.920045545048545,281.70279549096216,-1158.2972045090378,74.63081234345798,-194.19583990966436,56.44185848522407,177.61483040074663,100.0,100.0,15870.726949733848,0.6662342415827516,9.349219135544311,5.51023299905012,-56.44185848522407,0.0,0.0,0.0,0.0,4256.821697480491,1.2786132166482265,-95.96839691462499,-0.3471153974533081,False,-1486.846404257126,-1960.7465118530224,4342.4189562696665,-107.07228878136051,-14.589496145986343,53.69262212078794,867.7554497195608,-1724.298204647221,4256.821697484568,857,0.10395048988548045,5.385610565649243,False,0.7224137783050537,-1.0,0.10000002384185791,0.0
85.89999999992187,0.007860122372635897,-0.015664836612568688,4251.16456723533,-11.487109582297071,-1.4708633350952511,-2.982983830590145,-0.05435231186397322,-16.93834921346635,280.00042445611695,-1159.9995755438829,68.8632344390234,-196.30488188566815,56.674859074314575,177.7078107507174,100.0,100.0,15878.225636854597,0.6663473052114901,9.360597400565965,6.966057194976931,-56.674859074314575,0.0,0.0,0.0,0.0,4251.16456723365,1.2757028992319095,-95.16257448281603,-0.35294613242149353,False,-1477.669502011603,-1942.9330788478183,4336.227917185209,-106.84806527574337,-15.527897220418845,52.014262633383055,874.9888225218281,-1743.8096117111463,4251.16456723533,858,0.1173274102100864,5.5029379758593295,False,0.7224137783050537,-1.0,-0.3999999761581421,0.0
85.99999999992178,0.007919595197453189,-0.015841948376253683,4245.481568888453,-11.574654468811483,-1.475833768879888,-3.031923632753967,-0.033549747169864294,-16.95570198260753,278.3156999202868,-1161.684300079713,63.02931259011868,-198.21624651033318,57.00984965999194,177.80178490610803,100.0,100.0,15885.766116943709,0.6664628300286916,9.33619939604209,5.517896911919019,-57.00984965999194,0.0,0.0,0.0,0.0,4245.481568885307,1.2725115664618514,-94.37308465443863,-0.360649973154068,False,-1467.9999054272014,-1925.461777729984,4329.787943979004,-108.20854090300557,-16.51602781278686,50.39457923862484,881.609337380489,-1763.52569324456,4245.481568888453,859,0.10062800016321198,5.603565976022542,False,0.7224137783050537,-1.0,0.10000002384185791,0.0
86.09999999992169,0.007974031947706043,-0.01602068464267154,4239.7667679360775,-11.666917759431641,-1.4736889585433688,-2.9858226410034137,-0.054391316939288795,-16.97099470742516,276.60988450897014,-1163.3901154910295,57.1356543306347,-199.98114411489527,57.26100604927788,177.8971602277036,100.0,100.0,15893.359903710469,0.666582048802811,9.347582135988766,6.9765107877367365,-57.26100604927788,0.0,0.0,0.0,0.0,4239.766767934486,1.2690793306931392,-93.5610402985071,-0.36570942401885986,False,-1457.8636840833383,-1908.3519167396043,4323.086792666173,-109.06015157841543,-17.468954778982752,48.752677420325426,887.6692364186367,-1783.422614422196,4239.7667679360775,860,0.1723629196081568,5.775928895630698,False,0.7224137783050537,-1.0,-0.3999999761581421,0.0
86.1999999999216,0.00802285264607764,-0.01620093290787052,4234.024208854491,-11.75880866289973,-1.478624430795288,-3.034878585460994,-0.03351650169441089,-16.9922847455062,274.92172204213216,-1165.0782779578676,51.18759866559222,-201.54376479023122,57.61412269555185,177.99361724712892,100.0,100.0,15900.998712905628,0.666703963674473,9.323109159481104,5.525800152635654,-57.61412269555185,0.0,0.0,0.0,0.0,4234.024208852022,1.2654017304694305,-92.76667272381883,-0.37097930908203125,False,-1447.3244178657192,-1891.55923191539,4316.141303940708,-108.76482322131181,-18.428410147922975,47.07692772301016,893.1039565613629,-1803.4878513041463,4234.024208854491,861,0.18714772672577423,5.963076622356472,False,0.7224137783050537,-1.0,0.10000002384185791,0.0
86.29999999992151,0.008067020872257268,-0.016382489925705075,4228.240240897385,-11.735560865793861,-1.437277684292666,-2.7224934610822134,-0.023168651455184396,-17.201794079768298,273.20867740272655,-1166.7913225972734,46.79985687168547,-202.92520638192346,58.06767476449668,178.40304543531695,100.0,100.0,15912.348017814804,0.6679524668481746,9.88295392768037,3.995741049196189,-58.06767476449668,0.0,0.0,0.0,0.0,4228.240240895554,1.261518901186599,-91.94632669977521,-0.3760753571987152,False,-1436.351778287244,-1875.1384088989676,4308.929216722718,-108.51285569280995,-19.365478024180934,45.42387975383695,898.020763499679,-1823.698778529489,4228.240240897385,862,0.1930097647523316,6.156086387108804,False,0.7224137783050537,-1.0,0.6000000238418579,0.0
86.39999999992142,0.00810738756830074,-0.01656527136761344,4222.421179084004,-11.641893980611044,-1.3672037869897906,-2.0709659162283147,-0.03952535974622218,-16.49295210892536,271.5098679707559,-1168.4901320292438,42.252275766727415,-204.28439175430577,58.23229221555893,178.78534880056245,100.0,100.0,15923.427885066973,0.6691008034139136,10.447390115525065,5.345872976053317,-58.23229221555893,0.0,0.0,0.0,0.0,4222.421179081355,1.2575002254620806,-91.140231894568,-0.3813583254814148,False,-1424.9857666321973,-1859.0617736119755,4301.466432654459,-107.71300233948185,-20.276993297904742,43.75582662065062,902.5143841032384,-1844.046008642728,4222.421179084004,863,0.2012394069653136,6.357325794074117,False,0.7224137783050537,-1.0,0.10000002384185791,0.0
86.49999999992133,0.008143045403574588,-0.016749253361609488,4216.610314171046,-11.5450628056857,-1.3291757532792565,-1.6796505158896244,-0.048428685735785036,-15.565005833631757,269.90232616966887,-1170.097673830331,36.37316784431975,-205.582983647767,57.8943289673575,178.89644661508964,100.0,100.0,15931.323743413104,0.6692717101022067,10.479028709299445,6.930230258601847,-57.8943289673575,0.0,0.0,0.0,0.0,4216.61031416965,1.2532749970960246,-90.42435914513364,-0.38646793365478516,False,-1413.2033605045083,-1843.3911789658928,4293.738744654349,-107.23039201167862,-21.142187183200075,42.102905261005674,906.4838143259232,-1864.5268842143682,4216.610314171046,864,0.23298622875132072,6.5903120228254375,False,0.7224137783050537,-1.0,-0.3999999761581421,0.0
86.59999999992124,0.008172748299967643,-0.016934324152809665,4210.85427071313,-11.456815755108803,-1.3440386933202642,-1.8332507207995536,-0.0441645444805334,-15.059847209567751,268.37817406670854,-1171.6218259332911,29.32585613624202,-206.6851602633249,57.23260673613752,178.77827782736097,100.0,100.0,15936.467604193047,0.6686190457057665,10.031444320827514,7.402315214897692,-57.23260673613752,0.0,0.0,0.0,0.0,4210.854270711504,1.2487854444148938,-89.79200397208689,-0.3917328715324402,False,-1401.0431042085079,-1828.0952923604561,4285.7641287315755,-106.3876296773149,-21.974110975921704,40.4244891948967,909.790340752398,-1885.128964690772,4210.85427071313,865,0.2616078295821378,6.851919852407575,False,0.7224137783050537,-1.0,-0.3999999761581421,0.0
86.69999999992115,0.008196312477198726,-0.017120271699075585,4205.149535651386,-11.299492649712404,-1.3656359353270136,-2.1512117588935205,-0.016292448392712513,-15.392933052287981,266.86876203634245,-1173.1312379636572,23.109167329811704,-207.56365411144046,56.9251743992253,178.83320328590239,100.0,100.0,15943.583786881298,0.6685918927158516,9.80589932012645,5.730691720475277,-56.9251743992253,0.0,0.0,0.0,0.0,4205.149535650227,1.2440084273381256,-89.17309443412597,-0.39671415090560913,False,-1388.4906183051592,-1813.2405264265399,4277.533843771568,-105.94005202102244,-22.761299222750463,38.74958597953584,912.4135049617621,-1905.8286455410941,4205.149535651386,866,0.2836078011903224,7.135527653597897,False,0.7224137783050537,-1.0,0.10000002384185791,0.0
86.79999999992106,0.008214526606184653,-0.017306950666899704,4199.4720797975515,-11.154345798025538,-1.374821985441018,-2.3071008692271673,-0.04173387834628364,-15.97698634482253,265.29113017608813,-1174.7088698239115,16.908648733014562,-208.27213097665754,56.57944186095518,178.89660092984974,100.0,100.0,15950.768831735315,0.6685962859857566,9.672175159506157,7.152116954764338,-56.57944186095518,0.0,0.0,0.0,0.0,4199.472079794392,1.239009523779914,-88.48576088649074,-0.40189239382743835,False,-1375.5846821338353,-1798.7927020000434,4269.066014767197,-105.15780078791636,-23.52132183054965,37.04221704546423,914.4411018004755,-1926.609748239275,4199.4720797975515,867,0.29815338806772845,7.433681041665626,False,0.7224137783050537,-1.0,-0.3999999761581421,0.0
86.89999999992096,0.008226874563049361,-0.017494138563836085,4193.826577322397,-11.035247534776557,-1.3885285012631863,-2.5158078405118274,-0.022078433874437902,-16.173553762173054,263.69470433903956,-1176.3052956609602,10.70822888856208,-208.75956502553436,56.386154551243415,178.96561606897086,100.0,100.0,15957.984065802077,0.668622110537067,9.550640110586897,5.657208453243717,-56.386154551243415,0.0,0.0,0.0,0.0,4193.826577320961,1.2337426227102888,-87.77808043632396,-0.40675437450408936,False,-1362.309273991549,-1784.813839778357,4260.350442481819,-104.78397259261268,-24.243050699689878,35.33824437478786,915.8156763586549,-1947.447504926233,4193.826577322397,868,0.327893948396875,7.761574990062501,False,0.7224137783050537,-1.0,0.10000002384185791,0.0
86.99999999992087,0.008233883528366721,-0.01768172630467608,4188.198244250277,-10.942086768597571,-1.3922475391287434,-2.5798327149894074,-0.04678925724577819,-16.51144295675626,262.0509294550406,-1177.949070544959,4.512767074702528,-209.08228869134288,56.13688416538636,179.03904138045888,100.0,100.0,15965.232184633882,0.6686644222911957,9.494625126517441,7.106580796968446,-56.13688416538636,0.0,0.0,0.0,0.0,4188.198244249658,1.2282567903773909,-87.02269275954058,-0.41178765892982483,False,-1348.702061694403,-1771.2667682091676,4251.404208309442,-104.0617307253368,-24.94460395296276,33.599792117232646,916.5959143777834,-1968.3297722365414,4188.198244250277,869,0.3437434368788458,8.105318426941347,False,0.7224137783050537,-1.0,-0.3999999761581421,0.0
87.09999999992078,0.008235031573288336,-0.01786946240663078,4182.592975043348,-10.867475695951866,-1.4020452374211476,-2.7173219157945763,-0.026586854690136594,-16.57216064448898,260.40743172500356,-1179.5925682749962,-1.6828351847049954,-209.1889181007717,56.017431708557424,179.1146042376026,100.0,100.0,15972.479849718973,0.6687152670831775,9.425950405423322,5.626768774095737,-56.017431708557424,0.0,0.0,0.0,0.0,4182.592975040788,1.2225057338091365,-86.26580417398186,-0.4164738655090332,False,-1334.750991344662,-1758.2144038918354,4242.218130840558,-103.7450589618344,-25.614415940372183,31.86346436778461,916.7237147384575,-1989.2285551061384,4182.592975043348,870,0.3751588083482788,8.480477235289625,False,0.7224137783050537,-1.0,0.10000002384185791,0.0
87.19999999992069,0.008230841454518812,-0.018057273918528856,4176.998555362675,-10.810608617122746,-1.4034400704427707,-2.7345590379562927,-0.04983107643341735,-16.773753627305876,258.73054760416574,-1181.269452395834,-7.876401778571414,-209.13295238960893,55.82839736560389,179.19203313359571,100.0,100.0,15979.737767617073,0.6687731804173146,9.406503517595345,7.090577159267269,-55.82839736560389,0.0,0.0,0.0,0.0,4176.998555359975,1.2165375154528633,-85.47504314504492,-0.42131373286247253,False,-1320.4921309058798,-1745.6168894704124,4232.808190500767,-103.05971727597421,-26.26947496192319,30.091216111154544,916.2572707170342,-2010.1357326106322,4176.998555362675,871,0.3923153665322867,8.872792601821912,False,0.7224137783050537,-1.0,-0.3999999761581421,0.0
87.2999999999206,0.008220797490676555,-0.01824487856110858,4171.42144467499,-10.765042027466041,-1.4115885608437029,-2.83736789521043,-0.029061374806303355,-16.771838802942042,257.06381014822733,-1182.9361898517723,-14.063131287586486,-208.86271174641996,55.75888525886031,179.2700528165563,100.0,100.0,15986.983621836262,0.6688338279872013,9.361770673112739,5.616193528836453,-55.75888525886031,0.0,0.0,0.0,0.0,4171.421444675555,1.2103062846009869,-84.69243903645562,-0.4257812201976776,False,-1305.917348372821,-1733.5380439018893,4223.166124673268,-102.77518602140609,-26.897276830565097,28.320733203042355,915.1391766621141,-2031.0198814226069,4171.42144467499,872,0.4254485412961735,9.298241143118085,False,0.7224137783050537,-1.0,0.10000002384185791,0.0
87.39999999992051,0.008205421843891723,-0.01843223643800021,4165.850749602244,-10.732643827083285,-1.4119356984274192,-2.8305861379505064,-0.05159133861347535,-16.90688436668147,255.37024763537644,-1184.6297523646233,-20.24425207748811,-208.4301850805687,55.61393499563716,179.3488367258475,100.0,100.0,15994.231828705779,0.668897401642483,9.358889730631821,7.087894502518435,-55.61393499563716,0.0,0.0,0.0,0.0,4165.85074959852,1.203859309170376,-83.88239931195544,-0.430390328168869,False,-1291.0607366221486,-1721.9355761349511,4213.306922449279,-102.10435996318964,-27.513733788507466,26.513644788594036,913.4275596620266,-2051.876560278183,4165.850749602244,873,0.44392002516616175,9.742161168284246,False,0.7224137783050537,-1.0,-0.3999999761581421,0.0
87.49999999992042,0.008184211763742082,-0.018619034025960754,4160.292961483768,-10.707785847409989,-1.4192849844381423,-2.9146039561425936,-0.030517783676017277,-16.881088159788877,253.69133146644498,-1186.3086685335547,-26.407941136855154,-207.7844187441982,55.58423018690781,179.4276118141878,100.0,100.0,16001.465917732929,0.6689613783859402,9.324859616157797,5.6145401814756,-55.58423018690781,0.0,0.0,0.0,0.0,4160.292961480054,1.1971514903232667,-83.08479885454821,-0.4346049726009369,False,-1275.918092623627,-1710.8741032383507,4203.223264546726,-101.83123996284021,-28.10555969340297,24.708501922951132,911.0664535397685,-2072.670867769951,4160.292961483768,874,0.4788604621674642,10.22102163045171,False,0.7224137783050537,-1.0,0.10000002384185791,0.0
87.59999999992033,0.00815768975528163,-0.018805263453699244,4154.7379555617035,-10.693764301285993,-1.4190695777059883,-2.8937930922683717,-0.05269731951212899,-16.9817702923752,251.98852760225634,-1188.0114723977433,-32.55932104192818,-206.97646037325146,55.47637938658762,179.50672065586448,100.0,100.0,16008.70141977804,0.6690265892713249,9.329582739370943,7.0912059342308345,-55.47637938658762,0.0,0.0,0.0,0.0,4154.737955559443,1.1902293582142283,-82.26256679974047,-0.43895235657691956,False,-1260.52125362002,-1700.3090838627688,4192.929263513759,-101.15828565310058,-28.687916215367462,22.86637492162995,908.114023557951,-2093.4019276658,4154.7379555617035,875,0.4987170248796433,10.719738655331355,False,0.7224137783050537,-1.0,-0.3999999761581421,0.0
87.69999999992024,0.008125370176417079,-0.01899058059085493,4149.192059942705,-10.685105216167013,-1.4259623628344835,-2.9663778059766406,-0.03144083038491202,-16.949267096634618,250.3024313086186,-1189.697568691381,-38.68099685539527,-205.95661029012632,55.48180690983033,179.58564551229367,100.0,100.0,16015.925044893642,0.6690914243240967,9.300389054831967,5.616946172729414,-55.48180690983033,0.0,0.0,0.0,0.0,4149.192059941425,1.1830487396207428,-81.45460330883138,-0.4428846836090088,False,-1244.8699843796473,-1690.3057543235275,4182.418602436039,-100.88206164716537,-29.246948897693173,21.02656955205845,904.5162080387493,-2114.031431373971,4149.192059942705,876,0.535599871523762,11.255338526855116,False,0.7224137783050537,-1.0,0.10000002384185791,0.0
87.79999999992015,0.008087775280227161,-0.01917500931548247,4143.64569036667,-10.685947871303203,-1.4254006854729377,-2.9366165670957067,-0.05343220149191412,-17.030147695690044,248.59376803866155,-1191.406231961338,-44.78220438596526,-204.77500365082508,55.40762173747792,179.66477524146626,100.0,100.0,16023.152259511477,0.6691569018536992,9.308676899054976,7.0972588281622135,-55.40762173747792,0.0,0.0,0.0,0.0,4143.64569036491,1.1756703270219033,-80.62437847174505,-0.4434712827205658,False,-1229.0110776421184,-1680.7672359987466,4171.712606985435,-97.96223502118238,-29.688533158781635,19.106390318915526,900.3311441948875,-2134.5620369995086,4143.64569036667,877,0.6372130965730189,11.892551623428135,False,0.7224137783050537,-1.0,-0.3999999761581421,0.0
87.89999999992006,0.008044439459639223,-0.0193581759417209,4138.1049447648975,-10.690709431154536,-1.4320052132663394,-3.001806089396977,-0.03204623054886609,-16.9983824465619,246.90278674001928,-1193.0972132599802,-50.84074303047716,-203.3835077056931,55.44571867510638,179.74373289093998,100.0,100.0,16030.37168984745,0.6692219093615183,9.281673121625435,5.621230738372409,-55.44571867510638,0.0,0.0,0.0,0.0,4138.104944762304,1.1680813535215715,-79.81413880413022,-0.44476720690727234,False,-1212.96869289493,-1671.6070596267004,4160.842134576228,-93.40209599124393,-30.037485769395126,17.165344375307424,895.5070006470384,-2154.9521458323707,4138.1049447648975,878,0.6462084661727122,12.538760089600848,False,0.7224137783050537,-1.0,0.10000002384185791,0.0
87.99999999991996,0.007995883376084905,-0.019540135987852272,4132.560670477939,-10.704154841398912,-1.431214195216912,-2.966104250012052,-0.05393461085044106,-17.066351499459614,245.18982834119393,-1194.8101716588058,-56.869995357034846,-201.8311918383663,55.40330302205341,179.82290298435862,100.0,100.0,16037.598267801597,0.6692874657890454,9.291653757702791,7.104585035058544,-55.40330302205341,0.0,0.0,0.0,0.0,4132.560670476117,1.1602904658556006,-78.98211914113149,-0.4493733048439026,False,-1196.7294065433337,-1662.9307619160306,4149.832886160556,-90.66997144100722,-30.337091711310286,15.31275741535667,890.1017374257716,-2175.207938167715,4132.560670477939,879,0.5930389244140454,13.131799014014893,False,0.7224137783050537,-1.0,-0.3999999761581421,0.0
88.09999999991987,0.0079416637651666,-0.01972048744400542,4127.018710263258,-10.720488743762264,-1.4376280185593697,-3.0264028939941423,-0.03244666086279948,-17.038585219192548,243.49502539037306,-1196.5049746096267,-62.8433998467303,-200.0717378831764,55.47265453244548,179.90199539721374,100.0,100.0,16044.821932265513,0.6693527606360126,9.265617860364351,5.626397164664849,-55.47265453244548,0.0,0.0,0.0,0.0,4127.0187102607215,1.1522406319204914,-78.16585384493767,-0.45396581292152405,False,-1180.279179092645,-1654.8370675689528,4138.699735284358,-89.44389135125833,-30.52749313234855,13.532249989258213,884.0660103383459,-2195.2846622666834,4127.018710263258,880,0.6234543378167685,13.755253351831662,False,0.7224137783050537,-1.0,0.10000002384185791,0.0
88.19999999991978,0.007882298015134629,-0.019899317337146637,4121.470282333803,-10.745006541492002,-1.4366787504770928,-2.986699940759131,-0.05428410383687739,-17.097078365319945,241.7784928509387,-1198.2215071490612,-68.77843053928518,-198.15294198788797,55.46089590944165,179.981370132372,100.0,100.0,16052.05691191461,0.6694187384879142,9.276403530918428,7.112515499601223,-55.46089590944165,0.0,0.0,0.0,0.0,4121.470282331633,1.1439824553032463,-77.32881744785297,-0.45502376556396484,False,-1163.6373552545526,-1647.2152251593543,4127.443003305656,-86.38927960768608,-30.54764965817115,11.725295075530635,877.4574150447869,-2215.192005971164,4121.470282333803,881,0.7361660316222399,14.491419383453902,False,0.7224137783050537,-1.0,-0.3999999761581421,0.0
88.29999999991969,0.007817367186855679,-0.02007619668025048,4115.920964049446,-10.771647289889785,-1.442963054803351,-3.0437501221900387,-0.03271028533958642,-17.074745069811417,240.08034935648462,-1199.919650643515,-74.64445717478031,-196.03053118434218,55.56065761532518,180.06079747906134,100.0,100.0,16059.294160647918,0.6694847952268007,9.250764354042277,5.631989090547623,-55.56065761532518,0.0,0.0,0.0,0.0,4115.920964048661,1.1355052699825918,-76.51331799679865,-0.4567773938179016,False,-1146.8235420995254,-1639.9698896971133,4116.079417949546,-82.01024581453784,-30.465393133983618,9.899132883857341,870.2293152407742,-2234.8822144454834,4115.920964049446,882,0.7486918858513368,15.240111269305238,False,0.7224137783050537,-1.0,0.10000002384185791,0.0
88.3999999999196,0.007747383564209228,-0.020251243797286246,4110.362307430431,-10.806183693859124,-1.4419004325969205,-3.0013356260126014,-0.05453123742099785,-17.125553425716515,238.36055823381693,-1201.639441766183,-80.4629526407597,-193.7508043698461,55.57888674367166,180.1406052107026,100.0,100.0,16066.547154526448,0.6695517719996366,9.261929285536043,7.120751166725715,-55.57888674367166,0.0,0.0,0.0,0.0,4110.362307427334,1.1268129567121714,-75.6768657131122,-0.46288037300109863,False,-1129.8269343308143,-1633.224701430831,4104.657357072509,-79.66324211685134,-30.36584293894538,8.153739267103916,862.4387383677713,-2254.368459513905,4110.362307430431,883,0.6709134972787133,15.911024766583951,False,0.7224137783050537,-1.0,-0.3999999761581421,0.0
88.49999999991951,0.007671954323349898,-0.02042400417121871,4104.799620702213,-10.84225471299269,-1.4480941601298203,-3.056234458880476,-0.03288149411498127,-17.10927089623434,236.65927144943637,-1203.3407285505634,-86.1994373722962,-191.27176079097987,55.70854381009632,180.22061065591342,100.0,100.0,16073.807710343342,0.6696192226829764,9.236420623391563,5.637804398161142,-55.70854381009632,0.0,0.0,0.0,0.0,4104.799620698638,1.1178395221328643,-74.85688357230643,-0.46894243359565735,False,-1112.6231198849275,-1627.0843900828631,4093.2009171483996,-78.92315765881361,-30.19223070689021,6.500032738466471,854.0419552753107,-2273.6001443400664,4104.799620702213,884,0.706752842759449,16.6177776093434,False,0.7224137783050537,-1.0,0.10000002384185791,0.0
88.59999999991942,0.007591584754238555,-0.020594627112724334,4099.224766211978,-10.886076254226237,-1.4469462556475534,-3.0119722417560615,-0.05470951375879244,-17.15336587714312,234.9363369745985,-1205.0636630254014,-91.87927447160251,-188.63797231250683,55.75634773742214,180.30110668592005,100.0,100.0,16081.088545792994,0.6696878745797984,9.24776069207716,7.129168402025802,-55.75634773742214,0.0,0.0,0.0,0.0,4099.224766209722,1.1086381208194074,-74.0168525995906,-0.4709663987159729,False,-1095.2294120710728,-1621.4351203449962,4081.690434554154,-76.31111474099728,-29.87034312500148,4.840535661831156,845.0952148418359,-2292.593890188473,4099.224766211978,885,0.8409786165022243,17.458756225845622,False,0.7224137783050537,-1.0,-0.3999999761581421,0.0
88.69999999991933,0.007505909803801138,-0.02076263411905077,4093.6427829428944,-10.930962207536682,-1.453073678846345,-3.065455239580405,-0.032989908019916324,-17.143383111763697,233.23196249049738,-1206.7680375095024,-97.46432147052079,-185.80993652431832,55.915572392270974,180.38195075265804,100.0,100.0,16088.382260186007,0.6697574145638819,9.222260758918368,5.643762674979821,-55.915572392270974,0.0,0.0,0.0,0.0,4093.642782940991,1.0992068208267565,-73.19915540077082,-0.47355014085769653,False,-1077.6742982635694,-1616.177234555519,4070.1316410358877,-72.35821742721828,-29.469666763812448,3.1621497598909483,835.5578793591427,-2311.296430132732,4093.6427829428944,886,0.8609185771762642,18.319674803021886,False,0.7224137783050537,-1.0,0.10000002384185791,0.0
88.79999999991924,0.007415425864987845,-0.020928205071993142,4088.0458285933973,-10.983549140010721,-1.4518573179169512,-3.019923439397663,-0.05484138883188678,-17.181316109016155,231.50589861462134,-1208.4941013853784,-102.98371400550732,-182.83026634044705,55.99267881730437,180.4634000845346,100.0,100.0,16095.700820128724,0.6698284529811003,9.233679149400242,7.137727494636451,-55.99267881730437,0.0,0.0,0.0,0.0,4088.0458285915024,1.0895502422002679,-72.36145285427978,-0.480559378862381,False,-1059.9534243714766,-1611.4241446114202,4058.588187636647,-70.42410029224602,-29.08714766655594,1.552397272602757,825.485207290447,-2329.7277886142765,4088.0458285933973,887,0.7805058827906691,19.100180685812557,False,0.7224137783050537,-1.0,-0.3999999761581421,0.0
88.89999999991915,0.00731979720004032,-0.021090839122995177,4082.438675201422,-11.036807201605946,-1.4579328519047674,-3.072483524585817,-0.03305535331306416,-17.17771608838867,229.79841964621406,-1210.2015803537856,-108.39582086918399,-179.6621823949494,56.18123927099294,180.5453486582497,100.0,100.0,16103.03756338483,0.6699007967314382,9.208134288527008,5.649841941668365,-56.18123927099294,0.0,0.0,0.0,0.0,4082.4386752000587,1.0795965607716853,-71.54000797850256,-0.49091267585754395,False,-1042.0528824747869,-1607.3231257075688,4047.119603801036,-71.76853800346066,-28.749200740805932,0.014923675133351676,814.8398243084883,-2347.832211171823,4082.438675201422,888,0.7314957352944242,19.83167642110698,False,0.7224137783050537,-1.0,0.10000002384185791,0.0
88.99999999991905,0.007219509411855202,-0.021250746201289843,4076.8137661878795,-11.097779138452301,-1.4566573103420093,-3.026068035535258,-0.054941920297124226,-17.209821173789088,228.0691876080541,-1211.9308123919454,-113.73342457857343,-176.34610650601905,56.28744138077297,180.62801795614865,100.0,100.0,16110.40371416905,0.6699749385960991,9.21958605718208,7.146428663608663,-56.28744138077297,0.0,0.0,0.0,0.0,4076.81376618504,1.0693668346982024,-70.69432032328451,-0.49877220392227173,False,-1023.9843752645311,-1603.910784080851,4035.7220773310155,-73.38634669141021,-28.368636490994177,358.49553007131414,803.6757877277211,-2365.6330671275855,4076.8137661878795,889,0.8360114034018569,20.66768782450884,False,0.7224137783050537,-1.0,-0.3999999761581421,0.0
89.09999999991896,0.007114257519208691,-0.021407404845677647,4071.17561072748,-11.159077196711271,-1.4626887761779293,-3.07803561002606,-0.033091045898658335,-17.21261316913277,226.35854902631388,-1213.6414509736858,-118.95157841198807,-172.84820419567046,56.505142172633526,180.71133663353078,100.0,100.0,16117.79332328185,0.6700507988962061,9.193974161923354,5.656047968326783,-56.505142172633526,0.0,0.0,0.0,0.0,4071.1756107286633,1.0588637064971669,-69.86793979741056,-0.5022678971290588,False,-1005.7688288645687,-1601.0475577548177,4024.3403894291105,-71.77002825372959,-27.901404962409245,356.90956181009807,791.9591470383115,-2383.072307420836,4071.17561072748,890,0.9965679103551486,21.66425573486399,False,0.7224137783050537,-1.0,0.10000002384185791,0.0
89.19999999991887,0.007004514465925558,-0.021561054399883622,4065.5169316333745,-11.228141626171611,-1.461358307335659,-3.0309934431298293,-0.055021182990550824,-17.239112949562525,224.62608120906467,-1215.3739187909348,-124.0865771857799,-169.20647536056717,56.640249330682444,180.79549043723645,100.0,100.0,16125.216878825257,0.6701287527820939,9.205439182538626,7.155290717096697,-56.640249330682444,0.0,0.0,0.0,0.0,4065.5169316328474,1.0481479133729736,-69.02405304128419,-0.5058063864707947,False,-987.4296086945911,-1598.627157668724,4012.964012033817,-68.23805772701138,-27.402270563461972,355.26573314938247,779.7425503468331,-2400.1765757950448,4065.5169316333745,891,1.034335029122281,22.69859076398627,False,0.7224137783050537,-1.0,-0.3999999761581421,0.0
89.29999999991878,0.0068900073654698,-0.02171115461294322,4059.841980691141,-11.297215808220232,-1.4673491736559303,-3.0825905857552467,-0.033105743515369344,-17.248273828750953,222.91220617306962,-1217.0877938269298,-129.09033720792462,-165.39024784182703,56.88689233073751,180.88044180360984,100.0,100.0,16132.669128869118,0.6702088308488818,9.179752224105947,5.662399334119205,-56.88689233073751,0.0,0.0,0.0,0.0,4059.8419806904194,1.0371783059792004,-68.20077873611598,-0.5125153660774231,False,-968.9816299819337,-1596.7166030568424,4001.6480523226533,-66.34677796436557,-26.93718255902342,353.649830951525,766.9956199240982,-2416.8857315128394,4059.841980691141,892,0.9886328791309703,23.687223643117242,False,0.7224137783050537,-1.0,0.10000002384185791,0.0
89.39999999991869,0.0067711946672803,-0.02185797350067974,4054.143755713043,-11.374132989542826,-1.4659647395754034,-3.035092757245401,-0.05508590827938052,-17.269335679088243,221.1764176984709,-1218.8235823015286,-134.00252070818146,-161.43487156687496,57.050698016348825,180.96634067652684,100.0,100.0,16140.159828542337,0.670291290348839,9.19122202072023,7.164340713530348,-57.050698016348825,0.0,0.0,0.0,0.0,4054.1437557124773,1.0259509148378139,-67.35510031526569,-0.5227596759796143,False,-950.4301938646619,-1595.446893896928,3990.4565548273176,-67.58617223997734,-26.522842951266963,352.09430663721054,753.769390361643,-2433.2296100956687,4054.143755713043,893,0.9299472154324074,24.61717085854965,False,0.7224137783050537,-1.0,-0.3999999761581421,0.0
89.4999999999186,0.006647836811596591,-0.022000953930474115,4048.426257642639,-11.450758930854027,-1.471915655419374,-3.086469746828654,-0.03310521501670565,-17.284827592337233,219.459215640201,-1220.5407843597986,-138.77209436356122,-157.31304826830768,57.32605732727976,181.05318290367939,100.0,100.0,16147.684412477834,0.6703762709359863,9.165457827673663,5.668920183875157,-57.32605732727976,0.0,0.0,0.0,0.0,4048.42625764189,1.014425824210617,-66.52577050869702,-0.5306462645530701,False,-931.7898369360311,-1594.8601516628087,3979.390733441967,-69.05564672043437,-26.066186671689934,350.5728796451512,740.0371938669325,-2449.1461915403784,4048.426257642639,894,1.0459179630187665,25.663088821568415,False,0.7224137783050537,-1.0,0.10000002384185791,0.0
89.59999999991851,0.006520375959661334,-0.022140391739007306,4042.682755931452,-11.53531834264051,-1.4704761043008914,-3.0386301189751017,-0.055140596961846686,-17.300593777098683,217.7200098629758,-1222.2799901370238,-143.441931419337,-153.05725402459544,57.518318725288665,181.14108242816528,100.0,100.0,16155.251903230432,0.670463911273857,9.176929231228074,7.173608995543765,-57.518318725288665,0.0,0.0,0.0,0.0,4042.682755931728,1.002661585548619,-65.67699795218799,-0.5342082977294922,False,-913.063555335804,-1594.821076389198,3968.386250227574,-67.29878587070407,-25.51364767478309,349.0088509076373,725.8482518294998,-2464.6684083862933,4042.682755931452,895,1.221514967424738,26.884603788993154,False,0.7224137783050537,-1.0,-0.3999999761581421,0.0
89.69999999991842,0.006388607000193926,-0.022275714900165496,4036.917008134237,-11.6192920643903,-1.4763859385245401,-3.0898898843653972,-0.03309323858083393,-17.32237108421383,215.9993801861644,-1224.000619813835,-147.95824695539568,-148.64376888749374,57.82212497715065,181.23006844313184,100.0,100.0,16162.858413901668,0.6705544599803254,9.15108772798399,5.675636752199393,-57.82212497715065,0.0,0.0,0.0,0.0,4036.9170081316206,0.9906577664738541,-64.85167283112139,-0.5379558801651001,False,-894.2621874348191,-1595.224364180762,3957.425614501432,-63.651816653166584,-24.919709347092255,347.4062304350134,711.1797312615878,-2479.732582686423,4036.917008134237,896,1.266080430256366,28.15068421924952,False,0.7224137783050537,-1.0,0.10000002384185791,0.0
89.79999999991833,0.006252954060917487,-0.022407246112709552,4031.1225523975077,-11.711296860169735,-1.474888799422501,-3.041784428444928,-0.05518826975011435,-17.332974891704332,214.2566511771407,-1225.7433488228587,-152.36695644769992,-144.10197667709963,58.04255043806586,181.32021856503155,100.0,100.0,16170.512232849023,0.6706479360012026,9.162559873672183,7.1831268370946555,-58.04255043806586,0.0,0.0,0.0,0.0,4031.1225523968933,0.9784330143799347,-64.00824756319552,-0.5450379848480225,False,-875.4091829566539,-1596.137142317322,3946.5721841286245,-61.71561915089045,-24.357471297273687,345.84271549255624,696.0788460613346,-2494.3746372668274,4031.1225523975077,897,1.2121206047078905,29.36280482395741,False,0.7224137783050537,-1.0,-0.3999999761581421,0.0
89.89999999991824,0.006113247485627419,-0.022534400519548446,4025.3029110648577,-11.802422254234596,-1.4807553401094653,-3.0929988155185346,-0.03307227442534366,-17.36098638105179,212.53248486017947,-1227.46751513982,-156.6117330936392,-139.41193190902783,58.374481418303674,181.41159545050118,100.0,100.0,16178.210144954264,0.6707446975052095,9.136641438174024,5.682575719172841,-58.374481418303674,0.0,0.0,0.0,0.0,4025.3029110643424,0.965928076654531,-63.18312866657476,-0.5556389689445496,False,-856.5251187707277,-1597.6848130101498,3935.90155122588,-62.9299692971368,-23.844977253356035,344.3428047422624,680.5267101000443,-2508.529465836133,4025.3029110648577,898,1.1541222803862683,30.51692710434368,False,0.7224137783050537,-1.0,0.10000002384185791,0.0
89.99999999991815,0.005969891678300078,-0.022657526617153676,4019.45188809143,-11.901679188004298,-1.4791973559362792,-3.0446784043574926,-0.05523096959641777,-17.366560664891832,210.7861184316388,-1229.2138815683606,-160.74135288076312,-134.59971441113117,58.622723221587684,181.50423995475822,100.0,100.0,16185.959701356445,0.6708446422096419,9.14811438200557,7.192925346871412,-58.622723221587684,0.0,0.0,0.0,0.0,4019.451888092013,0.9531628890922788,-62.33559449999795,-0.5638126730918884,False,-837.628286108298,-1599.9033409518274,3925.4165013619513,-64.39573397721664,-23.288498447041583,342.8831072666835,664.5683416283647,-2522.235863021547,4019.45188809143,899,1.2848476959378647,31.801774800281542,False,0.7224137783050537,-1.0,-0.3999999761581421,0.0
90.09999999991805,0.005822753324580381,-0.022776028848264854,4013.572779398185,-11.999759988905145,-1.4850177782296348,-3.095898943850372,-0.0330439147497335,-17.400749866458735,209.05829863473585,-1230.9417013652635,-164.697168967659,-129.6493400036598,58.98239876711083,181.59824843481178,100.0,100.0,16193.758352798184,0.670948238864684,9.122119186208097,5.689763444580649,-58.98239876711083,0.0,0.0,0.0,0.0,4013.5727793973715,0.9401316028607049,-61.50801739704888,-0.5716851353645325,False,-818.7272973499665,-1602.7076347142383,3915.0725156029257,-64.93680262571228,-22.746003333145715,341.34727677841755,648.188900092288,-2535.427531388844,4013.572779398185,900,1.3515673782670616,33.153342178548606,False,0.7224137783050537,-1.0,0.10000002384185791,0.0
90.19999999991796,0.00567243297560686,-0.022890726166654392,4007.651897649479,-11.979596551060245,-1.4424248359912828,-2.776465619095819,-0.022756117127001006,-17.611747907705247,207.3038780447178,-1232.6961219552818,-167.8274965732064,-126.09622741809481,59.4357884373798,182.01885506990075,100.0,100.0,16205.531881418188,0.6722130634592454,9.700490094375072,4.113507308177965,-59.4357884373798,0.0,0.0,0.0,0.0,4007.6518976483403,0.926885221200406,-60.65472052442635,-0.580982506275177,False,-799.876878497239,-1606.1669503054534,3904.907263022617,-67.62758093597083,-22.325265335962662,339.7374283639294,631.4552388445557,-2548.195636871967,4007.651897649479,901,1.3178458079567343,34.47118798650534,False,0.7224137783050537,-1.0,0.6000000238418579,0.0
90.29999999991787,0.00551936421966925,-0.02300237868213565,4001.6966071566585,-11.889738545939252,-1.3707743915617334,-2.114077684802426,-0.040285428005039266,-16.79671582797283,205.56789037095425,-1234.4321096290453,-171.01154857547402,-122.37559594029493,59.586973794927616,182.41254706766938,100.0,100.0,16217.029521292961,0.6733796843842866,10.276536655103792,5.527354998832302,-59.586973794927616,0.0,0.0,0.0,0.0,4001.696607157357,0.9134763006958466,-59.82324591672031,-0.5869614481925964,False,-781.0954263583966,-1610.2642157751081,3894.882870367268,-69.67734291394554,-21.889162096000067,338.0791571441187,614.415624933581,-2560.6247948953405,4001.6966071566585,902,1.484390906680308,35.95557889318565,False,0.7224137783050537,-1.0,0.10000002384185791,0.0
90.39999999991778,0.005363183525019289,-0.023110115744050374,3995.7514826516926,-11.798132054507397,-1.3335034953370815,-1.728696702517811,-0.04921614247081374,-15.819785144251217,203.93283940622607,-1236.0671605937735,-174.69769744944253,-117.36245863043379,59.22366853340353,182.52262358163742,100.0,100.0,16225.104689220023,0.6735368014808798,10.292861125864059,7.158647550556574,-59.22366853340353,0.0,0.0,0.0,0.0,3995.75148265117,0.899878267689755,-59.097620553511085,-0.5927265286445618,False,-762.3792395662682,-1614.9115259452965,3884.952032658452,-70.21395829818064,-21.497033378629652,336.33264966728274,597.0295900051473,-2572.6180846276875,3995.7514826516926,903,1.5790654876673804,37.53464438085303,False,0.7224137783050537,-1.0,-0.3999999761581421,0.0
90.49999999991769,0.005203480208834548,-0.023212718527286375,3989.8636006851375,-11.716649109666193,-1.3513792804306108,-1.9018156155195016,-0.044732859655071185,-15.357560246957533,202.38260694792055,-1237.617393052079,-178.6752187386358,-111.16679968689841,58.543792069585855,182.39497109001624,100.0,100.0,16230.249471146035,0.6728505061165135,9.817693435867069,7.629253152221138,-58.543792069585855,0.0,0.0,0.0,0.0,3989.863600683227,0.8860270516315829,-58.45617744681798,-0.600275993347168,False,-743.7979907298344,-1620.1901156480544,3875.1494467688176,-72.67784523496704,-21.247736692966328,334.5525260383788,579.2514168474619,-2584.039826457519,3989.8636006851375,904,1.608986124168906,39.14363050502194,False,0.7224137783050537,-1.0,-0.3999999761581421,0.0
90.5999999999176,0.005040393167081103,-0.02330992943312743,3984.0276352694036,-11.562559875393022,-1.374987450502875,-2.232184322185571,-0.015621262514838053,-15.823132042021236,200.8369797196617,-1239.1630202803378,-182.08034919446942,-105.66525731868825,58.238890741468694,182.4457882371022,100.0,100.0,16237.4860684968,0.6728012138263749,9.583230263235924,5.8955306038695525,-58.238890741468694,0.0,0.0,0.0,0.0,3984.027635269223,0.8719196904858907,-57.81811838726426,-0.604896605014801,False,-725.3733451287698,-1626.1005425868739,3865.4467491112414,-74.42170963784815,-20.993553212382455,332.7552491772357,561.0965673594684,-2594.8613444957455,3984.0276352694036,905,1.7682173590703698,40.91184786409231,False,0.7224137783050537,-1.0,0.10000002384185791,0.0
90.69999999991751,0.004874395946143285,-0.023402429255435172,3978.2186160127762,-11.427005370324004,-1.3847354151748041,-2.3830275863520702,-0.042947617975572436,-16.434682803997667,199.21399252103885,-1240.7860074789605,-185.3151528510479,-100.10430804234664,57.8997694956549,182.50607603761142,100.0,100.0,16244.806582436737,0.6727866411205661,9.451754399533652,7.3676720244863745,-57.8997694956549,0.0,0.0,0.0,0.0,3978.21861601302,0.8576218120713841,-57.10818887020024,-0.6059133410453796,False,-707.0663769400206,-1632.5091512381096,3855.7874548272644,-72.3217354531423,-20.66035424326942,330.9147681816009,542.6177567246705,-2605.158424715043,3978.2186160127762,906,1.975954401624133,42.887802265716445,False,0.7224137783050537,-1.0,-0.3999999761581421,0.0
90.79999999991742,0.0047054899606374665,-0.02348963550130107,3972.440122572756,-11.318227314481057,-1.3990177149653693,-2.5877802719021017,-0.022016203954884163,-16.64213557455635,197.57178322716962,-1242.42821677283,-188.33505539715648,-94.45029633973287,57.72420074887618,182.57261260069953,100.0,100.0,16252.16825288068,0.672795448262642,9.333069410314554,5.820017914113973,-57.72420074887618,0.0,0.0,0.0,0.0,3972.440122572198,0.8431289417954687,-56.38706171770584,-0.6077628135681152,False,-688.8554587707436,-1639.3215003642188,3846.162425155574,-68.14608296057965,-20.28875780956762,329.10030756173677,523.8151424181627,-2614.8662240048347,3972.440122572756,907,2.018697097281771,44.90649936299822,False,0.7224137783050537,-1.0,0.10000002384185791,0.0
90.89999999991733,0.004534001149358252,-0.023571998202344735,3966.6772601462962,-11.238986538883063,-1.4029263073772036,-2.6432969867625524,-0.04798496633558359,-16.959199414337355,195.88153589330835,-1244.1184641066911,-191.1946917357626,-88.72800396850154,57.49198312725822,182.6435643264543,100.0,100.0,16259.565969496838,0.6728205136513952,9.281279776996428,7.321895597719648,-57.49198312725822,0.0,0.0,0.0,0.0,3966.6772601448815,0.828460464477411,-55.625849406153016,-0.6094952821731567,False,-670.7665267102961,-1646.586197543301,3836.6109825392696,-63.37218644757242,-19.81772324268066,327.44626591978056,504.7250079465606,-2624.034839885016,3966.6772601462962,908,2.0992218954706168,47.00572125846884,False,0.7224137783050537,-1.0,-0.3999999761581421,0.0
90.99999999991724,0.004359957029540568,-0.023648917602381817,3960.9351034736037,-11.17671934202559,-1.4132650435429908,-2.7780220081688047,-0.02636562435878981,-17.02334022033078,194.19369969281584,-1245.8063003071836,-193.84413567820098,-82.91557012581112,57.39812388621765,182.71697892757425,100.0,100.0,16266.97046654136,0.6728550890479428,9.214292314120826,5.789656286688431,-57.39812388621765,0.0,0.0,0.0,0.0,3960.9351034742554,0.8136062228857648,-54.87839003027015,-0.6083446741104126,False,-652.752647394597,-1654.2034098537517,3827.1113290628673,-56.31914888278578,-19.12385249574075,325.95191441834817,485.35041652845604,-2632.597507497144,3960.9351034736037,909,2.297662505730107,49.30338376419895,False,0.7224137783050537,-1.0,0.10000002384185791,0.0
91.09999999991715,0.004183646549132813,-0.02372085550313237,3955.2015293597997,-11.135106317320432,-1.414973690099296,-2.7895854504923987,-0.050818647803941075,-17.203988629146526,192.47215706081562,-1247.527842939184,-196.3360317180125,-77.03364258190831,57.23372218707016,182.79220598895657,100.0,100.0,16274.387690132713,0.672896379476147,9.197067099076643,7.305925531057843,-57.23372218707016,0.0,0.0,0.0,0.0,3955.201529359056,0.7986057667144609,-54.114103450539396,-0.6071958541870117,False,-634.7736534551494,-1662.0968114683592,3817.650400690252,-47.83804341795229,-18.222299289304075,324.67157928502087,465.72353384946473,-2640.6056346086957,3955.2015293597997,910,2.3786077382926525,51.6819915024916,False,0.7224137783050537,-1.0,-0.3999999761581421,0.0
91.19999999991705,0.0040050900175967845,-0.023786962111338558,3949.4873036391646,-11.20590727281735,-1.4573087409701155,-3.0992955145401724,-0.05339800731284735,-17.250847690575693,190.7562107579785,-1249.243789242021,-198.7317780016659,-70.24048135345504,57.099341469331776,182.70454309924955,100.0,100.0,16279.811490864478,0.6723602026078905,8.829151835727748,7.32469166357864,-57.099341469331776,0.0,0.0,0.0,0.0,3949.487303639851,0.783407941854061,-53.370697572276256,-0.6095410585403442,False,-616.8184887558018,-1670.2979670204613,3808.282098565632,-40.9661589774286,-17.235943586419562,323.6220184445745,445.84662075887405,-2647.9646222342085,3949.4873036391646,911,2.3511776976609884,54.033169200152585,False,0.7224137783050537,-1.0,-0.3999999761581421,0.0
91.29999999991696,0.003824529404275561,-0.023847084248810275,3943.767747301635,-11.372161284673968,-1.5291255224749778,-3.636970489524981,-0.05154482420749225,-17.85330508728642,189.0061796178707,-1250.993820382129,-200.7613976359478,-63.78217027115908,57.37086665157774,182.70756024760516,100.0,100.0,16286.33810742135,0.6721458583317573,8.4915395606642,6.646608694258075,-57.37086665157774,0.0,0.0,0.0,0.0,3943.767747301978,0.7679725455626475,-52.605768032914895,-0.6170018911361694,False,-598.9001470043685,-1678.91353110239,3799.1373802932503,-38.8380938374404,-16.25970030247895,322.75620056003794,425.74661328395547,-2654.65741857756,3943.767747301635,912,2.215477238620492,56.24864643877308,False,0.7224137783050537,-1.0,-0.3999999761581421,0.0
91.39999999991687,0.0036422915970000984,-0.023901567338424513,3937.9978688347223,-11.668756642212935,-1.6126257922652973,-4.237334114114452,-0.05305639142742119,-18.370881344309332,187.1956173030492,-1252.8043826969504,-202.45333062841135,-57.6148527624482,58.10228964171206,182.79374112419148,100.0,100.0,16293.929116026044,0.6722246508656794,8.225263373344342,6.383430539736541,-58.10228964171206,0.0,0.0,0.0,0.0,3937.997868836258,0.7522900719477268,-51.79092544635915,-0.6290237903594971,False,-581.0580547317483,-1688.0429649695452,3790.3565103243295,-41.145126538621284,-15.327350843441398,321.9723736964086,405.45990057805096,-2660.7224761134166,3937.9978688347223,913,2.0908427372413905,58.33948917601447,False,0.7224137783050537,-1.0,-0.3999999761581421,0.0
91.49999999991678,0.0034586651735222544,-0.02395055135701005,3932.1320854943096,-12.139954375919375,-1.6983328841779648,-4.796514155741539,-0.058221536970462374,-18.571133458454405,185.348422355859,-1254.6515776441406,-203.833942214026,-51.514638245691636,59.28990265246246,182.91385960812977,100.0,100.0,16302.041250401118,0.672419939040192,7.9781563975305465,6.287793286984919,-59.28990265246246,0.0,0.0,0.0,0.0,3932.1320854948267,0.7363624302649696,-50.94750295049559,-0.6414839625358582,False,-563.360306405615,-1697.753803604308,3782.0232421040655,-46.39709070587835,-14.461376954505816,321.1427762453402,385.0186071164974,-2666.1753770623586,3932.1320854943096,914,2.1473142493242,60.486803425338664,False,0.7224137783050537,-1.0,-0.3999999761581421,0.0
91.59999999991669,0.003273933742975728,-0.023994071544364164,3926.124555088547,-12.80637522303122,-1.7832466996641643,-5.277916376930181,-0.0648382592755427,-18.49981478676741,183.4947698640259,-1256.5052301359738,-204.89632317554307,-45.44490705018395,60.93722775501623,183.05337831532444,100.0,100.0,16310.551024285076,0.6726782608562972,7.735206654005513,6.235540125116982,-60.93722775501623,0.0,0.0,0.0,0.0,3926.124555089656,0.7202281765124544,-50.10651562297766,-0.6504490971565247,False,-545.8541829140215,-1708.0004270007687,3774.068430947632,-52.57252961652914,-13.64007246682798,320.1481251790835,364.454304268058,-2671.0200443186186,3926.124555088547,915,2.3921275968231868,62.87893102216185,False,0.7224137783050537,-1.0,-0.3999999761581421,0.0
91.6999999999166,0.0030883664621291673,-0.024032418338849067,3919.9341385916773,-13.57203532864446,-1.8309155912765285,-5.502361782437955,-0.04792516485670778,-18.97215739705283,181.6237170077015,-1258.3762829922982,-205.73500509248697,-40.260277477366486,62.83861044451379,183.37640416419396,100.0,100.0,16321.499610220915,0.6735794497213483,7.922808720296284,4.644380987084516,-62.83861044451379,0.0,0.0,0.0,0.0,3919.934138591498,0.7039176259680197,-49.2588392184392,-0.6585924625396729,False,-528.557929175488,-1718.7614230753013,3766.4094477473172,-58.41117950789596,-12.926928585364335,318.9630640530236,343.79695456421894,-2675.288809480678,3919.9341385916773,916,2.485242078845066,65.36417310100691,False,0.7224137783050537,-1.0,0.10000002384185791,0.0
91.79999999991651,0.0029020849475320703,-0.024066304866742095,3913.5549983240517,-14.454138116947176,-1.842011832193038,-5.361706858967335,-0.0817423792849012,-17.944479825472783,179.76519745389714,-1260.2348025461024,-206.40228993809924,-34.911881969414615,64.84727885037033,183.6890963490237,100.0,100.0,16332.542981767969,0.6744358548773858,8.279543769520634,6.311702804182337,-64.84727885037033,0.0,0.0,0.0,0.0,3913.5549983229535,0.6874635414137618,-48.43649624025508,-0.6659578084945679,False,-511.5035998282684,-1730.0563159070864,3759.0006033690156,-63.82287137538871,-12.379487865016285,317.6114815383173,323.06009635927006,-2679.06105776573,3913.5549983240517,917,2.6176461576093,67.98181925861621,False,0.7224137783050537,-1.0,-0.3999999761581421,0.0
91.89999999991642,0.0027154235809311316,-0.02409464988535538,3906.945192749396,-15.45805023576875,-1.8843107785037303,-5.390775555804105,-0.08478054512788558,-16.942164644336746,178.02522857952877,-1261.974771420471,-206.578512349578,-28.158212701469722,67.41631189274707,183.72056238358527,100.0,100.0,16340.429540997091,0.6742867765803531,8.008608448469868,7.117264328397977,-67.41631189274707,0.0,0.0,0.0,0.0,3906.9451927505584,0.6708338489375637,-47.74089007832471,-0.6723363399505615,False,-494.73323889903526,-1741.8886053286212,3751.797880118886,-68.90639003192297,-12.002899289634287,316.1099815193829,302.28095302925357,-2682.2164252377606,3906.945192749396,918,2.826318952675019,70.80813821129124,False,0.7224137783050537,-1.0,-0.3999999761581421,0.0
91.99999999991633,0.0025287226652089515,-0.02411715736802414,3900.0681480225117,-16.44112229949114,-1.9125982109576,-5.397316558136562,-0.056891925943804544,-17.688609242913465,176.2990556682969,-1263.7009443317029,-206.5925539396564,-22.26519843363199,70.0507288066915,183.92133145187927,100.0,100.0,16350.68213607453,0.6747264414101131,8.004420397992376,5.434919884002901,-70.0507288066915,0.0,0.0,0.0,0.0,3900.068148022504,0.6540303995184352,-47.06540586110342,-0.6775661706924438,False,-478.28424668883696,-1754.2538619094698,3744.7550301566903,-73.76165679972905,-11.790063473512616,314.46728721536584,281.4974070910605,-2684.721958208447,3900.0681480225117,919,2.9653006229396124,73.77343883423084,False,0.7224137783050537,-1.0,0.10000002384185791,0.0
92.09999999991624,0.0023420325191448677,-0.02413459885709886,3892.935730376083,-17.466634489855704,-1.9150333526295318,-5.165180805621081,-0.08273918026015677,-17.01452699210723,174.55400492116428,-1265.4459950788353,-206.4057141250568,-16.300870621616532,72.70761661237663,184.12692348280336,100.0,100.0,16361.286718251813,0.6751727006135873,8.14553018128929,7.029127052315792,-72.70761661237663,0.0,0.0,0.0,0.0,3892.9357303761426,0.6370968219297697,-46.38048566697766,-0.6814827919006348,False,-462.1896995082127,-1767.1412950263857,3737.8248933897794,-78.46725864068607,-11.741286115328162,312.7026455025406,260.7150600312067,-2686.663544772245,3892.935730376083,920,3.1548074416717022,76.92824627590255,False,0.7224137783050537,-1.0,-0.3999999761581421,0.0
92.19999999991614,0.0021557053167943875,-0.02414644616507355,3885.5202236773343,-18.482651939903082,-1.9178474215594823,-4.975406229365758,-0.0589548407157232,-17.523402527064203,172.83433211858406,-1267.1656678814156,-205.96213066869097,-10.368508188029397,75.50928055834973,184.33898631370366,100.0,100.0,16372.29514929622,0.6756302550886072,8.243938435057014,5.541826651579748,-75.50928055834973,0.0,0.0,0.0,0.0,3885.5202236776054,0.6200265989337432,-45.728104722284165,-0.6839826107025146,False,-446.47957921351195,-1780.5342457688446,3730.9602169940654,-83.0925466502713,-11.864891950678466,310.83972100298297,239.97311586555122,-2687.9823870959876,3885.5202236773343,921,3.359620628163189,80.28786690406574,False,0.7224137783050537,-1.0,0.10000002384185791,0.0
92.29999999991605,0.001969777308790182,-0.02415318193003274,3877.83680505901,-19.489400752627724,-1.908978598607994,-4.677299520271158,-0.07906087900137765,-16.932294664471883,171.10189598709607,-1268.8981040129036,-205.33168744514998,-4.352096277204753,78.25589898082286,184.55409147844946,100.0,100.0,16383.648625743255,0.6760875436913901,8.379537107856214,7.139687301556087,-78.25589898082286,0.0,0.0,0.0,0.0,3877.836805058075,0.6028524581077694,-45.074281110526265,-0.683966338634491,False,-431.1571072950145,-1794.3951506305987,3724.109004876888,-85.59341225046298,-12.061743190692969,308.90538804602545,219.27561001452307,-2688.732212451245,3877.83680505901,922,3.6431793039750184,83.93104620804075,False,0.7224137783050537,-1.0,-0.3999999761581421,0.0
92.39999999991596,0.0017846242468154325,-0.02415428256887956,3869.864693769649,-20.451912785587695,-1.9060584497636732,-4.486011242064166,-0.053878229312071424,-17.531681488855565,169.3864549625209,-1270.6135450374788,-204.45691661120827,1.6256083355071163,81.08998130486702,184.7764027234494,100.0,100.0,16395.42192302415,0.6765584295917386,8.441798731722487,5.636319923292101,-81.08998130486702,0.0,0.0,0.0,0.0,3869.864693768974,0.5855632220911834,-44.45420523373277,-0.6817578673362732,False,-416.12597128012436,-1808.629696935698,3717.2314603065583,-83.571147421795,-12.228947773939097,306.9248280262262,198.66437115549394,-2688.854735567673,3869.864693769649,923,3.916919406584358,87.84796561462511,False,0.7224137783050537,-1.0,0.10000002384185791,0.0
92.49999999991587,0.0016002407930529594,-0.024150234888210928,3861.6226910667124,-21.395183110130805,-1.8953748020002252,-4.222314811970771,-0.07327223366409463,-17.05386137545946,167.64762336908296,-1272.3523766309168,-203.4003848105452,7.6679463817447155,83.8386586328593,185.00454339501033,100.0,100.0,16407.577214799803,0.6770387458564429,8.527145822061662,7.222374705941891,-83.8386586328593,0.0,0.0,0.0,0.0,3861.6226910653736,0.5681866140097088,-43.83944759289681,-0.6779965758323669,False,-401.28131461870487,-1823.143820177172,3710.3167911456676,-77.69134333333656,-12.266578351396875,305.0012076482298,178.13880508265544,-2688.4041477556407,3861.6226910667124,924,4.160986255850563,92.00895187047567,False,0.7224137783050537,-1.0,-0.3999999761581421,0.0
92.59999999991578,0.0014170318919936933,-0.02414054425928473,3853.0932103328973,-22.29254387485122,-1.8921945213874767,-4.081257653337891,-0.04770483908335291,-17.739254772178352,165.91608546033757,-1274.0839145396621,-202.1039093705829,13.647043915081808,86.65691828816273,185.24242097681204,100.0,100.0,16420.18276410403,0.6775415458406587,8.547395982611874,5.7005146360675925,-86.65691828816273,0.0,0.0,0.0,0.0,3853.0932103343075,0.5507194841281979,-43.263693639203076,-0.6749568581581116,False,-386.5903561894808,-1837.885784607436,3703.377631788361,-69.08644185889544,-12.067060234608785,303.2590288290378,157.74399021673796,-2687.325386943576,3853.0932103328973,925,4.2634054112623625,96.27235728173804,False,0.7224137783050537,-1.0,0.10000002384185791,0.0
92.69999999991569,0.0012349562522501153,-0.024125709099345333,3844.2955492286414,-23.175355052773977,-1.8819587212504445,-3.8694556845437265,-0.06798978902743422,-17.328374813852104,164.15309486125437,-1275.8469051387453,-200.62744001462497,19.66836979205609,89.37916452772023,185.48854684291405,100.0,100.0,16433.198899266106,0.6780622760979221,8.596747352350542,7.280086752297724,-89.37916452772023,0.0,0.0,0.0,0.0,3844.295549229983,0.533180658441086,-42.69073916892306,-0.6741880178451538,False,-372.1044194523889,-1852.887684759707,3696.463942490217,-59.17636181037191,-11.596838826795373,301.80232293768216,137.47533000048284,-2685.6739369391225,3844.2955492286414,926,4.2715688786649375,100.54392616040298,False,0.7224137783050537,-1.0,-0.3999999761581421,0.0
92.7999999999156,0.0010544503745676165,-0.024105266184222984,3835.213761535469,-24.01781652387887,-1.8795648504114761,-3.7803218797853892,-0.042438907561151915,-18.061453077141866,162.3919366411605,-1277.608063358839,-198.91298099617947,25.603029726603857,92.16620700385546,185.74597691356297,100.0,100.0,16446.681809696882,0.6786110208841787,8.591827647308868,5.745394250353779,-92.16620700385546,0.0,0.0,0.0,0.0,3835.2137615358665,0.515547301844568,-42.15214566122173,-0.6746466159820557,False,-357.8497302057329,-1868.172172467189,3689.6367894888463,-49.3471274177765,-10.863017253386579,300.6502795804199,117.38141569686707,-2683.3982316277024,3835.213761535469,927,4.342268484970719,104.88619464537369,False,0.7224137783050537,-1.0,0.10000002384185791,0.0
92.89999999991551,0.0008754387489738572,-0.02407972064276694,3825.8666875278086,-24.852366402502092,-1.8699761908527806,-3.613260523494977,-0.06393565561268429,-17.680086717162208,160.595148793767,-1279.4048512062327,-197.01891203567394,31.561523122537395,94.85352270402414,186.01290127295994,100.0,100.0,16460.5884479023,0.6791820696577237,8.621713504676126,7.324687919276477,-94.85352270402414,0.0,0.0,0.0,0.0,3825.866687528805,0.4978251486091646,-41.61747951800787,-0.6780964732170105,False,-343.81426126751154,-1883.7535446106817,3682.956269032011,-42.259549518169855,-9.971635523784578,299.7162936240277,97.45384153576978,-2680.554501952816,3825.8666875278086,928,4.298165621666698,109.18436026704039,False,0.7224137783050537,-1.0,-0.3999999761581421,0.0
92.99999999991542,0.0006983901441714117,-0.024048639971295773,3816.2394649440052,-25.65186638571879,-1.8682690417586034,-3.565488663620049,-0.03841199746011275,-18.4369704468038,158.79778697381326,-1281.2022130261864,-194.88844859194342,37.413049633176634,97.60431136567496,186.29176818565756,100.0,100.0,16474.96648221502,0.6797833854519065,8.604248971969579,5.781281503852616,-97.60431136567496,0.0,0.0,0.0,0.0,3816.2394649455796,0.47997027459533237,-41.11783881765912,-0.6865411400794983,True,-330.04986399139085,-1899.6993187349,3676.553741933352,-40.46582723387543,-9.036046451201486,298.9307078677378,77.74479084916155,-2677.0946016046455,3816.2394649440052,929,2.666066303157189,111.85042657019758,False,0.7224137783050537,-1.0,0.10000002384185791,0.0
93.09999999991533,0.0005229717062854522,-0.024012979845423464,3806.3642242674355,-26.323075890135133,-1.8151026305313638,-3.16915013671895,-0.026653082691929682,-19.444125545173343,156.9002025833908,-1283.099797416609,-193.40753399731523,41.82026984507122,99.8131009256279,186.79392413898714,100.0,100.0,13402.38950011085,0.6811598587746465,9.232548300015427,4.173799011626523,-99.8131009256279,0.0,0.0,0.0,0.0,3806.3642242684077,0.46200255225762976,-40.55781104991231,-0.6990904808044434,True,-316.6422794333021,-1916.0650548538345,3670.5656710195362,-43.3517112410707,-8.120613544671276,298.1922427875938,58.21721034369654,-2673.12491639254,3806.3642242674355,930,-0.5515914811848853,111.2988350890127,False,0.5706896781921387,-1.0,0.6000000238418579,0.0
93.19999999991524,0.00034848772500464744,-0.023973868563200097,3796.2891859956803,-26.814409616071448,-1.7044313882573372,-2.2355881121356442,-0.023727268690336534,-19.49056554570134,154.94404103678932,-1285.0559589632105,-192.82397650978024,45.12989222657941,101.62584208713257,187.72454639263205,100.0,100.0,16515.365655892187,0.6840330415117027,10.354777888205255,2.7594917764563283,-101.62584208713257,0.0,0.0,0.0,0.0,3796.289185995274,0.4439751973994296,-39.98980439467711,-0.7096190452575684,True,-303.65631839039565,-1932.8506602818338,3665.0214694559277,-48.896157130341805,-7.241850713210127,297.378339649937,38.79365354751735,-2668.7710484554345,3796.2891859956803,931,-0.524982398561727,110.77385269045097,False,0.7224137783050537,-1.0,0.7000000476837158,0.0
93.29999999991514,0.0001745564453506028,-0.02393185106213741,3786.0533876169384,-27.12372918480773,-1.5817458767147563,-1.0686611208107217,-0.035796377849498705,-18.388104481417006,153.03276535632887,-1286.967234643671,-191.83689568154435,48.78868554724999,103.05786974453297,188.3201245029566,95.17354032816978,93.96692541021217,8746.432998346252,0.6857187133161879,11.233748783238708,4.711593822001798,-103.05786974453297,0.0,0.0,0.0,0.0,3786.053387617724,0.42594054810268234,-39.530239248709364,-0.7182789444923401,True,-291.097315848993,-1950.0120903584973,3659.8360162617982,-55.08548414209537,-6.426501425676915,296.39250557860953,19.431623496429104,-2664.0936602371366,3786.0533876169384,932,-0.40180180004382876,110.37205089040714,False,0.41896551847457886,-1.0,0.20000004768371582,0.0
93.39999999991505,2.0260686390903816e-06,-0.02388574218977612,3775.6903508689197,-27.299951665811854,-1.5115445516083437,-0.4307371728598791,-0.038828616012932984,-16.917122489876437,151.26358109712058,-1288.7364189028794,-189.7799109602752,54.19756565774487,104.14768482969315,188.40853484090883,90.34650940592911,92.38275873661041,7973.62641018127,0.6856165857753789,11.344550976362136,6.638986898742055,-104.14768482969315,0.0,0.0,0.0,0.0,3775.6903508688847,0.40786908433553254,-39.273360108943926,-0.7258387207984924,True,-278.9859894221412,-1967.5482964274058,3654.9475106320474,-61.10539904116955,-5.752256077271078,295.2251518227639,0.22554196090354128,-2658.960820565878,3775.6903508689197,933,-0.23587729760985332,110.13617359279729,False,0.41896551847457886,-1.0,-0.2999999523162842,0.0
93.49999999991496,-0.0001685681287345064,-0.023834494514665062,3765.22106684635,-27.292527206018388,-1.4775559281343877,-0.326609411177768,-0.0012797141303253988,-16.414923007475444,149.61206409869243,-1290.3879359013074,-187.8756082285867,59.697743399886974,105.22406699719701,188.76207279479232,92.35937148868369,94.39562081936499,14872.382121609287,0.6864405227626841,11.316991980433812,5.070632691351931,-105.22406699719701,0.0,0.0,0.0,0.0,3765.221066847229,0.3897305284676119,-39.193949159150904,-0.732349693775177,True,-267.35963262731855,-1985.451443866869,3650.3054312534096,-66.77799755404911,-5.254119143637785,293.89176487757584,-18.765004090725252,-2653.255929372515,3765.22106684635,934,-0.18124733146559424,109.95492626133169,False,0.7224137783050537,-1.0,0.20000004768371582,0.0
93.59999999991487,-0.0003378458908562759,-0.023778994082151773,3754.646989029506,-27.069088813698034,-1.4090932154452482,0.050877555713870634,0.013204223916653992,-16.645564034926004,147.95890421122635,-1292.0410957887734,-186.84293780757704,63.71131937383446,106.25246460560771,189.49430631651506,94.37382681668167,96.41007614736297,15473.582926196348,0.6885868943517726,11.757759598125796,3.3944213313682674,-106.25246460560771,0.0,0.0,0.0,0.0,3754.6469890300054,0.37157524442353246,-39.18900607744795,-0.7376086115837097,True,-256.25182716163306,-2003.710782005906,3645.858348265243,-72.1504482896762,-4.940648862765706,292.41292321338466,-37.60900457012063,-2647.0776212251353,3754.646989029506,935,-0.21252067029561683,109.74240559103607,False,0.7224137783050537,-1.0,0.7000000476837158,0.0
93.69999999991478,-0.0005062123736155981,-0.02372009442668093,3743.987789078298,-26.728711826729686,-1.319471670577973,0.7121886969380067,0.0005001142544246171,-15.98470140943058,146.30843682453656,-1293.6915631754632,-185.5327857908377,67.78526640429125,106.81879233874511,189.91910564303177,90.27586221694946,92.38275873661041,7996.988656107774,0.6896498163776851,12.163442805602473,5.164042000193942,-106.81879233874511,0.0,0.0,0.0,0.0,3743.9877890773705,0.3534675259620311,-39.28285635703573,-0.7396392822265625,True,-245.66236736686545,-2022.3004838175616,3641.544153191364,-75.25811716570935,-4.70398977929836,290.8166630380586,-56.35156143088838,-2640.5209115781213,3743.987789078298,936,0.03368258365878071,109.77608817469486,False,0.41896551847457886,-1.0,0.20000004768371582,0.0
93.79999999991469,-0.0006729723243301429,-0.02365680429391391,3733.3075740592185,-26.383972667798545,-1.271891421095162,0.9537096107386944,-0.015609453052194886,-14.951189588886818,144.75920776003238,-1295.2407922399675,-183.3233569551032,73.44953589893993,106.68285345732009,189.92916182945586,90.27586221694946,92.38275873661041,8005.041135341184,0.6892583579700122,12.026833411011594,7.004228308659086,-106.68285345732009,0.0,0.0,0.0,0.0,3733.3075740592594,0.3353940402994566,-39.58760765730219,-0.741097092628479,True,-235.5238477007961,-2041.1775339504657,3637.312317749003,-76.1789199325713,-4.575906373216998,289.1146108498686,-74.91527914443151,-2633.4754539984965,3733.3075740592185,937,0.16354401360542184,109.93963218830028,False,0.41896551847457886,-1.0,-0.2999999523162842,0.0
93.8999999999146,-0.000837408211839828,-0.023587739804745447,3722.662002734256,-26.081089246303357,-1.295977427834937,0.3845470854425739,-0.014362764296720025,-14.235054067239107,143.304082223472,-1296.695917776528,-180.3735582792361,80.61830405497304,106.17611030416312,189.87580365766692,92.29341425201494,94.40031077167589,14925.59733043244,0.6886466281341049,11.41819227411246,8.656987097177876,-106.17611030416312,0.0,0.0,0.0,0.0,3722.6620027337053,0.3173061094333904,-40.092346080380516,-0.744489848613739,True,-225.96184147516658,-2060.361653847556,3633.178857512185,-78.8409532957829,-4.613963596848423,287.408491819789,-93.22028214200965,-2625.7871950642634,3722.662002734256,938,0.0755948503265821,110.01522703862686,False,0.7224137783050537,-1.0,-0.44999998807907104,0.0
93.99999999991451,-0.0009989538132299542,-0.023512148984607906,3712.0628585786108,-25.732677217970334,-1.333538044360777,-0.3957326395512486,0.013551305946101419,-14.542021567817153,141.88889035216658,-1298.1111096478332,-177.24306701093712,87.46320948500278,105.89215765741808,189.9137969310046,94.31258045067727,96.41947697033822,15525.506300705343,0.6883568117964581,10.827007576007247,6.838978047723578,-105.89215765741808,0.0,0.0,0.0,0.0,3712.062858580129,0.29918596347684207,-40.75086146438318,-0.7449355125427246,True,-217.03344690075983,-2079.8416136992214,3629.1228200432092,-80.6859617407142,-4.646892706307307,285.6902271585114,-111.2035384887585,-2617.372424966552,3712.0628585786108,939,0.2827132997730638,110.29794033839993,False,0.7224137783050537,-1.0,0.050000011920928955,0.0
94.09999999991442,-0.0011580809160567872,-0.02343118203947299,3701.469453314585,-25.300014642391595,-1.3144166861338333,-0.6003922993803006,0.017161986892325298,-15.680311658546733,140.38021965914666,-1299.6197803408531,-175.03240375922485,92.6593399506775,106.0229904553591,190.3706114739519,96.33292948835545,98.4398260080164,16159.47551841072,0.6895316053207065,10.833092291251772,4.967389599983173,-106.0229904553591,0.0,0.0,0.0,0.0,3701.469453315065,0.2811145354720071,-41.472703940425355,-0.7445434331893921,True,-208.65923741023246,-2099.576177500235,3625.1111417102607,-81.05227194805997,-4.720565618916918,283.90663089964227,-128.91756757544155,-2608.3591846341333,3701.469453314585,940,0.2014645659454469,110.49940490434537,False,0.7224137783050537,-1.0,0.550000011920929,0.0
94.19999999991433,-0.0013153578404444726,-0.023345760621838182,3690.866978308699,-24.865399534374554,-1.2618840043603563,-0.3598657940171035,-0.009075203315855986,-15.918019006489882,138.7840138273402,-1301.2159861726595,-172.8282997046085,97.84032439686762,105.93175336974261,190.85847154943636,98.35445951352727,100.0,16674.525566093635,0.6908128935610988,10.943658969470652,6.212459626871337,-105.93175336974261,0.0,0.0,0.0,0.0,3690.866978310562,0.263168746002154,-42.29507926987055,-0.7443087100982666,True,-200.939639200407,-2119.5638462902816,3621.14966447711,-83.40505081848866,-4.912613237189366,282.1251284499966,-146.42563479827868,-2598.850072423026,3690.866978308699,941,0.14490148585973686,110.6443063902051,False,0.7224137783050537,-1.0,0.050000011920928955,0.0
94.29999999991423,-0.0014702943268178196,-0.023255258667279656,3680.300492760989,-24.501656496230087,-1.244778566951218,-0.392449804290447,-0.026652276580053105,-15.672236553500346,137.19976102622257,-1302.8002389737771,-169.8114710528202,103.98544151717363,105.29598180733672,191.09474976839124,100.0,100.0,16689.53999510316,0.6912156473785045,10.688427301925127,7.844135945698477,-105.29598180733672,0.0,0.0,0.0,0.0,3680.3004927622865,0.24536363633355487,-43.35129591509152,-0.7400674819946289,True,-193.87703109168513,-2139.7780071145,3617.208021925351,-85.10842998217605,-5.08056104411113,280.3165519063131,-163.67316446135968,-2588.775394841571,3680.300492760989,942,0.5119089553662612,111.15621534557137,False,0.7224137783050537,-1.0,-0.3999999761581421,0.0
94.39999999991414,-0.0016222669358687397,-0.023159106730472445,3669.8047396225516,-24.09385913173973,-1.2500921854349418,-0.7202108409248504,0.0020888975370540706,-15.41046440068271,135.66416745720116,-1304.3358325427985,-166.64795663079377,109.93856170927512,104.69835610575684,191.35258461325634,100.0,100.0,16704.75071515629,0.6916958590458488,10.428913662460694,6.1543835968877385,-104.69835610575684,0.0,0.0,0.0,0.0,3669.804739623291,0.2277254660371332,-44.732381245319885,-0.7338575720787048,False,-187.38730563554637,-2160.1869357435853,3613.2619548662246,-85.44356466455876,-5.287419417511192,278.45901074428986,-180.5907553009081,-2578.0717612361927,3669.8047396225516,943,-18.84862085833145,92.30759448723992,False,0.7224137783050537,-1.0,0.10000002384185791,0.0
94.49999999991405,-0.001771848073766113,-0.02305827936942038,3659.346283045918,-23.54635152807318,-1.2095292323999554,-0.6436115704776906,0.01182571285571669,-15.753082733230988,134.1061773912323,-1305.8938226087673,-164.51317831308765,114.45597505040037,104.52654378619249,191.97473588667333,100.0,100.0,16724.52898693895,0.6934471028403756,10.730584449788214,4.39197200585047,-104.52654378619249,0.0,0.0,0.0,0.0,3659.3462830479684,0.21037548554300564,-46.43450409062297,-0.7245732545852661,False,-181.5447800772737,-2180.7778554610995,3609.3077071370603,-85.85592131114406,-5.510858407019148,276.62709960669093,-197.2421275716437,-2566.8476594038766,3659.346283045918,944,-17.463753269786267,74.84384121745366,False,0.7224137783050537,-1.0,0.6000000238418579,0.0
94.59999999991396,-0.0019195714179258277,-0.022953638945784262,3648.9164223301113,-22.94482265745368,-1.1414031824635646,-0.20181361834602543,-0.01026099721916816,-15.550253105021664,132.52214849312642,-1307.4778515068733,-162.13148743550116,118.86455480241716,103.8977331129417,192.30186922822938,95.13703843665694,93.92129804582117,8842.025725379439,0.6941692993998649,11.064820947720028,6.159652828927559,-103.8977331129417,0.0,0.0,0.0,0.0,3648.9164223294156,0.19346765083247747,-48.55735210784629,-0.7116597890853882,False,-176.2946763072431,-2201.5283046431364,3605.336588542235,-85.65606070094411,-5.74124851426367,274.78973729946523,-213.68669024350314,-2555.199087444704,3648.9164223301113,945,-13.523774477177007,61.32006674027665,False,0.41896551847457886,-1.0,0.10000002384185791,0.0
94.69999999991387,-0.0020646227529119675,-0.02284455069090484,3638.5979799485835,-22.391401740439438,-1.1134914115926386,-0.09965766880799803,-0.0259579604372134,-14.955415808110272,130.99349666360897,-1309.0065033363906,-158.63191424703655,124.33734037025081,102.32567742618579,192.16999091962424,90.27586221694946,92.38275873661041,8076.104224350576,0.6932966121969076,10.898070237306628,7.843388978936013,-102.32567742618579,0.0,0.0,0.0,0.0,3638.5979799486922,0.1770960604269862,-51.268445519952884,-0.6933658123016357,False,-171.709504031394,-2222.4211895183075,3601.3500407588303,-85.82602519543896,-5.957038328487209,272.99026677002587,-229.8338048541602,-2543.0553829115265,3638.5979799485835,946,-10.286411418544564,51.033655321732084,False,0.41896551847457886,-1.0,-0.3999999761581421,0.0
94.79999999991378,-0.002206071167903782,-0.022730021140887808,3628.4666581687243,-21.906093693933585,-1.14939290480461,-0.6394126931355409,-0.02537605067816803,-14.65228915433696,129.52263239202588,-1310.4773676079737,-154.2679647024422,130.8252348968244,100.30273231642713,192.0278743219095,92.30397533452245,94.4108718541834,15041.367817321156,0.6923964711105322,10.282664466625441,8.536621124580272,-100.30273231642713,0.0,0.0,0.0,0.0,3628.466658168421,0.16137633549901803,-54.705488298948254,-0.668283998966217,False,-167.73153411593552,-2243.4373513205355,3597.3425636070374,-85.57958039711897,-6.166666896847927,271.18346605384966,-245.57984241104901,-2530.3059534036306,3628.4666581687243,947,-7.699366133977121,43.33428918775496,False,0.7224137783050537,-1.0,-0.44999998807907104,0.0
94.89999999991369,-0.0023435825591888704,-0.02260990764620735,3618.5132947318375,-21.378375796245216,-1.190963948854967,-1.3070868029094131,0.00393251072593203,-14.965323463712279,128.0629383011047,-1311.937061698895,-150.2035699283257,136.50090550587467,98.89802797343428,192.11779039031344,94.3336604057291,96.44055692539006,15651.933645075864,0.6923115504660496,9.892261743305983,6.616712974765715,-98.89802797343428,0.0,0.0,0.0,0.0,3618.5132947322536,0.14652075695065764,-58.97930023775949,-0.6339275240898132,False,-164.4305977961087,-2264.5552550372913,3593.3167001706365,-85.7725007046924,-6.357232066081632,269.408652238296,-260.88761048890507,-2516.9349191758024,3618.5132947318375,948,-5.607350974768455,37.72693821298651,False,0.7224137783050537,-1.0,0.050000011920928955,0.0
94.9999999999136,-0.0024779391347269516,-0.022485304463703455,3608.664098357177,-20.756821594457126,-1.1703802079618446,-1.4003326706794368,0.007362090862453971,-15.706552421500888,126.5271332802726,-1313.472866719727,-147.2912209421158,140.88116579569464,98.1729141215822,192.60812214369383,96.36446998437924,98.47136650404019,16297.098585598756,0.693623196740391,10.138429388874222,4.8100156611649485,-98.1729141215822,0.0,0.0,0.0,0.0,3608.6640983561833,0.1329390173067049,-64.22918445205136,-0.587927520275116,False,-161.74660095903397,-2285.759123413415,3589.2672313209773,-85.58062962205106,-6.543429795052993,267.6199127417137,-275.8441844778043,-2503.0640928994685,3608.664098357177,949,-3.8356582701832465,33.891279942803266,False,0.7224137783050537,-1.0,0.550000011920929,0.0
95.0999999999135,-0.0026097576477071794,-0.022357017571121185,3598.893811803031,-20.12625035048916,-1.1154280499798646,-1.0513205945053334,-0.019744215179893287,-15.820301513163544,124.93266868623542,-1315.0673313137643,-144.15516251432962,145.04161468709287,97.07305554713581,192.81522900448118,91.48807852932956,92.38275873661041,8106.0729191782875,0.6939521398686669,10.475361163951964,6.257345218224882,-97.07305554713581,0.0,0.0,0.0,0.0,3598.8938118031615,0.12113031050615523,-70.66660757934177,-0.5274240374565125,False,-159.74703206126875,-2307.0231220839055,3585.1964837556125,-85.83989646613001,-6.713973826497404,265.85756779317796,-290.51822134276324,-2488.7831960172102,3598.893811803031,950,-2.2516854630508543,31.63959447975241,False,0.41896551847457886,-1.0,0.050000011920928955,0.0
95.19999999991342,-0.0027382520806090915,-0.02222468729933411,3589.274796715844,-19.565962422541606,-1.0972711733934837,-0.9750108580296325,-0.035285407497951636,-15.416600432035075,123.36551633323633,-1316.6344836667633,-139.93634437986393,149.90426429718744,95.15987440679369,192.64484491961832,90.27586221694946,92.38275873661041,8113.34905473897,0.692975408521988,10.361621596805886,7.941329297194332,-95.15987440679369,0.0,0.0,0.0,0.0,3589.2747967163027,0.11163992276252528,-78.5096266508053,-0.45081186294555664,False,-158.37022420621486,-2328.335057961117,3581.0990080104325,-85.70842182308672,-6.88476811865633,264.0769129680535,-304.82222161340405,-2474.052190161873,3589.274796715844,951,-0.8741613496019391,30.765433130150473,False,0.41896551847457886,-1.0,-0.3999999761581421,0.0
95.29999999991333,-0.002862743914282569,-0.022087807138398613,3579.853590105611,-18.969363592091845,-1.1019640910803548,-1.2012896093644645,-0.005167438142394361,-14.594924808114301,121.88406820638195,-1318.1159317936176,-135.763030744936,154.81342528667017,93.39795821582585,192.7557874331831,92.30952305706853,94.41641957672948,15098.326334487556,0.6929842226679449,10.181815261276341,6.249698273813874,-93.39795821582585,0.0,0.0,0.0,0.0,3579.853590104879,0.10503882353929277,-87.7486619475105,-0.35839545726776123,False,-157.6815376585869,-2349.664937817112,3576.976604218564,-86.02646440846698,-7.044061379371697,262.31937697402884,-318.6806525379356,-2458.8146906465336,3579.853590105611,952,0.29368344001037716,31.05911657016085,False,0.7224137783050537,-1.0,0.10000002384185791,0.0
95.39999999991323,-0.0029836680370343145,-0.021946737677213828,3570.5997570511136,-18.375514002211837,-1.1059774559357627,-1.3728865431344788,-0.03346926306125572,-15.369546040555328,120.37512503106791,-1319.6248749689316,-131.5495419317778,159.59311049052798,91.5489277987455,192.90695675019228,94.34468842631182,96.45158494597277,15713.727116483857,0.6931392316819532,10.03548532940113,7.828261963281763,-91.5489277987455,0.0,0.0,0.0,0.0,3570.599757052077,0.1019686569538339,-97.92656821667954,-0.25427260994911194,False,-157.61830250936993,-2371.00429970308,3572.823679204193,-85.94158931655595,-7.2077815739324596,260.54121209956213,-332.1419258826599,-2443.1108382274433,3570.5997570511136,953,1.328236719257857,32.387353289418705,False,0.7224137783050537,-1.0,-0.3999999761581421,0.0
95.49999999991314,-0.003100485761606981,-0.02180129345573206,3561.5370411521226,-17.78636801391466,-1.121004131994933,-1.6826473090892884,-0.006511723639052069,-15.02837161869813,118.87325324426682,-1321.1267467557327,-127.16969983260766,164.20796797062843,89.83866508781384,193.08854683693016,96.38090373131968,98.48780025098063,16359.917124723343,0.693407161575894,9.88211917830694,6.151940122245764,-89.83866508781384,0.0,0.0,0.0,0.0,3561.537041150234,0.10270565166580344,-108.38493708769315,-0.14620588719844818,False,-158.2437467549944,-2392.3191096207365,3568.6414647734914,-86.30221326759155,-7.363304950262531,258.7844693674926,-345.14607498208915,-2426.919987492093,3561.5370411521226,954,2.2280426221568814,34.61539591157559,False,0.7224137783050537,-1.0,0.10000002384185791,0.0
95.59999999991305,-0.0032135421021048946,-0.02165191212330589,3552.635775095907,-17.22112177857208,-1.1276316909861015,-1.8427247267094322,-0.03815978760512573,-15.908263530509357,117.31450120445699,-1322.6854987955426,-122.71361234019962,168.69745430097268,88.06342008514827,193.2966649418316,98.41814620183128,100.0,16862.981641443883,0.6937731749147235,9.783575169911163,7.759400141623834,-88.06342008514827,0.0,0.0,0.0,0.0,3552.6357750959182,0.10724339453901614,-118.27221006373988,-0.04331589490175247,False,-159.49459798831631,-2413.6047304009826,3564.4244041492225,-86.24887532178572,-7.526427015379844,257.0059699895831,-357.7315068063169,-2410.2908575664114,3552.635775095907,955,3.0610541395818442,37.67645005115743,False,0.7224137783050537,-1.0,-0.3999999761581421,0.0
95.69999999991296,-0.003322249070154961,-0.021498437346875263,3543.9175178454193,-16.670485986664094,-1.1427958053170137,-2.10821243557315,-0.01165147380614874,-15.619228633887468,115.75490393247556,-1324.2450960675242,-118.06902047340608,173.00599091929752,86.42895952053848,193.50987698866354,100.0,100.0,16875.647293463117,0.6941637224308644,9.675922524734842,6.098332707108354,-86.42895952053848,0.0,0.0,0.0,0.0,3543.917517844848,0.11508453297992659,-127.04817259187449,0.04772818833589554,False,-161.43181528197636,-2434.823203914412,3560.1731866504583,-86.63733694916888,-7.683657501105117,255.2480433276085,-369.8327664896503,-2393.2060454541543,3543.9175178454193,956,2.771100755629286,40.447550806786715,False,0.7224137783050537,-1.0,0.10000002384185791,0.0
95.79999999991287,-0.0034269573616188894,-0.02134129299752861,3535.354167292625,-16.14688600861316,-1.1484250992591378,-2.2165475215219415,-0.04304758964260156,-16.38821456693364,114.14213442549763,-1325.857865574502,-113.32564331491528,177.17032649661385,84.71765438287512,193.71988821334222,100.0,100.0,16888.099197595882,0.6945489293952416,9.622949613116097,7.728450948804615,-84.71765438287512,0.0,0.0,0.0,0.0,3535.3541672929487,0.12566990236339015,-134.39726783147657,0.12393926829099655,False,-163.99183699436702,-2455.9737763460153,3555.882448466018,-86.6032485500495,-7.85074031189118,253.46783064604534,-381.48889349541474,-2375.7127364848848,3535.354167292625,957,2.9783220132579826,43.425872820044695,False,0.7224137783050537,-1.0,-0.3999999761581421,0.0
95.89999999991278,-0.0035270442605780123,-0.021180369430073676,3526.9672611626747,-15.63777830059712,-1.1623382978328103,-2.4303570408509496,-0.01622915140298275,-16.054475636284,112.53618376743763,-1327.4638162325618,-108.39590521460124,181.14336582118153,83.14243003295206,193.92513818941129,100.0,100.0,16900.29260028764,0.694924276241609,9.549952667746442,6.075045559838633,-83.14243003295206,0.0,0.0,0.0,0.0,3526.967261163642,0.13831841583061,-140.41119787101513,0.18571458756923676,False,-167.23315359679376,-2477.0146930746914,3551.5523771525864,-87.00812925002495,-8.013409373144587,251.70775661717767,-392.6305670875443,-2357.7987249558014,3526.9672611626747,958,4.343061074917504,47.7689338949622,False,0.7224137783050537,-1.0,0.10000002384185791,0.0
95.99999999991269,-0.0036228855796771853,-0.021016060784678676,3518.7300251269075,-15.155266001552777,-1.1668579478113281,-2.4940811090201582,-0.04690004553980797,-16.702074306643325,110.88583068815187,-1329.1141693118477,-103.36676460225607,184.97229085831796,81.48581938819156,194.12508996598166,100.0,100.0,16912.25088747505,0.6952868627913202,9.525750392686895,7.720418955249768,-81.48581938819156,0.0,0.0,0.0,0.0,3518.7300251266784,0.15259247091998712,-145.18760977294545,0.23976284265518188,False,-171.033630727864,-2497.9595721515875,3547.173693378988,-84.5142487071827,-8.058576512275213,249.91073006573572,-403.2996227296643,-2339.50788655043,3518.7300251269075,959,6.005288338742197,53.7742222337044,False,0.7224137783050537,-1.0,-0.3999999761581421,0.0
96.0999999999126,-0.0037138414467396356,-0.020848293750185227,3510.6634029594006,-14.685138446405748,-1.1797692036982863,-2.667913201490732,-0.019696034274854446,-16.339898953989476,109.24960662050718,-1330.7503933794926,-98.16225836646538,188.6032201515879,79.96384901485733,194.31907189744743,100.0,100.0,16923.94128778987,0.6956352341158696,9.472343906455789,6.0689935283306875,-79.96384901485733,0.0,0.0,0.0,0.0,3510.663402958787,0.16814451572142675,-148.98625020736202,0.2876320481300354,False,-175.23296214342972,-2518.840230315041,3542.7512152809086,-78.79279118008525,-7.947571440308991,248.12017789014357,-413.42482985105624,-2320.8320602706194,3510.6634029594006,960,8.080230987367868,61.85445322107227,False,0.7224137783050537,-1.0,0.10000002384185791,0.0
96.1999999999125,-0.003800314604771639,-0.020677433251480044,3502.7416888629737,-14.240331672130216,-1.1835501505219552,-2.698668659498142,-0.049774071952919725,-16.902076689582096,107.5749355021382,-1332.4250644978615,-92.86169804116655,192.08634252255163,78.35806122401004,194.50664052763773,100.0,100.0,16935.387127503935,0.6959668612285926,9.46413964029732,7.724434400061839,-78.35806122401004,0.0,0.0,0.0,0.0,3502.7416888639054,0.18472848170960432,-151.92838254115608,0.32609444856643677,False,-179.74819128817776,-2539.684653961113,3538.30029041242,-72.85878265341745,-7.720286044350314,246.42244276685776,-423.05102180317886,-2301.8118695547587,3502.7416888629737,961,10.72337325653162,72.57782647760389,False,0.7224137783050537,-1.0,-0.3999999761581421,0.0
96.29999999991242,-0.0038816538585677747,-0.020503445878855636,3494.9850546339335,-13.805575034882107,-1.1958418188432671,-2.8437174414912194,-0.0222380045669519,-16.533361904237914,105.91883663386263,-1334.081163366137,-87.39931704863916,195.36319809880047,76.88758117009866,194.68776090870722,100.0,100.0,16946.564669048206,0.6962824642428841,9.421095287766084,6.07164410346633,-76.88758117009866,0.0,0.0,0.0,0.0,3494.9850546332223,0.2020319283793898,-154.25377608874092,0.35297664999961853,False,-184.7192685304316,-2560.4451796725966,3533.8838684217903,-70.35052696646993,-7.438936502766193,244.90342054492373,-432.1057075357647,-2282.4435952342096,3494.9850546339335,962,13.008037223242596,85.58586370084649,False,0.7224137783050537,-1.0,0.10000002384185791,0.0
96.39999999991232,-0.00395828827854138,-0.02032666770001898,3487.368635965115,-13.39505029626588,-1.1992047617920343,-2.850780168970483,-0.051907454287652546,-17.03622158394143,104.22775291999136,-1335.7722470800084,-81.84665754715931,198.48679178407502,75.33272786191051,194.8619832324921,100.0,100.0,16957.496188621873,0.6965795269147498,9.421614346494385,7.734093033027532,-75.33272786191051,0.0,0.0,0.0,0.0,3487.3686359651865,0.21983206074356876,-156.0440867114592,0.37048640847206116,False,-190.31194048246923,-2581.057283535045,3529.574573004556,-71.59930306130448,-7.152492013803833,243.52405675344426,-440.63665116722643,-2262.764648366113,3487.368635965115,963,17.11236031778347,102.69822401862996,False,0.7224137783050537,-1.0,-0.3999999761581421,0.0
96.49999999991223,-0.004029559909768444,-0.020147107142421936,3479.9116793890807,-12.992594068533345,-1.2111656570202087,-2.9753227178692585,-0.024101018453583856,-16.67439548276298,102.55774925639335,-1337.4422507436063,-76.14727269823551,201.3956233705055,73.91533490485432,195.02970107758395,100.0,100.0,16968.16453123428,0.6968602123197289,9.383918128036527,6.0782322373766915,-73.91533490485432,0.0,0.0,0.0,0.0,3479.9116793888934,0.23795117624003206,-157.4714936323656,0.3843069076538086,False,-196.61353696617698,-2601.457484774653,3525.3977393977584,-73.33977878560229,-6.813139227039615,242.20215221276553,-448.5706091554232,-2242.77596709441,3479.9116793890807,964,22.23026371384838,124.92848773247835,False,0.7224137783050537,-1.0,0.10000002384185791,0.0
96.59999999991214,-0.00409592282585256,-0.019965070788140072,3472.590023928282,-12.613711660147144,-1.2143333233374143,-2.9653680449118487,-0.0535050794988857,-17.13334842079701,100.85473016678513,-1339.1452698332146,-70.36496566367616,204.14512510690656,72.41421221234206,195.19039749272883,100.0,100.0,16978.590312108216,0.697121799666244,9.389216384850181,7.745924018287977,-72.41421221234206,0.0,0.0,0.0,0.0,3472.590023927374,0.2563551913371865,-158.546688041475,0.3952264189720154,True,-203.54766081314332,-2621.661506683004,3521.321411700842,-74.27704254913984,-6.507850473732368,240.79786361904627,-455.958128973907,-2222.5116801357526,3472.590023928282,965,5.85997731078503,130.7884650432634,False,0.7224137783050537,-1.0,-0.3999999761581421,0.0
96.69999999991205,-0.004156716192423418,-0.01978060987335246,3465.421884030068,-12.24134705207601,-1.2261590825132134,-3.075256832423562,-0.02547864749084933,-16.785968215690023,99.17417488678994,-1340.8258251132097,-64.45206490292446,206.6718648301206,71.05355701232423,195.34476654788804,100.0,100.0,16988.761459997375,0.6973674448732566,9.354225499836136,6.086219956444482,-71.05355701232423,0.0,0.0,0.0,0.0,3465.421884029507,0.274928755961232,-159.3966548499142,0.40154045820236206,True,-211.17456712695514,-2641.6103159242693,3517.355910217506,-77.55803664899972,-6.3446358548713375,239.32872151698305,-462.72564654057487,-2201.977491101596,3465.421884030068,966,-1.8239038250420134,128.96456121822138,False,0.7224137783050537,-1.0,0.10000002384185791,0.0
96.79999999991196,-0.004212417357794606,-0.01959400040493694,3458.3837361688975,-11.89231565512867,-1.2292785919882223,-3.0530110135120223,-0.054717757430377115,-17.209652280392177,97.46173833950058,-1342.538261660499,-58.464683801376324,209.03321593533025,69.610527518252,195.49219796944354,100.0,100.0,16998.696670186353,0.6975941291670563,9.362180276034193,7.758117560344501,-69.610527518252,0.0,0.0,0.0,0.0,3458.383736170119,0.29364749269470897,-160.00370903247557,0.40865299105644226,True,-219.4537153617759,-2661.294816987821,3513.4567271346154,-80.14497649747955,-6.177398554438318,237.76969495502905,-468.92630026969556,-2181.20412507758,3458.3837361688975,967,-1.8219559584798253,127.14260525974156,False,0.7224137783050537,-1.0,-0.3999999761581421,0.0
96.89999999991187,-0.004262366105178894,-0.01940533681524165,3451.492687528673,-11.548625214513258,-1.2410972291926998,-3.152363029803446,-0.02651069240251176,-16.880997048169398,95.77251373846914,-1344.2274862615307,-52.36358491737346,211.1646714255932,68.31141084283556,195.63361046511167,100.0,100.0,17008.388078355085,0.6978057344355676,9.32851384531581,6.094288190156135,-68.31141084283556,0.0,0.0,0.0,0.0,3451.4926875284527,0.312504751331722,-160.46035331789028,0.41392815113067627,True,-228.28803068082004,-2680.7532051001217,3509.5836161464963,-81.17119686668114,-6.086288939140021,236.10073655679744,-474.4865948285145,-2160.2020942727004,3451.492687528673,968,-1.8193883849300845,125.32321687481148,False,0.7224137783050537,-1.0,0.10000002384185791,0.0
96.99999999991178,-0.004307061082199616,-0.019214863280927662,3444.7258328044295,-11.228366677017918,-1.2442628813329264,-3.121172837338152,-0.05565306192903292,-17.2740852291655,94.05208462616153,-1345.9479153738384,-46.19724064966018,213.1250208201185,66.93168365350098,195.76829257901082,100.0,100.0,17017.85237880097,0.6979989162338481,9.337976651358257,7.769752812218375,-66.93168365350098,0.0,0.0,0.0,0.0,3444.7258328041285,0.3314489262588977,-160.73783637498732,0.41748902201652527,True,-237.72165570530925,-2699.9294602130117,3505.732952284777,-82.18413320961747,-6.053041622207091,234.41465928612124,-479.46203967046125,-2138.998580432867,3444.7258328044295,969,-1.8168048135786379,123.50641206123284,False,0.7224137783050537,-1.0,-0.3999999761581421,0.0
97.09999999991169,-0.004345845970418766,-0.019022717432636137,3438.0991162593664,-10.912562417356812,-1.2561552861226388,-3.2128883597271822,-0.027296396837548524,-16.966680218578432,92.35525602517394,-1347.644743974826,-39.93461940298271,214.84939998515813,65.69949204245296,195.8973420050186,100.0,100.0,17027.085396955226,0.6981781215314588,9.304917332869385,6.101769746140684,-65.69949204245296,0.0,0.0,0.0,0.0,3438.099116258699,0.3504686706010027,-160.91709772796756,0.419778972864151,True,-247.69577592642733,-2718.844783010955,3501.8886065727893,-82.4365111702952,-6.063441746881583,232.69166000888308,-483.77957342701706,-2117.6089046010547,3438.0991162593664,970,-1.8131568619476237,121.69325519928522,False,0.7224137783050537,-1.0,0.10000002384185791,0.0
97.1999999999116,-0.004379238574864609,-0.0188291103502524,3431.5902606490645,-10.620542893090072,-1.2594246833435248,-3.175129203993174,-0.056387300186966034,-17.33153669152172,90.6276555330507,-1349.372344466949,-33.61659714993579,216.3974804348212,64.38867154027187,196.01994630219454,100.0,100.0,17036.101813887413,0.6983396817418334,9.31526052085783,7.780385330127403,-64.38867154027187,0.0,0.0,0.0,0.0,3431.590260647223,0.3695031831700857,-160.96138403948115,0.4176628887653351,True,-258.28411036019156,-2737.412271429117,3498.0590594817195,-84.98962777151527,-6.193380766643481,230.98655715556285,-487.49683815392825,-2096.056564190097,3431.5902606490645,971,-1.808927166597261,119.88432803268796,False,0.7224137783050537,-1.0,-0.3999999761581421,0.0
97.2999999999115,-0.004406589625738859,-0.018634222577117786,3425.2140045099914,-10.332302304874792,-1.2714388148819038,-3.2612543000171765,-0.027905932489330963,-17.046962515558157,88.92384061127677,-1351.076159388723,-27.220178433417516,217.70467893357434,63.22901957664047,196.13735386211354,100.0,100.0,17044.900832915428,0.6984885089763652,9.282438723158709,6.108348562760327,-63.22901957664047,0.0,0.0,0.0,0.0,3425.214004508422,0.3885137689241432,-160.9455438130637,0.417166143655777,True,-269.47816419475225,-2755.6027524309015,3494.216684961185,-86.98728140957125,-6.311806227978844,229.2531920544137,-490.54155713724975,-2074.361657284752,3425.2140045099914,972,-1.8026147335449068,118.08171329914305,False,0.7224137783050537,-1.0,0.10000002384185791,0.0
97.39999999991142,-0.004428433819879404,-0.018438230899281937,3418.948726454544,-10.068378353105853,-1.2748438508977211,-3.2186158078459806,-0.05697456217986963,-17.384603866946822,87.18956348297276,-1352.810436517027,-20.778687853476384,218.83101693179762,61.992814607290576,196.24865441600227,100.0,100.0,17053.49512674442,0.698620623045459,9.293314368275386,7.789827693302166,-61.992814607290576,0.0,0.0,0.0,0.0,3418.9487264537565,0.40754146472206815,-160.81881420706657,0.4157531261444092,True,-281.1947059772938,-2773.4642658507587,3490.3387270010235,-87.59270163077841,-6.490968610817268,227.4562730422736,-492.9732528289752,-2052.543863708065,3418.948726454544,973,-1.7987582164592126,116.28295508268383,False,0.7224137783050537,-1.0,-0.3999999761581421,0.0
97.49999999991132,-0.004444131997579142,-0.01824135824800976,3412.807925959647,-9.807703610875194,-1.2870045142105027,-3.300595226985887,-0.028388784531657992,-17.123919264148764,85.47914259997057,-1354.5208574000292,-14.277020674629542,219.71278236105195,60.91131047154151,196.3552288874735,100.0,100.0,17061.887082319685,0.6987413368538142,9.260542421558053,6.113899234380094,-60.91131047154151,0.0,0.0,0.0,0.0,3412.8079259587325,0.42652617945291793,-160.65296337090217,0.41355496644973755,True,-293.4679880659889,-2790.9324351208347,3486.4172530174346,-88.26716959997245,-6.704849935279439,225.66818597451848,-494.7207739705101,-2030.6280001684465,3412.807925959647,974,-1.7921773029348955,114.49077777974892,False,0.7224137783050537,-1.0,0.10000002384185791,0.0
97.59999999991123,-0.0044542333824080455,-0.01804374603245129,3406.770676066375,-9.571995436210173,-1.2905589590664868,-3.2542820128529653,-0.057453186514138326,-17.434582344527346,83.73851558199853,-1356.2614844180014,-7.7410022104457585,220.40982042602369,59.755340417409826,196.45607295041637,100.0,100.0,17070.087364407722,0.6988463737004827,9.271753866862372,7.798032602145785,-59.755340417409826,0.0,0.0,0.0,0.0,3406.7706760657384,0.44549812269314554,-160.3957412980683,0.4106658101081848,True,-306.2430353613221,-2808.03747475564,3482.4446244346086,-88.2783367937371,-6.94539529878631,223.8595634549982,-495.84526012966364,-2008.6298083324778,3406.770676066375,975,-1.7876178054644152,112.7031599742845,False,0.7224137783050537,-1.0,-0.3999999761581421,0.0
97.69999999991114,-0.004458111913997605,-0.017845658832919487,3400.8492115611793,-9.339100580586782,-1.3028746361124148,-3.333136921677238,-0.02877972973284221,-17.198544499704315,82.02175239093015,-1357.9782476090697,-1.1632756813848737,220.859849376952,58.75742730070721,196.55268791352952,100.0,100.0,17078.10141695039,0.6989414041711068,9.238939013900772,6.118401191087602,-58.75742730070721,0.0,0.0,0.0,0.0,3400.8492115614213,0.4643998444379049,-160.11496637866233,0.40719085931777954,True,-319.5507812559822,-2824.71284900146,3478.417889436445,-88.64447472338445,-7.185744834756362,222.0764929908679,-496.27701826621336,-1986.5787412805973,3400.8492115611793,976,-1.780493523412809,110.92266645087169,False,0.7224137783050537,-1.0,0.10000002384185791,0.0
97.79999999991105,-0.004456328893502333,-0.017647201738605157,3395.023344535455,-9.131892703517629,-1.3065794504625339,-3.284010463385304,-0.057850354025477176,-17.48203031021323,80.27502502663282,-1359.7249749733671,5.437767219023843,221.122019091627,57.687089072979376,196.64397880090658,100.0,100.0,17085.937885755004,0.6990218691147578,9.250372113871574,7.805030353133711,-57.687089072979376,0.0,0.0,0.0,0.0,3395.0233445347135,0.48326506421128446,-159.7567317221231,0.4031887352466583,True,-333.3382568580986,-2840.992557305798,3474.3333629326526,-88.54800076861986,-7.435359888412962,220.27696378114317,-496.0785324246797,-1964.4864975415262,3395.023344535455,977,-1.775413999170437,109.14725245170125,False,0.7224137783050537,-1.0,-0.3999999761581421,0.0
97.89999999991096,-0.0044482742797996655,-0.017448680040244247,3389.30402619212,-8.927116605924182,-1.3190471284315106,-3.3604639477191016,-0.029103097670284527,-17.27121021842064,78.55213543642982,-1361.44786456357,12.061888964254516,221.13601447337052,56.77793542461033,196.73155882171847,100.0,100.0,17093.605183971384,0.6990937666860964,9.217470852740353,6.121892526935497,-56.77793542461033,0.0,0.0,0.0,0.0,3389.304026191507,0.5020379561263246,-159.38596476109822,0.3987386226654053,False,-347.6319292984173,-2856.8086413123574,3470.189271244249,-88.87546092057327,-7.676142353615066,218.50240849337015,-495.1818928272988,-1942.3870620799896,3389.30402619212,978,-5.920753266614061,103.22649918508719,False,0.7224137783050537,-1.0,0.10000002384185791,0.0
97.99999999991087,-0.004434518930326744,-0.017250161720398855,3383.671855053717,-8.748782303688214,-1.3228942249669142,-3.309143050552438,-0.058185353089505926,-17.52709742681562,76.7995314480312,-1363.2004685519687,18.698046579640703,220.9597787936272,55.798310573526564,196.81424506850541,100.0,100.0,17101.109915584253,0.6991522670497169,9.229056948978513,7.810895162161126,-55.798310573526564,0.0,0.0,0.0,0.0,3383.6718550538203,0.5207549393914288,-158.94787643994545,0.39387592673301697,False,-362.38069104908175,-2872.19872871576,3465.9829062255353,-88.77897672339948,-7.924098032054233,216.70915719792197,-493.6506473239731,-1920.2880027148005,3383.671855053717,979,-6.4275505405912465,96.79894864449595,False,0.7224137783050537,-1.0,-0.3999999761581421,0.0
98.09999999991078,-0.004414471669388812,-0.017051991651607618,3378.1364860575827,-8.57252310374387,-1.3355028345847717,-3.3837088877059824,-0.029375810262356895,-17.34194110392001,75.07072209802655,-1364.9292779019731,25.33858102959352,220.53548085643152,54.98273323422761,196.89375645376043,100.0,100.0,17108.463397171865,0.6992036740140275,9.196051080507708,6.124444927186131,-54.98273323422761,0.0,0.0,0.0,0.0,3378.1364860563704,0.5393608906371014,-158.505207865884,0.38866084814071655,False,-377.60641596026767,-2887.0935821222292,3461.7124635784867,-89.11967845923337,-8.163044899852455,214.9385228278617,-491.41898623636257,-1898.22771065696,3378.1364860575827,980,-6.217757071665694,90.58119157283026,False,0.7224137783050537,-1.0,0.10000002384185791,0.0
98.19999999991069,-0.004388710328328484,-0.016854200090553516,3372.6793520196766,-8.423468058641596,-1.3394777603136414,-3.33064082756967,-0.058471899642808384,-17.56972152609544,73.31246720427791,-1366.6875327957218,31.97968953197059,219.91935475163933,54.09852265546821,196.96882412806082,100.0,100.0,17115.67015829378,0.6992428963005598,9.207746925264182,7.815726824083134,-54.09852265546821,0.0,0.0,0.0,0.0,3372.679352020722,0.5578943903098756,-158.00279581162994,0.3831130862236023,False,-393.2601796356865,-2901.534178468193,3457.3755563916566,-89.03829584063516,-8.410568121400647,213.14714635260742,-488.55123374952683,-1876.2095540804173,3372.6793520196766,981,-6.0283390140640885,84.55285255876618,False,0.7224137783050537,-1.0,-0.3999999761581421,0.0
98.2999999999106,-0.004356665361415217,-0.016657170180991405,3367.308804729679,-8.276134595320762,-1.3522106392545024,-3.4036862836746753,-0.029609547874950414,-17.4105834427222,71.57795545521078,-1368.422044544789,38.60648827832629,219.05655260056295,53.38093306260698,197.0412679831658,100.0,100.0,17122.744365349907,0.6992765268015261,9.17463099843962,6.126149859526764,-53.38093306260698,0.0,0.0,0.0,0.0,3367.308804729385,0.5763003961650789,-157.501655213242,0.37728196382522583,False,-409.35927931184847,-2915.4501232503376,3452.970082039708,-89.39513417159253,-8.650331270823695,211.3767631241289,-484.983988032742,-1854.276184547963,3367.308804729679,982,-5.832998558653217,78.71985400011296,False,0.7224137783050537,-1.0,0.10000002384185791,0.0
98.3999999999105,-0.004318918941862131,-0.01646089400960105,3362.007158009005,-8.15675549627991,-1.3562945024706816,-3.3491971441946347,-0.05871978315784965,-17.609749375308223,69.81429071622699,-1370.185709283773,45.222279449134795,218.00110668596483,52.59641144078675,197.10973456145803,100.0,100.0,17129.688433932733,0.6992992196994475,9.186407780089684,7.819640546480368,-52.59641144078675,0.0,0.0,0.0,0.0,3362.007158009456,0.5946193315680219,-156.94657803718763,0.3711751103401184,False,-425.8572957744211,-2928.8854950249224,3448.4939061745854,-89.32493525111008,-8.900318475557684,209.58442221083666,-480.7820566080925,-1832.4267211487888,3362.007158009005,983,-5.657202746393857,73.06265125371911,False,0.7224137783050537,-1.0,-0.3999999761581421,0.0
98.49999999991041,-0.004274925827413362,-0.016265791506384047,3356.781459130302,-8.03873182222692,-1.3691311725231883,-3.4209873686509815,-0.029812290469450334,-17.47691179058071,68.0743131313129,-1371.925686868687,51.80517762190875,216.70163399341027,51.980778618827046,197.17614099312604,100.0,100.0,17136.519332987777,0.6993178440259868,9.153182522347631,6.127110802088648,-51.980778618827046,0.0,0.0,0.0,0.0,3356.781459131288,0.6127958356680254,-156.39715476394312,0.36483684182167053,False,-442.7669385104497,-2941.768922912627,3443.944597017941,-89.6918026030011,-9.143608840862312,207.81215140791267,-475.8847431076555,-1810.7079104906722,3356.781459130302,984,-5.475944914274226,67.58670633944489,False,0.7224137783050537,-1.0,0.10000002384185791,0.0
98.59999999991032,-0.0042252698636025855,-0.016071816324383564,3351.614947316122,-7.9493863794498765,-1.3733020398582254,-3.3653176156441944,-0.05893603245060157,-17.64701265255545,66.30549917385049,-1373.6945008261494,58.36542611829101,215.2094838334867,51.29976347998164,197.23904999402674,100.0,100.0,17143.237320323067,0.6993268043038547,9.16501981074313,7.822761154036226,-51.29976347998164,0.0,0.0,0.0,0.0,3351.614947315421,0.6308719875121609,-155.79834915460333,0.35826462507247925,False,-460.0445569024073,-2954.1473725579426,3439.3203147883596,-89.62640059535458,-9.398389572513564,206.01725233131336,-470.3570412162398,-1789.1145932303784,3351.614947316122,985,-5.313328602143427,62.27337773730146,False,0.7224137783050537,-1.0,-0.3999999761581421,0.0
98.69999999991023,-0.0041694326844235905,-0.015879423528143494,3346.513369208792,-7.861006209879551,-1.3862195005888291,-3.4360469943255896,-0.029989412423485982,-17.540697912601573,64.56031265725638,-1375.4396873427434,64.87438842346687,213.47720107481257,50.78958963547969,197.3004728773239,100.0,100.0,17149.862123058232,0.6993332353332216,9.131688699076767,6.127438723351969,-50.78958963547969,0.0,0.0,0.0,0.0,3346.5133692094414,0.6487918483219063,-155.20852819646845,0.3515014052391052,False,-477.69823542263765,-2965.948725487641,3434.6183232452454,-89.99692410729791,-9.647111664358412,204.2419024560939,-464.1412464300341,-1767.6974271529339,3346.513369208792,986,-5.145552307156323,57.12782543014514,False,0.7224137783050537,-1.0,0.10000002384185791,0.0
98.79999999991014,-0.004107997113532551,-0.01568852825741608,3341.4609306279303,-7.80199180515938,-1.3904534218104023,-3.3793765834983973,-0.05912574017328891,-17.68137662934379,62.78662803111731,-1377.2133719688825,71.34905569707728,211.55298399179432,50.215421536659285,197.35888886231047,100.0,100.0,17156.391795419848,0.6993312951438582,9.143571071208354,7.8252196406439785,-50.215421536659285,0.0,0.0,0.0,0.0,3341.460930627586,0.6665990380820821,-154.5729730677682,0.3445354700088501,False,-495.68731134912923,-2977.2226352271705,3429.837122836688,-89.93085931253283,-9.908184580454309,202.44353075078322,-457.3022386784436,-1746.4469656155582,3341.4609306279303,987,-4.995495219177723,52.13233021096741,False,0.7224137783050537,-1.0,-0.3999999761581421,0.0
98.89999999991005,-0.0040404741237698,-0.015499618900727812,3336.462086485344,-7.743520476609066,-1.4034271031660774,-3.449190851622509,-0.030144459419323498,-17.601756047031433,61.03650619925704,-1378.9634938007428,77.75431813058222,209.39374893498706,49.813727374326795,197.41640089278073,100.0,100.0,17162.84877926875,0.6993283758561558,9.110138550440947,6.127249327297503,-49.813727374326795,0.0,0.0,0.0,0.0,3336.462086485296,0.6842368685084639,-153.94896353637262,0.33741095662117004,False,-514.0152000550486,-2987.896494436775,3424.9737097966345,-90.30001231734265,-10.163462884922911,200.66438580602122,-449.7855794580541,-1725.41757602902,3336.462086485344,988,-4.840476427339864,47.291853783627545,False,0.7224137783050537,-1.0,0.10000002384185791,0.0
98.99999999990996,-0.003967442811486875,-0.015312572190732685,3331.502046606866,-7.715059341594997,-1.4076988737632756,-3.391656920329267,-0.05929264519274002,-17.71277156216698,59.25824191247564,-1380.7417580875242,84.11369183624008,207.04408982366255,49.3492587918892,197.47140465336662,100.0,100.0,17169.228879211536,0.6993183907284498,9.122053690595493,7.827150992223195,-49.3492587918892,0.0,0.0,0.0,0.0,3331.502046605516,0.7017504251227623,-153.2821982055672,0.3301074206829071,False,-532.644417231379,-2998.022447824772,3420.026954526973,-90.22917869409399,-10.431633381524783,198.86194684640114,-441.6557337747189,-1704.5955362723626,3331.502046606866,989,-4.702265992532118,42.589587791095425,False,0.7224137783050537,-1.0,-0.3999999761581421,0.0
99.09999999990987,-0.0038884458319077956,-0.015127907878631166,3326.5839878175707,-7.686681459266777,-1.4207033472244084,-3.460668728278449,-0.03027969934152542,-17.659972695665804,57.50346835418356,-1382.4965316458163,90.38589803329673,204.46571776380117,49.05857648809459,197.52609255801482,100.0,100.0,17175.55720832497,0.699308982270406,9.088524255210649,6.126661268393554,-49.05857648809459,0.0,0.0,0.0,0.0,3326.58398781746,0.7190821548828124,-152.62896367638461,0.3226718306541443,False,-551.5736708801907,-3007.5276754797014,3414.9936244863243,-90.593301742069,-10.693991065418327,197.07850136956299,-432.8617900079758,-1684.0387050492213,3326.5839878175707,990,-4.5592233124288395,38.030364478666584,False,0.7224137783050537,-1.0,0.10000002384185791,0.0
99.19999999990978,-0.003804055851164975,-0.01494546458242049,3321.694157144925,-7.688910810475149,-1.42498708513032,-3.4023780350781783,-0.059439543465218445,-17.741212625684316,55.72091993292227,-1384.2790800670778,96.60072581252425,201.69918529642874,48.70616762630054,197.578776415735,100.0,100.0,17181.827276627522,0.699293819455239,9.100461875884978,7.828692706165333,-48.70616762630054,0.0,0.0,0.0,0.0,3321.6941571444186,0.7363089561280651,-151.9346510000077,0.320135235786438,False,-570.7561856093946,-3016.524917603551,3409.8703052119554,-88.0112755486574,-10.841635300612959,195.25417329889177,-423.46749735168504,-1663.729117315049,3321.694157144925,991,-4.437786110886336,33.59257836778025,False,0.7224137783050537,-1.0,-0.3999999761581421,0.0
99.29999999990969,-0.0037138494231469523,-0.014765791312189556,3316.834471450487,-7.690722232501436,-1.4379966025854631,-3.4706778745945313,-0.03039651274090995,-17.715325838322798,53.96177947226218,-1386.0382205277378,102.71105709840012,198.71140043075937,48.528539925786646,197.6317362746753,100.0,100.0,17188.06682431574,0.6992807895157552,9.066839604754533,6.125794909740934,-48.528539925786646,0.0,0.0,0.0,0.0,3316.834471450735,0.7534623479040606,-151.2527314269706,0.3170677125453949,False,-590.1634401352321,-3025.1124495295567,3404.674505894709,-83.76410321661304,-10.9136543807904,193.44653838689175,-413.42571778471876,-1643.7278888729413,3316.834471450487,992,-4.327429232563016,29.265149135217232,False,0.7224137783050537,-1.0,0.10000002384185791,0.0
99.3999999999096,-0.0036183900971974094,-0.014588689049026693,3311.992243627122,-7.723688199462085,-1.442266191594877,-3.4117155198508606,-0.05956857750575033,-17.76681188044001,52.17523747202965,-1387.8247625279703,108.7526738130195,195.5384549966088,48.29006009754241,197.68319947295973,100.0,100.0,17194.267023888464,0.6992633165489717,9.078790830554778,7.829983701080884,-48.29006009754241,0.0,0.0,0.0,0.0,3311.9922436258707,0.7705001650967831,-150.53260081802804,0.30981385707855225,False,-609.8143462948992,-3033.1721208979043,3399.443672228819,-81.70874049096427,-10.965524076428107,191.75692957735905,-402.79918562001563,-1624.0128649376513,3311.992243627122,993,-4.214424439538882,25.05072469567835,False,0.7224137783050537,-1.0,-0.3999999761581421,0.0
99.4999999999095,-0.0035172904074104463,-0.014414733824006041,3307.168152952954,-7.755691356599739,-1.455255099578909,-3.479379361481026,-0.030495669447777044,-17.767896582659983,50.41200621858116,-1389.5879937814188,114.67297222492849,192.15283429035918,48.22704434809896,197.73553214135563,100.0,100.0,17200.458197810513,0.699249527953439,9.045079159444304,6.124771394437272,-48.22704434809896,0.0,0.0,0.0,0.0,3307.1681529528328,0.7873453713941653,-149.8294721513708,0.3026641607284546,False,-629.7138509511375,-3040.5942519411738,3394.2055082441034,-81.23623762237847,-10.924875694433474,190.15074377738978,-391.5447681529309,-1604.6481692883526,3307.168152952954,994,-4.093380625935311,20.95734406974304,False,0.7224137783050537,-1.0,0.10000002384185791,0.0
99.59999999990941,-0.003411102129828794,-0.014243689642180257,3302.3506021389576,-7.819345838671927,-1.4594845353114774,-3.419814875354423,-0.059681439919357794,-17.78978444784397,48.62174585439522,-1391.3782541456048,120.51341996012734,188.585768991581,48.103877866117095,197.7868763319726,100.0,100.0,17206.629140784233,0.6992326013968878,9.057036175689522,7.831163452663024,-48.103877866117095,0.0,0.0,0.0,0.0,3302.3506021406974,0.8040496976665336,-149.0904713753429,0.29559263586997986,False,-649.8335385358469,-3047.4414732475275,3388.9602542408916,-81.09585049394045,-10.853703662856446,188.5199243957945,-379.72388909254136,-1585.6075309675061,3302.3506021389576,995,-3.9869574043900196,16.970386665353022,False,0.7224137783050537,-1.0,-0.3999999761581421,0.0
99.69999999990932,-0.0032994757187566484,-0.014076157191953152,3297.5390592351796,-7.881447641655094,-1.4724275971322287,-3.486909474567256,-0.030577524363489015,-17.817875178537356,46.85468061839737,-1393.1453193816028,126.21630374634348,184.81567984538273,48.15655404126173,197.83968296874139,100.0,100.0,17212.812712041843,0.6992209008992639,9.023237794729889,6.123711905346905,-48.15655404126173,0.0,0.0,0.0,0.0,3297.539059235311,0.820556164597508,-148.36930496499502,0.2884868383407593,False,-670.1630293833904,-3053.6463379884754,3383.7177138586076,-81.66110158909079,-10.766600197976656,186.8954363313897,-367.2976370119901,-1566.957818608225,3297.5390592351796,996,-3.876362719529287,13.094023945823736,False,0.7224137783050537,-1.0,0.10000002384185791,0.0
99.79999999990923,-0.0031829485638943705,-0.013911864343030968,3292.7230358953984,-7.975647443427143,-1.4765912597562711,-3.4268010426079414,-0.05977951608027387,-17.810450318711787,45.060951013876085,-1394.939048986124,131.82844415695317,180.86855583866443,48.1496097533567,197.89200780671624,100.0,100.0,17218.99529127054,0.699207355266428,9.035193649033216,7.83237126741867,-48.1496097533567,0.0,0.0,0.0,0.0,3292.7230358962584,0.8369159332870157,-147.61366969141946,0.28136900067329407,False,-690.6767141878671,-3059.2704767965533,3378.4681899011853,-81.8830361221774,-10.699624015869032,185.2273386598421,-354.32583413272135,-1548.6687386662072,3292.7230358953984,997,-3.7792482030388794,9.314775742784857,False,0.7224137783050537,-1.0,-0.3999999761581421,0.0
99.89999999990914,-0.00306121083205633,-0.013751433960042976,3287.9008190349073,-8.067659210408472,-1.4894639075208498,-3.49338759412134,-0.030642155830375682,-17.865562704531552,43.29027852541244,-1396.7097214745875,137.28741549639685,176.7290888178667,48.31859167626057,197.94638552391544,100.0,100.0,17225.212228501754,0.6992005625516655,9.001310465742723,6.1227370448323795,-48.31859167626057,0.0,0.0,0.0,0.0,3287.9008190347954,0.8530694926870872,-146.8764619293036,0.2741662263870239,False,-711.3595854216435,-3064.2447374347244,3373.2164070018857,-82.57512589004536,-10.644149758116894,183.56423077709601,-340.77398982451064,-1530.809628431984,3287.9008190349073,998,-3.6777026456618627,5.637073097122994,False,0.7224137783050537,-1.0,0.10000002384185791,0.0
99.99999999990905,-0.002934782969997516,-0.013594558793529804,3283.0630435310754,-8.192166956741724,-1.4935367774389166,-3.432784967227686,-0.059863983706127666,-17.829232800078646,41.49329196520767,-1398.5067080347924,142.6450343134915,172.41766624024888,48.42831541615912,198.00078438707143,100.0,100.0,17231.4474544207,0.6991931994457413,9.013258958302629,7.833745646269834,-48.42831541615912,0.0,0.0,0.0,0.0,3283.0630435304192,0.8690684571118894,-146.10600884749252,0.26691102981567383,False,-732.189934104571,-3068.630729710737,3367.951658723921,-82.78160486000421,-10.618480908155695,181.8629425442582,-326.70004022012347,-1513.3462848957379,3283.0630435310754,999,-3.5887934829609147,2.0482796141620794,False,0.7224137783050537,-1.0,-0.3999999761581421,0.0
100.09999999990896,-0.0028033964960232447,-0.013441881293978698,3278.2068487311603,-8.313805919576156,-1.5063153087661254,-3.4989215908055704,-0.030689463165013368,-17.91136937746404,39.71919823789577,-1400.2808017621041,147.83457922195058,167.9255640583251,48.71376451538607,198.05782203486714,100.0,100.0,17237.73876371794,0.6991940963708234,8.97929209459366,6.1219662961609185,-48.71376451538607,0.0,0.0,0.0,0.0,3278.206848731345,0.8848515229057861,-145.3544283497801,0.2595621347427368,False,-753.1484147874581,-3072.3589254419553,3362.6773591950596,-83.41440037432325,-10.605754161997915,180.17272492811128,-312.0740979373076,-1496.3502256457086,3278.2068487311603,1000,-3.4953586326751895,-1.4470790185131102,False,0.7224137783050537,-1.0,0.10000002384185791,0.0
100.19999999990887,-0.0026675524261848735,-0.013293060279203997,3273.324002159375,-8.468292356931544,-1.5102731360251502,-3.437868068349154,-0.05993588189652868,-17.84665436653597,37.91911972198733,-1402.0808802780125,152.9124829597493,163.2672297035599,48.94015384142413,198.1153778846082,100.0,100.0,17244.067607416353,0.6991956738701632,8.991227719347894,7.835423711546382,-48.94015384142413,0.0,0.0,0.0,0.0,3273.3240021597494,0.9004712669576167,-144.57068675143603,0.25214335322380066,False,-774.2173790571882,-3075.4915163562896,3357.383809145871,-83.54917395031653,-10.62068690054117,178.4500548642058,-296.95193608290015,-1479.783470280989,3273.324002159375,1001,-3.413872174705051,-4.8609511932181615,False,0.7224137783050537,-1.0,-0.3999999761581421,0.0
100.29999999990878,-0.0025270251107923653,-0.013148755093955541,3268.410532406831,-8.619184393120346,-1.5229348653439392,-3.5036114705460855,-0.03071923512758967,-17.955810230266923,36.141739825472456,-1403.8582601745275,157.8081635508739,158.44081356522727,49.34179485730283,198.17615198689208,100.0,100.0,17250.4741788482,0.6992069939765607,8.957177525473892,6.121517544773085,-49.34179485730283,0.0,0.0,0.0,0.0,3268.410532406419,0.9158649587117095,-143.8061374950251,0.2446354329586029,False,-795.3731544969955,-3077.9594681106532,3352.0739770463706,-84.10917938177042,-10.64453567160358,176.74303166886446,-281.3084353334061,-1463.7194170591308,3268.410532406831,1002,-3.3278361169948187,-8.18878731021298,False,0.7224137783050537,-1.0,0.10000002384185791,0.0
100.39999999990869,-0.0023822937280379188,-0.01300859197400116,3263.459344314766,-8.803231757494178,-1.5267542999173809,-3.442145233653383,-0.05999615855560151,-17.86333054514409,34.338677155013954,-1405.661322844986,162.58226865257066,153.45450638517036,49.684415529219635,198.2379333842426,100.0,100.0,17256.937421930656,0.6992202163045284,8.969095439263297,7.837540682540797,-49.684415529219635,0.0,0.0,0.0,0.0,3263.459344314297,0.9310863114100274,-143.01038392937215,0.2370501309633255,False,-816.6021248765984,-3079.825696905804,3346.7393168089184,-84.18186523878103,-10.692363202416063,175.00711742178865,-265.1969378051811,-1448.116458545809,3263.459344314766,1003,-3.2531407291682655,-11.441928039381246,False,0.7224137783050537,-1.0,-0.3999999761581421,0.0
100.4999999999086,-0.002233176777511244,-0.012873244373384846,3258.465395542431,-8.982915056277703,-1.5392776710178546,-3.5075517916505885,-0.030731197703859743,-17.999498782179966,32.55808559755484,-1407.441914402445,167.160808100015,148.31360069107666,50.201553659609225,198.3035042365251,100.0,100.0,17263.499883065328,0.6992446346370822,8.934961515304503,6.121506646307704,-50.201553659609225,0.0,0.0,0.0,0.0,3258.4653955425442,0.9460713547768487,-142.23402662192933,0.22938455641269684,False,-837.876293206844,-3081.022252843122,3341.3824954275638,-84.68564837436061,-10.745035365493537,173.28950092505818,-248.59723887255169,-1433.049563645201,3258.465395542431,1004,-3.173902049802929,-14.615830089184175,False,0.7224137783050537,-1.0,0.10000002384185791,0.0
100.5999999999085,-0.0020801292840410975,-0.012742307454050214,3253.422728236735,-9.196021240078963,-1.54293635877328,-3.4457067843192077,-0.060045702542848335,-17.879962379153895,30.75208016334623,-1409.2479198366536,171.6082229342561,143.0197360871997,50.659557367011146,198.37056152518085,100.0,100.0,17270.13797472953,0.6992721421518265,8.946857520965388,7.840229390765992,-50.659557367011146,0.0,0.0,0.0,0.0,3253.422728236812,0.9608749925189226,-141.42730143647597,0.22163860499858856,False,-859.186050801696,-3081.6127272777194,3335.9959330483857,-84.71307822894474,-10.81871042454883,171.54490745376367,-231.55999189945499,-1418.4736657848698,3253.422728236735,1005,-3.1054495856655504,-17.721279674849725,False,0.7224137783050537,-1.0,-0.3999999761581421,0.0
100.69999999990841,-0.0019230150460455458,-0.012616465908669104,3248.3252717289806,-9.403950655150945,-1.5553010232010718,-3.5108332281116104,-0.030725047178551203,-18.04313924806451,28.96828203095411,-1411.0317179690458,175.84758363518307,137.5855923831565,51.29109639969505,198.44196946550616,100.0,100.0,17276.896551599304,0.6993122654162748,8.91263874050575,6.1220470333030645,-51.29109639969505,0.0,0.0,0.0,0.0,3248.3252717281002,0.9754321215549484,-140.64006826767056,0.2138223797082901,False,-880.4991192746973,-3081.530696565937,3330.5819982382,-85.17723415464087,-10.894051169011838,169.8200033526811,-214.07003492579017,-1404.4649849530447,3248.3252717289806,1006,-3.0324734474515758,-20.7537531223013,False,0.7224137783050537,-1.0,0.10000002384185791,0.0
100.79999999990832,-0.0017622627214374013,-0.012495285483862497,3243.1682009264678,-9.645533943063297,-1.5587776709227348,-3.448639727405295,-0.06008536507723336,-17.897327957350488,27.15930042375752,-1412.8406995762423,179.9466839026315,132.00598612889874,51.86323931012167,198.51533113141085,100.0,100.0,17283.749473253145,0.6993566249529152,8.924509275074605,7.843619829669027,-51.86323931012167,0.0,0.0,0.0,0.0,3243.1682009279702,0.9897988389364474,-139.82318965455406,0.20592471957206726,False,-901.8098964904012,-3080.8402818460327,3325.1338912950937,-85.17279740309306,-10.988328374311221,168.06906548837202,-196.17508615041152,-1390.9751800635731,3243.1682009264678,1007,-2.9697707042744614,-23.723523826575764,False,0.7224137783050537,-1.0,-0.3999999761581421,0.0
100.89999999990823,-0.0015977823849891728,-0.01237945916206736,3237.9444620298746,-9.88108581690424,-1.5709645355330053,-3.5135435467475022,-0.030700472782605136,-18.08751777694096,25.372223373357766,-1414.627776626642,183.82613947221952,126.30120705113117,52.60770034043416,198.59359299149267,100.0,100.0,17290.74385889902,0.6994149820429106,8.890203807943436,6.123249355168519,-52.60770034043416,0.0,0.0,0.0,0.0,3237.944462030447,1.0039089765471039,-139.02579796467796,0.19796663522720337,False,-923.0819009547283,-3079.4769432435933,3319.65366890789,-85.60953687158639,-11.081918931978615,166.33850174420277,-177.86513509699472,-1378.0813939213385,3237.9444620298746,1008,-2.9025697287075447,-26.62609355528331,False,0.7224137783050537,-1.0,0.10000002384185791,0.0
100.99999999990814,-0.001430175403673902,-0.012267995303139162,3232.64757434375,-9.989394608449416,-1.5249042461834068,-3.138531718823723,-0.020096625883210727,-18.38914064441464,23.54279848720749,-1416.4572015127924,186.91610157309935,122.24488381668317,53.30564367050353,199.05479623148756,100.0,100.0,17302.90001132339,0.7007757490541672,9.546893915134971,4.372117474297512,-53.30564367050353,0.0,0.0,0.0,0.0,3232.6475743427563,1.017843748386046,-138.18065634347644,0.18991202116012573,False,-944.3135473531851,-3077.505134618259,3314.1351746311966,-85.58255478474328,-11.193102142916022,164.58232253033557,-159.20712593697877,-1365.6732371454514,3232.64757434375,1009,-2.8572003996255564,-29.483293954908866,False,0.7224137783050537,-1.0,0.6000000238418579,0.0
101.09999999990805,-0.0012598421562533702,-0.01216003235560085,3227.295117632845,-10.038025732617172,-1.4486613256234435,-2.3917342148082206,-0.04330054317485674,-17.311560252564146,21.738916789537978,-1418.261083210462,190.089308044658,117.87396956909369,53.67663665352025,199.46754256857258,100.0,100.0,17314.486197225742,0.7019682214534227,10.164547481091365,6.3706893186089655,-53.67663665352025,0.0,0.0,0.0,0.0,3227.295117633644,1.031607081366207,-137.3539153690197,0.18175606429576874,False,-965.4642547983183,-3074.862509654955,3308.5801446689934,-86.00021668519977,-11.301857892242037,162.84682833857687,-140.24562883412517,-1353.6548018254866,3227.295117632845,1010,-2.80358809556898,-32.28688205047784,False,0.7224137783050537,-1.0,0.10000002384185791,0.0
101.19999999990796,-0.0010863514924575827,-0.012056920371130224,3221.9303525594028,-10.090204545653965,-1.4173525490469512,-2.021781613059059,-0.05314292935910985,-16.150335734151923,20.065639266905396,-1419.9343607330945,193.84978369898536,111.49661499464064,53.55097350797736,199.45392330802648,100.0,100.0,17320.427682887334,0.7017071259205863,10.005866425930726,8.355226907345129,-53.55097350797736,0.0,0.0,0.0,0.0,3221.9303525596056,1.045174610138981,-136.6541465069788,0.17352434992790222,False,-986.5364649830237,-3071.61363045409,3302.982971444321,-85.95691392531401,-11.427378681974611,161.08586314654224,-120.9326481403781,-1342.1763757142166,3221.9303525594028,1011,-2.739961277745075,-35.02684332822292,False,0.7224137783050537,-1.0,-0.3999999761581421,0.0
101.29999999990787,-0.0009094828891258711,-0.011959818793529566,3216.582810434282,-10.040147330466253,-1.4152622494351925,-2.053984457557773,-0.019053590038435774,-16.144766202426077,18.46992948083192,-1421.530070519168,197.3496669855431,105.12836142348543,53.43015779699364,199.45796309531022,100.0,100.0,17326.583662249606,0.7015069600956662,9.757490922028957,6.533150798288244,-53.43015779699364,0.0,0.0,0.0,0.0,3216.5828104341635,1.0584591986267824,-136.0312958626394,0.16527356207370758,False,-1007.4856212236934,-3067.698626626638,3297.3450682611733,-86.36104063706395,-11.54915446775686,159.34570143019087,-101.24363521749197,-1331.3670280957112,3216.582810434282,1012,-2.6791534608793075,-37.70599678910222,False,0.7224137783050537,-1.0,0.10000002384185791,0.0
101.39999999990778,-0.0007296317196571595,-0.011868141663874881,3211.2499217513505,-9.97747125832814,-1.417368017901481,-2.0995376942937445,-0.045174577913334714,-16.5694501866216,16.823393724952073,-1423.1766062750478,200.6448895412377,98.74421763854896,53.189752872895106,199.47664478684416,100.0,100.0,17332.91724171004,0.701357304134962,9.56809816820826,8.178069441268537,-53.189752872895106,0.0,0.0,0.0,0.0,3211.2499217520003,1.0715239890413109,-135.35528094808944,0.15695932507514954,False,-1028.3181956216083,-3063.1819299509198,3291.661312126476,-86.30548630161918,-11.687223298139768,157.58007206215055,-81.222603032235,-1321.1615300225517,3211.2499217513505,1013,-2.6273905927775516,-40.333387381879774,False,0.7224137783050537,-1.0,-0.3999999761581421,0.0
101.49999999990769,-0.0005468405342836021,-0.01178251736655495,3205.936925385055,-9.894813659032051,-1.4322664784620414,-2.3204834315078284,-0.014798513404552804,-16.862233279813875,15.167361791300308,-1424.8326382086996,203.6818142312653,92.31609479138918,53.11089027660879,199.5089177212173,100.0,100.0,17339.40872719532,0.7012547535002263,9.385820312324356,6.3844296159787595,-53.11089027660879,0.0,0.0,0.0,0.0,3205.936925386746,1.0843046318668688,-134.66883257030767,0.14862991869449615,False,-1048.9857967347805,-3058.0064114134616,3285.9327957083615,-86.69970063625796,-11.820513804533777,155.83526669316083,-60.874288276450585,-1311.629833244897,3205.936925385055,1014,-2.5712211428748093,-42.904608524754586,False,0.7224137783050537,-1.0,0.10000002384185791,0.0
101.5999999999076,-0.00036146074055258906,-0.011702381165847103,3200.6315776900205,-9.849899520846305,-1.4397276067888978,-2.4086003226663646,-0.046846309443204434,-17.22230294869578,13.450695489914425,-1426.5493045100854,206.5232314548133,85.83730339679269,52.97187552327166,199.55131742533194,100.0,100.0,17346.026230648094,0.7011869936450388,9.278176724642162,8.066849654558077,-52.97187552327166,0.0,0.0,0.0,0.0,3200.631577689841,1.0968631125810708,-133.91934361893652,0.14023195207118988,False,-1069.4989200844843,-3052.236127002379,3280.1548365108047,-86.63450290081144,-11.969866441811027,154.06492372594644,-40.23780963831421,-1302.7090713820994,3200.6315776900205,1015,-2.523795394435937,-45.42840391919052,False,0.7224137783050537,-1.0,-0.3999999761581421,0.0
101.6999999999075,-0.00017356958134959172,-0.011628396361456614,3195.3336430906,-9.810724894894303,-1.4565526234018542,-2.6217351764114074,-0.017492146245171758,-17.430877414223918,11.732643351320032,-1428.2673566486799,209.1109716678322,79.29912677034298,53.022053569897324,199.6025896699289,100.0,100.0,17352.753515996927,0.7011497214463469,9.161719100059939,6.299009933461789,-53.022053569897324,0.0,0.0,0.0,0.0,3195.3336430908334,1.1091323759705514,-133.16740230628784,0.13182289898395538,False,-1089.805496998038,-3045.8169425664596,3274.3282121957304,-87.02113352473812,-12.113594116807107,152.3153753835556,-19.32176579583655,-1294.4730829573502,3195.3336430906,1016,-2.471951328786525,-47.900355247977046,False,0.7224137783050537,-1.0,0.10000002384185791,0.0
101.79999999990741,1.6527409363156697e-05,-0.011560001068594894,3190.0307604794743,-9.81899098013569,-1.4639494141961484,-2.6825420773789994,-0.050035307821985266,-17.626321585478845,9.967166570719629,-1430.0328334292803,211.50787080805043,72.694829836148,53.01967356026838,199.65963796436975,100.0,100.0,17359.563607077253,0.7011318875772199,9.107754622213298,8.0068560376639,-53.01967356026838,0.0,0.0,0.0,0.0,3190.0307604813197,1.12120714836167,-132.36566599955233,0.12851423025131226,False,-1109.9520064786352,-3038.8643486041415,3268.4422655261997,-84.35668536703483,-12.136987282727393,150.5304972648065,1.8398312103066035,-1286.8593189559836,3190.0307604794743,1017,-2.4316547387731346,-50.33200998675018,False,0.7224137783050537,-1.0,-0.3999999761581421,0.0
101.89999999990732,0.00020871322431821298,-0.011497873261627194,3184.7207996621314,-9.835178745498604,-1.4801624928755737,-2.8625277018159365,-0.020677118697179687,-17.780096917262142,8.210861469150595,-1431.7891385308494,213.65144919873586,66.03387464447634,53.207026899722635,199.72277480545623,100.0,100.0,17366.463219184006,0.7011344541749603,9.029512327805522,6.2528637797085445,-53.207026899722635,0.0,0.0,0.0,0.0,3184.720799663073,1.1331146362036493,-131.57214814978295,0.124573715031147,False,-1129.9883651852201,-3031.4707236206687,3262.507971473891,-80.0179861529846,-12.08939249020321,148.76794619868323,23.23395613110347,-1279.9432514843393,3184.7207996621314,1018,-2.3960519558231805,-52.72806194257336,False,0.7224137783050537,-1.0,0.10000002384185791,0.0
101.99999999990723,0.0004027246320280581,-0.011441443674511949,3179.39295421924,-9.898440154518559,-1.4867690193019574,-2.892819172269413,-0.052788557614599,-17.855153921764636,6.416524994793582,-1433.5834750052065,215.60407176039794,59.30349806286971,53.341029745715424,199.78937488947744,100.0,100.0,17373.429791810915,0.7011480488215813,9.005407596613182,7.976201637557035,-53.341029745715424,0.0,0.0,0.0,0.0,3179.392954220205,1.144804260829323,-130.73875414974285,0.1152125671505928,False,-1149.8309815321347,-3023.5122150365496,3256.57534719725,-78.00750214804684,-12.034135977019396,147.12876236343556,44.83130603736343,-1273.6615098466702,3179.39295421924,1019,-2.356989833344998,-55.08505177591836,False,0.7224137783050537,-1.0,-0.3999999761581421,0.0
102.09999999990714,0.0005984011035623267,-0.011391392491407259,3174.043803842676,-9.967137638699246,-1.5021419796748576,-3.0437910500613974,-0.023261026220822902,-17.99280830148022,4.637701682920861,-1435.3622983170792,217.30115984094618,52.5278165545091,53.66190209290186,199.86085619774374,100.0,100.0,17380.486224961394,0.7011773447262392,8.947572418115886,6.22843540693986,-53.66190209290186,0.0,0.0,0.0,0.0,3174.043803842781,1.1561785516193557,-129.92036403759414,0.10618892312049866,False,-1169.3980819465899,-3014.892849525608,3250.6823021851033,-77.62706647743931,-11.889679595899644,145.5767051554447,66.61401084855821,-1268.0898121434561,3174.043803842676,1020,-2.3109406165050537,-57.39599239242341,False,0.7224137783050537,-1.0,0.10000002384185791,0.0
102.19999999990705,0.0007955197803974394,-0.011347139438404586,3168.664197241232,-10.08094437824636,-1.5079980213620694,-3.0497274617126044,-0.05491779214373354,-17.985282401279004,2.8263098022242477,-1437.1736901977758,218.80469540039923,45.68610031313159,53.92799937166074,199.93477511651028,100.0,100.0,17387.610435236966,0.7012136609629717,8.939513944658584,7.9615510977277255,-53.92799937166074,0.0,0.0,0.0,0.0,3168.664197241169,1.1673059861639492,-129.06783224654302,0.09740816801786423,False,-1188.7145984679375,-3005.6831955512816,3244.8239794937253,-77.56094769786303,-11.717762680050011,143.98594038101766,88.55726195384295,-1263.1635622831984,3168.664197241232,1021,-2.273047028315097,-59.66903942073851,False,0.7224137783050537,-1.0,-0.3999999761581421,0.0
102.29999999990696,0.000993874907024128,-0.011309358819039314,3163.249526682669,-10.197193625250295,-1.522642692634758,-3.1785248764975185,-0.02521898509481779,-18.129719670603375,1.0337772311011986,-1438.966222768899,220.04976525788152,38.81484829632334,54.37824323287794,200.01325190212054,100.0,100.0,17394.8360614068,0.7012640088276121,8.892315169807262,6.215835890329461,-54.37824323287794,0.0,0.0,0.0,0.0,3163.2495266843666,1.178120531740453,-128.23368504103988,0.08874701708555222,False,-1207.7257665272218,-2995.843950124719,3239.0130194478124,-78.21008759090472,-11.52808211565879,142.3882514712844,110.63815464992592,-1258.9578237354565,3163.249526682669,1022,-2.2313170095590253,-61.900356430297535,False,0.7224137783050537,-1.0,0.10000002384185791,0.0
102.39999999990687,0.00119328349752634,-0.011277458829996633,3157.7921884284856,-10.356698054969984,-1.5278706835866234,-3.1660695482720382,-0.056528443573210144,-18.062697114283164,359.2117656896871,-1440.7882343103129,221.09778836424965,31.884701546197753,54.77257668097195,200.0938436589964,100.0,100.0,17402.139223473736,0.7013197769900896,8.892862674120845,7.955703933872523,-54.77257668097195,0.0,0.0,0.0,0.0,3157.7921884280095,1.188688460892849,-127.36859505693806,0.080186627805233,False,-1226.4566916718545,-2985.440691961989,3233.234830362171,-78.48755097789673,-11.359681012033228,140.73162350356438,132.83631894463218,-1255.4067169552252,3157.7921884284856,1023,-2.1970869998567797,-64.09744343015431,False,0.7224137783050537,-1.0,-0.3999999761581421,0.0
102.49999999990678,0.0013934941839083776,-0.011252102093102428,3152.2864321665197,-10.515920140449238,-1.541915797860637,-3.278355457511752,-0.026675271321000768,-18.22587725010016,357.4102472378356,-1442.5897527621644,221.8847602796126,24.943111278068987,55.34870620957222,200.17912668342274,100.0,100.0,17409.560991751816,0.7013894760472846,8.851166758469962,6.209838787121642,-55.34870620957222,0.0,0.0,0.0,0.0,3152.286432167151,1.198940561325076,-126.52348933782966,0.07165390253067017,False,-1244.847127614061,-2974.434573937273,3227.497147050378,-79.2536038418444,-11.2008636176673,139.0717931067317,155.12377255268058,-1252.5840050041622,3152.2864321665197,1024,-2.1588066990113175,-66.25625012916564,False,0.7224137783050537,-1.0,0.10000002384185791,0.0
102.59999999990669,0.0015944349608666823,-0.011232117941820855,3146.721580956048,-10.551839486811351,-1.4964155352141983,-2.936639124441429,-0.01708155886421058,-18.500167964534675,355.56820598028645,-1444.4317940197136,222.7391301142201,19.85436996384187,55.93188977700232,200.65357431746702,100.0,100.0,17422.26161339165,0.7027773704206388,9.498454756963676,4.433478498648618,-55.93188977700232,0.0,0.0,0.0,0.0,3146.721580957273,1.2089714033128423,-125.63559305066931,0.06313581764698029,False,-1262.9247541214077,-2962.8873226927967,3221.7848066411734,-79.5139586676448,-11.07389499897611,137.36432562261913,177.49249984367907,-1250.3593692834977,3146.721580956048,1025,-2.1398695897020836,-68.39611971886772,False,0.7224137783050537,-1.0,0.6000000238418579,0.0
102.6999999999066,0.0017961558819991803,-0.011216541064862239,3141.112178453082,-10.534948188506238,-1.4207637022751884,-2.2194953209067476,-0.040986189553096984,-17.4103407033444,353.75289491299685,-1446.247105087003,223.52247284153995,14.454647079110968,56.178374388713515,201.07945116356458,100.0,100.0,17434.372562725923,0.7039977172509544,10.104237530538734,6.45400069467634,-56.178374388713515,0.0,0.0,0.0,0.0,3141.112178452423,1.2187952495833199,-124.77069104065556,0.05457757040858269,False,-1280.6253910977905,-2950.7622380488865,3216.10427011714,-80.22436271722675,-10.958896733521879,135.66422738938914,199.94807278414876,-1248.6253513404645,3141.112178453082,1026,-2.1116228268843518,-70.50774254575208,False,0.7224137783050537,-1.0,0.10000002384185791,0.0
102.7999999999065,0.0019984080191087607,-0.01120676205613238,3135.505805686605,-10.529926415423253,-1.3911505094721572,-1.883765192234111,-0.05147723421486215,-16.255991582305427,352.06969655440537,-1447.9303034455945,223.89323716863058,7.014263916100851,55.873628577791465,201.07701539713995,100.0,100.0,17440.73992205463,0.7037650378027538,9.941155837551895,8.443260337983455,-55.873628577791465,0.0,0.0,0.0,0.0,3135.505805687372,1.2283782670937642,-124.03667264826329,0.04600903391838074,False,-1297.9800713567204,-2938.1181508224126,3210.4416135768593,-80.4194535315687,-10.874716746743811,133.92579099207416,222.46278068718723,-1247.5367520886566,3135.505805686605,1027,-2.07123594444315,-72.57897849019523,False,0.7224137783050537,-1.0,-0.3999999761581421,0.0
102.89999999990641,0.002200839070983469,-0.011203909369053662,3129.9349270937655,-10.425882911816542,-1.390882670539408,-1.9492038857892928,-0.016850094966875204,-16.230511688021252,350.4649331487798,-1449.53506685122,224.0299932314724,-0.2984504822381017,55.583863617840734,201.08950409112595,100.0,100.0,17447.266601677402,0.7035844644371534,9.694912231980098,6.598269415090166,-55.583863617840734,0.0,0.0,0.0,0.0,3129.934927094628,1.23762498550185,-123.38145273230455,0.03743855282664299,False,-1314.92151010633,-2924.921570071084,3204.8027024860294,-81.06426457094449,-10.799361859204502,132.2017473661517,244.9974053818798,-1247.2191909630537,3129.9349270937655,1028,-2.0344519961985315,-74.61343048639375,False,0.7224137783050537,-1.0,0.10000002384185791,0.0
102.99999999990632,0.0024033705905597363,-0.01120727572472381,3124.3944806254867,-10.314624772768049,-1.3942543899788091,-2.0161770314064387,-0.04434756342573431,-16.70043153673076,348.8070264299528,-1451.1929735700471,223.97480678416497,-7.529720162394861,55.18049431097572,201.11602404808554,100.0,100.0,17453.94665853723,0.7034527272368986,9.510064003795945,8.267386438910266,-55.18049431097572,0.0,0.0,0.0,0.0,3124.394480625925,1.246606032591876,-122.67260104685474,0.028844648972153664,False,-1331.484278167945,-2911.228815455136,3199.174906611997,-81.20426353066105,-10.751995071169073,130.4448571777693,267.54321414110984,-1247.5939336762544,3124.3944806254867,1029,-2.0042138688121423,-76.6176443552059,False,0.7224137783050537,-1.0,-0.3999999761581421,0.0
103.09999999990623,0.002605663256829508,-0.011217406331611028,3118.8905058817777,-10.185764046054341,-1.4103737538371424,-2.2565929128765414,-0.01345388368353424,-16.95084725720114,347.1407504505595,-1452.8592495494404,223.66344420283016,-14.68444407504681,54.94797728545411,201.1553454745877,100.0,100.0,17460.756946001886,0.70336586272344,9.331978202501373,6.451274375444012,-54.94797728545411,0.0,0.0,0.0,0.0,3118.8905058815703,1.255253209105081,-121.95544185456019,0.020244985818862915,False,-1347.5985243201571,-2897.010234200169,3193.563556759009,-81.79908638143452,-10.709953453956768,128.70629814762506,290.0624337502608,-1248.7216728349397,3118.8905058817777,1030,-1.969736036474687,-78.58738039168058,False,0.7224137783050537,-1.0,0.10000002384185791,0.0
103.19999999990614,0.0028076685629588143,-0.011233634789343269,3113.4086369312886,-10.099034528988161,-1.418665873079743,-2.3561344639728636,-0.04661499614600419,-17.349230731575453,345.41282485276116,-1454.5871751472387,223.1513058484941,-21.79377130398151,54.65888323758189,201.2039461826955,100.0,100.0,17467.666769055613,0.703311330234693,9.22737723175191,8.157966594625538,-54.65888323758189,0.0,0.0,0.0,0.0,3113.4086369313527,1.2636351644329709,-121.17600651803585,0.011606062762439251,False,-1363.3023546811767,-2882.319717803247,3187.957115864423,-81.89935797539955,-10.693471595641055,126.93788325650448,312.5496644285752,-1250.5282247496928,3113.4086369312886,1031,-1.9417020039833042,-80.52908239566389,False,0.7224137783050537,-1.0,-0.3999999761581421,0.0
103.29999999990605,0.0030089987410510037,-0.011256520962872493,3107.949504945749,-10.019086578136573,-1.4364334005608173,-2.581834546677212,-0.016639828329319935,-17.522233228535086,343.6845670357991,-1456.3154329642007,222.3800786505971,-28.840948171576503,54.566342942299016,201.26072284030425,100.0,100.0,17474.66075977415,0.7032853930279357,9.112784681136882,6.366874947595652,-54.566342942299016,0.0,0.0,0.0,0.0,3107.9495049454445,1.2716548919461683,-120.3958886364365,-0.0007650438928976655,False,-1378.4824733085902,-2867.104937459536,3182.368182224706,-84.63281875853642,-10.794668216840073,125.19034513222549,334.9617398537977,-1253.075913586966,3107.949504945749,1032,-1.9208664009535132,-82.4499487966174,False,0.7224137783050537,-1.0,0.10000002384185791,0.0
103.39999999990596,0.0032096457893261133,-0.011285421133727075,3102.4989110791325,-9.990201869055387,-1.4445464337662823,-2.649825243895829,-0.05013270764539362,-17.75355045182201,341.90771724209446,-1458.0922827579052,221.40502040909954,-35.85779325415258,54.42380274674749,201.32251801854028,100.0,100.0,17481.712806040166,0.7032767711897625,9.059973754654571,8.098707858011377,-54.42380274674749,0.0,0.0,0.0,0.0,3102.498911079344,1.2793417881642812,-119.56578427536954,-0.009730422869324684,False,-1393.1124263098156,-2851.387130587158,3176.7677052704576,-86.74372658153521,-10.873814977336574,123.40512273926618,357.29776926778294,-1256.293080606498,3102.4989110791325,1033,-2.033222300354997,-84.4831710969724,False,0.7224137783050537,-1.0,-0.3999999761581421,0.0
103.49999999990587,0.003409178949284969,-0.011320888631667837,3097.0555303339634,-9.9697522835382,-1.4616465112134678,-2.8393499806892426,-0.02010722531977024,-17.878292010455525,340.1407995408072,-1459.8592004591924,220.17284454743856,-42.80863562975201,54.47798929234982,201.38984751727548,100.0,100.0,17488.83147338061,0.7032871437574199,8.98197226864086,6.320833804856479,-54.47798929234982,0.0,0.0,0.0,0.0,3097.055530333325,1.2867505138810151,-118.74578374468808,-0.013557528145611286,False,-1407.3247285290945,-2835.2716334614965,3171.124083354798,-84.67159836326832,-10.88395636649539,121.53728414887807,379.5098006344027,-1260.2413224772636,3097.0555303339634,1034,-1.9168433870907997,-86.40001448406319,False,0.7224137783050537,-1.0,0.10000002384185791,0.0
103.59999999990578,0.0036076323657118314,-0.01136229186751,3091.6068639421287,-9.99983082059584,-1.468967310639932,-2.874743834639191,-0.053101243070578265,-17.98591128418365,338.3346014645717,-1461.665398535428,218.73520524593016,-49.73131962353393,54.481325088614625,201.45996530071662,100.0,100.0,17495.994152327137,0.7033067040905322,8.957963958008463,8.06801978576792,-54.481325088614625,0.0,0.0,0.0,0.0,3091.6068639424875,1.2939718154869397,-117.88632345721668,-0.0179843008518219,False,-1421.200793115842,-2818.827090451512,3165.445152224234,-80.54932927418159,-10.860592869367796,119.6805380559636,401.6016349510411,-1264.8503306912132,3091.6068639421287,1035,-1.9088297259998086,-88.308844210063,False,0.7224137783050537,-1.0,-0.3999999761581421,0.0
103.69999999990569,0.0038045348665427794,-0.01141016488217831,3086.150160555625,-10.03571679640802,-1.4852375817998391,-3.0335564019064027,-0.022885882851253835,-18.099345181863043,336.5445204632946,-1463.455479536705,217.0441702176562,-56.57559843476967,54.678759748425186,201.53451991750222,100.0,100.0,17503.22626613774,0.7033409114341387,8.899509400051137,6.295969775330967,-54.678759748425186,0.0,0.0,0.0,0.0,3086.1501605561066,1.3009009437589143,-117.0423960434736,-0.027183260768651962,False,-1434.6048474599693,-2802.015869045767,3159.7805928147736,-78.59589262841371,-10.841200538183275,117.94961003522253,423.5208213435422,-1270.1795546840895,3086.150160555625,1036,-1.9660275423673612,-90.27487175243036,False,0.7224137783050537,-1.0,0.10000002384185791,0.0
103.7999999999056,0.0039999626728006756,-0.011463884467982178,3080.6746794442447,-10.120186660816834,-1.4918322910255069,-3.0432605951480864,-0.05539215714164124,-18.120162991073713,334.72066939042185,-1465.279330609578,215.14694277076805,-63.386965826199585,54.824172042794395,201.61089764502512,100.0,100.0,17510.504920160423,0.7033804851306602,8.891067745189806,8.052911258948221,-54.824172042794395,0.0,0.0,0.0,0.0,3080.674679443597,1.3074855979631081,-116.16253664083979,-0.04006611555814743,False,-1447.3781855349216,-2784.7824576935964,3154.176368368292,-80.06861457380887,-10.833799715273882,116.30928864064127,445.2758447361712,-1276.159618975776,3080.6746794442447,1037,-2.0002226301172112,-92.27509438254756,False,0.7224137783050537,-1.0,-0.3999999761581421,0.0
103.8999999999055,0.004193406555112515,-0.011523957426492929,3075.176320275736,-10.207418986725742,-1.5073979142538543,-3.17870150789623,-0.024993583836401483,-18.244140306051616,332.91622732663717,-1467.0837726733625,213.00150217610562,-70.10347660261364,55.16132736018878,201.69147505742183,100.0,100.0,17517.866906547362,0.7034332916353776,8.842845922300421,6.2826615148248015,-55.16132736018878,0.0,0.0,0.0,0.0,3075.176320274978,1.3136782988455626,-115.30071819530743,-0.05016535520553589,False,-1459.4968395954454,-2767.133756983894,3148.617959505093,-81.61785384298277,-10.752763207186634,114.65306990154401,466.8100177151252,-1282.8469407171929,3075.176320275736,1038,-1.9211044800771175,-94.19619886262468,False,0.7224137783050537,-1.0,0.10000002384185791,0.0
103.99999999990541,0.004384984572060925,-0.011589768509184303,3069.645987497905,-10.341436700656375,-1.513391388521082,-3.1690095567451513,-0.05713096217159302,-18.200765910874544,331.08122725023526,-1468.9187727497645,210.65010683554152,-76.77865792156815,55.44565129294582,201.77360201237218,100.0,100.0,17525.286918046648,0.703489998516728,8.842838965129811,8.046388484932107,-55.44565129294582,0.0,0.0,0.0,0.0,3069.6459874977995,1.3195664499306008,-114.40740178697857,-0.06016836315393448,False,-1471.0545630458103,-2749.1172207480067,3143.0755318180386,-82.13812381619495,-10.711304254115568,112.91063894645269,488.1364825618222,-1290.1730304423966,3069.645987497905,1039,-1.89552307345773,-96.09172193608241,False,0.7224137783050537,-1.0,-0.3999999761581421,0.0
104.09999999990532,0.004574151917639573,-0.011661791904020282,3064.078269600812,-10.475448703731985,-1.5283805595225521,-3.2869989402355233,-0.026569670773813385,-18.346748051081534,329.26726618780435,-1470.7327338121954,208.0571292676479,-83.34075321933999,55.91971843000848,201.86013640842577,100.0,100.0,17532.809778595667,0.7035600425531708,8.79995274275144,6.275827036482332,-55.91971843000848,0.0,0.0,0.0,0.0,3064.0782696003184,1.325078620401293,-113.53438296745469,-0.07006430625915527,False,-1481.9802717194696,-2730.7285218519414,3137.5480740759285,-82.91926068259446,-10.692115485125134,111.15169585055763,509.1945914716373,-1298.1906747555377,3064.078269600812,1040,-1.8661651715796546,-97.95788710766206,False,0.7224137783050537,-1.0,0.10000002384185791,0.0
104.19999999990523,0.004761068136046743,-0.011739421586927236,3058.465616486621,-10.654842263101967,-1.5338740499039298,-3.2627697039753247,-0.058449128644948625,-18.25250647697754,327.4246711547055,-1472.5753288452943,205.2594059518281,-89.85119424218306,56.34038809090175,201.94831184822468,100.0,100.0,17540.406811594403,0.703633764701883,8.804579211555925,8.04481692556933,-56.34038809090175,0.0,0.0,0.0,0.0,3058.465616486569,1.330285441405462,-112.63197256639961,-0.0799480527639389,False,-1492.3310973362063,-2712.0084340349676,3132.0214865682187,-83.08018249684623,-10.706859078617699,109.34235290003699,530.0021049047234,-1306.8324110567398,3058.465616486621,1041,-1.8440422270163377,-99.80192933467839,False,0.7224137783050537,-1.0,-0.3999999761581421,0.0
104.29999999990514,0.0049451554283855064,-0.011823095165342629,3052.8013502312783,-10.831818846108659,-1.5483860099764268,-3.367781258524051,-0.02774001691894069,-18.426290720794224,325.603818860634,-1474.3961811393658,202.22813203800632,-96.22971575200175,56.94897427179865,202.04132439020398,100.0,100.0,17548.12891102589,0.7037216873022074,8.764467952049724,6.272831472262586,-56.94897427179865,0.0,0.0,0.0,0.0,3052.8013502325625,1.3350982231135762,-111.75037798961525,-0.09231731295585632,False,-1502.0028560713506,-2692.9483898746257,3126.5019606729898,-85.85822814679355,-10.841193413014055,107.53639618718854,550.4947022878746,-1316.1469538059414,3052.8013502312783,1042,-1.8596055912495175,-101.66153492592791,False,0.7224137783050537,-1.0,0.10000002384185791,0.0
104.39999999990505,0.005126982848012452,-0.011911766229716948,3047.075244156137,-10.88425668778499,-1.5021681589290088,-3.0140822122549698,-0.01813493852038234,-18.699177138520927,323.74150071813375,-1476.258499281866,200.24736517998676,-101.05204685836877,57.55489425390659,202.53041437039477,100.0,100.0,17561.502182555098,0.7051441633183624,9.426054526420016,4.476975622113796,-57.55489425390659,0.0,0.0,0.0,0.0,3047.075244155819,1.339599130404228,-110.82545419411873,-0.10105058550834656,False,-1511.0076039057196,-2673.5851543625204,3120.9554346816303,-87.97805793180231,-10.957464441345007,105.68244950430838,570.7357306407462,-1326.0178166920905,3047.075244156137,1043,-1.7885576334038047,-103.45009255933171,False,0.7224137783050537,-1.0,0.6000000238418579,0.0
104.49999999990496,0.0053071120554236744,-0.01200463588795181,3041.3026169562045,-10.883384058112528,-1.4258506257384742,-2.285670516491875,-0.042325855755439006,-17.56625224932393,321.90789581352186,-1478.092104186478,198.0342169882623,-106.11275502688905,57.82125212657607,202.9690145485862,100.0,100.0,17575.390738890826,0.7063933508510111,10.041918374822558,6.533869803237031,-57.82125212657607,0.0,0.0,0.0,0.0,3041.302616956648,1.34390088156487,-109.92760083758152,-0.1100025400519371,False,-1519.4416790806529,-2653.964836543097,3115.3587712516487,-88.57966661923285,-11.150386037348614,103.76800675207738,590.7877140097635,-1336.3560670467955,3041.3026169562045,1044,-1.7780631032035579,-105.22815566253527,False,0.7224137783050537,-1.0,0.10000002384185791,0.0
104.59999999990487,0.0054845700517620576,-0.012102781137592604,3035.530929373473,-10.893010062751983,-1.3969566733082024,-1.9504320906896386,-0.05268411907274017,-16.388625603912676,320.21130492283817,-1479.7886950771617,194.3588507391928,-112.7253156174561,57.53847666825654,202.96895669690164,100.0,100.0,17583.33324738398,0.7061620508685554,9.868242425949733,8.56642001436498,-57.53847666825654,0.0,0.0,0.0,0.0,3035.5309293724717,1.3478650440722642,-109.16538241696094,-0.12211848795413971,False,-1527.1826602278218,-2634.089459570065,3109.7047406871648,-91.5408258494205,-11.493473712908015,101.88974022460889,610.5423381621522,-1347.2815962368086,3035.530929373473,1045,-1.7961334933103068,-107.02428915584558,False,0.7224137783050537,-1.0,-0.3999999761581421,0.0
104.69999999990478,0.00565843707086895,-0.012206989052964025,3029.792176213056,-10.799895017656574,-1.3975088093118746,-2.01920307929211,-0.017288123533981407,-16.418716669245384,318.59083480923516,-1481.4091651907647,190.5488021691079,-119.0956313437351,57.27499457602881,202.98361498044326,100.0,100.0,17591.42998928507,0.7059817896241162,9.613306877110205,6.688681191632711,-57.27499457602881,0.0,0.0,0.0,0.0,3029.7921762122382,1.3514330248896187,-108.47881605154755,-0.1304754912853241,False,-1534.2362804298375,-2613.992911773654,3103.9597130039874,-93.64214030279027,-11.832334318660502,99.98187592716764,629.8972147291315,-1358.8820213759552,3029.792176213056,1046,-1.7056689970019507,-108.72995815284753,False,0.7224137783050537,-1.0,0.10000002384185791,0.0
104.79999999990468,0.005829027555579215,-0.012316604974181527,3024.081334361091,-10.70283005858866,-1.4013104198060267,-2.0825076646668537,-0.04566034847385155,-16.898392588607177,316.9132068202076,-1483.086793179792,186.61551038904938,-125.29148455464187,56.900096581945405,203.01334025416153,100.0,100.0,17599.692869227878,0.7058535086301341,9.42397159924253,8.381707334499744,-56.900096581945405,0.0,0.0,0.0,0.0,3024.0813343602217,1.3547001417007065,-107.73507114061654,-0.13908755779266357,False,-1540.7040705459963,-2593.709438241606,3098.109733090076,-94.1340802565828,-12.251496969739001,98.03384651108881,648.8873474870783,-1371.0844657258876,3024.081334361091,1047,-1.6897427090739214,-110.41970086192146,False,0.7224137783050537,-1.0,-0.3999999761581421,0.0
104.8999999999046,0.005995751822533149,-0.012431914781927747,3018.403551476437,-10.58718015587492,-1.417869145846204,-2.3204211006030606,-0.01404043779284245,-17.171787954504353,315.226339615984,-1484.7736603840158,182.5016061332356,-131.2786887061955,56.70247242283722,203.0569469578608,100.0,100.0,17608.098948346218,0.7057733761100705,9.242313677447939,6.535494208206905,-56.70247242283722,0.0,0.0,0.0,0.0,3018.4035514747798,1.3575745276692828,-106.98117288995505,-0.15096232295036316,False,-1546.4608220907774,-2573.2557206102038,3092.1371462397606,-96.95232640883232,-12.80883163407393,96.14682492659215,667.4470928843901,-1383.9207535241967,3018.403551476437,1048,-1.7194506978014998,-112.13915155972296,False,0.7224137783050537,-1.0,0.10000002384185791,0.0
104.9999999999045,0.006158928457521464,-0.012552316180186256,3012.7445573352456,-10.517098560911055,-1.4263718280678332,-2.413340607520083,-0.04797216754209239,-17.55903294852827,313.47653465478385,-1486.5234653452158,178.23679957237894,-137.1183301573543,56.44996389156903,203.1103447487736,100.0,100.0,17616.61252224743,0.7057269993133952,9.136150926273928,8.268246046748308,-56.44996389156903,0.0,0.0,0.0,0.0,3012.7445573339523,1.3601020146902774,-106.1628563606743,-0.15912839770317078,False,-1551.5111757395214,-2552.6655967872744,3086.0104778389696,-98.91042696520417,-13.356935466627757,94.23570225000763,685.6119158912893,-1397.323837178334,3012.7445573352456,1049,-1.633948908651219,-113.77310046837418,False,0.7224137783050537,-1.0,-0.3999999761581421,0.0
105.09999999990441,0.0063179174569357515,-0.012678081526271204,3007.1040784304114,-10.452118167454502,-1.4445222693500381,-2.6359993898749283,-0.017178802282460503,-17.74922220136515,311.72676027726146,-1488.2732397227383,173.7812770301941,-142.7602789055461,56.39974288717248,203.17268886244347,100.0,100.0,17625.222661025276,0.7057114940290772,9.019603126083425,6.44826035368554,-56.39974288717248,0.0,0.0,0.0,0.0,3007.104078429999,1.3622975506395656,-105.3445502934118,-0.16754311323165894,False,-1555.9595509777193,-2531.96124860255,3079.725863411558,-99.27456300258507,-13.979298807124959,92.29230780487003,703.3105713060878,-1411.3240355045104,3007.1040784304114,1050,-1.6177089396506188,-115.3908094080248,False,0.7224137783050537,-1.0,0.10000002384185791,0.0
105.19999999990432,0.006473060349132802,-0.012808650429612422,3001.4681123360574,-10.441401942227117,-1.4528959431548931,-2.6983385568125478,-0.051419649860259015,-17.9637004714466,309.9277528570686,-1490.0722471429312,169.1638600529359,-148.26608206923083,56.30130152002171,203.24035732949417,100.0,100.0,17633.89953656164,0.7057140770218351,8.9660283921309,8.207171002484701,-56.30130152002171,0.0,0.0,0.0,0.0,3001.468112335361,1.3641651142825943,-104.47566798581502,-0.17591717839241028,False,-1559.7284034466052,-2511.1709120347577,3073.26192500301,-99.71814477987758,-14.61338169421074,90.38759153860978,720.5810780654635,-1425.8589658244548,3001.4681123360574,1051,-1.5968014350799973,-116.98761084310479,False,0.7224137783050537,-1.0,-0.3999999761581421,0.0
105.29999999990423,0.006623683293391362,-0.012944265914180839,2995.8343382159205,-10.437322319385299,-1.4704729929414107,-2.88633046315597,-0.020542367966022226,-18.10661231780839,308.1391919751076,-1491.8608080248923,164.35973630208537,-153.57172191618002,56.40559238715303,203.31423106614875,100.0,100.0,17642.658435781956,0.7057376064898204,8.88647193798643,6.400818047681016,-56.40559238715303,0.0,0.0,0.0,0.0,2995.834338215801,1.3656953244598165,-103.61691223798108,-0.18454834818840027,False,-1562.8777709847325,-2490.309563761374,3066.624068901247,-99.47288208542166,-15.264960707417902,88.48307991434356,737.3484242203265,-1440.955681566611,2995.8343382159205,1052,-1.5814340272082588,-118.56904487031305,False,0.7224137783050537,-1.0,0.10000002384185791,0.0
105.39999999990414,0.006770157899247173,-0.013084401068277008,2990.190486936763,-10.487172156793118,-1.4781529274989724,-2.917589028335445,-0.054321566306597104,-18.194710397608972,306.3108678256437,-1493.6891321743562,159.39100181770706,-158.74198406159036,56.461369067662616,203.39113227572332,100.0,100.0,17651.473099742103,0.7057708782315038,8.861840130666284,8.175616776047429,-56.461369067662616,0.0,0.0,0.0,0.0,2990.190486935117,1.366892636191179,-102.71680758552041,-0.19310736656188965,False,-1565.3325896777628,-2469.409567108514,3059.7973962019087,-99.62330870465723,-15.888502302932647,86.61478134675721,753.6539773441953,-1456.5555269205965,2990.190486936763,1053,-1.560643003891058,-120.12968787420411,False,0.7224137783050537,-1.0,-0.3999999761581421,0.0
105.49999999990405,0.00691178580849274,-0.01322925965917898,2984.5326766792955,-10.541167248553949,-1.494999824783351,-3.076302790468102,-0.023240917035411757,-18.32900250510504,304.4990966369428,-1495.5009033630572,154.24583802163733,-163.70297910242775,56.71773301340671,203.47313127847988,100.0,100.0,17660.377138812524,0.7058206952627075,8.801873546096914,6.375172579680018,-56.71773301340671,0.0,0.0,0.0,0.0,2984.5326766768376,1.3677469576147103,-101.83271806521962,-0.20187941193580627,False,-1567.1555390642818,-2448.4812654018765,3052.791374044928,-99.28795644579859,-16.515214671474883,84.7353186251482,769.4199962014118,-1472.6811852598041,2984.5326766792955,1054,-1.545204585586749,-121.67489245979085,False,0.7224137783050537,-1.0,0.10000002384185791,0.0
105.59999999990396,0.0070489707350213215,-0.013378344922962786,2978.8504315045598,-10.64742187566553,-1.502034664841606,-3.083015433087198,-0.05657452762486687,-18.327727961540493,302.65314282750757,-1497.3468571724923,148.93796159029705,-168.5237564852432,56.92496773869931,203.5571837147236,100.0,100.0,17669.343584687165,0.7058763832053397,8.792801456436434,8.160089623305344,-56.92496773869931,0.0,0.0,0.0,0.0,2978.850431502541,1.3682642926096409,-100.91268640776387,-0.21052713692188263,False,-1568.275433793118,-2427.561666763983,3045.5932991427453,-99.41428412510757,-17.10911534007941,82.88099335916395,784.6914222225735,-1489.2773568242173,2978.8504315045598,1055,-1.5241682281547189,-123.19906068794558,False,0.7224137783050537,-1.0,-0.3999999761581421,0.0
105.69999999990387,0.007180996339070708,-0.013531815607216781,2973.1383815164,-10.75490865371898,-1.5182518209521965,-3.219349781914145,-0.02529981377468092,-18.475712508825847,300.8269254416546,-1499.1730745583454,143.4675293688518,-173.1233905732258,57.33081015998233,203.64612374585727,100.0,100.0,17678.418526394158,0.7059472532641747,8.743042437232798,6.361402721027687,-57.33081015998233,0.0,0.0,0.0,0.0,2973.138381514767,1.3684622640801363,-100.01251581995965,-0.2142791748046875,False,-1568.8186899515147,-2406.6408401597573,3038.2192785381853,-96.34048850742988,-17.56909718564152,80.96509098681503,799.3885124653513,-1506.3617133953721,2973.1383815164,1056,-1.4228700248504693,-124.62193071279604,False,0.7224137783050537,-1.0,0.10000002384185791,0.0
105.79999999990378,0.007308298484270767,-0.013689204640722522,2967.3877510127395,-10.913089615488408,-1.5247421179202472,-3.207395037831375,-0.058299502943146723,-18.4073283253649,298.9698056465353,-1501.0301943534646,137.83917044458116,-177.57528677758967,57.68716345843161,203.7368590644329,100.0,100.0,17687.57195941607,0.7060225442360439,8.742390247217543,8.153414684346643,-57.68716345843161,0.0,0.0,0.0,0.0,2967.387751012764,1.3684264261992496,-99.08269827137813,-0.2189440280199051,False,-1568.8867248252427,-2385.7095623855434,3030.7066426504525,-91.57805661217465,-17.932228239737015,79.05762518353305,813.5597872690217,-1523.882260605231,2967.3877510127395,1057,-1.4270587491837743,-126.04898946197982,False,0.7224137783050537,-1.0,-0.3999999761581421,0.0
105.89999999990368,0.007430148089996932,-0.013850622344215795,2961.591725707707,-11.069809471772695,-1.5404342350939233,-3.3268974395051116,-0.026849812217960612,-18.580656691061957,297.13394910419356,-1502.8660508958064,132.06446252844523,-181.79341039704948,58.24035138483052,203.83273250562195,100.0,100.0,17696.858946375665,0.706113214444572,8.697945085859782,6.354319694740553,-58.24035138483052,0.0,0.0,0.0,0.0,2961.591725706944,1.3680538881244197,-98.17333751498003,-0.22891488671302795,False,-1568.336231498783,-2364.832827211098,3023.0865489686253,-89.3203613686595,-18.24162781528173,77.275759869454,827.1240853784585,-1541.8512793581024,2961.591725707707,1058,-1.5019882730010488,-127.55097773498086,False,0.7224137783050537,-1.0,0.10000002384185791,0.0
105.9999999999036,0.0075475601073925844,-0.014015406826234771,2955.738527316329,-11.10296486410663,-1.494149773605314,-2.9793156135659107,-0.017577679270861183,-18.845061798711814,295.25638067444646,-1504.7436193255535,127.97646522979875,-185.13091758251832,58.80748385155283,204.33152110693285,100.0,100.0,17711.731655963515,0.7075552432352872,9.36229659015318,4.536012729669879,-58.80748385155283,0.0,0.0,0.0,0.0,2955.7385273162035,1.3673597364563668,-97.21990803183832,-0.23880304396152496,False,-1567.0474219192417,-2344.0498665101504,3015.3727165272207,-88.69740300368966,-18.426995940499637,75.56684366313559,840.1943911549425,-1560.1950878964547,2955.738527316329,1059,-1.498452871793487,-129.04943060677434,False,0.7224137783050537,-1.0,0.6000000238418579,0.0
106.0999999999035,0.0076614223438011666,-0.014183115518815221,2949.8427014498952,-11.085266942389628,-1.4178304413352978,-2.256591310215928,-0.04218011280511003,-17.693672301236045,293.4087403242766,-1506.5912596757232,123.5653155243113,-188.56884817158573,59.02894841707525,204.77819033124268,100.0,100.0,17725.96116730548,0.70881945078224,9.97788725440896,6.623851810980298,-59.02894841707525,0.0,0.0,0.0,0.0,2949.8427014491817,1.3664620326919108,-96.29630705756529,-0.24334922432899475,False,-1565.1533087614146,-2323.3197906167698,3007.5651645451785,-85.64208309457547,-18.43811278862898,73.80467854674038,852.8695353119458,-1578.8644195545105,2949.8427014498952,1060,-1.3937781649660097,-130.44320877174036,False,0.7224137783050537,-1.0,0.10000002384185791,0.0
106.19999999990341,0.007770351063419318,-0.014354238458377296,2943.9532719726476,-11.080516167295846,-1.3902085055937254,-1.9358221975481007,-0.0527448836638038,-16.519616018547037,291.6997732501637,-1508.3002267498364,117.11722639804914,-192.67643855449745,58.68350669320811,204.7817433683571,100.0,100.0,17734.121194767635,0.7085954374903116,9.80010952468439,8.669159724144796,-58.68350669320811,0.0,0.0,0.0,0.0,2943.9532719730855,1.3653292434923403,-95.51332893686056,-0.24841754138469696,False,-1562.770181734732,-2302.6221245459874,2999.6872089151384,-81.14309170797596,-18.360607909309117,72.0279354382109,864.9954803798386,-1597.9138251865606,2943.9532719726476,1061,-1.3744128206916764,-131.81762159243203,False,0.7224137783050537,-1.0,-0.3999999761581421,0.0
106.29999999990332,0.007873149423275543,-0.014529030651342773,2938.1028962185264,-10.972347822172164,-1.392107885701053,-2.0199735436494572,-0.016677265343127592,-16.55805060601154,290.0662944099155,-1509.9337055900846,110.66411016564753,-196.50006172420768,58.365361509556244,204.79955013322936,100.0,100.0,17742.42253398909,0.7084209174880248,9.54391844237365,6.763678055782374,-58.365361509556244,0.0,0.0,0.0,0.0,2938.102896217919,1.3638327459200705,-94.80610944363472,-0.258812814950943,False,-1559.769689380938,-2282.023687203182,2991.7944824445517,-79.26660060092905,-18.273391919129942,70.34294879796082,876.4389937990334,-1617.3716921074774,2938.1028962185264,1062,-1.4471570832671175,-133.26477867569915,False,0.7224137783050537,-1.0,0.10000002384185791,0.0
106.39999999990323,0.00797041478377805,-0.014707058405738643,2932.2854845837624,-10.865071039665517,-1.3967807473759262,-2.0893267678200256,-0.04616528332556336,-17.05529681968087,288.3733884521934,-1511.6266115478068,104.18338120732024,-200.10735032362533,57.94049377341131,204.83253236823217,100.0,100.0,17750.886437473368,0.7082986999345243,9.355378438628435,8.481036027913696,-57.94049377341131,0.0,0.0,0.0,0.0,2932.2854845833253,1.3619602554502952,-94.03848904763312,-0.26899585127830505,False,-1556.0386535068608,-2261.5656160475405,2983.9172544897083,-79.0880898890692,-18.097869922971814,68.73532106238514,887.2665737301725,-1637.1897417268258,2932.2854845837624,1063,-1.4210485167536273,-134.68582719245276,False,0.7224137783050537,-1.0,-0.3999999761581421,0.0
106.49999999990314,0.008061480087619595,-0.01488829082739806,2926.5058311809335,-10.739712920021805,-1.4142083867724924,-2.3335166496674105,-0.013874137314168564,-17.322596282250544,286.6716695107345,-1513.3283304892657,97.6404216995729,-203.43903191533929,57.701413975336976,204.87959459564752,100.0,100.0,17759.491547962025,0.7082252593333035,9.17424886471695,6.6082734484462575,-57.701413975336976,0.0,0.0,0.0,0.0,2926.5058311799194,1.3597339613295412,-93.26340288337674,-0.273598849773407,False,-1551.7088026090041,-2241.198921507173,2976.0314292580338,-76.43849396408939,-17.766742500343593,67.09259638657865,897.4039633538133,-1657.364534905952,2926.5058311809335,1064,-1.3005207191398231,-135.9863479115926,False,0.7224137783050537,-1.0,0.10000002384185791,0.0
106.59999999990305,0.008146920943424405,-0.015072343696252056,2920.748834709558,-10.664199783969844,-1.4232993533085911,-2.426987992491852,-0.04873554386304871,-17.716056703989608,284.90606221434655,-1515.0939377856535,91.03203099886235,-206.56498897520916,57.4108573896669,204.9363164511686,100.0,100.0,17768.198289050437,0.7081851273375709,9.068973059066325,8.36622794770023,-57.4108573896669,0.0,0.0,0.0,0.0,2920.7488347066587,1.3572531231381664,-92.42732987097664,-0.2785226106643677,False,-1546.8999517850173,-2220.8955105363298,2968.14016648694,-72.33142879113139,-17.3684374017143,65.42851400354509,906.9152394220048,-1677.853300266779,2920.748834709558,1065,-1.2909359122008035,-137.2772838237934,False,0.7224137783050537,-1.0,-0.3999999761581421,0.0
106.69999999990296,0.00822603222960238,-0.015259149239630617,2915.0138598670724,-10.593275038247448,-1.44219603183818,-2.653094454505215,-0.017176405392065757,-17.90212753722814,283.1412801824168,-1516.8587198175833,84.34812443721847,-209.42003996060313,57.329998613915684,205.0021206351694,100.0,100.0,17776.999798362107,0.7081763156213827,8.952375784024733,6.519884812747946,-57.329998613915684,0.0,0.0,0.0,0.0,2915.0138598663043,1.3544273734167496,-91.59309330313698,-0.28865963220596313,False,-1541.498419503288,-2200.728099877227,2960.3168528238953,-70.80858779411989,-16.99443821126213,63.83855729813874,915.7219077993369,-1698.6484933556803,2915.0138598670724,1066,-1.3647360454150852,-138.64201986920847,False,0.7224137783050537,-1.0,0.10000002384185791,0.0
106.79999999990287,0.008299390402953183,-0.015448371971275916,2909.2862596698315,-10.58046976061331,-1.4511585590919078,-2.7150072949634736,-0.05227174084519515,-18.118762446829347,281.3265101185813,-1518.6734898814188,77.58385433355663,-212.0739521249882,57.20409681663309,205.07308250045247,100.0,100.0,17785.86254152468,0.7081850580255364,8.899026901984278,8.304287755834238,-57.20409681663309,0.0,0.0,0.0,0.0,2909.2862596669984,1.3512430486676053,-90.70876938461761,-0.29858681559562683,False,-1535.3984554808426,-2180.7439386995284,2952.6059292426826,-70.97696807197592,-16.561407397433143,62.33432182990402,923.8881396567483,-1719.712767842435,2909.2862596698315,1067,-1.33983281876439,-139.98185268797286,False,0.7224137783050537,-1.0,-0.3999999761581421,0.0
106.89999999990278,0.008366274983396026,-0.015639900885625543,2903.563236526743,-10.57352902955564,-1.4695256736868323,-2.906184897273088,-0.020593415709610954,-18.261976509294225,279.5228584184085,-1520.4771415815917,70.74979377136954,-214.45641512067226,57.28844970645441,205.1504235461231,100.0,100.0,17794.807257338696,0.7082153209896049,8.818761948526555,6.471501367758824,-57.28844970645441,0.0,0.0,0.0,0.0,2903.5632365254946,1.3476901681117661,-89.83682576274805,-0.3082786202430725,False,-1528.6690359432046,-2160.9125541164044,2944.9851499013994,-71.31229978229793,-16.133513696125306,60.78934321002176,931.3337311516456,-1741.0337665878355,2903.563236526743,1068,-1.3145805966709514,-141.29643328464383,False,0.7224137783050537,-1.0,0.10000002384185791,0.0
106.99999999990268,0.008427273551970905,-0.015833445107544038,2897.8319707420173,-10.624451865391002,-1.4778570449384103,-2.937074521237725,-0.05522343227533588,-18.34884443774374,277.6787325012963,-1522.321267498704,63.832911209020054,-216.63677612504557,57.32786334880854,205.23064617890864,100.0,100.0,17803.803663250943,0.7082548573016958,8.793860186517875,8.271942893344645,-57.32786334880854,0.0,0.0,0.0,0.0,2897.8319707412916,1.3437665575247602,-88.92398182069044,-0.32144737243652344,False,-1521.223628289641,-2141.3176779627493,2937.491836493173,-74.64866525984195,-15.830900193563298,59.206651748508875,938.1240918054012,-1762.5791093718024,2897.8319707420173,1069,-1.3576432838080303,-142.65407656845184,False,0.7224137783050537,-1.0,-0.3999999761581421,0.0
107.0999999999026,0.008481663475374122,-0.016028845987941583,2892.087937049085,-10.678773563723691,-1.4955590265123833,-3.099102759209611,-0.023326771068267447,-18.4877705170215,275.85168374491036,-1524.1483162550899,56.86070458060789,-218.54230486545,57.57580589798343,205.31620336712388,100.0,100.0,17812.89178817275,0.7083116925816898,8.732762955620995,6.444948843870435,-57.57580589798343,0.0,0.0,0.0,0.0,2892.087937048039,1.3394418048710799,-88.02736917961505,-0.33068138360977173,False,-1513.0845655531343,-2121.996759210634,2930.094098787269,-77.24963213540968,-15.507176574132385,57.55529567130742,944.1787780786473,-1784.331135377657,2892.087937049085,1070,-1.2616759802229822,-143.91575254867482,False,0.7224137783050537,-1.0,0.10000002384185791,0.0
107.1999999999025,0.008530046728636732,-0.016225855334413234,2886.3201923727124,-10.789468271831764,-1.5033031370482977,-3.1055415750081754,-0.057521581205437516,-18.481295117578068,273.9898214717096,-1526.0101785282907,49.81001411012953,-220.24202709985622,57.77868153751544,205.40370446973893,100.0,100.0,17822.040170424123,0.708374022500504,8.72316023211079,8.255644459375892,-57.77868153751544,0.0,0.0,0.0,0.0,2886.320192370445,1.334825504060166,-87.0981205995248,-0.33451706171035767,False,-1504.4043555855596,-2102.8644644236,2922.7239678401384,-75.4486048394069,-15.128776423772695,55.810653947398166,949.564801831841,-1806.2622158268812,2886.3201923727124,1071,-1.1425027128811571,-145.05825526155598,False,0.7224137783050537,-1.0,-0.3999999761581421,0.0
107.29999999990241,0.00857170726844856,-0.016424264875043493,2880.5225473900173,-10.90069606415883,-1.5204280007973254,-3.2452424393795716,-0.025420189052039945,-18.637953118450007,272.148115441248,-1527.8518845587523,42.72301243980099,-221.66288888191465,58.188477260881946,205.49639826864328,100.0,100.0,17831.30210759185,0.7084524676536644,8.672050924381756,6.430306163421854,-58.188477260881946,0.0,0.0,0.0,0.0,2880.5225473898645,1.329928908304164,-86.19266316314175,-0.3389033377170563,False,-1495.287385017652,-2083.875551189034,2915.370702758065,-71.55919668700878,-14.743673270034177,54.060140839344974,954.2024531236937,-1828.3491658898417,2880.5225473900173,1072,-1.1367109662748014,-146.19496622783078,False,0.7224137783050537,-1.0,0.10000002384185791,0.0
107.39999999990232,0.008607261598322424,-0.016623868800242192,2874.6858549315425,-11.06689343074845,-1.5276702598687186,-3.2329969576438824,-0.059291178575230245,-18.55989755290783,270.27499866142415,-1529.725001338576,35.56573721284432,-222.87328389853994,58.5532816383794,205.5908195381632,100.0,100.0,17840.642589945113,0.7085350529018779,8.670764281967207,8.248242253529952,-58.5532816383794,0.0,0.0,0.0,0.0,2874.6858549302206,1.3247412618777845,-85.25737787445283,-0.3487551808357239,False,-1485.631790116732,-2065.1305228447586,2908.107581949985,-69.91230367375077,-14.401721369195698,52.41773770492327,958.1603611252523,-1850.5690748429608,2874.6858549315425,1073,-1.2240934665001753,-147.41905969433094,False,0.7224137783050537,-1.0,-0.3999999761581421,0.0
107.49999999990223,0.008636006737740122,-0.016824408732534032,2868.8023083176404,-11.23094455679695,-1.5443074142211828,-3.3558067156760196,-0.027004700789083305,-18.74580709749888,268.42349010892013,-1531.5765098910801,28.393625269437884,-223.80133974640134,59.12348559802043,205.69075357709514,100.0,100.0,17850.124587613373,0.708634122973029,8.624871979305512,6.422412398627818,-59.12348559802043,0.0,0.0,0.0,0.0,2868.8023083175617,1.3191546310747446,-84.3424869569513,-0.3626188039779663,False,-1475.307805734848,-2046.7436920563546,2901.006318986893,-71.88115799385608,-14.107772940636796,50.85222975719263,961.3602700452304,-1872.8931801056885,2868.8023083176404,1074,-1.2799780574824093,-148.69903775181334,False,0.7224137783050537,-1.0,0.10000002384185791,0.0
107.59999999990214,0.008659170029367464,-0.01702578768855306,2862.8601302171323,-11.271749925540659,-1.4977191227357458,-3.0047523122248863,-0.017893926387057772,-19.01163865820379,266.52908156963025,-1533.47091843037,23.14788768350399,-224.77059881046543,59.70280810505305,206.20053353391015,100.0,100.0,17865.34265875819,0.7101011601505947,9.297882280296658,4.5836099678292905,-59.70280810505305,0.0,0.0,0.0,0.0,2862.860130216695,1.3132331385744793,-83.38372667929974,-0.37345200777053833,False,-1464.3053780416071,-2028.747589787637,2894.052835593617,-73.81281631526586,-13.750825347852423,49.26818277102558,963.9388076691861,-1895.3106854897264,2862.8601302171323,1075,-1.2213313441145077,-149.92036909592784,False,0.7224137783050537,-1.0,0.6000000238418579,0.0
107.69999999990205,0.008677753192492359,-0.017228043040125374,2856.874320812488,-11.26270068274649,-1.421177654730623,-2.2790263661319554,-0.04281555799337749,-17.832175722940093,264.6659395730743,-1535.3340604269258,17.558734543791704,-225.67049713927491,59.93417188890164,206.65620027050255,100.0,100.0,17879.88523402754,0.7113844883627213,9.91837641412365,6.70585978180676,-59.93417188890164,0.0,0.0,0.0,0.0,2856.8743208107667,1.3070771992678845,-82.45792685137175,-0.3841060698032379,False,-1452.7124120374065,-2011.082352170758,2887.1978021764844,-74.52751567911962,-13.440230659512737,47.571517380620634,966.0074853882494,-1917.8257512267567,2856.874320812488,1076,-1.202434505062799,-151.12280360099064,False,0.7224137783050537,-1.0,0.10000002384185791,0.0
107.79999999990196,0.008690278017509524,-0.017430936830782288,2850.893850631589,-11.266333732735282,-1.3946737556344144,-1.9658802094115968,-0.05343387647556694,-16.656566503163198,262.9434843775883,-1537.0565156224118,9.824187426260414,-226.16696391906046,59.60070529400013,206.6595436817724,100.0,100.0,17888.174629253863,0.7111559192942446,9.73321570909987,8.782447600857713,-59.60070529400013,0.0,0.0,0.0,0.0,2850.89385063079,1.3005715482530154,-81.6722833316168,-0.39681655168533325,False,-1440.4825385824552,-1993.8435262553737,2880.4594249438856,-77.82641331471274,-13.277284852104572,45.81542680131423,967.4017489091602,-1940.4118880026842,2850.893850631589,1077,-1.2006508943165308,-152.32345449530717,False,0.7224137783050537,-1.0,-0.3999999761581421,0.0
107.89999999990187,0.008695553780520924,-0.017634111279723568,2844.950747520545,-11.164283939990227,-1.3977362328657064,-2.0592039615783504,-0.016649377878104638,-16.72865520909697,261.2950786450447,-1538.7049213549553,2.2274081968161252,-226.4054384610901,59.30161530920019,206.67832788009665,100.0,100.0,17896.625891357882,0.7109805150268885,9.471527778406895,6.846252057891213,-59.30161530920019,0.0,0.0,0.0,0.0,2844.9507475196015,1.2936607933628954,-80.95966802640854,-0.4074121117591858,False,-1427.6560249481024,-1977.0535811654804,2873.797560776979,-82.56047148191753,-13.221522460275855,43.97074728584639,967.9890468475893,-1963.0292676588276,2844.950747520545,1078,-1.1310416270972619,-153.45449612240444,False,0.7224137783050537,-1.0,0.10000002384185791,0.0
107.99999999990177,0.008694326585566837,-0.01783746947661103,2839.038707991931,-11.068019464429128,-1.4031186074586675,-2.12920039472969,-0.04716148583227993,-17.229863376828856,259.5845166947378,-1540.4154833052623,-5.2886744034410915,-226.43554627004838,58.89991298128828,206.71302939665318,100.0,100.0,17905.254565452567,0.7108595710140748,9.280284676463008,8.586990486821765,-58.89991298128828,0.0,0.0,0.0,0.0,2839.038707990826,1.2864057853550872,-80.18511332561235,-0.4170413017272949,False,-1414.274352644483,-1960.6958086197762,2867.14924009662,-87.63224626625464,-13.324420962861767,42.043363212207076,967.8524355053003,-1985.66710213634,2839.038707991931,1079,-1.0864703974780776,-154.54096651988252,False,0.7224137783050537,-1.0,-0.3999999761581421,0.0
108.09999999990168,0.008686019392165154,-0.018040655987522594,2833.1614547109607,-10.953390902999775,-1.4212640261303497,-2.375005475945375,-0.014140009676369344,-17.515838331813864,257.86476809909084,-1542.1352319009093,-12.722250975989951,-226.1871956284161,58.69203746687204,206.76269721437146,100.0,100.0,17914.04264591086,0.7107900166610306,9.096860447025225,6.685543318573309,-58.69203746687204,0.0,0.0,0.0,0.0,2833.1614547108024,1.2787815133873848,-79.40124335074738,-0.42612603306770325,False,-1400.3668926276462,-1944.7879247613128,2860.4606733183773,-92.68646716772889,-13.626999059072608,40.06392538622383,966.927678735825,-2008.2858245310151,2833.1614547109607,1080,-1.0484052608076437,-155.58937178069016,False,0.7224137783050537,-1.0,0.10000002384185791,0.0
108.19999999990159,0.008671334262085113,-0.018243608171731648,2827.3038457659873,-10.893080318943579,-1.4308279075552701,-2.465173316033759,-0.049866329531061966,-17.896592142044796,256.080139128382,-1543.919860871618,-20.11430291351053,-225.7214963728382,58.436018403312175,206.8224028396169,100.0,100.0,17922.943034430933,0.7107547544804125,8.990654432622527,8.468588443718904,-58.436018403312175,0.0,0.0,0.0,0.0,2827.303845764143,1.2708378643042126,-78.55262171191582,-0.43461206555366516,False,-1385.9600836223062,-1929.3519022368387,2853.6786431293935,-97.6574015218969,-14.140843060463652,38.06128064474097,965.2929300553149,-2030.878461677167,2827.3038457659873,1081,-1.0108555240854997,-156.60022730477567,False,0.7224137783050537,-1.0,-0.3999999761581421,0.0
108.2999999999015,0.008649678826228293,-0.01844591888139673,2821.4641398139,-10.836142872646644,-1.450367283537695,-2.6914495252532413,-0.017484035646762965,-18.099388906488077,254.2967713262104,-1545.7032286737897,-27.43751765126311,-224.9753861962138,58.396909039392014,206.89187181644917,100.0,100.0,17931.95453000623,0.7107527704154148,8.872585359500775,6.594480497333603,-58.396909039392014,0.0,0.0,0.0,0.0,2821.464139811075,1.2625478950252482,-77.70481540280899,-0.4423198103904724,False,-1371.0847689530553,-1914.407660951749,2846.7507021848023,-102.55858730014985,-14.865755356207696,36.05798123678963,962.8822469357336,-2053.399689877084,2821.4641398139,1082,-0.9671561592704896,-157.56738346404617,False,0.7224137783050537,-1.0,0.10000002384185791,0.0
108.39999999990141,0.008621731729302412,-0.018647569922568694,2815.6277952652395,-10.841463491775423,-1.4598345926365066,-2.7501776797109243,-0.05340377148815962,-18.29745827314021,252.46292200954,-1547.5370779904601,-34.734688310399044,-224.00857798121314,58.31618008680583,206.9667336691218,100.0,100.0,17941.036788496665,0.7107688764534505,8.818617638186456,8.404757984784675,-58.31618008680583,0.0,0.0,0.0,0.0,2815.6277952628798,1.2539732934285246,-76.80713050558268,-0.4468652009963989,False,-1355.7914944070455,-1899.9425957238009,2839.631439702648,-105.06461431557778,-15.687130729992024,34.034327472644286,959.7711761059445,-2075.847483780347,2815.6277952652395,1083,-0.8726549453943832,-158.44003840944055,False,0.7224137783050537,-1.0,-0.3999999761581421,0.0
108.49999999990132,0.008586908977503317,-0.018848107682667207,2809.7907812648,-10.851231114882035,-1.4789143265217297,-2.9421841838400415,-0.020869101272184297,-18.46011543267553,250.64066806069533,-1549.3593319393049,-41.957074741215294,-222.76384228220238,58.4531352061982,207.0486118273148,100.0,100.0,17950.218000646157,0.7108083093684804,8.736942195759958,6.544507096789941,-58.4531352061982,0.0,0.0,0.0,0.0,2809.7907812639264,1.2451068168823405,-75.92299838215864,-0.4516729712486267,False,-1340.1405634544828,-1885.8887519108223,2832.316033199537,-105.45486846333934,-16.624844253342253,32.02973849271708,955.8947073756692,-2098.1713472345136,2809.7907812648,1084,-0.8528074892854866,-159.29284589872603,False,0.7224137783050537,-1.0,0.10000002384185791,0.0
108.59999999990123,0.008545877002641278,-0.0190475595803639,2803.9404564080537,-10.923129861641028,-1.4878266409829637,-2.970654091835561,-0.056344726926597366,-18.524619584856083,248.77760663109152,-1551.2223933689088,-49.15488186405401,-221.29613887907362,58.549133928905114,207.13357308516277,100.0,100.0,17959.46115938941,0.7108574312513052,8.711387243520203,8.371241500915177,-58.549133928905114,0.0,0.0,0.0,0.0,2803.9404564079036,1.2359561862684265,-74.99736869185104,-0.45979413390159607,False,-1324.0959280783156,-1872.3901809431834,2824.75812015405,-108.14113411910579,-17.668068221312883,30.156185134493956,951.3270279340271,-2120.3743324861093,2803.9404564080537,1085,-0.9014278712361656,-160.1942737699622,False,0.7224137783050537,-1.0,-0.3999999761581421,0.0
108.69999999990114,0.008498074390457988,-0.019245428030272196,2798.070895854521,-10.997059579926736,-1.5063176251741934,-3.134252707512316,-0.02357620836330906,-18.686729517815984,246.9319908141332,-1553.068009185867,-56.26263948811955,-219.55476843778325,58.86149050920588,207.2245287135214,100.0,100.0,17968.814929845325,0.7109256985828641,8.648799393360822,6.516847968091054,-58.86149050920588,0.0,0.0,0.0,0.0,2798.0708958527534,1.2264862326429231,-74.08700630427417,-0.46458205580711365,False,-1307.6810033106851,-1859.4917080314317,2816.919940797964,-109.83844105722747,-18.68174415477937,28.278631864270814,946.0056411457832,-2142.4010483299007,2798.070895854521,1086,-0.7969312784257885,-160.991205048388,False,0.7224137783050537,-1.0,0.10000002384185791,0.0
108.79999999990105,0.008444159210873636,-0.019441785940694074,2792.171408835742,-11.131835381054582,-1.5147047195603736,-3.1388438326371175,-0.05864486459343972,-18.653981260651324,245.0513467502705,-1554.9486532497297,-63.33978455789213,-217.58907515832817,59.13331468706241,207.31763971089526,100.0,100.0,17978.24085057301,0.7109998759514627,8.638488375445643,8.354135394106857,-59.13331468706241,0.0,0.0,0.0,0.0,2792.1714088340705,1.21676574802377,-73.14233823763635,-0.4693859815597534,False,-1290.9541988762976,-1847.1051346501977,2808.817073040113,-109.91222021435559,-19.7551017258127,26.37955496650265,940.0038033544531,-2164.2596109180645,2792.171408835742,1087,-0.7714682959521824,-161.7626733443402,False,0.7224137783050537,-1.0,-0.3999999761581421,0.0
108.89999999990096,0.008383601601579522,-0.01963609433284391,2786.234239275357,-11.265831219497029,-1.5326751478376868,-3.280597609816209,-0.02565855740239288,-18.837804415585396,243.19110988472417,-1556.808890115276,-70.3071690335391,-215.35572912373843,59.620169936669235,207.41665187402668,100.0,100.0,17987.801742883865,0.7110921230796697,8.585825523207447,6.501377301799282,-59.620169936669235,0.0,0.0,0.0,0.0,2786.2342392756605,1.2067468135412003,-72.21624425984571,-0.47369664907455444,False,-1273.9192723749163,-1835.3141674330682,2800.4174298140288,-110.08452636542138,-20.80374579106193,24.510091679055584,933.2625302878323,-2185.890021132184,2786.234239275357,1088,-0.7306609034256627,-162.49333424776586,False,0.7224137783050537,-1.0,0.10000002384185791,0.0
108.99999999990087,0.008317570227035657,-0.01982878749443776,2780.245537195489,-11.278141130269415,-1.4862235723830732,-2.938639094985419,-0.016914988124046595,-19.09547934889091,241.28770515683968,-1558.7122948431604,-75.52538560787632,-213.98813753651984,60.13975664943355,207.93204112119156,100.0,100.0,18003.229057247016,0.7125685295516766,9.257102428603853,4.639905739310647,-60.13975664943355,0.0,0.0,0.0,0.0,2780.2455371944725,1.1965173051333542,-71.24782800157497,-0.47811490297317505,False,-1256.6108010852429,-1824.0690273054881,2791.738382677013,-109.57758477251487,-21.84976041924115,22.63103092769045,925.9119176736094,-2207.340623880811,2780.245537195489,1089,-0.7353258987029575,-163.22866014646883,False,0.7224137783050537,-1.0,0.6000000238418579,0.0
109.09999999990077,0.00824696825066722,-0.020020327280207296,2774.219104691309,-11.243859151235922,-1.4099239507168302,-2.221371948917318,-0.042232441780208185,-17.9069249436825,239.41623955545984,-1560.58376044454,-81.02588722220344,-212.4089345273774,60.30485084659181,208.3919893535283,100.0,100.0,18017.948170254465,0.7138578099956825,9.873323359670485,6.7892961881450375,-60.30485084659181,0.0,0.0,0.0,0.0,2774.219104688539,1.1861248594835136,-70.31162092305857,-0.482023686170578,False,-1239.0365698451683,-1813.4532793479136,2782.7555325222015,-109.48441235504026,-22.8395117785754,20.770170513541416,918.0525056642749,-2228.662832832676,2774.219104691309,1090,-0.6973184113592797,-163.9259785578281,False,0.7224137783050537,-1.0,0.10000002384185791,0.0
109.19999999990068,0.0081705516133754,-0.020209865703456554,2768.205967663515,-11.225742640008585,-1.3848830210748997,-1.925516916341903,-0.053144348492069664,-16.74708649739318,237.6856501057553,-1562.3143498942445,-88.30536398455696,-209.54099172820474,59.880714848562604,208.39379235760032,100.0,100.0,18026.267578757506,0.7136225745479189,9.682436490059857,8.881696571128987,-59.880714848562604,0.0,0.0,0.0,0.0,2768.2059676630024,1.175500866670686,-69.5167618150848,-0.4859926700592041,False,-1221.2271900730386,-1803.4129322218482,2773.489960764027,-108.90878210570027,-23.82105165249266,18.88510539865619,909.5458056009496,-2249.7622501087835,2768.205967663515,1091,-0.6385045911899121,-164.564483149018,False,0.7224137783050537,-1.0,-0.3999999761581421,0.0
109.29999999990059,0.008087391550351862,-0.02039656637526064,2762.239097307703,-11.102213275556679,-1.3894481526025786,-2.03671494282872,-0.015746787175259624,-16.816879150206216,236.02893765039536,-1563.9710623496046,-95.34571905948425,-206.49383619838017,59.50106294983952,208.41139261897536,100.0,100.0,18034.74334769252,0.713441831532012,9.41865379567212,6.91880806104364,-59.50106294983952,0.0,0.0,0.0,0.0,2762.2390973060774,1.1645704286404077,-68.79308774526778,-0.48939573764801025,False,-1203.1964488066767,-1794.0296178805522,2763.9206200691433,-108.81250364750723,-24.747365930057985,17.006037565610058,900.2884273851694,-2270.5457688940146,2762.239097307703,1092,-0.5864481232283735,-165.15093127224637,False,0.7224137783050537,-1.0,0.10000002384185791,0.0
109.3999999999005,0.007998214243960617,-0.02058065830209837,2756.3107655708764,-10.989864672530839,-1.3958593852823324,-2.1149218231270766,-0.04740814090436513,-17.342243903853646,234.30787307128813,-1565.6921269287118,-102.2214293869672,-203.28814933851132,59.02506983488467,208.4449960608749,100.0,100.0,18043.38928543427,0.713315911470485,9.227291547263528,8.681401260666824,-59.02506983488467,0.0,0.0,0.0,0.0,2756.3107655684057,1.1534017421117901,-68.00643963140475,-0.4894218444824219,False,-1184.9764193282303,-1785.1811083081404,2754.0834017537804,-105.33744094987836,-25.53323831205958,15.022688606934445,890.3612096376959,-2291.0388821895904,2756.3107655708764,1093,-0.46605955213528594,-165.61699082438165,False,0.7224137783050537,-1.0,-0.3999999761581421,0.0
109.49999999990041,0.007902646308005207,-0.020761565744124768,2750.4243630573037,-10.859900486982673,-1.4150452218802578,-2.369344227217149,-0.013740363675777073,-17.618250996195272,232.577986935953,-1567.422013064047,-108.90147496380034,-199.8604186135323,58.752770869489794,208.4937106525126,100.0,100.0,18052.18855579001,0.7132419400201704,9.043810697206307,6.754742338502666,-58.752770869489794,0.0,0.0,0.0,0.0,2750.424363056396,1.1419812734399999,-67.21418942561363,-0.49052637815475464,False,-1166.5866571645802,-1776.7729442093068,2744.031486392713,-100.16569911435666,-26.203944264139775,13.023909289049376,879.7225870071397,-2311.177498635969,2750.4243630573037,1094,-0.45518878757511727,-166.07217961195676,False,0.7224137783050537,-1.0,0.10000002384185791,0.0
109.59999999990032,0.007801357506958822,-0.020939530777770873,2744.5636264802906,-10.788908111269603,-1.4253893182589543,-2.462221554449452,-0.05040782133100401,-18.012407277732393,230.7820245067507,-1569.217975493249,-115.4494603436066,-196.24906827154726,58.43715206084921,208.55230915860446,100.0,100.0,18061.090859371216,0.7132018512414109,8.937829951320024,8.560581230947255,-58.43715206084921,0.0,0.0,0.0,0.0,2744.563626479263,1.1303266267985035,-66.35576303321712,-0.49581485986709595,False,-1148.0346670998313,-1768.9729115367181,2733.7805898871243,-97.7135808533787,-26.78537979356992,11.14298154881425,868.447117674656,-2330.9885661814537,2744.5636264802906,1095,-0.5239389960937113,-166.59611860805046,False,0.7224137783050537,-1.0,-0.3999999761581421,0.0
109.69999999990023,0.007693983130229435,-0.021113923639529266,2738.726452594534,-10.721089847429665,-1.4458662282966486,-2.694067748367611,-0.017293300844517,-18.208130139611182,228.98796118882112,-1571.0120388111786,-121.81293875504142,-192.4087897004748,58.34718947890887,208.62075957525744,100.0,100.0,18070.098851145052,0.7131954265254148,8.819327081873313,6.661589227552035,-58.34718947890887,0.0,0.0,0.0,0.0,2738.7264525950377,1.1183751983991579,-65.49499987186535,-0.5008607506752014,False,-1129.3156762502065,-1761.9129273094832,2723.329413147524,-96.90644338659467,-27.217203507762076,9.304791387698376,856.4942020571407,-2350.4019795523977,2738.726452594534,1096,-0.4750933837855724,-167.07121199183604,False,0.7224137783050537,-1.0,0.10000002384185791,0.0
109.79999999990014,0.007581152291274617,-0.021285017938361312,2732.8973949375722,-10.719858731343088,-1.4561205333121137,-2.7541710146105216,-0.05407464234046398,-18.413971237773985,227.1424805041358,-1572.857519495864,-128.0568023838223,-188.37530838695275,58.22021878353986,208.6944122659541,100.0,100.0,18079.169019936147,0.7132065758678826,8.765129195797412,8.49494846047921,-58.22021878353986,0.0,0.0,0.0,0.0,2732.8973949368024,1.1061828161255018,-64.58346467142128,-0.5020625591278076,False,-1110.4373665818039,-1755.4497601597466,2712.6944823783338,-93.42673610912716,-27.47130282920245,7.367121385316215,843.9338730646904,-2369.4481968983814,2732.8973949375722,1097,-0.3325167904667732,-167.4037287823028,False,0.7224137783050537,-1.0,-0.3999999761581421,0.0
109.89999999990005,0.007462528926856162,-0.02145214493195405,2727.071912994629,-10.722678778269502,-1.4761771330624456,-2.951014627068192,-0.020778648822149585,-18.57422401592223,225.30914711984227,-1574.6908528801575,-134.11105652183844,-184.11838879685797,58.31979129341635,208.77521603942498,100.0,100.0,18088.33500999177,0.7132415736136406,8.682515835303047,6.609848410441854,-58.31979129341635,0.0,0.0,0.0,0.0,2727.07191299374,1.0937375198171881,-63.68694262974754,-0.5041934847831726,False,-1091.415716318621,-1749.46765980763,2701.915980017397,-88.46796358620362,-27.62830930263963,5.398309348712615,830.7287201376279,-2388.052773825125,2727.071912994629,1098,-0.31370670844984194,-167.71743549075265,False,0.7224137783050537,-1.0,0.10000002384185791,0.0
109.99999999989996,0.00733871127447063,-0.021615615434819938,2721.236586454779,-10.792058743908475,-1.4859309446098863,-2.9804696118695855,-0.05710121745361648,-18.641311200725887,223.43422384195506,-1576.5657761580446,-140.04567637447767,-179.66564702369217,58.3834180186439,208.85893450383514,100.0,100.0,18097.556183538756,0.7132857993144076,8.656394247056129,8.459792236110625,-58.3834180186439,0.0,0.0,0.0,0.0,2721.236586452496,1.0810506069121426,-62.74874257337366,-0.5108682513237,False,-1072.2612622537947,-1744.1220863436347,2691.037865534002,-86.35670579840738,-27.7516542933743,3.5344624543927705,816.9453390740705,-2406.2503102041555,2721.236586454779,1099,-0.3923252806681936,-168.10976077142084,False,0.7224137783050537,-1.0,-0.3999999761581421,0.0
110.09999999989986,0.00720912860884583,-0.021774384476381307,2715.388648575336,-11.018990669873627,-1.5528349867338769,-3.4096537577113497,-0.05405594877981211,-18.67385117873768,221.58233106851395,-1578.4176689314857,-146.51221305546326,-174.01556187529857,58.66876842490309,208.69687893688933,100.0,100.0,18103.35373716322,0.7125138140648493,8.134164681189391,8.25368612516902,-58.66876842490309,0.0,0.0,0.0,0.0,2715.3886485741596,1.0680337509218998,-61.82842793544267,-0.5172252655029297,False,-1052.9717655953812,-1739.5409559192306,2680.077710518661,-85.95895872450373,-27.76024727492561,1.7278409650062685,802.5201967367178,-2423.924479910767,2715.388648575336,1100,-0.310626962420568,-168.4203877338414,False,0.7224137783050537,-1.0,-0.3999999761581421,0.0
110.19999999989977,0.007074092363836717,-0.0219282651446997,2709.4825953160466,-11.368191147726057,-1.6468060480632842,-4.0301298254824545,-0.050704151067195564,-19.414307691967892,219.67987733346874,-1580.320122666531,-152.14565225162139,-168.75337892782986,59.55117637708014,208.71993592277704,100.0,100.0,18111.82257750498,0.7123540575602745,7.743347432279714,7.596034291447381,-59.55117637708014,0.0,0.0,0.0,0.0,2709.4825953153654,1.054716347396104,-60.856457723367384,-0.5193291306495667,False,-1033.5503204571155,-1735.5764732939444,2669.026249757481,-82.83247975845534,-27.604253024035277,359.84931985844787,787.4879619423034,-2441.0544759079703,2709.4825953160466,1101,-0.15741980051368398,-168.5778075343551,False,0.7224137783050537,-1.0,-0.3999999761581421,0.0
110.29999999989968,0.0069341990484155696,-0.022077439695767347,2703.458386204496,-11.912035884396392,-1.746251919710141,-4.629325168643702,-0.05477689776802162,-19.684357914856907,217.72405454357553,-1582.275945456424,-157.2876933639825,-163.49296280110275,61.03452998071713,208.8203074243727,100.0,100.0,18121.537868270425,0.7124460817112981,7.418257650403616,7.375549457576718,-61.03452998071713,0.0,0.0,0.0,0.0,2703.4583862030318,1.0411556345455948,-59.83419016613961,-0.5222926735877991,False,-1014.0092189185938,-1732.103899176076,2657.9027443567606,-78.21904328655829,-27.375132408603854,357.94965372571824,771.9150380696212,-2457.660586932821,2703.458386204496,1102,-0.14420842803478573,-168.72201596238986,False,0.7224137783050537,-1.0,-0.3999999761581421,0.0
110.39999999989959,0.0067899911637443475,-0.02222210877999286,2697.2611758272587,-12.552751175643111,-1.8021618876245218,-4.95479700275737,-0.03163082612721792,-20.378410832166814,215.72138938512722,-1584.2786106148724,-161.5707463207069,-159.01144877291836,62.874244472803305,209.1675726181141,100.0,100.0,18134.956002836778,0.7133497434063193,7.583118602082159,5.423914458471372,-62.874244472803305,0.0,0.0,0.0,0.0,2697.2611758274506,1.0273556289142427,-58.76485723968487,-0.5301138162612915,False,-994.3673360520601,-1729.269376764387,2646.7733332243592,-76.4402102228584,-27.1535158106049,356.1484175045409,755.8618163480207,-2473.765149388805,2697.2611758272587,1103,-0.26606296244476213,-168.9880789248346,False,0.7224137783050537,-1.0,0.10000002384185791,0.0
110.4999999998995,0.006642090048390314,-0.022362913697392413,2690.880157032627,-13.370518622750286,-1.8218128913474565,-4.886636406509177,-0.07827579247708046,-19.05562044483171,213.7366521213666,-1586.2633478786329,-165.78400227789237,-154.23346728307573,64.88243588531535,209.4984427572679,100.0,100.0,18148.40449093462,0.7141910433289137,7.889315885212297,7.448971734571983,-64.88243588531535,0.0,0.0,0.0,0.0,2690.8801570322785,1.0133288618582537,-57.71175656801223,-0.5376385450363159,False,-974.6290105218852,-1727.1980197306646,2635.672600686425,-76.3846162893591,-26.84550027312275,354.42841778563314,739.3974641868098,-2489.4395527937236,2690.880157032627,1104,-0.21565913188910102,-169.20373805672372,False,0.7224137783050537,-1.0,-0.3999999761581421,0.0
110.59999999989941,0.0064901321165508835,-0.022498558241241275,2684.25857816906,-14.357501378137973,-1.892341089279788,-5.115657104447399,-0.07448220986692768,-18.125652905913324,211.88908556247304,-1588.1109144375264,-170.33962742251714,-147.85485078090787,67.63358015505752,209.500984313978,100.0,100.0,18157.576618582996,0.7139342536089507,7.4668655364015475,7.921546720875335,-67.63358015505752,0.0,0.0,0.0,0.0,2684.2585781694693,0.9990345877988458,-56.79356540386635,-0.5450134873390198,False,-954.8085276485257,-1725.8079842614586,2624.5927217095973,-76.42493711385654,-26.54061953366693,352.6408129285635,722.4815072144444,-2504.5395034149788,2684.25857816906,1105,-0.13982746351951447,-169.34356552024323,False,0.7224137783050537,-1.0,-0.3999999761581421,0.0
110.69999999989932,0.0063344225775333425,-0.022628818329223404,2677.350021290651,-15.33578179808257,-1.9397100914335772,-5.288499203225818,-0.041529490313875136,-19.191058833216164,210.02188722383715,-1589.9781127761623,-174.00479638418275,-142.578163809227,70.44701891879784,209.7959017600083,100.0,100.0,18171.255729709734,0.7146345011151336,7.494038254097144,5.837126204008147,-70.44701891879784,0.0,0.0,0.0,0.0,2677.3500212907275,0.9844672157116153,-55.84924396187062,-0.5546426177024841,False,-934.9597028240032,-1725.2147308038827,2613.569619356668,-79.65030305199689,-26.360156313274622,350.8220915710067,705.1479213310117,-2519.040056409149,2677.350021290651,1106,-0.19585423608422747,-169.53941975632745,False,0.7224137783050537,-1.0,0.10000002384185791,0.0
110.79999999989923,0.0061755678637455454,-0.02275453704838452,2670.16640790242,-16.44845864605287,-1.9564391670494141,-5.139009276652124,-0.08390717891838391,-17.810758518499576,208.16252211269665,-1591.8374778873028,-177.50869154465818,-137.0684697582202,73.39986808008055,210.0887113070411,100.0,100.0,18185.290603214577,0.7153161821641951,7.682294089783459,7.813747976148162,-73.39986808008055,0.0,0.0,0.0,0.0,2670.1664079035177,0.9696844276913053,-54.9088568545279,-0.5602284073829651,False,-915.1120535542627,-1725.3986867696256,2602.5647861136767,-81.95937433000704,-26.151344229927076,348.93373015645193,687.4642145921541,-2533.0350642261646,2670.16640790242,1107,-0.026229669403391,-169.56564942573084,False,0.7224137783050537,-1.0,-0.3999999761581421,0.0
110.89999999989914,0.0060136054854909365,-0.022874949465299804,2662.6586215506168,-17.560337557620766,-1.97676734410869,-5.076589963058961,-0.04883826385253506,-18.48338830513504,206.3502337219343,-1593.649766278065,-180.70221997229353,-131.4401197661122,76.62727287001394,210.3869129155808,100.0,100.0,18199.854851124877,0.7160021364528426,7.795884320363173,6.009652120604242,-76.62727287001394,0.0,0.0,0.0,0.0,2662.6586215508846,0.9546855171512799,-54.01328424407063,-0.5656071305274963,False,-895.2724963481937,-1726.2365671627078,2591.54255161407,-82.51969664848309,-26.04484076800817,346.9371091204924,669.4345626448511,-2546.439374477174,2662.6586215506168,1108,0.021611341576291965,-169.54403808415455,False,0.7224137783050537,-1.0,0.10000002384185791,0.0
110.99999999989905,0.005848893378109824,-0.02299051321570718,2654.840859199798,-18.72399293725606,-1.9834702420767643,-4.854023400088629,-0.08287795866305411,-17.20737441248809,204.55769760978555,-1595.4423023902139,-183.73937357094184,-125.58633285443854,79.89624472260905,210.6822881669903,100.0,100.0,18214.813367345116,0.7166657047283487,7.946090092358848,7.975449949825698,-79.89624472260905,0.0,0.0,0.0,0.0,2654.8408591988236,0.9394946112580963,-53.13222340411063,-0.5726323127746582,False,-875.5179836761754,-1727.845734508255,2580.5197802615585,-85.75909853209119,-26.111390780417153,344.93843837462344,651.0988108511856,-2559.303931172523,2654.840859199798,1109,0.01184175794415343,-169.5321963262104,False,0.7224137783050537,-1.0,-0.3999999761581421,0.0
111.09999999989896,0.005681525359569204,-0.02310047248459209,2646.670411023921,-19.84806675474334,-1.9987507591868392,-4.780097578193539,-0.04637606419118754,-18.10772833359502,202.79438249700505,-1597.2056175029943,-186.45681447070106,-119.64918363225543,83.37121839086701,210.98749181320542,100.0,100.0,18230.403982586027,0.7173470055293428,8.003107929201885,6.14084098018159,-83.37121839086701,0.0,0.0,0.0,0.0,2646.6704110216797,0.9240957778339136,-52.27316547886856,-0.5761538743972778,False,-855.8763441895296,-1730.2076322068901,2569.4574910927,-87.80393575308815,-26.164934566463746,342.8893634400463,632.4674030272438,-2571.5445969847915,2646.670411023921,1110,0.17551226634759454,-169.3566840598628,False,0.7224137783050537,-1.0,0.10000002384185791,0.0
111.19999999989886,0.005511819929274022,-0.0232053233766706,2638.16753421447,-21.01608569746861,-2.0034174567780396,-4.571280765627465,-0.07993911975845017,-16.934954082552768,201.0347257609592,-1598.9652742390401,-188.99827982579816,-113.51798003871023,86.85427130734651,211.29613578375236,100.0,100.0,18246.50908646075,0.7180256751790759,8.09520560153221,8.08657003463878,-86.85427130734651,0.0,0.0,0.0,0.0,2638.1675342138224,0.9085369500464704,-51.41803831890512,-0.576458215713501,False,-836.3115053340277,-1733.1403102447948,2558.3240225828204,-85.06203501983562,-26.15820862936639,340.7533119351004,613.5757945267841,-2583.2165982909714,2638.16753421447,1111,0.33739752434760617,-169.0192865355152,False,0.7224137783050537,-1.0,-0.3999999761581421,0.0
111.29999999989877,0.005339942065212435,-0.023304336263169596,2629.2916080052973,-22.14285886329588,-2.0176118602912347,-4.521300558590009,-0.04309509721478953,-18.01908030401293,199.28891479651665,-1600.7110852034828,-191.2015597028384,-107.34410359724737,90.51540785212363,211.61981623166335,100.0,100.0,18263.34940743054,0.718738347391076,8.107761796684638,6.226763874379057,-90.51540785212363,0.0,0.0,0.0,0.0,2629.291608003623,0.8928200430004768,-50.5808690519389,-0.5747203826904297,False,-816.7825272632339,-1736.4719444099755,2547.1225220666083,-78.3667696013443,-26.0073746505922,338.64741619311997,594.4423506994482,-2594.2387128160394,2629.2916080052973,1112,0.45732923895007693,-168.5619572965651,False,0.7224137783050537,-1.0,0.10000002384185791,0.0
111.39999999989868,0.005166212381393522,-0.023398624500762532,2620.0893892978193,-23.152729534907834,-1.963927194293747,-4.014639806378484,-0.03246321003818453,-19.060525757956256,197.43002196335362,-1602.5699780366458,-193.1390918304943,-102.92629003149395,93.39884576297736,212.37612643652375,100.0,100.0,18286.785106597625,0.7208653500216773,8.911626689879819,4.393347270817615,-93.39884576297736,0.0,0.0,0.0,0.0,2620.089389297667,0.8769940269185664,-49.641413496959565,-0.5739710927009583,False,-797.2571802496001,-1740.1325970050375,2535.8648044024767,-69.19497105534556,-25.608681739347,336.7435859022082,575.1027622967268,-2604.734879424885,2620.0893892978193,1113,0.4325762359006622,-168.12938106066446,False,0.7224137783050537,-1.0,0.6000000238418579,0.0
111.49999999989859,0.00499082409057948,-0.023488987295538794,2610.622236551544,-24.07675334373045,-1.880026218742426,-3.160491827986359,-0.05677353134359332,-17.97300478235953,195.56648322717928,-1604.4335167728202,-194.87689377893332,-97.89599151974791,96.02883395071815,212.77978693970383,94.8262114443069,93.53276430538365,9604.795031980964,0.721815889355921,9.65479926195266,6.666841105329923,-96.02883395071815,0.0,0.0,0.0,0.0,2610.6222365511367,0.8610768483033179,-48.70954576758159,-0.5756770968437195,False,-777.7446876147782,-1744.182929875076,2524.603640062371,-59.102401196540995,-24.93346621360733,335.14609038514936,555.5785377633077,-2614.7940657393788,2610.622236551544,1114,0.4058237743762221,-167.72355728628824,False,0.41896551847457886,-1.0,0.10000002384185791,0.0
111.5999999998985,0.004813873203477779,-0.02357372627886219,2600.8749447012037,-24.924109682017406,-1.8500267506340293,-2.7590644222550367,-0.0657265554233925,-16.792584496573124,193.8308591408229,-1606.1691408591767,-196.59285163487706,-90.48989385439621,98.97877349199382,212.58759766599968,90.27586221694946,92.38275873661041,8956.873251651308,0.7207892011934138,9.499835113349688,8.847209682760088,-98.97877349199382,0.0,0.0,0.0,0.0,2600.874944701476,0.8449833004651657,-47.91133277281273,-0.5814005136489868,False,-758.2317937433438,-1748.6904607312224,2513.4133678147405,-51.73334004754063,-24.109565277496355,333.79351426437506,535.8803650111463,-2624.227209362939,2600.8749447012037,1115,0.37469687686927533,-167.34886040941896,False,0.41896551847457886,-1.0,-0.3999999761581421,0.0
111.69999999989841,0.004635448748788443,-0.023651541114538092,2590.8242521556676,-25.617737832382836,-1.848687084849914,-2.7727164524489916,-0.025466821900370227,-18.063349723317025,192.0991743542748,-1607.9008256457248,-198.11779732573612,-83.20589271650748,101.91629042972544,212.54276923376946,92.43384266961448,94.54073918927543,12184.224483519454,0.7202368643558701,9.238863567621614,6.8254073958907115,-101.91629042972544,0.0,0.0,0.0,0.0,2590.8242521545108,0.8286146160412862,-47.1149086146761,-0.5928616523742676,False,-738.7190270374783,-1753.7995167068616,2502.422463828036,-50.08991508066758,-23.237630195050567,332.61600408956724,516.0181547151295,-2632.8895568703806,2590.8242521556676,1116,0.22358566243631373,-167.12527474698265,False,0.5706896781921387,-1.0,0.10000002384185791,0.0
111.79999999989832,0.004455644292051838,-0.02372377580995937,2580.5069073724776,-26.155009814834315,-1.7906000822956354,-2.380935109739863,-0.010729063293365693,-19.358691206058722,190.2237527585115,-1609.7762472414881,-199.68852535124347,-77.98947948138833,104.33007675881233,213.185580497577,94.59371438506355,96.7006109047245,17161.581833604003,0.7219398073621618,9.69448676108718,4.812245565351982,-104.33007675881233,0.0,0.0,0.0,0.0,2580.5069073712,0.8119835464161322,-46.17260746258441,-0.608207643032074,False,-719.2592915179189,-1759.6478430676061,2491.767574136764,-53.37722686931825,-22.39378205304784,331.4805071153639,496.00232259121066,-2640.930723164677,2580.5069073724776,1117,300.07937002069434,132.9540952737117,True,0.7224137783050537,-1.0,0.6000000238418579,0.0
