time,bank_rad,pitch_rad,heading_deg,agent_n_m,agent_e_m,agent_up_m,foe_n_m,foe_e_m,foe_up_m,foe_roll_deg,foe_pitch_deg,foe_yaw_deg
0.09999999999990905,-0.03679793307597299,0.5703493786696745,359.93148869538277,31.493572775024624,0.0021029033483851243,7036.377065056694,-2227.019222940028,-1364.6687506919807,7504.27280185386,-2.0904412147272557,0.5637550436765827,78.1433602332584
0.1999999999998181,-0.14192847956806848,2.3874366506783162,359.7241762985889,62.984898524933975,-0.006350339658122753,7036.639871821404,-2220.4513708321238,-1333.4263554293452,7504.516360127324,-8.113643278911058,2.37057587081592,77.92516120290031
0.29999999999972715,-0.28005429607375804,4.948090413798725,359.2272598874475,94.46171648481564,-0.06388542114177345,7037.183974404413,-2213.8390226360507,-1302.2153383776645,7505.037007758004,-15.768685974767582,4.932569004500907,77.43328589725864
0.3999999999996362,-0.4185876745239795,6.969826915560131,358.5259807090815,125.92569178191746,-0.22797243693529692,7038.052069421724,-2207.1288406217127,-1271.037565342837,7505.8713231795255,-23.017374179390035,6.972678405382878,76.75235021137422
0.49999999999954525,-0.5554307771232567,8.385437328636293,357.7162597462251,157.36404966232593,-0.5708455607691627,7039.275988008616,-2200.2553150528975,-1239.9215452119631,7507.061433007256,-30.304186344577417,8.40282964675973,75.97279349711205
0.5999999999994543,-0.6896844756738088,9.390102312209073,356.8197413325865,188.76319333343577,-1.158381853211106,7040.849390214363,-2193.1566057886116,-1208.8967364689443,7508.612475311021,-37.79196533511802,9.421746421206253,75.11702902529187
0.6999999999993634,-0.826806746413947,10.121491209445868,355.8206108969755,220.11150945046538,-2.0493429097222298,7042.747798590455,-2185.779652047179,-1177.9848949009336,7510.499333897004,-45.52261397746973,10.174839311190777,74.16313771706449
0.7999999999992724,-0.9682906148711417,10.643968521534948,354.70217346743914,251.4022615005237,-3.290072956965445,7044.927137106085,-2178.080067084285,-1147.2019907848078,7512.67974906385,-53.50594719970556,10.726110981036282,73.09089961514744
0.8999999999991815,-1.0792106083370074,11.034732732570488,353.4819285703827,282.6365820998157,-4.9073146862616746,7047.325489268947,-2170.021577374985,-1116.5587718038987,7515.101347116584,-61.74140185604531,11.096048857959767,71.8856109441035
0.9999999999990905,-1.1679733384271302,11.235680352133645,352.18042067314536,313.82350627166613,-6.89327622414631,7049.88630349364,-2161.575589611891,-1086.0618819624922,7517.7057004113085,-70.2191445016459,11.274907263847707,70.54923591560168
1.0999999999989996,-1.2611650407746935,11.300681050861717,350.88193362620905,344.9479489686837,-9.299432487005017,7052.584473603451,-2152.7210068992354,-1055.714780917736,7520.430643776763,-78.92106670859908,11.237647810509737,69.10226194031162
1.1999999999989086,-1.3419585471519315,11.208245509588268,349.57539248483306,376.0142059108918,-12.11647326515586,7055.378284320099,-2143.4444626944232,-1025.5183938487262,7523.211501771811,-87.8293881907656,10.951706421883268,67.58380629357418
1.2999999999988177,-1.433674938798004,11.009189523598945,348.28623615669426,407.00184922917504,-15.385699590061936,7058.235144068027,-2133.751771804079,-995.4647941997328,7525.980986443315,-95.12012409147754,10.457604329144544,66.0443577402152
1.3999999999987267,-1.4616280009981006,10.766877688335502,347.0033197704491,437.9205485004684,-19.061469304647865,7061.109093247945,-2123.6714439701273,-965.5361707406295,7528.692205537472,-101.17118709292029,9.720198908526196,64.5863200629953
1.4999999999986358,-1.457007396063275,10.468120436527276,345.8366924103855,468.779427525111,-23.11224248997403,7063.9832533229655,-2113.1763706861852,-935.7565804216722,7531.290227766512,-107.32546522909834,8.816073781488047,63.26117040645231
1.5999999999985448,-1.4901826625315602,10.090868677019115,344.82679586478383,499.5428808658749,-27.61070962049933,7066.862775286818,-2102.316845554706,-906.1062229613715,7533.743841916663,-109.96327921774271,7.874209755874933,62.0310497403402
1.6999999999984539,-1.5530759531451692,9.724412022984085,343.84402554841256,530.1827454358354,-32.608647961318276,7069.72908665169,-2091.124591874398,-876.5693157114619,7536.043715844978,-109.75943273996593,6.960081890673784,60.9782603431146
1.799999999998363,-1.5619189599102137,9.38729525483194,342.80019846672576,560.7201418124145,-38.04499971899842,7072.55468381044,-2079.573967195137,-847.168822861938,7538.1734748730305,-107.99565714210205,6.1528927457742535,60.13675983529188
1.899999999998272,-1.5434901435347308,9.037571327740821,341.79420148583637,591.1709570464546,-43.8730048900437,7075.334681917477,-2067.607435406897,-817.9537377029574,7540.115402189568,-108.31001719909497,5.3967371026450035,59.47506708708539
1.999999999998181,-1.5667152168860459,8.639821503975575,340.88787612077124,621.499681723346,-50.15512298561901,7078.072770631081,-2055.1979711501044,-788.9550539129292,7541.843492414269,-110.44546324686658,4.708297542299221,58.819641168964665
2.09999999999809,-1.6196457380391536,8.268457331964488,339.97819013746295,651.6763058708816,-56.9384527476773,7080.750894653437,-2042.4035187918273,-760.1406240765198,7543.365799414864,-109.56117019522023,4.07217124520022,58.07558691072577
2.199999999997999,-1.6204651908708054,7.933068196328023,338.9950161887182,681.7254349542103,-64.16002665786147,7083.350970821196,-2029.2545539402902,-731.4939373377387,7544.6993354012675,-107.03239634159287,3.471427489787175,57.34465393560801
2.299999999997908,-1.5711649919627357,7.637919049327552,338.03386849586957,711.6725916183852,-71.75916780620157,7085.874641823426,-2015.6966415160966,-703.0575616228105,7545.83585313887,-106.64395742145756,2.8801274490647732,56.693976252381916
2.399999999997817,-1.5047790513660106,7.393811830067629,337.1896695491707,741.5040436083483,-79.74785734305102,7088.336407624448,-2001.7003105732915,-674.8651644144984,7546.755927363289,-108.01861145914296,2.3484289810912227,56.012469608309985
2.4999999999977263,-1.485765249323493,7.158418663080114,336.43045861985405,771.1718434955988,-88.19320743639975,7090.760035399765,-1987.3001180481554,-646.9003043514784,7547.465724852678,-109.34504921128182,1.7752542360778032,55.27171696605955
2.5999999999976353,-1.4985291331187927,7.009453511896223,335.6416346924665,800.6417759364239,-97.13605292597363,7093.14954895446,-1972.4871766468084,-619.1790937161563,7547.9423460237,-111.64938528576087,1.187268673847348,54.48611229236574
2.6999999999975444,-1.5128619724176988,6.846788722519638,334.7625250041626,829.9275016305211,-106.53741785261951,7095.503106517777,-1957.3151625553294,-591.6728887369622,7548.192394976789,-110.52885449675435,0.6255134420357731,53.639405538437636
2.7999999999974534,-1.5452236669862909,6.695033176412849,333.82800985015587,859.0098143743074,-116.41750240228573,7097.809893013573,-1941.811406508994,-564.3555339585432,7548.237025710065,-107.61182401843882,0.09655160342943694,52.83484108147962
2.8999999999973625,-1.5696393819486938,6.48628361966558,332.844135308743,887.9014675665773,-126.7440959315075,7100.060634818674,-1925.9242173406994,-537.2740248628315,7548.07000438006,-106.79161232576921,-0.4180717457303849,52.127157743553454
2.9999999999972715,-1.6081140894286654,6.261600156578785,331.8453810095172,916.5802866363915,-137.54055500517657,7102.238233772743,-1909.6241778728852,-510.4696229037133,7547.67466265122,-107.64705894828785,-0.8678144770625403,51.40607669252003
3.0999999999971806,-1.585280000887048,6.078992873389051,330.82195679314316,945.0754580768945,-148.75251142747157,7104.331281538931,-1892.9408568743872,-483.92454889466154,7547.061094267219,-108.4775331645119,-1.3538610097239203,50.6391576530725
3.1999999999970896,-1.531027383615144,5.9084186742110525,329.85508828193133,973.4101957250298,-160.33587385568302,7106.350185224095,-1875.869755979406,-457.66339606912305,7546.210817011124,-110.28516798073717,-1.847868306347647,49.83254139820423
3.2999999999969987,-1.5136799712691567,5.712838477538933,328.98451687014045,1001.5350697087048,-172.34533184222732,7108.313551469806,-1858.4564807756246,-431.65023115751217,7545.133041999704,-108.64916113327108,-2.307106264557776,48.97080396889862
3.3999999999969077,-1.5251376483839545,5.587109775523425,328.1251914806452,1029.4069292981546,-184.82310121148797,7110.223370510459,-1840.7265227766954,-405.8530720388229,7543.852688267434,-105.25369189682435,-2.734858679628754,48.143181158514054
3.4999999999968168,-1.536615729487159,5.438905134218662,327.2117014705688,1057.041817892498,-197.73421364685552,7112.080022589469,-1822.6382974740757,-380.32586426227215,7542.370938606853,-104.02290580953851,-3.1517281448055368,47.39788580055852
3.599999999996726,-1.5653822013140521,5.298073381079907,326.26444728609226,1084.4158225684062,-211.097787893922,7113.873598040772,-1804.1645082490165,-355.1134559858711,7540.677341483626,-104.43015357354993,-3.5001019005620506,46.640559510811315
3.699999999996635,-1.5860255833594157,5.0996604429700465,325.2795967251504,1111.5450064562085,-224.88298057927156,7115.597553394541,-1785.3314709013587,-330.1964116671652,7538.783800934726,-104.85959719198587,-3.878541399059365,45.84040228460018
3.799999999996544,-1.6207451583144767,4.886620000564429,324.2844643393233,1138.4032581366646,-239.11032752481452,7117.236039082244,-1766.1311327483334,-305.5978007625505,7536.676460374984,-106.265249147135,-4.256414550223727,45.00677976164283
3.899999999996453,-1.595017740860021,4.722525771443476,323.264172735631,1165.0269093919349,-253.72811425383307,7118.780558413661,-1746.5882187543,-281.2985217178304,7534.359232971704,-107.21081681346492,-4.690812541205259,44.15402264496843
3.999999999996362,-1.5381041459213844,4.571152615971058,322.2942200869857,1191.4458106429447,-268.69431140845734,7120.243665015927,-1726.6955611664512,-257.3232658735527,7531.812596515337,-108.94896293658877,-5.1373122050598035,43.2945462890364
4.099999999996271,-1.517473880700019,4.392958453946863,321.4156080804884,1217.6035028563742,-284.0580095315855,7121.644535204235,-1706.491859796713,-233.63234867253,7529.043993142239,-107.16362885567413,-5.547070331229885,42.40164414283747
4.19999999999618,-1.525289388244996,4.287628859775264,320.54948609240114,1243.4506719761403,-299.85668096096344,7122.986552762094,-1686.0024854262067,-210.19537313497935,7526.078047012532,-103.59659464477525,-5.925770866234823,41.548957699269565
4.299999999996089,-1.5335495671477868,4.162609515097233,319.63177515022795,1269.007801676057,-316.0571898233377,7124.272069863564,-1665.191956363707,-187.0705878672456,7522.919363200325,-102.19717811346241,-6.294317251872424,40.77923332307832
4.399999999995998,-1.5590378422712066,4.047236954472568,318.6827571695328,1294.2477218921797,-332.6757885465102,7125.492927565796,-1644.0421261846766,-164.3101786691014,7519.561574744368,-102.41729181487926,-6.593523209276564,39.99926596361536
4.499999999995907,-1.5765786824141952,3.8768375436432496,317.69668727990125,1319.1904207933162,-349.68329606075434,7126.644151714057,-1622.5954315727338,-141.87393221321275,7516.020074676517,-99.69140233823548,-6.817940103960021,39.15264911262619
4.599999999995816,-1.6082621135133988,3.6935927316348534,316.70062256577114,1343.8063442210646,-367.09698264550826,7127.711668480808,-1600.8735985908993,-119.72090557664683,7512.322626425216,-95.41066616931637,-7.004776774603529,38.31226311531785
4.699999999995725,-1.5804653764156862,3.566063125519079,315.6790303122608,1368.138810896667,-384.8692212792628,7128.687891332164,-1578.8396049741573,-97.90235878733476,7508.487873916278,-93.49690719383298,-7.1868134959111964,37.52376384098589
4.799999999995634,-1.521669501190614,3.4508315338877997,314.7030680756445,1392.2242816981898,-402.9611452025098,7129.585852787045,-1556.476527499237,-76.47025035300952,7504.521884619785,-93.2250148651601,-7.293615645582139,36.72084626249657
4.8999999999955435,-1.4984915125106928,3.304841850393901,313.8144246569861,1416.0001093102348,-421.4148692324901,7130.426727311522,-1533.8251014039752,-55.38135811734266,7500.435207244599,-90.07974229762792,-7.3114450173195875,35.86325326570793
4.9999999999954525,-1.5035050752215682,3.233690962176456,312.9413248048406,1439.4114961824198,-440.2619994342627,7131.216292851654,-1510.9074227026138,-34.59005195072437,7496.251597201637,-85.38952029365595,-7.291796054143896,35.014834091060635
5.099999999995362,-1.5092898419559055,3.146597146050164,312.01838299560427,1462.483327632629,-459.47188817248497,7131.95754981705,-1487.6906034366725,-14.144625007986686,7492.003009384292,-83.12203832742027,-7.273515094023073,34.21330486286443
5.199999999995271,-1.5321878745068922,3.0715622805969196,311.0664471442517,1485.1855845411203,-479.0574783565982,7132.644379138533,-1464.159875325731,5.9040065246496845,7487.707710016144,-82.50069152836953,-7.176997199743596,33.41478132339036
5.29999999999518,-1.5473161173135048,2.9445113613062746,310.07676903493456,1507.5420497377313,-498.9919674976632,7133.272250561419,-1440.3372781433102,25.58133803130028,7483.37446885509,-82.02358553208094,-7.086560965893556,32.57761536591559
5.399999999995089,-1.5766098190693247,2.8060999338246684,309.07722395363305,1529.5201097045049,-519.2889907094058,7133.829207797885,-1416.1987644171988,44.840738849501996,7479.012336988378,-85.391300512894,-7.078072776908262,31.72181558276504
5.499999999994998,-1.547324387029188,2.7298322720985246,308.05411140908416,1551.169500152373,-539.9062052984502,7134.306946272165,-1391.744647622179,63.64246818017532,7474.598655137543,-88.7593468706915,-7.0635015246859005,30.820762082171356
5.599999999994907,-1.48719108194204,2.664574487532384,307.07564371086744,1572.5328829829716,-560.8086605137273,7134.717629528011,-1367.019455873664,82.04039047974538,7470.109734188265,-88.10380871930231,-7.054614327954909,29.853157049295014
5.699999999994816,-1.4620138087296617,2.563071172803966,306.18107389569474,1593.546242230453,-582.0349715485445,7135.08583847782,-1342.0428669350842,100.07988402290079,7465.549031161773,-85.52934564456201,-7.078924237846419,28.8977481178955
5.799999999994725,-1.4648614935421078,2.537350787750895,305.30648466802745,1614.1509483770947,-603.6108456651787,7135.420628151191,-1316.7936268284682,117.71688688167012,7460.935155734745,-85.24330640413943,-7.150841145368874,28.003410938185276
5.899999999994634,-1.4687490331688273,2.5000418955814676,304.3833926084656,1634.3752900423092,-625.5078832089813,7135.7245573774435,-1291.2674384790378,134.90250653215182,7456.270670255319,-86.5513819813041,-7.191015107415791,27.118220882984897
5.999999999994543,-1.4896189877628616,2.477119691762626,303.4347309457228,1654.1875567644868,-647.7361839058879,7135.993855250985,-1265.4994671802672,151.683203027342,7451.545921089676,-85.0643627830273,-7.174283866110738,26.192411027289726
6.099999999994452,-1.5028943543314595,2.4057413631481475,302.44490152083466,1673.6110767188718,-670.2661864022359,7136.2232314867615,-1239.5060397804825,168.10647784810615,7446.769072674063,-82.04442191670618,-7.156979264728873,25.284745476908437
6.199999999994361,-1.5303426165714418,2.3242929591022317,301.44598673690035,1692.610776463909,-693.1072974276414,7136.403135847852,-1213.2642680813276,184.11789562206985,7441.966180593538,-81.55032704494971,-7.175939667975684,24.43469818373831
6.29999999999427,-1.499998524624897,2.310598971664424,300.42654895497316,1711.2420082231663,-716.2235535158289,7136.52324365446,-1186.7701482641935,199.6628790605612,7437.145480424854,-82.71354140757646,-7.1541752351328505,23.582888375884544
6.399999999994179,-1.4389054788385585,2.3058358670084327,299.4518030581878,1729.5561251488014,-739.5900603011605,7136.593999348784,-1160.056372564258,214.79085476680729,7432.2946407270765,-81.13668012608137,-7.066456266668123,22.682404659892264
6.499999999994088,-1.4122154386047263,2.258769332414869,298.55704385020533,1747.4856026422026,-763.2376293401384,7136.644009735295,-1133.137094654327,229.5518502554808,7427.419283236456,-78.03567952164592,-6.977137805005661,21.791980900838844
6.599999999993997,-1.4134367231730647,2.288080664273732,297.68204430213444,1764.9653191381972,-787.1784022925391,7136.685887227742,-1105.992900525391,243.8921440571383,7422.550119611728,-77.47167633094197,-6.9272238165099225,20.952053742761883
6.699999999993906,-1.4158945779099774,2.310296436349323,296.7584969546375,1782.0274842040315,-811.3877425356555,7136.721010435876,-1078.622669452013,257.7574026548628,7417.699602959276,-78.56776352828393,-6.835271677539475,20.112853672388976
6.799999999993815,-1.435222679771067,2.3489100453870195,295.8127165206063,1798.6386186382947,-835.8716329531055,7136.7480975951885,-1051.0561263424822,271.1982326215779,7412.851852208126,-76.93464316680235,-6.672417180033943,19.23120604607162
6.8999999999937245,-1.447074030710837,2.3420649358069205,294.8289267696026,1814.8282332448498,-860.6087080266128,7136.760983261696,-1023.3050519145957,284.266198611799,7408.009368101576,-73.77551569868601,-6.50871703855614,18.359618076352547
6.9999999999936335,-1.4730541214003816,2.3260688613687117,293.83835181045066,1830.5598901414894,-885.6048294609297,7136.752797651235,-995.3536575110284,296.9086281570784,7403.2075463363535,-73.15674556671107,-6.388330893823199,17.5348171271767
7.099999999993543,-1.4898411761475783,2.251605742094388,292.8196736105422,1845.8601848652681,-910.834882424829,7136.714927305413,-967.2038516160887,309.0718398656937,7398.463107546553,-74.19872117801631,-6.225343025404914,16.71487052833194
7.199999999993452,-1.5200268082443824,2.159472418392013,291.79924535584576,1860.6913856891547,-936.302676582151,7136.636530512268,-938.8768162387338,320.808724469123,7393.755675106439,-72.52071278841115,-5.987871682091641,15.862213664228513
7.299999999993361,-1.492937791403532,2.1345099138796453,290.76159882090565,1875.1144857392583,-961.9816160739665,7136.505027555004,-910.3808352869902,332.1722445977397,7389.08421311903,-69.31391829397644,-5.750919236686962,15.020907618394833
7.39999999999327,-1.4349008888946124,2.116372536317849,289.7671262573694,1889.1827149003755,-987.8501399608683,7136.328554034645,-881.7104750265081,343.10973405606137,7384.489463779745,-68.65029159156799,-5.560056150315925,14.219397250132024
7.499999999993179,-1.4099550299857422,2.050518685069799,288.8538559523047,1902.8225179839308,-1013.9271521778832,7136.134927423391,-852.8652176418008,353.57017975368973,7379.991836806414,-69.64730214130338,-5.327077726187471,13.428435072779877
7.599999999993088,-1.4127962050363485,2.0596726824679497,287.9637482093966,1915.9686531594957,-1040.2210985998545,7135.936326929918,-823.8581655745036,363.5821419658272,7375.578703196097,-70.90276175156973,-5.118760863925127,12.578456161255707
7.699999999992997,-1.4167375855295705,2.062458334563805,287.027386317275,1928.6572297965622,-1066.7127568990254,7135.73305597525,-794.6988958888298,373.1126088561082,7371.247200408903,-73.06164127614329,-4.917653259931802,11.692879204632598
7.799999999992906,-1.4375587193854367,2.0801279364693284,286.07092430790124,1940.8535144560867,-1093.402278179346,7135.523026891575,-765.402794567066,382.21054352990836,7366.967316521958,-71.95436745527643,-4.678326193046612,10.780377107404203
7.899999999992815,-1.450904074961128,2.052878794359222,285.07275254394375,1952.5891995678087,-1120.2675976179225,7135.298928474543,-735.9733166965776,390.92556125582075,7362.732886478475,-69.18341965084697,-4.461615886996031,9.896537929953524
7.999999999992724,-1.478309871078193,2.0146278231397616,284.06496159669956,1963.826653550052,-1147.3073513950653,7135.052940821975,-706.4106869858291,399.20103897455914,7358.5824486044885,-68.83609159795644,-4.305857447885392,9.068431680904968
8.099999999992633,-1.4965218561044065,1.9171385632442857,283.03054182336837,1974.5986817701464,-1174.5076317121843,7134.775975855333,-676.7197451704843,406.9839606490201,7354.533701469953,-70.1281384012904,-4.114322420542316,8.256538295689145
8.199999999992542,-1.528004042486407,1.7994302214984508,281.9946211938035,1984.8668091467525,-1201.86580855172,7134.456228134913,-646.9110049746829,414.3037585734164,7350.571256641657,-71.64130271977423,-3.950860214570095,7.383879128869026
8.299999999992451,-1.503072081367537,1.7508721315041451,280.94025459123907,1994.6967187863324,-1229.3654167195768,7134.080822795919,-616.9972216167764,421.12773362511314,7346.6891196908,-74.06960763204435,-3.7968329720043235,6.471292536731882
8.39999999999236,-1.4471524261337188,1.7089057814969846,279.92767610777656,2004.145173699823,-1256.9940160120764,7133.657380591849,-586.9945290387531,427.5062182819696,7342.8557763561585,-73.20883476990944,-3.605622731015074,5.524142423128695
8.49999999999227,-1.4231900196072451,1.616281259171028,278.99539577133856,2013.1336258166752,-1284.7527904845595,7133.211935605395,-556.9026848617173,433.48851028459296,7339.06399764357,-70.68320076199016,-3.4383808688253663,4.60598464808209
8.599999999992178,-1.4268962697683607,1.5982541027425394,278.0866178291198,2021.5947023239823,-1312.6382712821285,7132.755291649989,-526.7210453323975,439.0164693744378,7335.34885136734,-70.5450366446957,-3.33627070732389,3.7517726091297185
8.699999999992087,-1.4316343226032666,1.5745639593839498,277.13227709944715,2029.567972825252,-1340.638474748667,7132.287719844845,-496.46573548491403,444.03605663125654,7331.724889877763,-72.04671040987267,-3.199108069778933,2.911963589341337
8.799999999991996,-1.4532250120976489,1.5647051465400617,276.15674181978386,2037.0184689740577,-1368.7464762648526,7131.806213126511,-466.1454418647172,448.5781285809103,7328.175592552382,-73.75118529251345,-3.09318020142062,2.008610491606064
8.899999999991905,-1.467361079146006,1.5095242142878442,275.1420326380126,2043.9826908928292,-1396.9524586850973,7131.30370406777,-435.76494349547477,452.59224766791664,7324.697973126117,-78.97626014349939,-3.0938162153039164,1.0466903276206905
8.999999999991815,-1.4954597261395548,1.4413217143978792,274.1180895593733,2050.4232153765247,-1425.2484985418926,7130.771401988582,-405.3409911163918,456.08315077480796,7321.245881150133,-83.65450843807885,-3.108668266833762,0.001672868101288624
9.099999999991724,-1.4681490983444563,1.45098830870286,273.07294978405855,2056.408516446607,-1453.6268376752082,7130.19601159764,-374.8815986125682,459.12495413613016,7317.775608821512,-84.2204315730757,-3.1519428323653926,358.8898010525291
9.199999999991633,-1.4101702529598292,1.4682255406686557,272.063368483857,2061.998368469911,-1482.0826627174229,7129.584466441343,-344.38081515846613,461.7621192066654,7314.276797387321,-82.76358347263461,-3.25167995299103,357.8290673578737
9.299999999991542,-1.3838537839974026,1.4310427556547922,271.130475769912,2067.1156346112725,-1510.6124824656547,7128.966658643827,-313.84669345304025,463.92922904227896,7310.763634345713,-83.37361398696359,-3.4291186817242565,356.87912834774556
9.39999999999145,-1.3851215615876833,1.468905109599563,270.22607956107225,2071.693799058567,-1539.2048779124593,7128.3571902105605,-283.30347922606506,465.5727569264293,7307.231836575589,-85.55921321709538,-3.5850777191664362,355.9591158305232
9.49999999999136,-1.3877278777147646,1.5055814468958488,269.2771887836684,2075.77409995838,-1567.8519556654967,7127.755886308918,-252.7570450198986,466.7545513747782,7303.662091955182,-84.89869067267126,-3.6866944021346364,354.9963786312866
9.599999999991269,-1.4070248360167257,1.55832789767155,268.30991125741593,2079.3223612925844,-1596.543188113829,7127.162459217999,-222.1971319824663,467.52552860863256,7300.054782001904,-82.70841066421508,-3.7943267316623652,354.0570902824263
9.699999999991178,-1.4190150661963217,1.5698947384957136,267.29934201601594,2082.3763858965135,-1625.2666516702325,7126.56917364733,-191.63519984906674,467.82046309098547,7296.429473231283,-82.90930052989256,-3.952525938191309,353.1895670879497
9.799999999991087,-1.4449313930589545,1.570137337550346,266.2787008659665,2084.899565244207,-1654.009430044437,7125.970086599154,-161.09830540975756,467.5866055258333,7292.786159831992,-84.77062432077301,-4.072683817459002,352.3205437790795
9.899999999990996,-1.4618204412012485,1.5139447091536695,265.2287688995874,2086.9281469390626,-1682.7677948336539,7125.355537957264,-130.58762410023857,466.8883472239737,7289.107482429171,-83.87115645442846,-4.127439946256541,351.3897631846216
9.999999999990905,-1.4918851916130216,1.4365835993620117,264.17653337098085,2088.4249322701007,-1711.5272910008655,7124.715636531938,-100.08899431662192,465.77779786009404,7285.395118873939,-81.45356523303302,-4.18456427157094,350.46824267929867
10.099999999990814,-1.4670196505424786,1.4363288289970546,263.1074665577198,2089.458969583374,-1740.2917490680893,7124.0356994837075,-69.61719453868376,464.1915691588823,7281.671596155873,-81.4573544599092,-4.291317399313605,349.6079861433984
10.199999999990723,-1.411326209930226,1.4420029870954276,262.0754250127523,2090.090250669949,-1769.0665572310893,7123.321377156955,-39.20216725177198,462.07850339449124,7277.940129438007,-83.12477588550702,-4.35765760661638,348.74516728697057
10.299999999990632,-1.3861558939560237,1.3892909801081321,261.1199032440263,2090.2424978262175,-1797.8292243063313,7122.601665294985,-8.841147874265937,459.5028423825852,7274.183490736216,-82.05215686312826,-4.354065442858484,347.82422845605606
10.399999999990541,-1.3883991670104214,1.4104816373346745,260.19457539629195,2089.85097456201,-1826.5557937292765,7121.890453552348,21.483426454500375,456.5165878960558,7270.403353025919,-79.4582128207979,-4.352481189251609,346.91134866584315
10.49999999999045,-1.3919038709578222,1.4314773516082806,259.2259313534803,2088.957930332545,-1855.2465609708454,7121.187029144383,51.753424169252625,453.0582023945427,7266.625711183217,-79.30309473292672,-4.401767424975054,346.05548782127215
10.59999999999036,-1.4120651430939146,1.4675712952026663,258.2381806526684,2087.5311850037365,-1883.8839304297742,7120.490495367783,81.9360688762273,449.0782336076266,7262.8573398036815,-80.81230118878074,-4.4091590488881485,345.19931494779223
10.699999999990268,-1.4249493786885232,1.462395691978774,257.2094661953046,2085.6092448325653,-1912.4693760570938,7119.792846932432,112.03790721433565,444.64032603824023,7259.080049634871,-79.59824863777338,-4.3421757820565,344.29037740128314
10.799999999990177,-1.451656930511173,1.4437948619850518,256.17106615965093,2083.1577329056036,-1940.9835478156274,7119.087491128913,142.0798265430688,439.79614986515554,7255.294602427393,-76.85950101477916,-4.277116979148551,343.38882919302046
10.899999999990087,-1.4693737986788078,1.3686110865480314,255.10339017210703,2080.213579023378,-1969.4289011215872,7118.364387901908,172.04058707483514,434.4865429302647,7251.530891687251,-76.57285901963398,-4.2648117450759955,342.54006633725356
10.999999999989996,-1.5001370050453509,1.2700066098380063,254.03334615515953,2076.742196906627,-1997.784475240299,7117.612933708513,201.88476711267424,428.6641162930846,7247.799530679229,-77.95098349296573,-4.209462014826835,341.6938595247791
11.099999999989905,-1.4768330107420418,1.2510272072150883,252.94518962033186,2072.812038939587,-2026.0659876217069,7116.818478900138,231.62254968805556,422.3915115710318,7244.080485360923,-76.6209699299363,-4.0753474952503,340.80103429984837
11.199999999989814,-1.422721467637561,1.2383973653907805,251.8919345417805,2068.481938151174,-2054.2892205165404,7115.98650172729,261.27806597606946,415.7198254996966,7240.372847887811,-73.76301024178365,-3.943222307656659,339.9151097993007
11.299999999989723,-1.3980901163368502,1.1647125192007326,250.91599585239118,2063.678991221512,-2082.418422642775,7115.144718323878,290.8272593181527,408.59283775415963,7236.710727829635,-73.36689787071803,-3.8661381748839143,339.0775859344135
11.399999999989632,-1.40070509312187,1.1644032680426297,249.97204617335174,2058.3422688177448,-2110.418254396312,7114.3059903775875,320.2322847329131,400.9656378357841,7233.108792552835,-74.63568221717642,-3.745226963516851,338.2459961116572
11.49999999998954,-1.4045868439049842,1.1651142145282551,248.9860889138246,2052.513780919526,-2138.296214116037,7113.469732248975,349.49949198093543,392.872734128608,7229.554074589482,-76.13826279333294,-3.655534992115543,337.3499671144167
11.59999999998945,-1.4250525355455508,1.1800715395956112,247.98118110912606,2046.1644927921002,-2166.029001467364,7112.6344639547915,378.607265670706,384.28883881858496,7226.038140164531,-78.56224891029153,-3.5781895291242334,336.4160547974243
11.699999999989359,-1.4382974533640427,1.1541993749667119,246.93543207622662,2039.332729713248,-2193.624723946247,7111.79232572997,407.5697310387702,375.2712009389993,7222.533540008685,-77.73902021232644,-3.4606101479002667,335.44417538931015
11.799999999989268,-1.4652592516529535,1.1132697800024183,245.8797448145778,2031.987743818318,-2221.0579632039125,7110.9360590683855,436.4137641105845,365.86536703837464,7219.036053487945,-75.24919167512262,-3.3665620507833083,334.50041659224075
11.899999999989177,-1.4832824257359916,1.0157927195440493,244.79497226932622,2024.166149527066,-2248.337563632297,7110.055792933747,465.10721832981136,356.0140934218085,7215.576173611826,-75.10639850366776,-3.339863323771704,333.62566413023603
11.999999999989086,-1.5142313398482685,0.8930499917492826,243.7079178781799,2015.8373587952049,-2275.4364448804913,7109.140220606822,493.606299077622,345.6744999093731,7212.16482524719,-76.60708936418256,-3.2756529927000044,332.76509083909883
12.099999999988995,-1.491941449062623,0.8526792472000672,242.60095280278907,2007.0671338202258,-2302.3822598578363,7108.175416833848,521.9307711804826,334.9070169941927,7208.77916742358,-75.3881822618922,-3.1325946625516496,331.86364585814295
12.199999999988904,-1.4388951101332532,0.8196467216232284,241.52643825530643,1997.9112428013593,-2329.2010944341805,7107.167289688978,550.1125167064467,323.7589107234853,7205.416132650179,-72.6376976525223,-2.993314609343051,330.9705909886877
12.299999999988813,-1.4143903626501433,0.7239203522945742,240.52990020578073,1988.3026738602514,-2355.8443107169805,7106.142057715166,578.1180868812127,312.1779063482896,7202.110663983965,-72.32292401711189,-2.913341685009295,330.1261713281706
12.399999999988722,-1.416966503015606,0.7014927013545652,239.56661927790486,1978.186532826145,-2382.2656712058383,7105.11144572931,605.9022939252144,300.1249080219322,7198.877679598198,-73.67316939131122,-2.7897532799596254,329.28900743188194
12.499999999988631,-1.4208447736061605,0.6814003222547799,238.56272789814196,1967.6032860861205,-2408.479891363946,7104.075406933075,633.476984499832,287.63330347005274,7195.702632343027,-75.25080983530646,-2.696752045975533,328.3855125970406
12.59999999998854,-1.4412105283468484,0.6748868541818643,237.54028513236284,1956.5282064744567,-2434.45844723831,7103.031956745565,660.816488581,274.68087418873847,7192.576763095352,-77.75591903616062,-2.6160197487228016,327.4425876493113
12.69999999998845,-1.4544171211612074,0.6280542277123902,236.4774896324067,1944.9982430341943,-2460.2161238718363,7101.973746791733,687.9443068860528,261.322358952969,7189.4707590924745,-77.02044498898202,-2.4934311364620654,326.4609075329718
12.799999999988358,-1.4812278906799021,0.5647933861038784,235.4047982966307,1932.987536119023,-2485.7220215539974,7100.892945240167,714.8944875780501,247.5990952589189,7186.379017953336,-74.61664639504237,-2.3958357365262204,325.5064287702249
12.899999999988268,-1.4557803110811993,0.5936815528450994,234.30972323882233,1920.5582934509248,-2511.0131656910517,7099.775483986089,741.6252156971557,233.45888750047436,7183.332469945014,-74.53622733136733,-2.3695052765252473,324.62100439688396
12.999999999988177,-1.3999498324585993,0.632391719741884,233.24058068994597,1907.763557161895,-2536.124188755217,7098.626845522115,768.0855856079345,218.86550264719324,7180.341986687708,-76.09962707633453,-2.3060496872892795,323.75118843452924
13.099999999988086,-1.3725277683664048,0.606492505563863,232.24176315260257,1894.544806990929,-2560.9982718024007,7097.477576261115,794.3052634379671,203.8761202516974,7177.383287415353,-74.95355746663232,-2.1617265625276287,322.8409896802654
13.199999999987995,-1.4120031718628294,0.5169183761597664,231.26029094682843,1880.8288967392953,-2585.5591618171966,7096.351361798591,820.323623769766,188.53307659813328,7174.452271604938,-72.27582201960172,-2.0217528182652234,321.9385450602932
13.299999999987904,-1.4640371962617955,0.5025520798088289,230.23670806294103,1866.5793990908235,-2609.756034922281,7095.235633742908,846.098218006184,172.78943926118424,7171.584120779989,-72.01084281418044,-1.9441583583727162,321.0845651832023
13.399999999987813,-1.461887245077632,0.560701699216454,229.11612030229819,1851.8663892880782,-2633.636490502408,7094.101600934932,871.5772883745614,156.61310179055346,7168.793584344542,-73.41133805643007,-1.8229673388782874,320.238744749079
13.499999999987722,-1.4284705235632513,0.5846537469449667,227.95324063025205,1836.748933034142,-2657.2451159189923,7092.945316468048,896.7781774264056,140.03553673670214,7166.0652788535035,-75.03639803412509,-1.73243124916199,319.3257181934552
13.59999999998763,-1.4255378531531409,0.5052330175961547,226.81222490573853,1821.2080997524097,-2680.5510476315076,7091.781600439426,921.6716485899069,123.03838832315459,7163.390045459122,-77.59266780887735,-1.654550659859224,318.3724793105912
13.69999999998754,-1.449836333816597,0.4541276957821154,225.69733950561618,1805.211693710245,-2703.5054321507673,7090.611710960636,946.290482591043,105.67254561910738,7160.737659942251,-76.92180024550768,-1.5333355342866246,317.37971618272445
13.799999999987449,-1.435009201818201,0.5149580764870046,224.56595035724604,1788.8172069900127,-2726.155393596911,7089.419952030713,970.6754293792578,87.97403869960965,7158.101928871885,-74.58136096270977,-1.438067410397796,316.41309637969437
13.899999999987358,-1.3938830074150375,0.5760087192320952,223.4453782401513,1772.07376725317,-2748.5452183966518,7088.208406920934,994.7756039634413,69.8972766683601,7155.513667673815,-74.54015698113172,-1.4170989161232783,315.51568208393263
13.999999999987267,-1.3858794608523517,0.5461042979814146,222.37925074612684,1754.9341136834346,-2770.608443926403,7087.003596125982,1018.5166843413565,51.39228763694765,7152.991655982775,-78.60084913662094,-1.460442839830055,314.61702896447287
14.099999999987176,-1.4058551480699426,0.5552743379774026,221.33920898047376,1737.3605545617872,-2792.28264593001,7085.8143387409955,1041.8746265163059,32.46232668059326,7150.502845523027,-82.73725200492704,-1.4687105303944843,313.6341981624236
14.199999999987085,-1.4306190973362225,0.5358793789417252,220.2542858592307,1719.3880476940885,-2813.5932722950834,7084.630512351725,1064.9059278288814,13.17195012079279,7148.004937762464,-82.9793088337431,-1.4665295034057302,312.55007655822254
14.299999999986994,-1.471023864076815,0.49191073529755025,219.14367008004749,1701.0023544388507,-2834.503625886812,7083.440804109675,1087.654280536921,-6.446212116557267,7145.489064197168,-81.28410798145903,-1.5124259479482576,311.475920132636
14.399999999986903,-1.464324538503469,0.5210301265433185,217.9940192417403,1682.2558496622457,-2855.067808462877,7082.22295380359,1110.0717531415876,-26.427831039368932,7142.971732709643,-81.67845984891677,-1.6411668128885957,310.4798554879563
14.499999999986812,-1.428841094596741,0.526489748202447,216.84735736362512,1663.192244207845,-2875.335338559319,7080.9760121068775,1132.0838230651275,-46.81262274115934,7140.455606974966,-86.18319323094354,-1.8484579854656076,309.50339260513994
14.599999999986721,-1.4241605869512524,0.4286335702740637,215.75792776088173,1643.770737006624,-2895.2330515010585,7079.721222903612,1153.6769853023334,-67.58679694564188,7137.901327606434,-90.68154486187818,-2.0428227729635555,308.448899588821
14.69999999998663,-1.4469166718606217,0.3634840333634182,214.6950662933126,1623.9602807616689,-2914.6934337052817,7078.462754798359,1174.9177444169645,-88.68743669987843,7135.275331284348,-91.29200806902759,-2.250164059705729,307.306560338235
14.79999999998654,-1.4319826650796623,0.4209568296314331,213.6000046627173,1603.8112457624536,-2933.776358001214,7077.184711602518,1195.8515081697374,-110.08612063133532,7132.572845031738,-89.93983314174294,-2.5078549806224357,306.20161254692647
14.899999999986449,-1.3909787610762965,0.48397717771165094,212.49819852489793,1583.3655078345753,-2952.5368597931765,7075.888889338821,1216.422684455146,-131.8167010803557,7129.798474908302,-90.61257690078833,-2.8411093133787553,305.1996832710522
14.999999999986358,-1.3822680228916302,0.4554743212539517,211.4346388566282,1562.5894545956246,-2970.9010883487244,7074.602088907028,1236.573026460036,-153.89370731355237,7126.939394006888,-92.87616314593437,-3.1473534151288964,304.22198380046325
15.099999999986267,-1.4013931036356164,0.4659045452677109,210.39465258349406,1541.4576619025452,-2988.800785203968,7073.333571272108,1256.3536286669373,-176.2698891736039,7123.98408611092,-92.3538459969096,-3.3946499766499616,303.1977424568577
15.199999999986176,-1.425458375781297,0.4509249650650527,209.30857329632556,1520.0003481878698,-3006.26823403907,7072.073139218554,1275.814366539185,-198.91942902934906,7120.9389413747285,-90.29781742824515,-3.6468966919541965,302.2006753800019
15.299999999986085,-1.465101290961533,0.41260627334975924,208.1946758208903,1498.2105541224837,-3023.2645903592534,7070.810051082803,1294.8882193009747,-221.87765923611965,7117.813102039835,-90.54813778689096,-3.9514603127422165,301.2879148830491
15.399999999985994,-1.4584867868234994,0.452878776580852,207.0400344300284,1476.130267598798,-3039.853571545588,7069.52187488333,1313.511226740136,-245.1574119690892,7114.597925246027,-92.46187259576104,-4.215710801978454,300.3754060620805
15.499999999985903,-1.4231119590194616,0.47076894671778025,205.88378270906716,1453.7937069167938,-3056.0927910436694,7068.20732494053,1331.7401711296952,-268.71361454691225,7111.284823430407,-91.67400921227559,-4.412022682245808,299.3927451640209
15.599999999985812,-1.4177038927596775,0.3826554634372785,204.7761975589227,1431.174458970964,-3071.901757669293,7066.888251988471,1349.628969671704,-292.523142849371,7107.882208715773,-89.36268262065819,-4.610933281955908,298.4166642122901
15.699999999985721,-1.4395540112895808,0.3254704846944006,203.69924313571605,1408.2542608047304,-3087.2075820054542,7065.569630616769,1367.1097803042203,-316.6168819877844,7104.402271383888,-89.3893736895052,-4.861685268561499,297.5107666911726
15.79999999998563,-1.4245594406695503,0.39537062534065953,202.59640049730788,1385.0716276590979,-3102.0791934839144,7064.23525344125,1384.1179363592776,-341.00382033989194,7100.839800395179,-91.08203955052652,-5.069625084227173,296.60097407507726
15.899999999985539,-1.3835339567206606,0.4741226647731314,201.47923602499748,1361.6580678091818,-3116.5788305957803,7062.886531276962,1400.7130192539737,-365.6426450850252,7097.186801257834,-90.09396269252441,-5.204599009825453,295.6220871548037
15.999999999985448,-1.3740337185597746,0.4596526730343543,200.39278225415464,1337.994467342841,-3130.626567489196,7061.551132562462,1416.9704535925305,-390.5003091266266,7093.450690194548,-86.12000966640039,-5.2771275971486675,294.64375692468474
16.099999999985357,-1.3921787056583816,0.48289895644337527,199.3330522026871,1314.068427994778,-3144.1496302316464,7060.239402816796,1432.8893070806691,-415.58073941726934,7089.6550082783915,-81.2415442202149,-5.305410681215116,293.75964558758795
16.199999999985266,-1.4153371108913686,0.48212261374399834,198.23426671979425,1289.9035722025694,-3157.185699259296,7058.941069438434,1448.3904973042506,-440.91455854567414,7085.838285036653,-79.07982783194495,-5.332335315049413,292.95644539737884
16.299999999985175,-1.4540234971628645,0.4575911777888459,197.1144634114827,1265.5002687358108,-3169.6950473935813,7057.646263957242,1463.4142732744879,-466.5070042909409,7082.022049807915,-78.70445571669482,-5.256158991469373,292.15262367845156
16.399999999985084,-1.447346925010164,0.5167520480150242,195.9569984088166,1240.8880502610596,-3181.7489355238617,7056.332053499079,1477.9980082624868,-492.3363681735354,7078.209981111512,-78.51392225633039,-5.172723309737645,291.27796285405725
16.499999999984993,-1.4118837008317149,0.5562889831227299,194.78766214728273,1216.0903522312474,-3193.410979796321,7054.996581828457,1492.1098016846233,-518.4052579651363,7074.405270136196,-79.30835496355373,-5.060744222459363,290.369536547384
16.599999999984902,-1.4055442806787093,0.4875589303338245,193.6573555731731,1191.0967233307938,-3204.596246063835,7053.66290246645,1505.7790224543326,-544.6896580410327,7070.603285923719,-79.68571045108294,-4.9873698990853725,289.41030155248467
16.69999999998481,-1.4261951021995343,0.44858940823337257,192.55862333356495,1165.902971509062,-3215.2286946242057,7052.337406045416,1518.9686753295803,-571.1907247119368,7066.801972114546,-80.8874343728157,-4.914526874723996,288.4399123792784
16.79999999998472,-1.4513699067766235,0.3814205271708613,191.4262916042127,1140.528252527145,-3225.3480561992515,7051.009649306318,1531.7389829840179,-597.8848768219464,7062.9861207070835,-78.70285121917355,-4.768145714083961,287.45730846278417
16.89999999998463,-1.4919410835468525,0.2866748626603963,190.27819735165423,1114.9776869577768,-3234.9144936801904,7049.667252673442,1544.147405803244,-624.7599596495876,7059.161310214842,-74.76921701956022,-4.614173334202715,286.5200878727864
16.99999999998454,-1.4873389268512176,0.27415012614158246,189.09354200262484,1089.272507422325,-3244.003265724873,7048.288911926186,1556.1274053187608,-651.8333203357124,7055.368499420447,-72.94779389584713,-4.505359780350733,285.6583729876237
17.099999999984448,-1.4538937933641942,0.24176459207616655,187.89550017189183,1063.428764791734,-3252.680105274275,7046.874183993396,1567.6177737214464,-679.1089129149229,7051.632635966501,-72.7438614660512,-4.320016349567175,284.83189419117366
17.199999999984357,-1.448817241272286,0.10019985775248427,186.74139994171037,1037.4458617235746,-3260.857399502519,7045.441826423809,1578.6559041286503,-706.5707991965409,7047.952153943182,-72.61411179742248,-4.135188041461934,283.9584922761897
17.299999999984266,-1.4705274576318068,-0.012037886350495235,185.6193425774844,1011.3287189159903,-3268.4580151860246,7043.994296818597,1589.2065962324625,-734.2110002027854,7044.333682891095,-73.44177899167522,-3.925393846716743,283.06554378107063
17.399999999984175,-1.4562642570379143,0.008994266745436819,184.47145867391964,985.0935247879362,-3275.5605038734398,7042.5173901706785,1599.3021965154592,-762.0149907445686,7040.768318101913,-73.83493489874839,-3.753089451914493,282.1270669371397
17.499999999984084,-1.4160028659905313,0.04280690995840396,183.30755327802754,958.7516771636608,-3282.2341956487576,7041.014182677645,1608.905319766858,-789.9806706002531,7037.257387088174,-75.04654694487543,-3.581993818021128,281.1826466515674
17.599999999983993,-1.4060434734403298,-0.018744293927682332,182.17806052019404,932.3093932836142,-3288.3944045728354,7039.509667537093,1618.0466408475177,-818.0945334327264,7033.789677380205,-75.72515002120028,-3.4628843908938514,280.2054301374947
17.699999999983902,-1.4233989661123734,-0.04262331464816186,181.07689135174223,905.7775189871822,-3293.966122940134,7038.012138180166,1626.6873233177016,-846.3529124958399,7030.362991788581,-77.18860334553356,-3.353955308019811,279.2281801016429
17.79999999998381,-1.4457932109038991,-0.0874845791217526,179.9390027293309,879.167576341441,-3298.9931796425594,7036.512650966728,1634.8572341878855,-874.7374658448241,7026.965220093423,-78.09319592553713,-3.3024665257913313,278.2203599952768
17.89999999998372,-1.483480320630564,-0.15621107785716246,178.78345618766215,852.4927201645489,-3303.437548525236,7035.000654105118,1642.5170520290367,-903.2417330034715,7023.590742704514,-79.76757211121699,-3.265370321790087,277.21247518362026
17.99999999998363,-1.4767924335758777,-0.13495043245696237,177.59026289639735,825.7595571921527,-3307.378114842405,7033.455595584002,1649.729933645365,-931.8540788455305,7020.2184754834325,-78.03912685903057,-3.162107703433723,276.19774159119584
18.099999999983538,-1.4412238610261912,-0.12971623846211774,176.38044075777665,798.9711905456252,-3310.8836626869283,7031.877557447791,1656.5536909200262,-960.5732269259922,7016.849463467682,-74.53263839230675,-3.05721951973154,275.23493879534107
18.199999999983447,-1.4335313237766725,-0.23475263141784358,175.21130194009766,772.1441830989472,-3313.8680271607427,7030.287376341382,1662.9167777239104,-989.4025306921458,7013.52281070435,-73.0598815433774,-3.005226504225147,274.35212143031765
18.299999999983356,-1.4524304198048485,-0.3097666744243552,174.0746930555937,745.2986797579373,-3316.256029775971,7028.690023191369,1668.7559111299524,-1018.3275418320326,7010.260694113541,-73.20448747892708,-2.8784502168337194,273.50144142136804
18.399999999983265,-1.436204485734573,-0.24397649587692646,172.91459021455216,718.4354968885852,-3318.1284987768227,7027.071246657882,1674.110989594646,-1047.3386108272607,7007.058297274125,-73.38843496987522,-2.75372724367623,272.5990253970016
18.499999999983174,-1.3940474039727841,-0.16089706978159476,171.73730560648238,691.552322319732,-3319.5567153861607,7025.433916350237,1678.948368776856,-1076.427554802018,7003.918278329176,-74.54862757501392,-2.607552815851561,271.6750077374507
18.599999999983083,-1.3817533515308276,-0.17431869635774894,170.59161031392352,664.6719204074495,-3320.458910511379,7023.805832433826,1683.3029159785665,-1105.586218854403,7000.828899772937,-75.25836424660694,-2.5021317912625927,270.70414461378124
18.699999999982992,-1.3966221768377083,-0.1498655195295646,169.47608711836668,637.8199104492161,-3320.7632801267214,7022.198400437486,1687.1373849345857,-1134.8046006328118,6997.787716554568,-76.78454916095357,-2.402289847198998,269.7253222079772
18.7999999999829,-1.4167413155860609,-0.14160591000678927,168.32384535132857,610.9992845271586,-3320.515301706744,7020.602784333972,1690.4851531538407,-1164.0695629180352,6994.781403653929,-77.76579113911029,-2.3580204882859888,268.7103628622257
18.89999999998281,-1.451965794805221,-0.15505402997224166,167.15410103515072,584.2308267646442,-3319.679657537499,7019.010966645044,1693.308150903748,-1193.3682579945164,6991.803748471034,-79.5215774842252,-2.3283171511060736,267.6924134717785
18.99999999998272,-1.4435584309793377,-0.07106056405368932,165.94976709908616,557.5057746908598,-3318.3351371189565,7017.401187958959,1695.6714915119642,-1222.6997945153917,6988.832500856012,-77.89141160231644,-2.2312023297167998,266.66604061440535
19.09999999998263,-1.4062328704095737,0.000658774431709112,164.72677896196598,530.8136311976483,-3316.5507376754567,7015.772346736167,1697.6330034709342,-1252.0723546620102,6985.867797704352,-74.47915429896129,-2.1331626657798832,265.69069827281066
19.199999999982538,-1.3962360722896716,-0.04023326377533716,163.53975982733945,504.18774897551145,-3314.2455156166543,7014.149188500202,1699.120257836779,-1281.4768224053876,6982.948521359513,-73.07422145700036,-2.09071156134339,264.79544604362627
19.299999999982447,-1.4126203427809303,-0.05177812468440926,162.38720881610422,477.6630485686,-3311.349389167047,7012.5407641055435,1700.072091505915,-1310.8882456188464,6980.09622657981,-73.2879687147253,-1.973004171027802,263.9309952523582
19.399999999982356,-1.4337935181221144,-0.08212371147557168,161.20232041579897,451.2373100932891,-3307.9073878685153,7010.937805007968,1700.5297886351077,-1340.3036283953343,6977.305412782342,-73.53520316258032,-1.8576509921480875,263.01488193791033
19.499999999982265,-1.4698458632624465,-0.13648265099548504,160.00311637198806,424.93591507031806,-3303.8864065729385,7009.331004334375,1700.460964280547,-1369.708901676674,6974.578102815566,-74.76102382878378,-1.722120646454858,262.0786737472093
19.599999999982174,-1.462463526502874,-0.09213273154569086,158.7694335020035,398.74056883801853,-3299.3640581651694,7007.699296448806,1699.9018903284873,-1399.1017073185603,6971.901923876837,-75.5337736816124,-1.6284996422906803,261.09640327901724
19.699999999982083,-1.4261038586153985,-0.059171998867228334,157.51811518877247,372.6325385219309,-3294.4075240113607,7006.042186560649,1698.8170764404106,-1428.4657814586665,6969.273648559365,-77.12140351081932,-1.541599485886415,260.10571593775256
19.799999999981992,-1.4164025203549537,-0.13963315642939514,156.3062387029395,346.6555424994673,-3288.9391962343534,7004.382386986104,1697.2422161368536,-1457.7938267698034,6966.679323982305,-78.1634365740242,-1.5112682786139937,259.07795574180466
19.8999999999819,-1.4328523153028878,-0.1908842781073006,155.12999594909897,320.8534511855251,-3282.892987239836,7002.727190620092,1695.141469470401,-1487.0667161386534,6964.111864244369,-79.97884525698908,-1.4967651682117595,258.04652494037225
19.99999999998181,-1.415400720807429,-0.09071628035210276,153.9345542943256,295.2015777417085,-3276.3467394345703,7001.061656468708,1692.5802108849102,-1516.2947853846706,6961.548898396602,-78.42542020241878,-1.41379153921757,257.00543121246665
20.09999999998172,-1.372159673015109,0.03407665383111603,152.72131162860848,269.6749751070906,-3269.3685557568238,6999.387871861392,1689.6147045493763,-1545.495801213569,6958.990527684188,-75.0863615859528,-1.3299669741981706,256.0145446937072
20.199999999981628,-1.3577702341422317,0.06061223078813626,151.53749303852462,244.3218681036974,-3261.887655876123,6997.736275251809,1686.1735315251067,-1574.6477635256906,6956.474670934046,-73.72752448937703,-1.3035658937090486,255.10488690825625
20.299999999981537,-1.3702216721624914,0.12452875568199501,150.38688580987667,219.1902800782593,-3253.843459926604,6996.1212711159205,1682.1993636143795,-1603.7152711304586,6954.021758384192,-73.98764057395394,-1.201354387801409,254.22504705063793
20.399999999981446,-1.3881578599004396,0.17908128238499307,149.2004423373524,194.26887243844905,-3245.2806253355334,6994.5338273072275,1677.7338736533015,-1632.7022691738491,6951.626258205906,-74.27800332357656,-1.1022664797406105,253.29431025951618
20.499999999981355,-1.4208933234760868,0.21433626575402864,147.99710633601495,169.5894633908991,-3236.17183565882,6992.968424303216,1672.7470857944118,-1661.5889835245807,6949.289388528639,-75.54795820774484,-0.9842332543792873,252.34445676193099
20.599999999981264,-1.4111648660175764,0.35755582997763036,146.76252855882154,145.11868949047104,-3226.589649944982,6991.4019007144425,1667.275811505467,-1690.379351940929,6946.998711536229,-76.36372110961486,-0.9091293060701512,251.34840732847948
20.699999999981173,-1.3724938409995542,0.49463283363409943,145.5066497727806,120.82421981542956,-3216.597375276315,6989.831733788825,1661.2874509773983,-1719.051152776388,6944.7500536201005,-77.99336911438539,-0.8418623397755055,250.34334845578203
20.799999999981083,-1.360003381649338,0.5160496608960623,144.28187908532234,96.76413150394748,-3206.1290684877963,6988.286468589736,1654.819090784808,-1747.6034189181446,6942.529386813149,-79.07771866965183,-0.8323797479036292,249.3012294367718
20.89999999998099,-1.3734740087986752,0.5652937046899703,143.0942012239183,72.9948584068891,-3195.1291948235967,6986.779308474139,1647.8383066404253,-1776.0110662957134,6940.328590500266,-80.93335559745255,-0.8400322190014888,248.25527899930788
20.9999999999809,-1.3919858018905127,0.6032535202727685,141.87448989311292,49.50011711883461,-3183.640214788662,6985.300502781299,1640.4089158142683,-1804.2958634450106,6938.1259536383905,-79.44085941203518,-0.7779351656386702,247.1980561476308
21.09999999998081,-1.4250280380391709,0.6200919593878714,140.640654075306,26.31551394542638,-3171.6384587137723,6983.84404707326,1632.5839845526837,-1832.4850111175863,6935.922160484675,-76.16055585784447,-0.7144621537568259,246.18996411498435
21.19999999998072,-1.4159005021793503,0.7474088297046052,139.37701918664033,3.398889995685193,-3159.191915430537,6982.386675774533,1624.295262679938,-1860.5435958734959,6933.753586134187,-74.83201954081525,-0.7094481710173356,245.26450967688382
21.299999999980628,-1.3777783297696868,0.8704761782442866,138.0927597032775,-19.289607097578177,-3146.35944005654,6980.925785035604,1615.4911378357335,-1888.4261067290684,6931.6391684230775,-75.12128363207611,-0.6282467911958611,244.36910257673816
21.399999999980537,-1.365165144903234,0.8769674384932166,136.84119323996964,-41.683185277261835,-3133.0822588072647,6979.489365408138,1606.2125621737487,-1916.1436019164687,6929.573815971986,-75.43947411443257,-0.5509160793911813,243.4232101722073
21.499999999980446,-1.3782565280505013,0.9108312750225779,135.62821902196143,-63.71814515991256,-3119.3119398595613,6978.090259914986,1596.4330167300814,-1943.6711346542784,6927.557822640154,-76.73742888403459,-0.4555407146540743,242.45779978575308
21.599999999980355,-1.396399378137294,0.9359115995272523,134.38443649277153,-85.41588882821885,-3105.088788955959,6976.718823363402,1586.1887927595108,-1971.019125459323,6925.579126739895,-77.58125673595039,-0.4042446652627327,241.44648537702196
21.699999999980264,-1.4289120407302474,0.9406731712888134,133.12744554492036,-106.7377623638607,-3090.393777480251,6975.369057134709,1575.45130409892,-1998.159846204932,6923.6324975982525,-79.2378605442381,-0.3619944982000684,240.42595083892414
21.799999999980173,-1.4197143628165885,1.0600268113426348,131.8405647344255,-127.73438781028473,-3075.2894666000093,6974.018026725367,1564.2579747632712,-2025.0989868619467,6921.704250905604,-80.35003268645907,-0.3788217933118463,239.36902331681995
21.899999999980082,-1.3815094746910035,1.1781115945350145,130.53245616486262,-148.45283791983988,-3059.8295550728535,6972.663381720159,1552.5809632365012,-2051.8060628570097,6919.7851231262775,-82.23124193955083,-0.4140866391279428,238.30839475131998
21.99999999997999,-1.368219135811999,1.1794357849056782,129.25743158279676,-168.81873022356393,-3043.9639720326904,6971.3329364040255,1540.4805557807967,-2078.314148622804,6917.854631255901,-80.787976378268,-0.3781284976037097,237.2345054665073
22.0999999999799,-1.4088537704552828,1.0747370934248548,128.00886666722582,-188.7327184672349,-3027.6300863189454,6970.047344788572,1528.0082014174732,-2104.6545152593235,6915.914503631929,-77.55568459987543,-0.33930689741254,236.2056408453738
22.19999999997981,-1.459060002524644,1.0414850730162828,126.75632270948113,-208.14798313916768,-3010.813473481554,6968.788978713111,1515.1018389027263,-2130.778864176669,6913.999107801408,-76.24372741509731,-0.359092652902321,235.25930857272917
22.29999999997972,-1.4600885350753023,1.1198004333192455,125.436547667241,-227.13703792762644,-2993.5862840996947,6967.525692728788,1501.7133865184696,-2156.63827056262,6912.1256237828675,-76.54710759671465,-0.3025839685541271,234.34551617385247
22.399999999979627,-1.428827151656982,1.174174556019258,124.0614333354071,-245.75979681298173,-2976.004175888141,6966.251773890576,1487.8818181181355,-2182.250775470188,6910.2897865034765,-76.87966196867525,-0.25079701327962584,233.38279290230187
22.499999999979536,-1.419324673541617,1.0979344752628666,122.68608188871995,-263.97976239934434,-2958.0560025581863,6964.981429189217,1473.5850461325679,-2207.58678558359,6908.4909294364215,-78.19122795934561,-0.18199601128187098,232.4005748981521
22.599999999979445,-1.4340966337091723,1.0385414691778467,121.34174578833824,-281.7347730422067,-2939.71773871579,6963.7191901329525,1458.8613984733033,-2232.6585687038573,6906.717704484862,-79.04965517295008,-0.15787278260708543,231.37045801841643
22.699999999979354,-1.4530878756809813,0.9665552134128338,119.97891949334885,-299.0526477898182,-2921.021784409534,6962.456753245148,1443.6881372520404,-2257.432734506195,6904.963767106238,-80.71938529444722,-0.14384845564836027,230.3295165345
22.799999999979264,-1.4858196616774975,0.8693878545967649,118.61690430423288,-315.88842690249805,-2901.9578392559924,6961.18564772881,1428.0974038658812,-2281.9273032850024,6903.216093939185,-81.84573182212579,-0.19061412240339562,229.25563137712064
22.899999999979173,-1.477385852723367,0.8907469679011575,117.22931466843848,-332.3057983064954,-2882.5744544532326,6959.8870928954875,1412.0669788909147,-2306.107057228344,6901.46425510389,-83.73822259459823,-0.2573715097053065,228.17912778176623
22.99999999997908,-1.4397401356435522,0.9147051275744379,115.82727221263464,-348.36210988260405,-2862.9118856720856,6958.562239712808,1395.6516341929087,-2330.015919420638,6899.689400879959,-82.33766867049883,-0.25092010821140726,227.08728289641047
23.09999999997899,-1.425472782609298,0.8226184622296425,114.47122340691323,-363.96926009314404,-2842.9381219948177,6957.233674117059,1378.8971687059736,-2353.6940631395764,6897.894519809085,-79.14795207652121,-0.24039841639893786,226.03864941593088
23.1999999999789,-1.436002355047643,0.7592082465963751,113.15991799577277,-379.04700435110254,-2822.6306910771164,6955.910238641722,1361.7494317591875,-2377.0815398505533,6896.111682798886,-77.84147097955385,-0.28880487133536675,225.07405849540604
23.29999999997881,-1.451639666992969,0.6952922173637092,111.82394407916298,-393.6296761602351,-2802.0201786971584,6954.58539372071,1344.168670232438,-2400.1205294329316,6894.356214413605,-78.14579542057484,-0.26006849473993593,224.14205272623198
23.399999999978718,-1.4810949841076366,0.6147442899893851,110.48018462032942,-407.67318739796025,-2781.1037633743676,6953.25229143785,1326.1906373077459,-2422.8358334810564,6892.62492394479,-78.48069040320068,-0.23649029893633336,223.16217855982615
23.499999999978627,-1.4703660396083922,0.6621414873569207,109.10253167364256,-421.24876565496396,-2759.9225920205467,6951.89313519592,1307.798626973653,-2445.1939600966143,6890.916185850084,-79.79264642220643,-0.1968334569817621,222.16277124903013
23.599999999978536,-1.430619244821174,0.7192448445014358,107.7024628787796,-434.4202574700836,-2738.510077458152,6950.5098618407255,1289.028951490458,-2467.214163331842,6889.219603476889,-80.65346556258436,-0.2028554570354291,221.11638278530896
23.699999999978445,-1.414021259661772,0.6627648906946759,106.34166935924804,-447.09725944998763,-2716.846808714893,6949.1268561710895,1269.8650941354015,-2488.859222269047,6887.527740944141,-82.3232042942595,-0.2202399129576407,220.05920007732
23.799999999978354,-1.4221544572256648,0.6365728287626707,105.02231524923187,-459.1979201630554,-2694.9217564848027,6947.755099667198,1250.336228969667,-2510.1530397740667,6885.828484908289,-83.45130452957376,-0.2993079417434364,218.97027633790552
23.899999999978263,-1.4357289762684873,0.6146668461128295,103.67511683916302,-470.76090781199713,-2672.76131876982,6946.38866555146,1230.4267816130764,-2531.0567412555124,6884.110257053983,-85.34265858055525,-0.39960186354274163,217.87914408934293
23.999999999978172,-1.4630062571030664,0.5781076295802328,102.32127423871393,-481.7423026401618,-2650.3689950731136,6945.02264060179,1210.183925511263,-2551.6242175549514,6882.35610483791,-83.97327221121508,-0.4245246534297241,216.77010744398845
24.09999999997808,-1.4507258899031377,0.6727754441852439,100.94533418782416,-492.21854200415606,-2627.7765766466505,6943.638892900095,1189.6460759521797,-2571.903608135018,6880.570482983387,-80.81532860621944,-0.4439403757659735,215.70220890566884
24.19999999997799,-1.409462846981148,0.7804124572169345,99.55309813571166,-502.2585542051316,-2605.0092584992217,6942.238865912954,1168.7742212080732,-2591.8212634043634,6878.783072632018,-79.5036306076451,-0.5217281876233565,214.71698008724744
24.2999999999779,-1.390880592891542,0.7756193519580215,98.20481947767425,-511.77165195398106,-2582.06045308691,6940.8495939061495,1147.5397503477147,-2611.311347527987,6877.00730099043,-79.79748209605532,-0.5210841020261433,213.76246035358375
24.39999999997781,-1.4223054086152738,0.6700702567430342,96.90501044498166,-520.6392954235354,-2558.925433133953,6939.492073178262,1125.9729654941707,-2630.4056580463175,6875.241222654793,-80.12313014345334,-0.5257715938517468,212.76090099856643
24.499999999977717,-1.4634478038337786,0.6388960575901822,95.62582793542504,-528.8157246066767,-2535.6167608999936,6938.152807354465,1104.0643536778848,-2649.067126144866,6873.482332507986,-81.42292044231016,-0.5151815016999068,211.73905130264376
24.599999999977626,-1.4587834816815632,0.7367991235564237,94.29782934898535,-536.4031306702341,-2512.1634576710026,6936.80423030305,1081.8408225814444,-2667.325488229455,6871.721335824153,-82.27362946421233,-0.5515232341964731,210.67405306533558
24.699999999977535,-1.4221481527618256,0.830778207631989,92.9217150186082,-543.4831900079877,-2488.5855065667247,6935.44387711156,1059.2928929864038,-2685.1406740944285,6869.949811067462,-83.92989341034398,-0.6006751749348525,209.59941185713046
24.799999999977445,-1.4052248869349293,0.8076986979528119,91.550440070964,-550.0149763946652,-2464.891847971004,6934.089936302332,1036.460404106183,-2702.5737451878845,6868.151287271762,-82.37155230620282,-0.5652149044501963,208.50363083086168
24.899999999977354,-1.436649468832702,0.6792995949048469,90.2124030868808,-555.8975754538649,-2441.0929218279502,6932.758421274966,1013.3755302232878,-2719.6794374073315,6866.330359070528,-79.04391928988642,-0.5221817212186594,207.44221017857134
24.999999999977263,-1.477151077073106,0.6189390201691638,88.89290644492043,-561.0918261183926,-2417.2061709844947,6931.4345331235445,990.00520326917,-2736.3829549773723,6864.520400554231,-77.56224917717824,-0.5394384433613179,206.45918694353054
25.09999999997717,-1.4722228400015247,0.6840533562223632,87.52886327141478,-565.702473641254,-2393.247222599433,6930.092258076633,966.3294704798418,-2752.6156294863445,6862.738774164633,-77.67938308252346,-0.4769419604565546,205.51114493193913
25.19999999997708,-1.4353609167183052,0.748331777134958,86.12416819272153,-569.810961889603,-2369.22544964789,6928.730195955116,942.3752414535272,-2768.4130023416997,6860.983699835739,-77.84950085863179,-0.41552157090993336,204.51701293560046
25.29999999997699,-1.4175110945772873,0.7017796583177489,84.73306671119526,-573.3752324123087,-2345.1542755765613,6927.366147366688,918.1372125761893,-2783.7372242582333,6859.255671471361,-78.98445713238314,-0.33624197227031544,203.50575175882642
25.3999999999769,-1.4468641651152834,0.5551970925683283,83.3828782693982,-576.2946801171167,-2321.055848548038,6926.015687249798,893.6445183273793,-2798.6187090249546,6857.545421484474,-79.6801390572439,-0.2996563604564369,202.44747778279668
25.499999999976808,-1.4851770218009535,0.4751770970044651,82.05494555381783,-578.532154059643,-2296.9517948977327,6924.665029503483,868.8932209817534,-2813.016061705625,6855.84769610442,-81.18215444042445,-0.27350229363492967,201.37903524631145
25.599999999976717,-1.4789201203960356,0.5209359651867007,80.68504307817913,-580.1930524588435,-2272.8447412877795,6923.2900330765315,843.9040423930634,-2826.9618001388826,6854.151180935061,-82.14996791424211,-0.30611923950999803,200.2773725842232
25.699999999976626,-1.4409845275767301,0.5717588903609928,79.27755295693986,-581.3585004612816,-2248.7339952083985,6921.890386635974,818.6744295645019,-2840.4131155105974,6852.446569264537,-83.88232186052711,-0.35936025121754606,199.17329387195406
25.799999999976535,-1.4216606216436662,0.5194825467705317,77.88742295048928,-581.9865112050531,-2224.6378537491214,6920.484266858939,793.2327509249707,-2853.4372583820004,6850.716557053909,-82.41739506028118,-0.3288970417989906,198.0526477981764
25.899999999976444,-1.4485237233538273,0.3738915449449274,76.54108247148031,-581.9794768954783,-2200.590024901145,6919.087804080114,767.6009738943948,-2866.0939830785187,6848.964998124085,-79.17496477982131,-0.2921111376080396,196.96786553076265
25.999999999976353,-1.4843677405236986,0.29408919708633696,75.21770804568183,-581.3040759181746,-2176.615876014582,6917.688570306274,741.7597431283846,-2878.302177672242,6847.224754448811,-77.72973942731973,-0.31891779368878104,195.96370357711916
26.099999999976262,-1.4765998710461312,0.34068502821721014,73.85337178435303,-580.065145271762,-2152.70522602239,6916.263535912281,715.7016900237488,-2889.98934619715,6845.512740559325,-77.87685179693474,-0.26681398178445803,194.99766812892466
26.19999999997617,-1.4374873394332,0.3980428236034822,72.45253485935356,-578.3426700593736,-2128.847579760988,6914.812910067326,689.4471521102271,-2901.195483374975,6843.826912748615,-78.07537400321975,-0.21504002529697394,193.9871589607841
26.29999999997608,-1.4167124910110522,0.35923295587193016,71.07026302525085,-576.0958424535704,-2105.0661366185304,6913.355718059072,662.9978475343423,-2911.881810226845,6842.167393390659,-79.23631503183849,-0.146233223409407,192.960089069065
26.39999999997599,-1.441237214971851,0.2328247565413231,69.73249898702534,-573.2318533992723,-2081.405558220032,6911.909535572532,636.3772283622452,-2922.083900307331,6840.5246615299975,-79.95935071107334,-0.11992357840311557,191.8859624688563
26.4999999999759,-1.474811340526109,0.17082355710221672,68.4180356580016,-569.7216718626837,-2057.89429242842,6910.4635264743,609.589038852011,-2931.759827124592,6838.893010646081,-81.48463913619089,-0.10545440434574012,190.80139061972963
26.599999999975807,-1.4657144135088092,0.2352223687394341,67.06397091630899,-565.6679402386574,-2034.509668566043,6908.9948143491365,582.6480094278625,-2940.9457581301594,6837.260941906357,-82.47716423857246,-0.1498927491028142,189.68339360590932
26.699999999975716,-1.42563278449848,0.3151665766264031,65.67395521722788,-561.1485003335987,-2011.2316988346347,6907.503391545118,555.5595410974475,-2949.598651814153,6835.618652207342,-84.22941510693002,-0.2165720955346988,188.56286669799675
26.799999999975626,-1.4036563386892331,0.3045995876129894,64.3023148260717,-556.1248025525299,-1988.0882491271818,6906.009422122604,528.3395444570149,-2957.790689776468,6833.948956875086,-82.82001685427647,-0.19730593229981197,187.4247266186082
26.899999999975535,-1.426192326819391,0.2106511140915481,62.97482567155585,-550.5102706290924,-1965.134107233985,6904.532606920776,500.9988877939369,-2965.58524836088,6832.255704123554,-79.63369600206558,-0.17114903277686308,186.3204586111625
26.999999999975444,-1.4578493001412953,0.17895043006744327,61.67129919164443,-544.2801622834398,-1942.4002143858775,6903.063796632091,473.53333934537517,-2972.8975909977457,6830.570928439075,-78.20197809497195,-0.21035210639734842,185.29708366628816
27.099999999975353,-1.4477201079192121,0.2729769315503402,60.33026632902382,-537.5332685582792,-1919.8519559158485,6901.579346292651,445.9490405970232,-2979.653843482088,6828.910893217349,-78.3564011188907,-0.17067996761163015,184.31333313012743
27.19999999997526,-1.4069670648370725,0.3864465171193316,58.95376657630616,-530.3442626582972,-1897.460269797208,6900.078325849307,418.26490661423765,-2985.896995379859,6827.273732051361,-78.56327216575119,-0.12976002268613387,183.2833270587452
27.29999999997517,-1.3840882924983118,0.4139406133954852,57.594624548101685,-522.6778195119037,-1875.2572468769606,6898.582207117805,390.491084690368,-2991.588753960948,6825.659205148334,-79.72930466705563,-0.07209526975919842,182.23508079665447
27.39999999997508,-1.405002952179622,0.3609582546420834,56.27868144860462,-514.4548264957983,-1853.3068191962302,6897.113294995765,362.6371280717604,-2996.7692667682077,6824.057935238395,-80.45950426498695,-0.057151506946325675,181.14227047964985
27.49999999997499,-1.4350955205389746,0.3674462628545887,54.987751638644305,-505.6547272752772,-1831.6419293763613,6895.6641370674315,334.714709429324,-3001.3974775517977,6822.463811378914,-81.98702312331966,-0.05557327805959304,180.03974723857752
27.599999999974898,-1.4561220852764127,0.3590285640934319,53.65728862917499,-496.3396256412958,-1810.239400548947,6894.216015710548,306.7318629926544,-3005.512161299261,6820.865494477317,-82.98412973961925,-0.1129129371198676,178.90423318671944
27.699999999974807,-1.481950864595749,0.3003264063203745,52.312859499403984,-486.486630733971,-1789.1343085107399,6892.760595213667,278.7021033756858,-3009.07158415386,6819.252743508312,-84.73561021093464,-0.19391652848435995,177.76799366525162
27.799999999974716,-1.466919527999262,0.3358998807841955,50.93332891142957,-476.1709269501954,-1768.286752613528,6891.278755907849,250.62788117036308,-3012.150727606245,6817.608918146083,-83.36359108379152,-0.1860800838071615,176.61508294794373
27.899999999974625,-1.4221425395422225,0.3949957042385814,49.527095203866416,-465.4585751171245,-1747.6570050218215,6889.771964239285,222.50819307009158,-3014.8147470118997,6815.938204038575,-80.21570349870214,-0.17049135277298172,175.4936236182916
27.999999999974534,-1.395609238445726,0.3823365541768505,48.15009793472159,-454.3150440436837,-1727.286265929158,6888.262568502063,194.3607732288942,-3016.9787573473836,6814.271708064768,-78.77829329297536,-0.22138724190488235,174.45022232883306
28.099999999974443,-1.4118418542024769,0.304648347960902,46.82469362590008,-442.67237308735093,-1707.2508367038722,6886.773350739232,166.20681369298796,-3018.570379405074,6812.625030495412,-78.9202295097685,-0.1932150817391471,173.44806964417344
28.199999999974352,-1.4377121138405402,0.2909504899166464,45.526644590152294,-430.5185682874947,-1687.583552240149,6885.2983251356545,138.04991407266604,-3019.6352449296305,6810.996705850598,-79.11726232522825,-0.16305319128937742,172.40568961456512
28.29999999997426,-1.4556328962100986,0.2728736851195711,44.19298910985053,-417.9106462555524,-1668.2509581100749,6883.820888849598,109.90752697449693,-3020.1373232641,6809.386279632953,-80.26685455164346,-0.1166609677851327,171.34851148085832
28.39999999997417,-1.4784960598041228,0.21366686989508038,42.849082712957895,-404.8312105178676,-1649.2914090677248,6882.334805830246,81.78166667804038,-3020.118735374079,6807.784767046148,-80.98263511654213,-0.11202998594307176,170.2489615316024
28.49999999997408,-1.4927492418577335,0.11943741505841074,41.474363885942395,-391.321258184939,-1630.6822733976915,6880.827257284507,53.69171651149616,-3019.541261648463,6806.185824543429,-82.48834099945589,-0.12121278975542171,169.14119916317472
28.59999999997399,-1.5120591922664406,-0.018653812498527326,40.09781039963113,-377.3643078429922,-1612.4635824917716,6879.291406461266,25.638341888589405,-3018.44547251812,6804.578532653681,-83.46479168004376,-0.1880714036282282,168.00165450150686
28.699999999973898,-1.4924825664299537,-0.05651647624959909,38.692696119796224,-363.02365591636095,-1594.581005019168,6877.713187475583,-2.3571623933158263,-3016.7928756188967,6802.952486202613,-85.18832708364143,-0.27878169471197506,166.86089406551042
28.799999999973807,-1.4440062968691514,-0.05597104559443278,37.268695206899196,-348.3532635017533,-1576.9830167011999,6876.097456107331,-30.306623006836258,-3014.6589408101427,6801.291821135384,-83.82405209947991,-0.2764465980199521,165.70078904376481
28.899999999973716,-1.4137083842893579,-0.10940027277230674,35.884047175391565,-333.3245059333024,-1559.7211215653947,6874.4669297743685,-58.223486758549974,-3012.10848427719,6799.601207385198,-80.68526233457388,-0.265653450173966,164.5688420946054
28.999999999973625,-1.4248096063691758,-0.21170978600321833,34.55806307854266,-317.8867228574615,-1542.884399532192,6872.844297296647,-86.07391858249744,-3009.060191796778,6797.911059631277,-79.2189773828831,-0.3233509686992764,163.51175404030693
29.099999999973534,-1.4459036680850301,-0.24644692602551257,33.26042276059065,-302.0371530860794,-1526.504076114236,6871.225271768546,-113.8231758217667,-3005.4458532654608,6796.2366161059235,-79.32750821775481,-0.30246075110218074,162.49789584623215
29.199999999973443,-1.4601874394733152,-0.2753786368807353,31.930192278259867,-285.8239326144474,-1510.535108965552,6869.59602398218,-141.4763748980723,-3001.3114821250224,6794.576876539752,-79.4982717708723,-0.27798120540448584,161.44597055642143
29.299999999973352,-1.4795391176709045,-0.33593998347532145,30.59273153877602,-269.2377344522723,-1495.0186099443413,6867.952495393941,-169.00930575508926,-2996.6246148398745,6792.931453019259,-80.61648855234284,-0.2369624020255065,160.3796794781098
29.39999999997326,-1.4908229887096995,-0.42268534550851794,29.226737308490662,-252.31314559834735,-1479.9239912004853,6866.2838175867855,-196.42798483485845,-2991.4276302062235,6791.29183225708,-81.30436110300352,-0.2361594036421626,159.271000112764
29.49999999997317,-1.5069670758960443,-0.546471306695896,27.86048377741639,-235.04213166315682,-1465.293777607252,6864.585265880898,-223.70588776548513,-2985.6863258109424,6789.651759072027,-82.77617693480026,-0.24937578871408397,158.1539623268567
29.59999999997308,-1.485228387824659,-0.5705665506454286,26.46718315813097,-217.47432758189052,-1451.0618685554298,6862.843948094452,-250.8500965862005,-2979.4412629110934,6788.000770820341,-83.72090450414989,-0.31891479752211094,157.00501855254564
29.699999999972988,-1.4350590057028736,-0.5511186067032177,25.055944600865658,-199.65090716713536,-1437.1666890946158,6861.064913614914,-277.832123712787,-2972.658327168558,6786.328601505509,-85.40683701098298,-0.4126172960029687,155.85484288060658
29.799999999972897,-1.4027311595150302,-0.5777846371643592,23.684976142382187,-181.5538570392982,-1423.665455580894,6859.272084182301,-304.67814081232405,-2965.410362461489,6784.619996378705,-84.0395360645458,-0.4091252422392484,154.68454639842454
29.899999999972806,-1.4107462198495149,-0.6471596807418184,22.37337201611473,-163.15243249940013,-1410.654934452835,6857.490232754204,-331.4138165005576,-2957.7592472181614,6782.879961618278,-80.89888429272962,-0.3960936621349781,153.53833156762082
29.999999999972715,-1.4289444304040706,-0.6512181513993203,21.09084402574261,-144.45085421348958,-1398.1644214889357,6855.716934195901,-357.9894411698624,-2949.6303144775293,6781.13874500548,-79.39388042986675,-0.452474269345039,152.45928784547067
30.099999999972624,-1.4410670357271347,-0.644478024567744,19.776707669821164,-125.48609296222509,-1386.1400546692553,6853.938747279999,-384.35736290382044,-2940.9619710798156,6779.411751638791,-79.45752189719138,-0.43066191471819343,151.4257892931132
30.199999999972533,-1.4582605011222551,-0.6646903069127644,18.455476852965422,-106.25728927686023,-1374.623823514901,6852.153923843765,-410.5315843333989,-2931.798721189176,6777.698357377303,-79.58940275367078,-0.40426138994268895,150.36068407928994
30.299999999972442,-1.4676958328746887,-0.7059979408117162,17.105743041241364,-86.79125335071194,-1363.5789228360115,6850.351930284611,-436.4819938685362,-2922.1129401484686,6775.998529124379,-80.6629565854827,-0.36165662447408475,149.28664358790581
30.39999999997235,-1.4817520825935733,-0.7810140175527222,15.755179545959397,-67.08866483084104,-1353.0484592806677,6848.530387916422,-462.22280565590864,-2911.945750181257,6774.30409146266,-81.31176371519528,-0.3577192951434857,148.17210313434245
30.49999999997226,-1.4883894663187436,-0.8743392356157285,14.382369340729527,-47.17400238575826,-1342.9950910252296,6846.680700262875,-487.7211887340624,-2901.268453404993,6772.60917151638,-82.73906226518736,-0.36767391608623584,147.04885591877544
30.59999999997217,-1.499807079490327,-0.9950439114994594,13.014564095894585,-27.049740274994452,-1333.4625172625028,6844.800768433187,-512.9920245780102,-2890.1201438737835,6770.903618128038,-83.64265264679415,-0.4320463425351461,145.8926888315034
30.69999999997208,-1.5042810037296763,-1.1276654755318432,11.62907932542296,-6.738172117911976,-1324.412735746078,6842.883785355119,-538.0005224488623,-2878.4725082417576,6769.177620880599,-85.2818563345931,-0.5205985817905433,144.73464274873362
30.799999999971988,-1.513698873403093,-1.2812583161975029,10.252434129589389,13.756287883723799,-1315.8896944086143,6840.927959838492,-562.7866907932168,-2866.392936119831,6767.416154802043,-83.90279634730058,-0.5074623054901999,143.55586171527304
30.899999999971897,-1.487140918050247,-1.329073008468721,8.854910982709132,34.407559540043785,-1307.816796794152,6838.923751119599,-587.3875934031743,-2853.9380894026613,6765.624276780743,-80.74926038023894,-0.48289981654795916,142.39288598862623
30.999999999971806,-1.4330816266488728,-1.3198775726640652,7.444990631861314,55.19622863586308,-1300.1244015033153,6836.877819556797,-611.73919213571,-2841.0432720505405,6763.832709488342,-79.19625881807244,-0.5292421616996184,141.2913907847691
31.099999999971715,-1.3967701155303356,-1.3405096852099283,6.081457877609985,76.12331064088178,-1292.8763532829773,6834.8156909539375,-635.782096098408,-2827.656189148341,6762.057619940839,-79.20420357060586,-0.4976173013012561,140.237074959243
31.199999999971624,-1.3994305515621919,-1.3900679801394873,4.781345701408133,97.18925254602854,-1286.1732458211416,6832.76437239596,-659.5384682567927,-2813.818101730396,6760.298624078509,-79.28609360896623,-0.4588413711560489,139.15298544616104
31.299999999971533,-1.4127360105069795,-1.3731757144611716,3.511740362274211,118.3813236518234,-1280.0376971295639,6830.723787712232,-682.9729684738512,-2799.5072388209987,6758.556509273806,-80.29967728958249,-0.40329237416669766,138.06328225044956
31.399999999971442,-1.4212488584859622,-1.3364754700834236,2.2130742561302474,139.68125918890908,-1274.4077067877395,6828.681768953384,-706.1076250280584,-2784.7616251966933,6756.823302772325,-80.8916551854102,-0.38465986499358223,136.935971246905
31.49999999997135,-1.4350602582932084,-1.3181799442932434,0.9089904732412188,161.07778864356186,-1269.3235522082398,6826.63958975738,-728.9044295759139,-2769.559110879384,6755.093978855441,-82.25686296800357,-0.38008710497294396,135.80354708890675
31.59999999997126,-1.4417530184129856,-1.3128628566312481,359.57781162706607,182.55706172041127,-1264.7427874465552,6824.587548537299,-751.3858510267676,-2753.9357135290593,6753.358497090859,-83.10221286421763,-0.4279226952210522,134.63973003013922
31.69999999997117,-1.4529045025236758,-1.335546959302769,358.24619464017604,204.10600292691313,-1260.7062677387714,6822.526198181132,-773.512041746324,-2737.870131328852,6751.607958428291,-84.67879741255885,-0.4998511058444382,133.47531377263857
31.799999999971078,-1.4569555839027308,-1.3712052774947012,356.89283524270655,225.71307047573475,-1257.171708557425,6820.447271719829,-795.3358007917878,-2721.421614341115,6749.8270118924975,-83.27218591883076,-0.4649024503967967,132.29026666099335
31.899999999970987,-1.465523926251934,-1.4312464639120777,355.54416089267255,247.3633294080145,-1254.179972441171,6818.351647383759,-816.9045337476987,-2704.639626836833,6748.020369972905,-80.08718030836444,-0.4159441846338945,131.1107161876892
31.999999999970896,-1.4674548893517008,-1.4994941596530054,354.17795223560086,269.04745653292673,-1251.6887727246174,6816.2324834825195,-838.1423440145402,-2687.4725696345026,6746.220138592708,-78.47235142386664,-0.43983733351821064,129.9890271781722
32.099999999970805,-1.4741236615068387,-1.5865486082599762,352.82006448798336,290.74863486006365,-1249.7386245641703,6814.091074664784,-858.9498899093783,-2669.8574740151394,6744.452124643251,-80.65678319080637,-0.5392618678787375,128.89858824586238
32.199999999970714,-1.4745792511937472,-1.677000821395686,351.447388853284,312.4597032054251,-1248.2871706486696,6811.921663372967,-879.2635983551563,-2651.7661846593423,6742.704726429892,-83.58397381931722,-0.5560244527119103,127.80299262855411
32.29999999997062,-1.4799503115276407,-1.781803946775093,350.0852477145799,334.1619738912876,-1247.3743144942719,6809.725881418348,-899.150331591099,-2633.264327430182,6740.947781571096,-83.44635590752056,-0.4825463164108931,126.62805748896302
32.39999999997053,-1.4794119542254114,-1.8865248922577575,348.7099177681271,355.8504159016084,-1246.9576184024206,6807.498729564831,-918.6723374609854,-2614.4067177503593,6739.1764747494135,-81.49723658720869,-0.4418670451775146,125.39877341859022
32.49999999997044,-1.4839024235699412,-2.0025462057222367,347.346356378592,377.5045039270479,-1247.0761795068104,6805.24208747035,-937.7931090125503,-2595.1812999819986,6737.406176706318,-81.24157761129129,-0.5166784467092892,124.1730173095894
32.59999999997035,-1.4826877811634047,-2.116168068049372,345.9704766764089,399.12131927291074,-1247.6875134952097,6802.951480213872,-956.4528326473234,-2575.565209961092,6735.639195792461,-82.54935907027631,-0.5602113535096809,122.97194741218594
32.69999999997026,-1.4865656164529237,-2.2390930598971184,344.60700624798415,420.67854461871406,-1248.8297654938306,6800.628974494512,-974.7152819986796,-2555.6096985632103,6733.859002205122,-81.6521517528805,-0.47116344619358114,121.75365002848726
32.79999999997017,-1.4848743588254834,-2.358106650936467,343.2316646932654,442.1753607721159,-1250.4604677868115,6798.270463629341,-992.6384115139667,-2535.3574976835416,6732.0673183489325,-79.22455488141046,-0.3750195300225401,120.5275424137818
32.89999999997008,-1.4883059037869042,-2.4851226431342566,341.8690356155368,463.5877109133127,-1252.6166998984024,6795.878166509995,-1010.1385320042559,-2514.773283616005,6730.293585489831,-78.65739170341386,-0.37891480575950837,119.34293021670825
32.99999999996999,-1.4862602974760921,-2.6072300036130276,340.49474936384644,484.9168623166079,-1255.2560914699209,6793.448241899961,-1027.1390000479582,-2493.831019480652,6728.549389280561,-79.69655243809996,-0.34151915959253526,118.19527324991489
33.099999999969896,-1.489346741037101,-2.7364759375093586,339.13329466217334,506.13707534812187,-1258.414562689,6790.983044222662,-1043.6746812829913,-2472.5621822984344,6726.824255424053,-80.9992299977551,-0.3304584182826763,117.01112562043139
33.199999999969805,-1.4870203218594875,-2.8601314889244933,337.7602737346327,527.2516879272105,-1262.0499305524472,6788.4789288945085,-1059.7023955701113,-2450.9606422952966,6725.108310510886,-83.18723452268222,-0.3432684172342305,115.81162305235219
33.299999999969714,-1.4898224010537586,-2.990327644900521,336.40010668332155,548.2333373765082,-1266.1968743898046,6785.938380964351,-1075.2923947109005,-2429.0699530634633,6723.377956867156,-82.69879638118032,-0.2644190363480324,114.57739541568661
33.39999999996962,-1.487258871335234,-3.1144393037614106,335.02840265394525,569.0874125594851,-1270.8134925994416,6783.357904758481,-1090.5075365551215,-2406.9256636138084,6721.631615164071,-80.5269208244067,-0.2038257399249933,113.32723705577311
33.49999999996953,-1.489812873706443,-3.2446520066033586,333.66952622899834,589.7849902565745,-1275.933149922034,6780.7401183561,-1105.2587503797104,-2384.502429867445,6719.894667785597,-80.08341537373819,-0.25566842560007524,112.11844581690217
33.59999999996944,-1.4870381796982892,-3.3683948119780687,332.29911342691236,610.333486320886,-1281.5143212192932,6778.0816399857495,-1119.4655752180709,-2361.783587660648,6718.175339435238,-81.21021836549016,-0.271896970327275,110.945800474114
33.69999999996935,-1.4893660554969106,-3.49789224491557,330.94147917962147,630.7024821359839,-1287.5889883061154,6775.385227530053,-1133.1667506372023,-2338.7964321754685,6716.463021869248,-82.58014091358811,-0.31616657737504195,109.73780310645083
33.79999999996926,-1.4863959353321465,-3.6205959318613816,329.5722978447587,650.9013922843717,-1294.1160968815452,6772.647585699374,-1146.3185761475793,-2315.540464920086,6714.745896230096,-84.82589386058089,-0.38606107225866276,108.51524547104663
33.89999999996917,-1.4885115451831816,-3.748762602602532,328.21583673297755,670.898370517403,-1301.126181677327,6769.871621383864,-1158.9971951883806,-2292.0508112258676,6713.001799921614,-84.40778748192318,-0.3633610437004971,107.25518422164855
33.99999999996908,-1.4853561334994878,-3.8698460123020815,326.84781535890795,690.704797662238,-1308.5787519761607,6767.054102825618,-1171.2695783792494,-2268.3551463888575,6711.23040964754,-82.30319950824821,-0.3583352750911142,105.97912718712242
34.099999999968986,-1.487269007612545,-3.996133798761659,325.4924534710885,710.2874701833491,-1316.502834889294,6764.198096372035,-1183.0425606262095,-2244.43901511591,6709.453854745031,-81.8874935554122,-0.4662009755651793,104.74824556102527
34.199999999968895,-1.4564435008915293,-4.021456538995553,324.12136727790596,729.681813985015,-1324.82793946889,6761.295092448736,-1194.2332707090893,-2220.2958877156934,6707.677490436584,-83.03085733652277,-0.538169295211637,103.55348671706261
34.299999999968804,-1.4000909701286013,-3.9787676541013504,322.7405648847291,748.9238325693548,-1333.492502617215,6758.350121494487,-1204.9224377237115,-2195.955738621356,6705.885976091078,-82.059124758064,-0.46353536220760727,102.33367374976378
34.39999999996871,-1.3609263216474867,-3.9449099628070563,321.4093565056195,767.9759669247593,-1342.5470783973408,6755.390426889762,-1215.1819417046922,-2171.4416984175045,6704.082008171377,-79.56828865955926,-0.37253031014029286,101.09550817016286
34.49999999996862,-1.3587461811385417,-3.926072032935438,320.1442135233129,786.7714414146284,-1352.0641855961196,6752.447563593248,-1224.9211599635455,-2146.7474805121706,6702.295140086827,-78.88062096794258,-0.3806558367522874,99.89191234928596
34.59999999996853,-1.3675115124982704,-3.847984551433959,318.90971324056267,805.2812508501275,-1362.0465587226531,6749.525411504156,-1234.0589274232009,-2121.873532343037,6700.537611467788,-79.78447982974224,-0.3451591678142659,98.72144547499599
34.69999999996844,-1.3728933809450765,-3.745495145098191,317.64839851722706,823.5355770267207,-1372.4391392830225,6746.6111741243185,-1242.6399283336752,-2096.839329258405,6698.799730292523,-80.96700243922224,-0.32878998839099055,97.51128654328984
34.79999999996835,-1.3836730382184907,-3.657135148598474,316.38159854326966,841.4991402969844,-1383.2635323221846,6743.7102255761065,-1250.6212963147814,-2071.6535853327778,6697.072834974674,-83.01865540032817,-0.3335921616499483,96.28373290212207
34.89999999996826,-1.3880807875778078,-3.5773444639998457,315.08804784591564,859.1915138475052,-1394.4813931471078,6740.812364970768,-1258.0852984953722,-2046.335619526731,6695.3339549470875,-82.45963757130403,-0.23645652992391816,95.01946512997677
34.99999999996817,-1.3966350047924851,-3.523623274095371,313.7926083312745,876.5756966057194,-1406.113474333997,6737.922128784218,-1265.1045801343041,-2020.8993123741004,6693.581937641126,-80.21243682635544,-0.15222950013620112,93.73511715920664
35.09999999996808,-1.398499508139641,-3.4796544291893263,312.47521778508803,893.672752082457,-1418.1230170774827,6735.030264271143,-1271.585795431001,-1995.3498160897977,6691.843468047926,-79.62700935827229,-0.18261936100358483,92.48946344041627
35.199999999967986,-1.4044428298938758,-3.4580278055133187,311.1609586728784,910.444392228593,-1430.5295033027346,6732.141694509494,-1277.446444109512,-1969.6979065630858,6690.128713581491,-80.59100211565507,-0.1772365139362745,91.28119331411357
35.299999999967895,-1.4040777915788292,-3.440857880100393,309.8291449843897,926.9132559150604,-1443.2975982438056,6729.248345838056,-1282.7327389140023,-1943.957453782349,6688.427764013699,-81.81147114298344,-0.1929056127830757,90.03761530061858
35.399999999967804,-1.40802050101363,-3.440090320030148,308.5043405176939,943.0400064792548,-1456.4452714260133,6726.355735181389,-1287.4025703559425,-1918.1427499598171,6686.730963105968,-83.8882083124332,-0.2317198343506457,88.77981714227309
35.49999999996771,-1.4061086641712655,-3.438556884345656,307.16504050026134,958.8488457906361,-1469.9385428482258,6723.456666794122,-1291.5403653940825,-1892.262731725478,6685.016115166632,-83.36978155500009,-0.16674205264939362,87.48565322591497
35.59999999996762,-1.408741884352157,-3.4486706523936967,305.8352400774528,974.2995682045239,-1483.7937057184768,6720.5571803035145,-1295.2198858796132,-1866.322106774383,6683.282724732882,-81.15911055735691,-0.11346335667178711,86.17227093232148
35.69999999996753,-1.4058738620830527,-3.4542932816763825,304.49282182966357,989.4179016549067,-1497.978113875726,6717.650615201327,-1298.3478382003625,-1840.3381009061065,6681.555782507694,-80.57116997078094,-0.17557600831570855,84.90057522382459
35.79999999996744,-1.407721414048602,-3.4684556715518022,303.16133805483645,1004.1629173965865,-1512.5062764572278,6714.743415132675,-1300.84289995184,-1814.3322296781396,6679.844085868102,-81.51984530765237,-0.201921597527169,83.66744321757808
35.89999999996735,-1.4043029188184093,-3.475824339734889,301.81830286818655,1018.5618189135989,-1527.3468949527596,6711.829194838232,-1302.752918287415,-1788.3126019674112,6678.138326853231,-82.72439735208734,-0.2474132165065824,82.40049577209886
35.99999999996726,-1.4057016797571973,-3.4899266786179153,300.48696036122925,1032.5730763389724,-1542.5126266875848,6708.9147040593,-1304.037889362504,-1762.2990986247607,6676.428315508891,-84.77661547730364,-0.3156653566139797,81.12050041353221
36.09999999996717,-1.4019783820939098,-3.4959367224527083,299.14464208825024,1046.2253080727955,-1557.973556605355,6705.993664128659,-1304.783419938278,-1736.2899298544594,6674.693141766251,-84.25692513335886,-0.2767149759670058,79.80275032815435
36.199999999967076,-1.4031229398423999,-3.507720689644682,297.8143833195555,1059.4764898001495,-1573.7404483031935,6703.073065900934,-1305.0635440385329,-1710.2804071636342,6672.933378799582,-82.04221442610994,-0.24719836444077037,78.4652990725277
36.299999999966985,-1.3992299473389254,-3.510725485656534,296.47345283430076,1072.3565872076686,-1589.7848172674935,6700.146637652296,-1304.7870634299736,-1684.2999467408054,6671.1726814104795,-81.4161070769087,-0.3329891090668695,77.17138678676899
36.399999999966894,-1.4002229010554337,-3.5190323334442346,295.1447398650696,1084.8231797236185,-1606.1155072820125,6697.221573981295,-1303.8755759884148,-1658.3807586806327,6669.418936366591,-82.31478200223776,-0.3823768567505154,75.91653469094118
36.4999999999668,-1.3962281161843089,-3.5182073731693504,293.8055203097449,1096.907508116876,-1622.7055155911755,6694.291554801089,-1302.3779207348832,-1632.524930864369,6667.663723059762,-83.47216087497256,-0.4482964520519449,74.62869952098318
36.59999999996671,-1.4164666754598403,-3.5831570190674316,292.47479972089286,1108.5497864255676,-1639.5688767368229,6691.368303694323,-1300.257054101022,-1606.7577116515913,6665.896780801794,-85.46836269828356,-0.5359874343776343,73.32862362187744
36.69999999996662,-1.435457145916887,-3.634665395939304,291.14419281948904,1119.7463681461243,-1656.6922736269757,6688.4401529377255,-1297.5982987024606,-1581.066347871128,6664.098564362652,-84.91908725015176,-0.5123916885437592,71.98943556359147
36.79999999996653,-1.4415812263523555,-3.690224451821795,289.7832605829694,1130.5478191980185,-1674.0436303393067,6685.492631743974,-1294.4747978156745,-1555.4366215293383,6662.270760245723,-82.67253473554746,-0.4954367888211523,70.62970559281744
36.89999999996644,-1.4477136220489442,-3.7724195634380124,288.4249113968524,1140.9099934943836,-1691.6268628254209,6682.527623202387,-1290.7993949948604,-1529.9099307707636,6660.436292619512,-81.98392986413144,-0.5934252634183157,69.31460325886633
36.99999999996635,-1.4447952850032746,-3.8598126797651493,287.0532901725054,1150.866433256556,-1709.419320947317,6679.538182851309,-1286.4982381863215,-1504.5288638805196,6658.602773891822,-82.80915411149404,-0.6542080763101842,68.03904110071531
37.09999999996626,-1.4444724865468295,-3.9589338416523976,285.6950784402848,1160.3727777495537,-1727.4230783720993,6676.528959899372,-1281.6203459925612,-1479.28931367206,6656.762719124812,-83.89837671701684,-0.7284223557748083,66.73103171001775
37.19999999996617,-1.4378637729829562,-4.048820972068307,284.32922513419504,1169.4637739495054,-1745.6171759961378,6673.495378531221,-1276.1323738052474,-1454.221550778109,6654.906278104413,-85.81752026978661,-0.8230405273345964,65.41141649496308
37.299999999966076,-1.4354273225174854,-4.138419227407657,282.9796569453319,1178.095346263476,-1764.0017174643106,6670.443858107704,-1270.1177563880567,-1429.3018439988912,6653.015028592542,-85.21996373514938,-0.8017789035411917,64.0518630769204
37.399999999965985,-1.428058807775982,-4.211606384361189,281.62334426079417,1186.3034325979177,-1782.557364299721,6667.370499168894,-1263.6474974324092,-1404.5064699712445,6651.091545288966,-82.92360817907377,-0.7839549158519845,62.67073848988422
37.499999999965894,-1.4255706881959525,-4.280638690870366,280.28312080673413,1194.0443697990236,-1801.282215782827,6664.28256951018,-1256.6404016412407,-1379.8882766739523,6649.158785428163,-82.15717231988955,-0.88070858923331,61.33445819437658
37.5999999999658,-1.4186273428586178,-4.332131928715016,278.93545491026333,1201.3551260491874,-1820.158573098296,6661.175975822184,-1249.028747139902,-1355.4996521172902,6647.2248211884325,-82.89453138473083,-0.939550007983007,60.03836129066954
37.69999999996571,-1.4167760109130412,-4.380105696361998,277.6028124573964,1208.1924525664217,-1839.1825474404782,6658.058330342388,-1240.8608637072678,-1331.3302373215436,6645.282963928029,-83.90317641449444,-1.0083530639763092,58.71013902004554
37.79999999996562,-1.4105257560721578,-4.4120186067497285,276.26175162914797,1214.5941687653763,-1858.3381314003923,6654.925051775667,-1232.1077865991747,-1307.4148694320284,6643.324240857071,-85.73302379018463,-1.0959612838193875,57.370780979604724
37.89999999996553,-1.409352924189683,-4.442500541563695,274.9346508844653,1220.517434986887,-1877.6194786905517,6651.7838961643165,-1222.849424002671,-1283.7190752224662,6641.330876633174,-85.07690568229003,-1.062712682268894,55.991469589352924
37.99999999996544,-1.4036867721932822,-4.458900547616451,273.5983389287427,1226.0007723898398,-1897.0123255524395,6648.629780658612,-1213.1533688396125,-1260.2098252792302,6639.3059133966835,-82.72145834714557,-1.0293689264333534,54.589453934797696
38.09999999996535,-1.4030092006017731,-4.475903616944295,272.275192464149,1231.0017742738792,-1916.5089000457474,6645.470563818893,-1202.9462433965664,-1236.950555739153,6637.273181850296,-81.8697376667756,-1.1104277689116324,53.23153576114312
38.19999999996526,-1.3977235118655806,-4.480429923971144,270.9423213707214,1235.5595447002863,-1936.096724968719,6642.300743930197,-1192.1679697824632,-1214.0026115438895,6635.241980867735,-82.51267614942823,-1.1531755308785618,51.91469672850164
38.299999999965166,-1.3973337716211192,-4.4870384330271325,269.6221073852101,1239.6321616771347,-1955.7661340083246,6639.128305206075,-1180.8653138483735,-1191.3494675414827,6633.2061427363515,-83.43584205283551,-1.2021574225552392,50.5659099333747
38.399999999965075,-1.3922493275278025,-4.482205660799547,268.29189643213334,1243.2592122131525,-1975.5064690477461,6635.947417743704,-1169.014355646274,-1169.0300157420745,6631.158007163367,-85.17185121906529,-1.2682513379834282,49.206248919970875
38.499999999964984,-1.410758666284179,-4.5361378800197905,266.9707908054281,1246.3809474592927,-1995.3053999315741,6632.770658745951,-1156.6898925095395,-1146.9995885287065,6629.079822790897,-84.454413520114,-1.208263892520292,47.80754900434258
38.59999999996489,-1.4281022723731762,-4.578219493086455,265.64985996622454,1248.9996690233809,-2015.1496519107532,6629.587557961419,-1143.9548596635884,-1125.2162555215868,6626.974550719769,-82.03832215120474,-1.1443815061868376,46.38493145911786
38.6999999999648,-1.4330205779512672,-4.62308037403658,264.29879517923763,1251.1743888855456,-2035.0320567690044,6626.384007399729,-1130.7454661509378,-1103.752874903169,6624.867739314455,-81.10068531102401,-1.195025376242974,45.00460926851441
38.79999999996471,-1.4379301915717464,-4.692374319264821,262.9499771371811,1252.8636972256475,-2054.9377356582877,6623.162967156816,-1117.010741061764,-1082.6786942123101,6622.77066237242,-81.64929348486024,-1.2074336178088465,43.666455718606564
38.89999999996462,-1.4340268579770055,-4.765180026307991,261.5877920616605,1254.1073256161212,-2074.860809439392,6619.91767632064,-1102.7950413230362,-1061.9712459369496,6620.6773090357665,-82.48841200587898,-1.2221849035102355,42.29641366441032
38.99999999996453,-1.4326242030529834,-4.848077677279574,260.2386288922068,1254.8644789343657,-2094.7847015586285,6616.653809660644,-1088.0800679781566,-1041.6727373027043,6618.581705325481,-84.13240900109975,-1.252402810183524,40.9156231126426
39.09999999996444,-1.4251088610555422,-4.920399165559007,258.8818852413646,1255.175249623195,-2114.7055623321735,6613.366788303656,-1072.933940199113,-1021.7289994367954,6616.465413856334,-83.35658012005598,-1.1515995632763176,39.499647906118824
39.19999999996435,-1.4216681261030895,-4.9911176265376875,257.5412015508127,1254.9999355552434,-2134.605199262431,6610.0640624660255,-1057.413762023183,-1002.0896897121572,6614.330672805888,-80.8819569987021,-1.0436123112645532,38.06327040009091
39.29999999996426,-1.4134619891781461,-5.044206185206158,256.19401027467455,1254.3789899784917,-2154.4816993107725,6606.74160528372,-1041.467090023225,-982.8353403254124,6612.20553308504,-79.85611469189507,-1.050719773625666,36.674199606716435
39.399999999964166,-1.4100477431461143,-5.091993186718628,254.86280544481414,1253.2739227027312,-2174.315261668209,6603.407746787435,-1025.0536778486164,-964.0411977933974,6610.103964744053,-80.29957197934004,-1.0231414463188306,35.34372315886441
39.499999999964075,-1.4023402492443053,-5.1211303710298814,253.52449126887365,1251.7253898953124,-2194.1058450706937,6600.058165043485,-1008.2151896966081,-945.678300887667,6608.019581277994,-81.0374140358463,-0.994616030727126,33.99725432497124
39.599999999963984,-1.3996367885789562,-5.145767285438067,252.20114576900033,1249.6961046225351,-2213.8320454150726,6596.701570365724,-990.940225864958,-927.7900659699314,6605.948595381698,-82.55693638417179,-0.9812938496800138,32.654296726122496
39.69999999996389,-1.392684550033273,-5.1533579104225185,250.86974745021118,1247.226744438053,-2233.495659143559,6593.333063704983,-973.2895907596362,-910.3123124975671,6603.870870326668,-81.68785114930968,-0.8374286817945563,31.288724834976072
39.7999999999638,-1.4090405940751656,-5.21135693243371,249.54947100488732,1244.2639417110468,-2253.067517815453,6589.965971840242,-955.3140908386893,-893.1854095790687,6601.786945543322,-79.12791177643402,-0.6810893410341142,29.90169833232953
39.89999999996371,-1.4245079147608524,-5.255123362111725,248.2304363968681,1240.813742045356,-2272.535805276087,6586.590953190539,-936.9743614749499,-876.494088952169,6599.7283139404,-77.99878461131131,-0.6334965081633332,28.555231557227355
39.99999999996362,-1.4280840060500057,-5.29835974616632,246.8821707496893,1236.9343096690661,-2291.9112555359825,6583.194498593402,-918.2229635607134,-860.3512799929833,6597.72113541618,-79.86760208987054,-0.6819469210652764,27.253285812562215
40.09999999996353,-1.4318233243207517,-5.362555215917698,245.53664042584975,1232.5905553706166,-2311.167637935197,6579.780410841787,-899.056101356736,-844.806680776496,6595.7529401785705,-82.26285788890374,-0.6541510249821505,25.969376784072946
40.19999999996344,-1.427060753461663,-5.427768213821767,244.1781337857889,1227.821924116835,-2330.3112210330137,6576.342196431023,-879.5401490000254,-829.7708136186147,6593.792167692599,-81.87153831233825,-0.5003452717035863,24.63161246858529
40.29999999996335,-1.4248532126182578,-5.500989609496367,242.83276254417595,1222.594436305462,-2349.3143679561854,6572.886257769415,-859.7243028870489,-815.1709512830682,6591.834526803724,-79.60689245329705,-0.3525491259200444,23.24093410085263
40.399999999963256,-1.4167168775375245,-5.562191575046436,241.4800371856261,1216.947286273386,-2368.185378964956,6569.408056392843,-839.6016293591498,-801.0517272437498,6589.9014178965035,-78.59402039460991,-0.31874431701568007,21.85275158420088
40.499999999963165,-1.412653068976701,-5.620600036170169,240.14338143905826,1210.848017963257,-2386.895417514617,6565.915715794828,-819.1463804288968,-787.5147569611897,6588.013497920001,-80.48785637698626,-0.3864977769126867,20.495441383609
40.599999999963075,-1.403948232849819,-5.660493896380072,238.8004172074035,1204.3355917716915,-2405.454713937403,6562.405118086508,-798.3629250944948,-774.6028707106514,6586.156144992373,-82.87223198698463,-0.384497809945636,19.155621846884415
40.699999999962984,-1.4000066298702136,-5.694342842117921,237.47343198506363,1197.3791760310853,-2423.8332621086643,6558.885255057558,-777.3046937232502,-762.2190422011643,6584.298804012144,-82.48932543132211,-0.2604229938642617,17.76898963594047
40.79999999996289,-1.391865632475532,-5.708927340458474,236.13954043825711,1190.0173619040406,-2442.04310681632,6555.351632887075,-756.0097970902273,-750.2873280735311,6582.437908612472,-80.23340130274865,-0.1401211307128368,16.339305416376902
40.8999999999628,-1.3886854324275122,-5.718487962197465,234.8206084534553,1182.220929840661,-2460.0530678195983,6551.813633734257,-734.4696076470318,-738.8537762674405,6580.594379067779,-79.1860515628043,-0.1294013226272935,14.925016238917241
40.99999999996271,-1.3813328710963908,-5.710513032800113,233.49383119793256,1174.027940041182,-2477.8769176083383,6548.2661310395215,-712.6629353010529,-728.0226994882062,6578.788492592401,-80.98563406743345,-0.2171015616908663,13.553036802510373
41.09999999996262,-1.3970018139711085,-5.750267663120582,232.1779474233675,1165.3961721906055,-2495.4713813272692,6544.723356253875,-690.6047320212257,-717.8386822817656,6577.006549543351,-83.27347305333524,-0.23627069765885234,12.200356785256137
41.19999999996253,-1.4117856137948692,-5.776796252246701,230.8633832590003,1156.3347164388117,-2512.826974524427,6541.176437850782,-668.3425121733179,-708.2012180231201,6575.219596805084,-82.84021525444685,-0.13243730303578902,10.800613712953254
41.29999999996244,-1.414839389329718,-5.802294127056464,229.51960731965568,1146.8955814932754,-2529.970999810843,6537.611448973203,-645.9040244107654,-699.0311753892071,6573.424938258782,-80.54659865612959,-0.027311577111951722,9.360888424299302
41.39999999996235,-1.4180380041251792,-5.847942182275069,228.1782522357727,1137.0530323898029,-2546.8682538211233,6534.033048750356,-623.285818768682,-690.3770601814155,6571.643705291981,-79.43948338601047,-0.025583852559113975,7.941009922588108
41.499999999962256,-1.4128315504766977,-5.893890398550574,226.8238849007794,1126.8426276484302,-2563.5363458925917,6530.434450207794,-600.4794128718551,-682.3455473698596,6569.896481985051,-81.12842091603412,-0.11707533726769684,6.567286937954185
41.59999999996222,-1.4101398313458,-5.947255908815989,225.48249069318027,1116.2401194995707,-2579.939097278373,6526.822899725971,-577.5048740249499,-674.9783830152959,6568.170576991019,-83.30656919485186,-0.14089126499217802,5.21436896145172
41.69999999996213,-1.4015970685278838,-5.988018668351923,224.1339278415791,1105.280240437443,-2596.095992859203,6523.193485917717,-554.3965724479921,-668.1701081724812,6566.437990024987,-82.81043976713195,-0.0410368520502128,3.8158205707533517
41.79999999996204,-1.397089440082436,-6.0255371426171225,222.80146275320982,1093.9405526502233,-2611.9701801184656,6519.555176995844,-531.1719887591725,-661.8392270201795,6564.696493799669,-80.46823777838429,0.06492857880664855,2.378877855676028
41.89999999996195,-1.3880181678895789,-6.044012820491249,221.46302050084725,1082.2549985898652,-2627.582904687272,6515.90342340838,-507.8333922236674,-656.0355180407444,6562.967864151362,-79.29596572495852,0.07320386817409733,0.9636530807421118
41.99999999996186,-1.4014352921568947,-6.1046046388103,220.13827443368945,1070.1910493946193,-2642.8829574049223,6512.252618375391,-484.3852557265771,-650.8658218922355,6561.273729086316,-80.87346198215334,-0.006960862059724743,359.59598305548036
42.09999999996177,-1.4140598378298173,-6.148525011743289,218.81675849339868,1057.7594044783007,-2657.862975173116,6508.594807552958,-460.84661820624854,-646.3862640379576,6559.605689357945,-84.73049372555258,-0.15886413541175734,358.2407936148115
42.199999999961676,-1.4153819210797165,-6.186986963714671,217.46787339383198,1045.0049844755201,-2672.5604589820177,6504.916967878345,-437.24188731703686,-642.5465451061776,6557.9194865156205,-88.24367784666325,-0.28028638415139095,356.845443864302
42.299999999961585,-1.4170728567085449,-6.240722999995682,216.1230629040839,1031.9098291774085,-2686.9356642992443,6501.22438382755,-413.5863871468666,-639.2283286560382,6556.184444873384,-88.4244123568051,-0.33718684908767993,355.37946868808984
42.399999999961494,-1.4107341279358403,-6.290801878278235,214.76653567672884,1018.5048405298936,-2701.013182186875,6497.510785014323,-389.87751086368013,-636.3562373256733,6554.399198889587,-86.42376367652359,-0.42900774834069605,353.88317348237894
42.4999999999614,-1.4070847087653058,-6.344804719006254,213.42399160131484,1004.7737466094135,-2714.752665310526,6493.783961513222,-366.1255044479811,-634.0065280110801,6552.577622450531,-85.29068938424545,-0.6299282335169119,352.4388367493018
42.59999999996131,-1.3978450181950834,-6.383657397657988,212.0750584322949,990.7462886288065,-2728.180368334605,6490.039251861638,-342.3591432726801,-632.2932617137876,6550.729372109324,-86.73367424819084,-0.9179048207523998,351.06136308344014
42.69999999996122,-1.39274600177541,-6.417192194423238,210.74277015841167,976.4081270189663,-2741.2556867614217,6486.286082706428,-318.6065229372679,-631.273692129961,6548.841383057732,-90.35770275153563,-1.2695054258802856,349.71024480956663
42.79999999996113,-1.3832610124538882,-6.430763633876284,209.4076326640227,961.7825789244699,-2754.009463650751,6482.519293176422,-294.88214318444597,-630.910499043986,6546.876364001388,-95.39194554268931,-1.7189950215505159,348.33305624888766
42.89999999996104,-1.3962478902001172,-6.484360829894882,208.0874436238562,946.8473209022482,-2766.38540217556,6478.753663535419,-271.19782072679925,-631.1369548679216,6544.791117240912,-99.39704045708119,-2.193307716607617,346.90214828954794
42.99999999996095,-1.4085200291849798,-6.5205253264497385,206.7672067628483,931.6206708392166,-2778.3748374728625,6474.982344644344,-247.54644096718758,-631.837139869285,6542.573117653969,-99.79302865684416,-2.651223932795071,345.39865841277856
43.09999999996086,-1.409610852384365,-6.550536821422338,205.41811079189992,916.1385859244249,-2790.0237006628836,6471.192156452858,-223.91149839096695,-632.9430903267081,6540.231090531242,-97.84012038305158,-3.154383500684106,343.8834159810973
43.19999999996077,-1.4110977203430375,-6.59529002861143,204.07243116167868,900.3917120194993,-2801.289385832757,6467.388781431154,-200.3226716882127,-634.5486080476815,6537.758524431065,-96.5749581034712,-3.743462755514083,342.4580195939254
43.299999999960676,-1.4046047617228024,-6.636127235444368,202.7149115105324,884.4050301024752,-2812.2022803164523,6463.565821109864,-176.8323891069891,-636.7695846777837,6535.141167238042,-97.74566749856305,-4.3910257238765515,341.12677931705474
43.399999999960585,-1.4007914532387327,-6.680744513776585,201.37141420246837,868.1709693994422,-2822.7195425709638,6459.731437491927,-153.4796967166858,-639.6557320391929,6532.356453465673,-101.02080278005597,-5.079177190872152,339.83599666109205
43.499999999960494,-1.3914216305375824,-6.710626248334398,200.02444799653216,851.7072981615293,-2832.8750996506437,6455.880090926376,-130.27452605267095,-643.1520101890723,6529.379171690673,-103.99825914419594,-5.728473410496131,338.4994930444066
43.5999999999604,-1.386207709359751,-6.735198649873263,198.69538341189636,835.0072182846841,-2842.626496421664,6452.021459690103,-107.19169807572592,-647.1389661544973,6526.214767724347,-103.75183850351763,-6.307583541954459,337.06922823258526
43.69999999996031,-1.3766425733753702,-6.739136192588532,197.36027057135405,818.0939168930265,-2852.006145616574,6448.151010694295,-84.20330310667372,-651.5492661351325,6522.882731528941,-101.37078487022457,-6.895878068806122,335.6081253509886
43.79999999996022,-1.3895193982509604,-6.782172149420839,196.03854925850717,800.9571987212066,-2860.954351916574,6444.283998734334,-61.342777647038666,-656.4484091347043,6519.378648301936,-99.8584125340058,-7.545384459680817,334.2141554869272
43.89999999996013,-1.4016650346222452,-6.808166497619535,194.7163588002458,783.6167428292374,-2869.46630566686,6440.413729240197,-38.67550586968408,-661.9327878958319,6515.685910374722,-100.8406002661841,-8.235103724868063,332.8993161079583
43.99999999996004,-1.4026386988418025,-6.828033547132523,193.3652430303022,766.098057678544,-2877.594279407847,6436.526684133715,-16.241378488654735,-668.0202187447608,6511.78664720951,-102.2645877855227,-8.838122894477346,331.58185880049535
44.09999999995995,-1.4039935450456247,-6.86261267091597,192.01759532650524,748.4008414069937,-2885.2945645820446,6432.628938373384,5.993939581021409,-674.604365896194,6507.695334664625,-101.16269734370546,-9.313961905512373,330.1763954132362
44.19999999995986,-1.397389181851379,-6.893684297604705,190.6610317717575,730.5370997812417,-2892.6031850679196,6428.713147833082,28.068253926920242,-681.6194851288195,6503.436951296935,-98.26125448843588,-9.75559646404573,328.7276910135779
44.299999999959766,-1.3934884637438862,-6.928530812468977,189.31979671085705,712.5071332466789,-2899.476634733569,6424.787749548921,49.94675060825196,-689.1186615540294,6499.017199931038,-96.51317906798342,-10.242367683109876,327.3258359569711
44.399999999959675,-1.3840626572130512,-6.947951033581304,187.9719157596478,694.3284175227926,-2905.95035967775,6420.84782002169,71.55624906536903,-697.1864425005944,6494.43011665839,-97.38306354461703,-10.764227160624845,325.9862959658698
44.499999999959584,-1.3788058851868168,-6.961811277341155,186.64061679213387,676.0030936742453,-2911.981346554826,6416.903406200132,92.8583900022295,-705.8310980254661,6489.663435612497,-98.76952527803768,-11.202377893887654,324.63943104043057
44.59999999995949,-1.3692048382534456,-6.954931644178652,185.3029553414412,657.5470172027428,-2917.6060707661672,6412.94971438044,113.90068182958144,-714.9496437161685,6484.727201623321,-97.66789601350595,-11.516628519903938,323.20832253327444
44.6999999999594,-1.3820661523294864,-6.987339002798017,183.98122831633944,638.9565374113913,-2922.7643845407297,6409.001781361672,134.73016248744943,-724.4794887619985,6479.642506660608,-94.787269252019,-11.802802418787044,321.73381924809564
44.79999999995931,-1.3942015002676469,-7.003105825286109,182.6603582562261,620.2507255141618,-2927.4554232376668,6405.052868415436,155.308531058438,-734.4675220321151,6474.419144012851,-93.07083279787079,-12.14457879935471,320.3012316823455
44.89999999995922,-1.3951818902920246,-7.012620702743069,181.30997960780323,601.4448019419879,-2931.73522298135,6401.089178167838,175.55352162476376,-744.9900471694478,6469.057898844016,-93.9960616182039,-12.533399511573013,318.9288200865709
44.99999999995913,-1.3965931469899273,-7.036715941305024,179.9627276471229,582.5463912418539,-2935.5606384684156,6397.117026287609,195.42396307962937,-756.0531609956695,6463.548499480248,-95.43185569512796,-12.84606528774178,317.5559551091556
45.09999999995904,-1.3900648581678847,-7.056668908071938,178.6026942415921,563.5670514908383,-2938.9691608744324,6393.129654518571,214.97886300777114,-767.5597322673763,6457.895066913647,-94.35918389055142,-13.038729962720884,316.1073300898212
45.19999999995895,-1.3862696839219786,-7.080344257937275,177.2564938367259,544.5161665793158,-2941.9180854387987,6389.135833856285,234.27346337901471,-779.4518935792818,6452.1141616329705,-91.50089214945152,-13.207764373350438,314.61718905085667
45.29999999995886,-1.3769342537379143,-7.088709357407303,175.9033612134624,525.4033934660263,-2944.44568319453,6385.130334069488,253.2661122268041,-791.7708585050134,6446.218834917346,-89.79951732725456,-13.439235401245227,313.16541992200615
45.399999999958766,-1.3894367343582348,-7.13815363335297,174.5645544954154,506.2413222560859,-2946.491903474384,6381.128335666672,271.8664010882174,-804.5836998771944,6440.21612228846,-90.74749103186882,-13.72543987741546,311.77182989264946
45.499999999958675,-1.4008056371096522,-7.171306232769633,173.2266424778253,487.05013729718445,-2948.0591117931976,6377.123273964054,290.01948269313226,-817.9108642221931,6434.096545800126,-93.90110347947702,-14.062399320984678,310.3979741054566
45.599999999958584,-1.4008450867791091,-7.197886852707574,171.86406206607379,467.8281626025219,-2949.2044577605816,6373.100952448995,307.7400563833713,-831.6982722329832,6427.835771354458,-96.75419038615325,-14.370152575816858,308.9767689528942
45.69999999995849,-1.4012668702530937,-7.237137326157733,170.50783706451878,448.59015866985936,-2949.8863259928057,6369.0677503060615,325.10738942603325,-845.8533193543019,6421.42915867669,-96.35371018178317,-14.614745494360061,307.46799379478546
45.7999999999584,-1.3938430354743847,-7.2699362216157475,169.14077412644858,429.3412810103674,-2950.143617578878,6365.017373276916,342.18195970962097,-860.3301597550627,6414.888111275662,-93.80726184247405,-14.87740240740663,305.92422766902376
45.89999999995831,-1.3892427437909505,-7.303789336900861,167.78898983424486,410.0978880248213,-2949.935533595318,6360.95874434639,358.90272219798396,-875.1718058431852,6408.218460726741,-92.14081929827947,-15.216788524041252,304.437421551775
45.99999999995822,-1.3792589569053066,-7.320050023960259,166.4311202780729,390.8631206447188,-2949.3014856317486,6356.887007312214,375.1636332180817,-890.4335621284478,6401.421307394269,-92.99711164374455,-15.613928964239411,303.022881522831
46.09999999995813,-1.373562790978498,-7.32893317299009,165.0908004309187,371.65492834011206,-2948.2018581689804,6352.812686512694,390.91663005583774,-906.1137247243539,6394.487360353938,-94.29125702685897,-15.935872970713948,301.61688069319945
46.19999999995804,-1.3636211904599658,-7.31572853192741,163.74493944654822,352.4745758884134,-2946.6764781580655,6348.730936312232,406.24468008199284,-922.1349943334967,6387.419436049024,-93.03628484035582,-16.13216521062811,300.1383853700803
46.29999999995795,-1.3763032293128465,-7.340551424923398,162.41570826326867,333.340980635064,-2944.667632146192,6344.657329141027,421.249797628492,-938.432788203064,6380.234034285441,-88.98327759714647,-16.22382799502373,298.60039063636094
46.399999999957856,-1.3882698233193111,-7.348231036617943,161.08787499836674,314.2723476036503,-2942.1814084429675,6340.585257726145,435.98720913209587,-954.9708959984305,6372.953974381399,-83.71087569347483,-16.235944663975086,297.06721343708966
46.499999999957765,-1.3890643217984537,-7.349283155066066,159.73072186868157,295.26212672433036,-2939.2757333033587,6336.50059418039,450.35735670596864,-971.7902077950475,6365.6142839317745,-80.18450943660743,-16.231443169589806,295.6261612120026
46.599999999957674,-1.390324727826035,-7.364562970718591,158.3770271090431,276.3335168597073,-2935.9129506215636,6332.410043954981,464.23880705589363,-988.9448958588035,6358.252876022557,-79.88193138592192,-16.22333841628695,294.27881610526816
46.69999999995758,-1.3836535421384937,-7.375377831263569,157.01075011421972,257.4834016521159,-2932.132323068814,6328.3066411903565,477.5562840598835,-1006.4607113893735,6350.884026464099,-80.66576468025117,-16.114625691769785,292.9924072389235
46.79999999995749,-1.3797608359565563,-7.389625282008254,155.65863726798682,238.73645518397612,-2927.897283931515,6324.199550585336,490.3923756606937,-1024.2863160143397,6343.492037331954,-79.38242792404004,-15.859831776444722,291.6797492658541
46.8999999999574,-1.3703342063700412,-7.3883228368923435,154.29976394948406,220.08747506518253,-2923.247150990419,6320.083307790953,502.8262067514656,-1042.3796353933972,6336.077145559788,-76.5167674179146,-15.564801380714616,290.32380278115085
46.99999999995731,-1.3829077440000739,-7.428362637489951,152.9579787822024,201.56506604865768,-2918.127591032642,6315.972847336891,514.8128195045924,-1060.752286567289,6328.669421664056,-74.94592597958453,-15.33887820846789,288.9707187419555
47.09999999995722,-1.3943418439367339,-7.452201655206243,151.61825064029392,183.18630804779406,-2912.5474794965635,6311.861489126944,526.2529291521821,-1079.4362105440593,6321.302415937231,-76.12132418566783,-15.187509054018049,287.64873993411436
47.19999999995713,-1.394390901399638,-7.468915202962627,150.25017754194096,164.93502997681728,-2906.562959724646,6307.735494278607,537.1075184479868,-1098.431517338541,6313.972959115318,-77.80344796936072,-14.982699549278987,286.34681684153287
47.29999999995704,-1.3948531265383437,-7.4981459882450725,148.88691491697622,146.84057516500857,-2900.1404238049236,6303.601571181688,547.4723221941921,-1117.6774833827124,6306.651764685381,-76.92002252580147,-14.664469461655079,284.99994909091794
47.39999999995695,-1.3874452594045947,-7.520898284093508,147.51219784661657,128.8932897741877,-2893.318117965838,6299.453138714227,557.4272475969166,-1137.1420683635877,6299.33099134166,-74.2296108333549,-14.328777418001591,283.6090306438706
47.499999999956856,-1.3829088721572098,-7.545233537599239,146.15555214044232,111.1186026968929,-2886.0604339222286,6295.298659052745,566.9251974550024,-1156.8318685535344,6292.040720321704,-72.66551183878605,-14.072253728343986,282.22487110824306
47.599999999956765,-1.3730064763968088,-7.55221103057649,144.79399859475794,93.50387315788012,-2878.404567263552,6291.1328602386475,575.8617024727998,-1176.7672901451667,6284.819027974839,-73.75387045012752,-13.894876614422406,280.8782711387609
47.699999999956674,-1.385289279158764,-7.598121269393046,143.44694361058862,76.09278474041105,-2870.3054191716824,6286.971701831031,584.195044624036,-1196.945147551746,6277.665342714179,-75.32020573706768,-13.665383519772897,279.5628016713988
47.79999999995658,-1.3965192727445164,-7.626141139162953,142.10081826071936,58.90073158169266,-2861.774560590567,6282.808621468145,592.0251734544672,-1217.3177764669756,6270.545651604027,-74.33753848776087,-13.317225905808037,278.21540189840414
47.89999999995649,-1.3964139479711764,-7.646184036272891,140.72598742906962,41.90229863126798,-2852.8648844737377,6278.630051659638,599.4334965994507,-1237.8628501341418,6263.448946432999,-71.55891011632696,-12.943736726455164,276.83224847292155
47.9999999999564,-1.396793236376239,-7.678101074164754,139.35620904771255,25.132250398851824,-2843.5478928932994,6274.442703456858,606.3700998268737,-1258.5803583281624,6256.409249197832,-69.92329533098606,-12.643501513981317,275.45896003931034
48.09999999995631,-1.3893285576109762,-7.703186426007184,137.97519828810525,8.574645478817686,-2833.8598245638514,6270.240091483954,612.730094859853,-1279.47783758395,6249.470588450852,-70.92457023096536,-12.417508439947703,274.12419965181965
48.19999999995622,-1.384785964835173,-7.72954453886101,136.61264178103835,-7.739275569285235,-2823.7695840995316,6266.030637218848,618.4747852122799,-1300.5474964683528,6242.634161079169,-72.41723436438463,-12.137762631336042,272.8247842410793
48.29999999995613,-1.3748765607206483,-7.738432080133705,135.2453391194572,-23.8282430830121,-2813.3118931494423,6261.809132400459,623.7075864947736,-1321.7540206194674,6235.860366917717,-71.39425387329754,-11.735184886570451,271.5018991666643
48.39999999995604,-1.3693578203733243,-7.73977772597407,133.89545543420084,-39.65458967424134,-2802.462357775641,6257.586573781023,628.5110950490234,-1343.0903894235078,6229.133056474186,-68.59343721863398,-11.302946380727432,270.15016083731786
48.499999999955946,-1.3595874153140382,-7.719124789551234,132.53972938875725,-55.238906959303236,-2791.255050432055,6253.357720963428,632.835690264056,-1364.5513405604024,6222.4894038501,-66.95211252749607,-10.94148185336524,268.80775439258446
48.599999999955855,-1.3728493206652872,-7.736764630923991,131.1968032042998,-70.52894724148852,-2779.6550754657274,6249.139505416694,636.5788769929619,-1386.1117884126784,6215.983073151541,-67.94122264775064,-10.649950813660748,267.4938586841471
48.699999999955764,-1.3852922713163909,-7.7371239404212035,129.85369476068024,-85.51202810616616,-2767.6771256003544,6244.925085470859,639.7051100297995,-1407.7536641801357,6209.617889789996,-69.42510876311843,-10.305231273644605,266.21572770474694
48.79999999995567,-1.3863038115162776,-7.731663446795612,128.4804222877922,-100.22430458681792,-2755.367893154104,6240.6998405862005,642.2792167840865,-1429.4658775064102,6203.36181366765,-70.31599334463475,-9.966383053842867,264.894247891639
48.89999999995558,-1.3877752361658373,-7.741670112935757,127.1136231386488,-114.62932561743887,-2742.701943861729,6236.469779512051,644.2580535583136,-1451.2327801003855,6197.2201231698455,-71.44877572627442,-9.667425861219462,263.55306710805974
48.99999999995549,-1.381232449476271,-7.747899136966986,125.73550761889402,-128.7510393010584,-2729.7105460010507,6232.227557008392,645.6871923494551,-1473.0436169540849,6191.170888890446,-72.01731323957414,-9.396971480739477,262.1703507570364
49.0999999999554,-1.3775602110586036,-7.757614646228116,124.3714963341562,-142.54750664725077,-2716.375702874535,6227.982688490733,646.522714243119,-1494.8807303634526,6185.220194791076,-72.87378039600183,-9.163760248076365,260.778111592673
49.19999999995531,-1.3683273694470568,-7.751911252808481,123.00044995762869,-156.04454861558546,-2702.727601518856,6223.7293529015515,646.8103625695232,-1516.7345933055076,6179.349475435183,-73.24925775113692,-8.950753129174897,259.3536453166427
49.29999999995522,-1.381587336566079,-7.788167937230147,121.6427911813162,-169.18403769508333,-2688.7402250413584,6219.483720707533,646.5066896819916,-1538.5824801240879,6173.566042791286,-73.95145005748313,-8.765608331250117,257.9275194105459
49.39999999995513,-1.393603947364241,-7.807834568652459,120.28564072341608,-181.95574631651508,-2674.4301934519526,6215.238794505805,645.6576840469987,-1560.41685004599,6167.853495797217,-74.21944075213334,-8.593599641689917,256.47576174110935
49.49999999995504,-1.393941020792307,-7.8212435279598935,118.89929265649296,-194.40338193302821,-2659.837663874029,6210.980411000723,644.2204759524063,-1582.21273261215,6162.219379926047,-74.83176311861953,-8.443579400824206,255.02829583225267
49.599999999954946,-1.3946954116715928,-7.848465816901558,117.52087770448965,-206.486308773982,-2644.943480076921,6206.7144378437615,642.2411583700631,-1603.965366912798,6156.648640022734,-75.0328757377209,-8.302488675618687,253.55982814267983
49.699999999954855,-1.387479180066151,-7.869970194102677,116.1322718969957,-218.2335135832354,-2629.774558687503,6202.433962947742,639.6777978291494,-1625.6475291132742,6151.148796218965,-75.58490688520901,-8.17974078008219,252.0994502214251
49.799999999954764,-1.3832319403897941,-7.892699550873369,114.75899420357784,-229.60023504265268,-2614.3200293669506,6198.148476210791,636.5765799000171,-1647.257149240002,6145.705796476838,-75.73796222592169,-8.063178670453402,250.6209219561877
49.89999999995467,-1.3735319526869822,-7.898127451814947,113.37942801468282,-240.6171629060001,-2598.6054505911557,6193.8525384765835,632.8967944871761,-1668.7648046130578,6140.32703532933,-76.24398423185694,-7.9624235179708975,249.15283519465245
49.99999999995458,-1.3682791570174848,-7.89626954652523,112.01706362915192,-251.23954318747195,-2582.6220585394863,6189.557232413713,628.684662758042,-1690.1710753848347,6134.999279992676,-76.35872150716654,-7.8658574367255865,247.66835033473058
50.09999999995449,-1.3586893895918137,-7.872743517959252,110.64871003343023,-261.49954353700195,-2566.39413395854,6185.257125604856,623.9009181098908,-1711.444424398805,6129.72977334668,-76.8267140273546,-7.78316317716424,246.19579408034707
50.1999999999544,-1.372498571714627,-7.888951563403674,109.29335419170197,-271.3347273479236,-2549.9085650431307,6180.969303186527,618.591722077324,-1732.5880561999757,6124.505989358363,-76.90906170245741,-7.703096654068567,244.7079352836629
50.29999999995431,-1.385394622883139,-7.888198313295301,107.94069477420956,-280.7406643804074,-2533.178109992803,6176.6857703762325,612.7194241885418,-1753.5684169745534,6119.335023491925,-77.34424163462542,-7.635347682106334,243.2329676956527
50.39999999995422,-1.3866554098173747,-7.882449651377161,106.5586593534639,-289.76919505559533,-2516.2318676857667,6172.391448133216,606.3300069303626,-1774.3913113355038,6114.20497649299,-77.39832670387116,-7.5689591382104,241.7433916301029
50.49999999995413,-1.3884108480337305,-7.892056435974702,105.17994599956245,-298.37390240621835,-2499.0668428024796,6168.093299745199,599.3875760914726,-1795.0212733806786,6109.122812514505,-77.80448572829002,-7.513608685227773,240.26734066826552
50.599999999954036,-1.382057341550113,-7.898021357801668,103.78837466019502,-306.5891316573896,-2481.703382986989,6163.783807986161,591.9378020704901,-1815.4666793187657,6104.077195848728,-77.83340316463541,-7.458569021803603,238.7771240387112
50.699999999953945,-1.378654929107608,-7.907611982170621,102.41075162751473,-314.3684939577152,-2464.140445443019,6159.472466905502,583.9466643831074,-1835.6902597492185,6099.074980049435,-78.21343915544637,-7.41349962111742,237.3008552991017
50.799999999953855,-1.3696185945685064,-7.902042895970525,101.02593697906828,-321.74766338784485,-2446.396686097087,6155.1533375307,575.4593817108113,-1855.702927735086,6094.105339704314,-78.21958049025305,-7.367858187081902,235.8107044610777
50.899999999953764,-1.3649875863498029,-7.891205704922669,99.6579369727198,-328.68067383508827,-2428.473146252243,6150.8375040041865,566.4439063574152,-1875.4657246973666,6089.17503989144,-78.57574756414074,-7.331285771680212,234.33478820679576
50.99999999995367,-1.3558528491305732,-7.860313418673832,98.28357904798604,-335.20438002361715,-2410.386887983616,6146.519144892597,556.9448589379197,-1894.9920648893265,6084.273718015454,-78.5609803772771,-7.293387589071255,232.84517540291705
51.09999999995358,-1.3703274345604461,-7.871453048861569,96.92189291404436,-341.25447608904943,-2392.1384867027764,6142.2154501975,546.9322516159992,-1914.2414151124485,6079.4080738059465,-78.89504888110405,-7.263788099333502,231.36999391692802
51.19999999995349,-1.3837583773839646,-7.866309363496852,95.56278137781032,-346.82931813311205,-2373.7415364721087,6137.9180693101025,536.4499701417742,-1933.2296348996451,6074.568166897193,-78.86084507554149,-7.232206311897164,229.88123316234183
51.2999999999534,-1.3853209984718815,-7.857196388503148,94.17395122315222,-351.9861811033972,-2355.213587036215,6133.611509579355,525.4701675653639,-1951.9147284352941,6069.760655674107,-79.17421596641799,-7.208254774782395,228.40703741361253
51.39999999995331,-1.3873403849710668,-7.864341884959162,92.78849161736565,-356.6787017836636,-2336.5617435634217,6129.302699036685,514.0358570045363,-1970.3149440100174,6064.975984058914,-79.12173968712176,-7.181738056997933,226.91933893075276
51.49999999995322,-1.3811459844640626,-7.868412842831593,91.3901114119572,-360.9450660076112,-2317.7986866375036,6124.983915508551,502.1214021155509,-1988.3869414944488,6060.220792389393,-79.41552481979754,-7.162263808852444,225.44630012243852
51.59999999995313,-1.3779280137034384,-7.876457471690382,90.00588824561943,-364.73937924990673,-2298.933446916872,6120.664668293694,489.76880939544816,-2006.1512944135702,6055.485872093359,-79.34576797117523,-7.139844216314376,223.95978299845882
51.699999999953036,-1.3690213572570575,-7.869573825563199,88.61444898668579,-368.10078529189434,-2279.9767424351853,6116.3388721644405,476.9547151222561,-2023.5634329232673,6050.777846590108,-79.62174431977867,-7.124787136164722,222.48783403546756
51.799999999952945,-1.383276648853377,-7.907157319164079,87.23677132653866,-370.96513468673453,-2260.940202504267,6112.022773201731,463.719990880546,-2040.6461717289471,6046.087763421456,-79.53886321565741,-7.107222231806158,221.00226463139754
51.899999999952854,-1.3961436810600583,-7.928114025934296,85.86244266341738,-373.3330655269107,-2241.8376332281214,6107.707926521096,450.0436039555419,-2057.353824020925,6041.422201119358,-79.80315854546106,-7.096837333916519,219.53124503000492
51.99999999995276,-1.3969618310998104,-7.944151777343172,84.45939377277001,-375.26438929829806,-2222.676640351482,6103.379587557864,435.9651715392639,-2073.711374153747,6036.772427453148,-79.71259466050752,-7.083650872956536,218.0465965207987
52.09999999995267,-1.3982448515614379,-7.974387758324561,83.0612685128216,-376.714163773769,-2203.47222053839,6099.044393838394,421.46604453318827,-2089.672141268119,6032.144974290437,-79.96942674524684,-7.0773473719422935,216.5764893631575
52.19999999995258,-1.391385539026141,-7.999454265671523,81.65130587564943,-377.72238736037264,-2184.2304169401214,6094.695224658153,406.5844692938443,-2105.263199078982,6027.5312936870905,-79.8736528198847,-7.068026079348355,215.09273001801637
52.29999999995249,-1.3876230305792963,-8.02607131204707,80.25670789773486,-378.2449542057823,-2164.968054263076,6090.3413809063195,391.3042246585523,-2120.436992822049,6022.937863566882,-80.12458645158503,-7.065408911064151,213.6234811871101
52.3999999999524,-1.3782794335855042,-8.035901768635915,78.85550765054793,-378.3225014830434,-2145.6890698221478,6085.977310293031,375.6620737780985,-2135.222600816935,6018.3562994431795,-80.02432694689348,-7.059635473237454,212.140549464542
52.49999999995231,-1.373506455902957,-8.03877274502229,77.47205400636066,-377.9121816691677,-2126.4120978584465,6081.613908602393,359.6442609725679,-2149.5717170164453,6013.7930272137255,-80.26971108941339,-7.060443000597079,210.6720941458836
52.59999999995222,-1.3642555854932958,-8.020562135887566,76.08238552689139,-377.0551631784884,-2107.1391248444606,6077.245666056481,343.2859591753763,-2163.5153358034486,6009.2398148819,-80.16500767038096,-7.057980034834332,209.1899300479359
52.69999999995213,-1.3790928640917846,-8.044769064010172,74.70616569619271,-375.69122576013035,-2087.895395181407,6072.8894459871235,326.57590960768255,-2177.0045249059426,6004.703043303681,-80.40476774951044,-7.0619878251638095,207.72221385641757
52.799999999952036,-1.3928416811431024,-8.051468128102849,73.3325016403952,-373.82421229364826,-2068.6944123113167,6068.536611089954,309.54759387768536,-2190.0721020254114,6000.17462556012,-80.29545763552633,-7.062610012903876,206.24077101476465
52.899999999951945,-1.3945119329895508,-8.054570828533523,71.92869577649077,-371.5147356524466,-2049.530786091441,6064.171896915838,292.19227545424735,-2202.668635571354,5995.660906399298,-80.52941777027105,-7.069589673552313,204.7737543352862
52.999999999951854,-1.3966895196431617,-8.074060959274437,70.52867354192784,-368.72203127686316,-2030.429068257479,6059.801811272943,274.5416495991133,-2214.8286695012703,5991.153937263644,-80.41531354521113,-7.073060039181126,203.29300019530316
53.09999999995176,-1.390570521835984,-8.090685270651514,69.11559750034861,-365.48685795458687,-2011.386593575899,6055.418836655921,256.58952116917425,-2226.5024011017695,5986.660036321056,-80.64330992899659,-7.082767845754809,201.8266557431949
53.19999999995167,-1.3875280718837708,-8.111066593340746,67.7170451658163,-361.76963246584035,-1992.4295610725064,6051.032098746622,238.36571021907417,-2237.72599931758,5982.171386393345,-80.52425734985796,-7.08883342273946,200.3465681993439
53.29999999995158,-1.3787356888373963,-8.116616583167378,66.31096429024043,-357.6112425441485,-1973.5530775812636,6046.635751141594,219.86657578555997,-2248.4494193091855,5977.694288624329,-80.74617031116664,-7.101010439901237,198.8808773404895
53.39999999995149,-1.3744843473325858,-8.116861617379756,64.92209307100958,-352.97370545468624,-1954.7848743271861,6042.240523966902,201.11392668491732,-2258.712305266254,5973.220269423759,-80.62309024526891,-7.109861080669136,197.40414264925428
53.4999999999514,-1.365605988098989,-8.097425607147313,63.52634041902448,-347.8979751716087,-1936.118002944535,6037.840715526608,182.1054516146304,-2268.4646735372908,5968.755488797859,-80.8425694302155,-7.124548918246934,195.94229139003295
53.59999999995131,-1.3810396088024077,-8.122405073680115,62.14369184627458,-342.3304256414132,-1917.5905061737224,6033.453051048911,162.86811448801998,-2277.744947651804,5964.292523354584,-80.71974885002975,-7.135236363530292,194.4658461202049
53.69999999995122,-1.3952619889840467,-8.130354875999169,60.763204030763006,-336.2778894552832,-1899.214915507614,6029.0685640060365,143.40211513632698,-2286.503057222456,5959.83748221868,-80.93996583145058,-7.151543716970338,193.00305940993752
53.799999999951126,-1.3971804457125185,-8.135751531450993,59.352032768061314,-329.7988150450193,-1880.972750292757,6024.671840103347,123.73233896725634,-2294.778746740644,5955.383023488405,-80.81837955866128,-7.163896606313248,191.52538121366337
53.899999999951035,-1.399576901358353,-8.158301187699426,57.944615730462026,-322.8585668261311,-1862.897151207049,6020.2691858622375,103.86630503722381,-2302.5210569916126,5950.935803402639,-81.03868287935452,-7.181693483870846,190.05932434514315
53.999999999950944,-1.3935770418546138,-8.178531507375945,56.52393545889697,-315.49665053747736,-1844.9766336995958,6015.853053112901,83.85189973991064,-2309.8096530103894,5946.481902388367,-79.09810110388166,-7.085850155365252,188.5742431182541
54.09999999995085,-1.3906833688979883,-8.202725793696791,55.11789415498327,-307.6799575349379,-1827.2457071063022,6011.432417998258,63.719049264993515,-2316.7618500060466,5942.011605882534,-74.53735546577147,-6.857201900669695,187.0837668474811
54.19999999995076,-1.3819837708512637,-8.212312062096087,53.7041375518328,-299.447621303622,-1809.6906508233385,6007.001458773825,43.468065992768985,-2323.446919347295,5937.528719142062,-69.32934175614602,-6.549121769174603,185.64452097778255
54.29999999995067,-1.3778681049894492,-8.216621720707172,52.30769593727338,-290.76845431894657,-1792.3471385928353,6002.5707719937,23.071112166637125,-2329.7668835166965,5933.086898864097,-66.38511701229267,-6.232109976777781,184.3319250286659
54.39999999995058,-1.3690754162818244,-8.20141524725167,50.90415609086776,-281.68119901197525,-1775.1994003845716,5998.134699632058,2.517502934787912,-2335.5966537032514,5928.752922042096,-66.40365895675268,-5.916311490517259,183.13801172473464
54.49999999995049,-1.3654618299623946,-8.179234180924931,49.517483733523946,-272.15666614894815,-1758.2842929744609,5993.704584561449,-18.1903269983376,-2340.8389467015445,5924.568841508684,-68.81081717796609,-5.62377866410362,182.000240356525
54.5999999999504,-1.3574671455949714,-8.137933560157638,48.1227313670208,-262.233043820082,-1741.5841638925453,5989.274220088595,-39.03375722839572,-2345.497751891411,5920.511188621187,-71.22001271745701,-5.295151211462222,180.8525771214581
54.69999999995031,-1.3743360845657702,-8.144274837787526,46.73930280255853,-251.86866641620696,-1725.1501644593889,5984.860688373945,-59.993161775146696,-2349.639446971253,5916.54119779864,-72.57936868922792,-4.990693759053229,179.62467179375534
54.79999999995022,-1.3898827152262783,-8.135419603037606,45.3567727277699,-241.0736874525256,-1708.9927766595488,5980.454377775574,-81.05361621831517,-2353.219997153931,5912.660109496075,-73.87022505659318,-4.745139731888918,178.34984218762924
54.899999999950126,-1.3927565168144518,-8.126822431965348,43.94198484850479,-229.900056692677,-1693.0785983459443,5976.038943746988,-102.20072431930906,-2356.2853803931366,5908.845810661224,-74.4076086884513,-4.535663757008101,177.01658034578278
54.999999999950035,-1.3960046486879345,-8.138252240387867,42.52993265703196,-218.32315099903295,-1677.449136506916,5971.620572877994,-123.41648827524254,-2358.7702646136017,5905.110565604988,-76.51599000717898,-4.449059800098916,175.64906786367143
55.099999999949944,-1.3906140570757852,-8.149657226599318,41.103673535467095,-206.37836784457357,-1662.0827672960122,5967.191191545984,-144.68288691518342,-2360.6773890621316,5901.431861268855,-78.3231886534855,-4.360730318250334,174.25856579018884
55.19999999994985,-1.3882945208108652,-8.16688807246361,39.69159613403117,-194.04293279459952,-1647.0219380288793,5962.759724281159,-165.9915753550015,-2362.073545991414,5897.782913779414,-79.06022706480273,-4.300188030541929,172.81371122243652
55.29999999994976,-1.3800093944240146,-8.170952228480067,38.27123946689749,-181.35125211220017,-1632.2429232644654,5958.319981247405,-187.32191023807098,-2362.911921530369,5894.16471558154,-79.75512439959608,-4.284600574308416,171.3588687354365
55.39999999994967,-1.3763090876662958,-8.170864865560748,36.86803747411456,-168.2827348320595,-1617.7888048224056,5953.882546566573,-208.6670471229592,-2363.237443593066,5890.564147373593,-79.81392627399781,-4.28745464809417,169.8796134313277
55.49999999994958,-1.3678140787322866,-8.152180004700995,35.45736339607685,-154.870833050167,-1603.6339499805817,5949.441485808018,-230.00414814464574,-2363.003800945858,5886.98633509065,-80.07051661859431,-4.3089159836146615,168.41026662532565
55.59999999994949,-1.364518790348898,-8.127211359912263,34.063545833516876,-141.09722693761844,-1589.822067255543,5945.00814530747,-251.3290265690334,-2362.2562649835772,5883.421987002218,-79.90935470392557,-4.328891739036964,166.92705163451052
55.6999999999494,-1.356749552492047,-8.083732869080297,32.66136874458825,-126.9943057796724,-1576.325823869953,5940.576097398127,-272.6166608144418,-2360.949801456826,5879.878065952054,-80.05092295292982,-4.353027242938702,165.45958863390078
55.79999999994931,-1.37414463332426,-8.089357128549738,31.270400094006828,-112.53552330828445,-1563.2061766183613,5936.162483136052,-293.8653403846275,-2359.1300627087826,5876.346451362518,-79.85452993042615,-4.368383017185554,163.9805850838079
55.899999999949216,-1.390123750351996,-8.079683617666836,29.88018628833796,-97.73368343604572,-1550.4706418371468,5931.75734563559,-315.0413332955414,-2356.7335031962857,5872.839432181907,-81.34137303502209,-4.461703647527288,162.5123232324435
55.999999999949125,-1.3932234427762533,-8.07097186723141,28.45728963323186,-82.63025398579263,-1538.0728532776848,5927.344037617314,-336.1224408968091,-2353.768555783183,5869.341047017345,-82.7018318088759,-4.529467830423898,161.04103686260126
56.099999999949034,-1.3967038335490756,-8.08283139606391,27.037235916863295,-67.21264700573015,-1526.059839776488,5922.928644110191,-357.116157469846,-2350.3025685523494,5865.833523769346,-83.17084122012382,-4.608512157836062,159.53407532956436
56.19999999994894,-1.3914659802542522,-8.0950731349964,25.602859964404445,-51.50942844611272,-1514.4011160878417,5918.502950097397,-377.9922567253978,-2346.2932750580712,5862.316660245037,-83.67820735405397,-4.717109488970754,158.0336058523019
56.29999999994885,-1.3893581894263523,-8.11328936142508,24.18289195661667,-35.51008167620048,-1503.1441298010477,5914.075815993771,-398.7538526791122,-2341.786225301982,5858.7820183137155,-83.61859545878235,-4.835234529032862,156.51950553492762
56.39999999994876,-1.3812370076764682,-8.11857235704073,22.754518948910288,-19.241631436773464,-1492.2566034084373,5909.640956145555,-419.36868125128467,-2336.7405619765477,5855.23248813327,-83.78181500690616,-4.96391860852902,155.0237537036196
56.49999999994867,-1.3777623189987946,-8.119802500688534,21.34348274023099,-2.6958769829653995,-1481.7860144571107,5905.208888815159,-439.842509288226,-2331.20187867791,5851.66247103222,-83.54906246561745,-5.08699395926119,153.51903287760152
56.59999999994858,-1.3694402858409258,-8.102707460717783,19.92478666124111,14.101610950952278,-1471.6984741304432,5900.773598090717,-460.141317274416,-2325.1313323140707,5848.07640195289,-83.62258075803224,-5.209628551364376,152.034212371704
56.69999999994849,-1.3663720111961173,-8.079470903796162,18.523083174166224,31.156635566340654,-1462.0414592445595,5896.346349595455,-480.2734501137321,-2318.574560588892,5844.469517658359,-83.36423795467923,-5.321238140835745,150.53993361385312
56.7999999999484,-1.3587701823799496,-8.038038563887293,17.11279337542579,48.44513226521857,-1452.779701148112,5891.920644839994,-500.20318460545457,-2311.4948321808215,5840.846774323217,-83.4417228024589,-5.4300451084248635,149.06437153098702
56.89999999994831,-1.3766421298289935,-8.046872732942184,15.713801859808342,65.97615764575936,-1443.9796679800145,5887.513527929556,-519.9413493338783,-2303.9376066277905,5837.203424298254,-83.20470314696274,-5.527758408809083,147.57785092093295
56.999999999948216,-1.393016219456091,-8.040179085818762,14.315410613315263,83.73511553084964,-1435.6452007508394,5883.114721131429,-539.4505424041366,-2295.8682389635214,5833.544509747088,-83.31065735075516,-5.623749983133821,146.1085630585369
57.099999999948125,-1.3963176323066229,-8.035161247071187,12.883933318918555,101.69434529098226,-1427.7200394391732,5878.70745307197,-558.7440004492566,-2287.3317681051235,5829.865076953421,-83.10238936444888,-5.710247344452453,144.62699548946458
57.199999999948034,-1.4000121996137256,-8.051178580457306,11.455463100111619,119.8531258872255,-1420.2533389218665,5874.297593008206,-577.7878506611492,-2278.291854931369,5826.169474935266,-83.23668356936993,-5.797116189975737,143.16425792357174
57.29999999994794,-1.3949144109131946,-8.067987856581622,10.012550242849667,138.1920048425145,-1413.207769335852,5869.876898293957,-596.5985618236884,-2268.792025630566,5822.452443094397,-83.05535949651185,-5.876215362915748,141.6888701944142
57.39999999994785,-1.3930062961168799,-8.090849272463437,8.584271132084544,156.70811728935738,-1406.6323363641568,5865.4540477133905,-615.1342583946764,-2258.8022818661198,5818.718979909549,-83.2158294835991,-5.956821653687528,140.2279566528687
57.49999999994776,-1.3850370547046962,-8.101024069958958,7.1474113641548636,175.38401050286123,-1400.4883781046137,5861.022770860953,-633.413688913907,-2248.3652722882016,5814.963655595416,-83.05612894531302,-6.030998939295389,138.75252634562887
57.59999999994767,-1.3817738068451737,-8.107181485304304,5.728039954069693,194.21454233380683,-1394.8243022298204,5856.59340354403,-651.3934496184959,-2237.4531305051564,5811.191352675561,-83.2356894417855,-6.1080023654895435,137.29076930506383
57.69999999994758,-1.3736086787466688,-8.095300378468686,4.30075723172689,213.18412557245853,-1389.6002649697007,5852.1599600508125,-669.0944521634633,-2226.107496048541,5807.3965443752295,-83.09020058491048,-6.179739513574771,135.81416895599324
57.79999999994749,-1.370748534541147,-8.07735458991813,2.890570005574382,232.2852705191765,-1384.8640224435576,5847.73351202336,-686.4718506183182,-2214.302701174016,5803.584013035599,-83.28136786443874,-6.255279959837848,134.35111030213932
57.8999999999474,-1.3632932129376292,-8.04153600499966,1.4715099113527856,251.50424470254632,-1380.574787487186,5843.307603350249,-703.5486694696397,-2202.0792674949535,5799.748197616885,-83.14362518030055,-6.326349264816179,132.87315658703403
57.999999999947306,-1.3816178758479443,-8.057072647999826,0.06395847442069345,270.8314657758244,-1376.7996610401308,5838.899021848977,-720.2787326722256,-2189.4138027463005,5795.893803751418,-83.34054848321298,-6.401824877505025,131.40874150130335
58.099999999947215,-1.3983600266180218,-8.056834116166234,358.6567953339781,290.25160023450394,-1373.5383487820136,5834.497185020275,-736.6871281135487,-2176.345608523402,5792.015282483071,-83.20592364963966,-6.47330632417577,129.92942429698095
58.199999999947124,-1.4018360627527728,-8.059053641400823,357.21613631750097,309.75322928094664,-1370.7286374545993,5830.085364465711,-752.7264694162053,-2162.8536402568216,5788.117284850851,-83.40465981450437,-6.54951145128664,128.46366855086987
58.29999999994703,-1.405717854776523,-8.082720128988791,355.778686685539,329.32201389689004,-1368.418113200802,5825.669108008218,-768.4238514681508,-2148.9758786946604,5784.194303264881,-83.2701875985313,-6.621976047124301,126.98300642501103
58.39999999994694,-1.4007337493816538,-8.10759019002098,354.3266605754232,348.94930876229995,-1366.5652174709328,5821.24025740326,-783.7308008679146,-2134.6936923036856,5780.250951960227,-83.46831379471938,-6.699292971465296,125.5159324907362
58.49999999994685,-1.398998445704406,-8.138505985409829,352.8894910189591,368.6187183478505,-1365.216815193586,5816.807206126973,-798.6763557398671,-2120.0436419852635,5776.281780508769,-83.33223171523628,-6.772981896661203,124.03394178652444
58.59999999994676,-1.3911533231363078,-8.15697064445924,351.4435179175634,388.323921192872,-1364.3306001597628,5812.363809860766,-813.2110816170001,-2105.009567710002,5772.291379928649,-83.52836054528494,-6.851537367078336,122.56556312587948
58.69999999994667,-1.3880724827742967,-8.171364991348105,350.0151592405414,408.0464575200366,-1363.9522353626462,5807.920121815494,-827.3658892850639,-2089.626513985622,5768.274363624377,-83.38968418317252,-6.926494254425218,121.08224922820969
58.79999999994658,-1.3800335205272145,-8.167993437339463,348.57858106291536,427.7821572282242,-1364.0387697532822,5803.470297118315,-841.0905114533806,-2073.880843911437,5764.23530979352,-83.58307460010035,-7.006266935017736,119.61256628781632
58.89999999994649,-1.3773495762908825,-8.15854417641099,347.15917508525223,447.5104430917417,-1364.6345893466962,5799.0251178111885,-854.4176548385631,-2057.8059920638607,5760.168896709904,-83.44128964483536,-7.0824242225797605,118.12792193710838
58.9999999999464,-1.3700070885178053,-8.131528544030205,345.73055705700403,467.22922158147367,-1365.696324916511,5794.578280733702,-867.296349653779,-2041.3908895157113,5756.079698014462,-83.63158176438867,-7.163311942083818,116.65692251605282
59.099999999946306,-1.3681603101913569,-8.100085079818573,344.3178986855715,486.91578308965376,-1367.267100286027,5790.140848624706,-879.7610162388886,-2024.6672708559936,5751.962454585073,-83.4864448652695,-7.2405432134579595,115.1709290455437
59.199999999946215,-1.3616111458034057,-8.053127112632026,342.8948690796394,506.57009979332156,-1369.3033395916666,5785.705871778953,-891.7601145601752,-2007.6266732411812,5747.821742439205,-83.67349457122289,-7.322402557865928,113.69859040862116
59.299999999946124,-1.3812635281008565,-8.061387635064195,341.48203479096406,526.1611184555651,-1371.8660999537863,5781.29003717866,-903.3296911773896,-1990.2990450953357,5743.652360959751,-83.5249132542875,-7.400552637285556,112.21122005557731
59.39999999994603,-1.3991227594297966,-8.055574712143551,340.0685139966346,545.6741055680404,-1374.9501001021465,5776.882082901094,-914.4177698062434,-1972.6785610513532,5739.458894608659,-83.70869494679954,-7.4832212018838415,110.73751149319257
59.49999999994594,-1.4033078434552837,-8.0548784517921,338.6202303056347,565.1182430468808,-1378.4920647325587,5772.464729799056,-925.0619311307472,-1954.7933014047383,5735.236196258471,-83.55665877617803,-7.562122743178053,109.2487298351838
59.59999999994585,-1.4078119391004003,-8.077813967946827,337.1746544391741,584.4642057167728,-1382.5329096603273,5768.04319156344,-935.2098981591685,-1936.6401029301724,5730.988864336261,-83.7372107296494,-7.645431159652571,107.77361504025302
59.69999999994576,-1.403245258560214,-8.103682311187582,335.71387089615513,603.7171650565053,-1387.030038578537,5763.609066673315,-944.9006892602303,-1918.2451003309234,5726.711799713096,-83.5817534658134,-7.724913460696192,106.28338312855611
59.79999999994567,-1.4019345967625547,-8.136674790262472,334.26783497691133,622.8460473158998,-1392.0230252843935,5759.170500770652,-954.0818635961281,-1899.6078104311628,5722.409619932798,-83.75914832729295,-7.80869167545373,104.80682215169948
59.89999999994558,-1.3943911817082535,-8.158210189183096,332.81255001285564,641.8585213213922,-1397.4693153720034,5754.721240878207,-962.7937767487488,-1880.752349625128,5718.077268188748,-83.60032792441096,-7.888585211349678,103.31509821100856
59.99999999994549,-1.3916473245966021,-8.176233996875732,331.37488711885345,660.7219118691097,-1403.4066676979915,5750.271123816061,-970.983961959093,-1861.680925893375,5713.719386001322,-83.77465739315657,-7.972665666145915,101.83704896255932
60.099999999945396,-1.383846628407029,-8.177185746120426,329.92861271487703,679.446180636726,-1409.7926072741577,5745.814261924652,-978.6940078078808,-1842.4155695678285,5709.330953169135,-83.61254584379614,-8.05280436203654,100.34378967292879
60.199999999945305,-1.3814440983611713,-8.172391423533416,328.4995669123964,697.9970259403691,-1416.6629810675643,5741.361226638106,-985.8715603263337,-1822.9611840431114,5704.916639815012,-83.78391303460616,-8.137023575887621,98.86420903102255
60.299999999945214,-1.3742944367651382,-8.15057652456036,327.0609447093218,716.3865559832901,-1423.97558316824,5736.9057116360045,-992.5593334130044,-1803.3376509914424,5700.471456662053,-83.6185914361632,-8.217245939215037,97.36937046462987
60.39999999994512,-1.372689105383464,-8.124530125680028,325.638374430945,734.5788262837821,-1431.764352933382,5732.458567134968,-998.7052250923016,-1783.5525665824405,5696.000106813902,-83.78710723769913,-8.301445304869182,95.88821507482832
60.49999999994503,-1.3663007605942166,-8.083418771062894,324.2050907287729,752.5880117747689,-1439.9875520087578,5728.012868910796,-1004.3529637024998,-1763.6236065597475,5691.4976263111985,-83.6186635077172,-8.381595012683182,94.3917533701075
60.59999999994494,-1.386477728629347,-8.09881145662788,322.7822434876602,770.3642826872914,-1448.6935760701317,5723.585034784037,-1009.4508386464078,-1743.5610502903353,5686.968755431688,-83.78444491992133,-8.465621230700988,92.90898021774193
60.69999999994485,-1.4047568503912768,-8.0998296948638,321.35847062791936,787.8952196986729,-1457.872484254975,5719.163441184112,-1014.0872128883074,-1723.3813212803482,5682.401359278354,-81.80560321843431,-8.444470063243873,91.40813926463716
60.79999999994476,-1.4091326578872665,-8.10690343014283,319.89946674680533,805.2103255792185,-1467.4666322549167,5714.730830257264,-1018.3417146233828,-1703.0926998774012,5677.799227831525,-78.27509338374192,-8.35283837170193,89.89919117699439
60.89999999994467,-1.4138470977609572,-8.1380590202444,318.44342296810976,822.2680199484357,-1477.5056471648284,5710.292061498615,-1022.1372684594348,-1682.6998367241936,5673.197141269765,-76.01442349461479,-8.264129541607776,88.44851434551438
60.99999999994458,-1.4094088081878744,-8.172625692210994,316.97202705320973,839.0871838266777,-1487.9504168783549,5705.8388156507945,-1025.3598834114923,-1662.214106344703,5668.634980327857,-76.21012468980923,-8.18667803259,87.07084779138331
61.09999999994449,-1.4083005988227537,-8.214282961778268,315.51565040724984,855.624985947354,-1498.8287133722947,5701.378925481972,-1027.9880689336057,-1641.6527361693425,5664.115153723919,-76.9749547893376,-8.046496006677263,85.7246965158761
61.199999999944396,-1.400904306054509,-8.244778407850884,314.0497727672335,871.9026953815319,-1510.102284662546,5696.906267064303,-1030.0928555145672,-1621.026823074049,5659.619684523359,-77.3664176902533,-7.893222920888812,84.34090955773885
61.299999999944305,-1.3983785048470796,-8.271698077258549,312.60167409925987,887.8765294303754,-1521.7966332259168,5692.430364231661,-1031.6281277720166,-1600.3548774470728,5655.155183227247,-78.04237774957558,-7.760457081692748,82.9487999402605
61.399999999944214,-1.3907295962019952,-8.281900631073343,311.14461181707605,903.5699404942125,-1533.8743304908273,5687.945474386257,-1032.641940846219,-1579.645829236748,5650.708791549763,-78.26663210048407,-7.642503971106468,81.52361619179624
61.49999999994412,-1.3885391914425096,-8.286347627437324,309.70487718272113,918.9382048988189,-1546.3585052774133,5683.461845489958,-1033.0878051706716,-1558.9207089116994,5646.286961949528,-78.76705145935344,-7.5494185539851095,80.09729621508014
61.59999999994403,-1.3815263863164637,-8.274171528322638,308.255177056608,934.0067586886073,-1559.212685933271,5678.973330753395,-1033.0134620242175,-1538.1857003875411,5641.878363497982,-78.84773789583679,-7.467599536823363,78.64484345258228
61.69999999994394,-1.380114106202023,-8.257758807005086,306.8216233366531,948.7299235855626,-1572.4576247692878,5674.490449142969,-1032.372803728721,-1517.464248340565,5637.489951297257,-79.22574382454124,-7.404532206773529,77.19740876118917
61.79999999994385,-1.3738419875138226,-8.226670902506783,305.37696725158645,963.1349786762273,-1586.0579722725233,5670.006452731857,-1031.2134390804445,-1496.759890970176,5633.111589411941,-79.2164691871923,-7.347168496679778,75.72864503229484
61.89999999994376,-1.3731483557612438,-8.193646601504689,303.9474010855056,977.175317490097,-1600.0321093918913,5665.53197620546,-1029.4900736076738,-1476.0984720450606,5628.750598349279,-79.52134410944072,-7.303428683819766,74.268793576507
61.99999999994367,-1.3674687153174139,-8.147951820673445,302.5058683739443,990.8799667199532,-1614.3459559919572,5661.05970908272,-1027.2502295650324,-1455.4809708762155,5624.3975909506025,-79.45979536140769,-7.261545416515815,72.790472962742
62.09999999994358,-1.367308237465221,-8.102279318558226,301.0786918198535,1004.2014589102065,-1629.0155120768673,5656.600375227597,-1024.44973412191,-1434.9355932725048,5620.060083663002,-79.72275391907873,-7.23002399862209,71.32332969798541
62.199999999943486,-1.3620426147249023,-8.045445457557866,299.6389945978014,1017.1704945615122,-1644.0080903751002,5652.14619953101,-1021.1360024929592,-1414.460807861374,5615.729140634519,-79.63140024561781,-7.198036490402103,69.83932813753358
62.299999999943395,-1.3838089267086184,-8.05025907327289,298.20818316741054,1029.7206023917788,-1659.347204835919,5647.7135896351665,-1017.2662148828654,-1394.08712241847,5611.412363457621,-79.87056755955558,-7.174462292824679,68.3677844540808
62.399999999943304,-1.4033738366475932,-8.04266269067052,296.7753878605706,1041.844461420546,-1675.0183250154491,5643.290044478309,-1012.8876147222409,-1373.8105212949183,5607.101092837322,-79.76226796164275,-7.149073724536373,66.88026540700547
62.49999999994321,-1.4085201553404534,-8.044143512713775,295.3060136520863,1053.5936609545154,-1690.9806398705493,5638.857475817004,-1007.9589172576375,-1353.6637396978044,5602.802951188311,-79.98797723846297,-7.1309472363401865,65.40592337622448
62.59999999994312,-1.4139176280590409,-8.072048108453851,293.8392076882187,1064.9172137353548,-1707.2438549123558,5634.420460717893,-1002.5271015159799,-1333.6402960165585,5598.509456424764,-79.87006578004919,-7.110236012523678,63.916079485049025
62.69999999994303,-1.4099370764455588,-8.105166275227047,292.3564797809467,1075.8490941970933,-1723.7798067294527,5629.970292943454,-996.5525688238955,-1313.775069186144,5594.228215279412,-80.08823076581929,-7.096102461462504,62.43981820229291
62.79999999994294,-1.409324453793153,-8.14641568575646,290.8888363019887,1086.3379476047112,-1740.5959501876548,5625.514630132878,-990.0819248705686,-1294.0591294609637,5589.950866758469,-79.9649218049829,-7.078951394676885,60.948301171401376
62.89999999994285,-1.402294925899581,-8.177539751596148,289.41130518128966,1096.4196074394722,-1757.6659410873974,5621.047111956052,-983.0773884317241,-1274.5294090956127,5585.684981034851,-80.17895479194827,-7.067965901927733,59.47059832155553
62.99999999994276,-1.40020145136699,-8.205650419575216,287.9517084492669,1106.0428059476997,-1774.9947195769978,5616.5771098658415,-975.5850740233974,-1255.174551331058,5581.422286547676,-80.05268521578238,-7.053727814491629,57.97776002143837
63.09999999994267,-1.3928749654294106,-8.217852517625781,286.4827759789636,1115.245056998256,-1792.5576369152175,5612.098710894227,-967.5691360714305,-1236.033445651008,5577.170304758263,-80.26456246733628,-7.045402770177635,56.49887102503409
63.19999999994258,-1.3910752654011986,-8.224698003710566,285.0313387368363,1123.9752370077597,-1810.3570250026546,5607.622001134095,-959.0750757124047,-1217.092334492473,5572.920835835544,-80.13673922997185,-7.033706439257676,55.00489733468882
63.299999999942486,-1.3843480209070755,-8.215633142927581,283.5695578899457,1132.2722983286174,-1828.3699700595043,5603.140704654703,-950.06909162286,-1198.39196321499,5568.6813453428595,-80.34759860362314,-7.027764391402868,53.524954652047775
63.399999999942395,-1.3832918200584086,-8.202625996260018,282.12410070217595,1140.0852544160618,-1846.596187687026,5598.66516268757,-940.5959477201791,-1179.9162055670665,5564.443695544508,-80.21902252601977,-7.018400977915561,52.02993962746088
63.499999999942304,-1.3772760776324926,-8.175582826679596,280.66716295196494,1147.454295098851,-1865.0145932362962,5594.188531951502,-930.6239877961918,-1161.7075563822948,5560.215291814918,-80.42950589054665,-7.014687997942846,50.549007786195006
63.59999999994221,-1.3769136579355803,-8.146811962093825,279.2255053864378,1154.3285965403325,-1883.6223022970878,5589.721252248037,-920.1971147588506,-1143.7475590898634,5555.988053554022,-80.30061735442995,-7.007543798112378,49.05299477349922
63.69999999994212,-1.3714713954435802,-8.105955558722677,277.77150486454775,1160.7494331719581,-1902.4001556532749,5585.255947040239,-909.2859115486209,-1126.080346721533,5551.769323435682,-80.51107103295578,-7.005977918652124,47.57110085741069
63.79999999994203,-1.3716275163647855,-8.065269610285988,276.3320614229264,1166.666212351715,-1921.3426886106067,5580.803126627478,-897.9332974044517,-1108.6851771272723,5547.551075729075,-80.38209516568307,-7.000994193910552,46.07410526621279
63.89999999994194,-1.3665891007147684,-8.013978033617624,274.87971956468857,1172.1211696092396,-1940.4327507024998,5576.354975489348,-886.1121819934101,-1091.6077055807025,5543.340588991562,-80.59268919896614,-7.0015345252992764,44.5912557742516
63.99999999994185,-1.3890753186355067,-8.025976465151683,273.43655814803105,1177.0430017626984,-1959.663701226562,5571.927627272701,-873.8643800997943,-1074.8249554626698,5539.1298916768765,-80.46372277655261,-6.998683412528826,43.09327765168836
64.09999999994176,-1.4092235037931182,-8.0251897913688,271.99114289790094,1181.4312900488203,-1979.0189394279514,5567.508072617636,-861.1652093312175,-1058.3839838802048,5534.9261974969095,-80.67452258323159,-7.001311619478647,41.60946777469231
64.19999999994167,-1.4146571855728558,-8.034786416583252,270.508564800323,1185.3510379348263,-1998.4827341365904,5563.078140987638,-848.0552616604558,-1042.259637157446,5530.721589253459,-80.54558639274377,-7.000581698057455,40.11049870366924
64.29999999994158,-1.4203757167113813,-8.071433629354313,269.02888932533995,1188.751147859544,-2018.0422676627315,5558.641978584481,-834.5123374292609,-1026.500249636281,5526.52321558131,-80.75659600244789,-7.005290925842232,38.62571738647501
64.39999999994149,-1.416615985787446,-8.114006250760434,267.5331222763495,1191.6749542041453,-2037.6859956702165,5554.190912278632,-820.5756903201027,-1011.0785541895018,5522.323214236665,-80.62766644587559,-7.006678616794748,37.12574423173861
64.4999999999414,-1.4163248390179735,-8.16474024107847,266.0527988745487,1194.0719832581033,-2057.3988484834686,5549.732214565185,-806.2256716539555,-996.0440338948011,5518.128668898699,-80.83885457973071,-7.01346692089798,35.639976901097796
64.5999999999413,-1.4095459139117006,-8.205863809998506,264.5622813026474,1195.9864978688427,-2077.1717617448676,5545.259621095178,-791.5000846111764,-981.367377832724,5513.931773059219,-80.70988271969716,-7.0169714113974795,34.1389838134398
64.69999999994121,-1.4077958097701853,-8.243992248955323,263.0899118856522,1197.369190432215,-2096.9873609535853,5540.782108005855,-776.3818930302483,-967.0990857286574,5509.739545808548,-80.92119848288797,-7.025837906749009,32.65221382179348
64.79999999994112,-1.4007252908898606,-8.26681770941379,261.6077733045517,1198.2651479736787,-2116.838872922856,5536.293882999972,-760.9073409970712,-953.2078784199497,5505.54423722797,-80.79212148453625,-7.031458200204975,31.150183287471553
64.89999999994103,-1.3992595593870292,-8.284373175686225,260.14327005976565,1198.62632605782,-2136.7065581265547,5531.804615289974,-745.0620595333899,-939.7451369311115,5501.352802360574,-81.00350377506352,-7.042400846544211,29.662392657197053
64.99999999994094,-1.3927673256118522,-8.286672979707747,258.6679412821998,1198.4983980882575,-2156.5858716680937,5527.308174300983,-728.880628986314,-926.6776951114631,5497.157548712826,-80.87425175796785,-7.05013408837284,28.159306029945725
65.09999999994085,-1.3920188054013027,-8.285110265807093,257.20906804844884,1197.834583767683,-2176.4547014377404,5522.814467733569,-712.351395193137,-914.0576770172636,5492.965368005008,-81.08563489067063,-7.063148454747979,26.670475821639076
65.19999999994076,-1.386210351620539,-8.270148452775365,255.73822885394208,1196.6809167970137,-2196.3107342959756,5518.316825786815,-695.507174376602,-901.8501162678044,5488.768625885252,-80.95613502517466,-7.07298901949683,25.166313578581498
65.29999999994067,-1.3861293845279925,-8.253487299700716,254.28282033655879,1194.9919010827432,-2216.12951357467,5513.825242146912,-678.3390676388119,-890.1077391172869,5484.574151616258,-81.16745209016193,-7.088067631415149,23.676424060916283
65.39999999994058,-1.3808713826771266,-8.225339031279704,252.81459330513098,1192.8137462241114,-2235.9109821228517,5509.332541309351,-660.8780312470702,-878.793870995914,5480.37436961233,-81.03763105047622,-7.100006661806911,22.171165914214207
65.49999999994048,-1.3812896245356023,-8.19733601635071,251.3610953350203,1190.1022973142653,-2255.6283872465942,5504.848775718543,-643.1179546998106,-867.9616973165965,5476.176047651687,-81.24881592465587,-7.117138693369428,20.680196631698333
65.5999999999404,-1.3764196447833812,-8.159295778933089,249.89423134540496,1186.9037872724782,-2275.283951654155,5500.3663556363135,-625.0878433141233,-857.572932408044,5471.971669413275,-81.11860136883205,-7.131163906461347,19.173821567071467
65.6999999999403,-1.3771817553408068,-8.122710518276966,248.44167556344647,1183.1754861370862,-2294.8486874549535,5495.895404413676,-606.7844006805465,-847.6810759652808,5467.767942295638,-81.32958993202729,-7.150335076120689,17.681751357225178
65.79999999994021,-1.3725732578818681,-8.077056291886363,246.97543386963886,1178.9635156320905,-2314.3271130428548,5491.42800247703,-588.2345952755011,-838.2463330987442,5463.557409593225,-81.1989114092428,-7.166430727090573,16.174237637131228
65.89999999994012,-1.3735692107552984,-8.033714389070317,245.52327414440325,1174.2266691580503,-2333.688074548927,5486.9743612136635,-569.4379629413577,-829.3223714456336,5459.346719511474,-81.40964229309633,-7.187623313635021,14.681044624173087
65.99999999994003,-1.3691395441277359,-7.981913361075439,244.05725462177622,1169.010831744537,-2352.9383921247213,5482.5262926922205,-550.4193547816874,-820.867993311867,5455.128475182885,-81.2784318153275,-7.205770252850754,13.172369775349399
66.09999999993994,-1.392828390612098,-7.996742384869033,242.60019074162298,1163.257356306294,-2372.0350928986813,5478.099655921519,-531.1811494323213,-812.9368868524016,5450.90926691309,-81.48884687845901,-7.228963182798263,11.678031354326693
66.19999999993985,-1.4139381474101338,-7.999169464793048,241.14030559549187,1156.9747556969185,-2390.9633510163044,5473.680663493672,-511.7460056895423,-805.4865622349126,5446.681757764614,-81.35703929552025,-7.249138968637017,10.168172149722059
66.29999999993976,-1.4198868348813496,-8.01426180563192,239.6423262206304,1150.2280360323232,-2409.7431424591846,5469.250781180477,-492.11914784267964,-798.5705800061642,5442.452481500164,-81.56708393783742,-7.274307946658693,8.672664968059106
66.39999999993967,-1.4261256234441662,-8.057725847905685,238.1474713855963,1142.979447670579,-2428.336571168988,5464.8136577667565,-472.32097326850135,-792.1452728238219,5438.214161071417,-81.43461719641469,-7.2964869923073765,7.161597408103713
66.49999999993958,-1.4227255517419666,-8.108380602078448,236.63621868065107,1135.2728637167015,-2446.756025799422,5460.3605172461275,-452.3595470435263,-786.2639251849511,5433.973275149283,-81.64424057777211,-7.323604658251499,5.664897347929483
66.59999999993948,-1.4229021913314766,-8.167537882190375,235.140785116341,1127.0722795545,-2464.961944460021,5455.898209943095,-432.25294204394487,-780.8818105261626,5429.722606379289,-81.51105591070748,-7.347758399896105,4.15259664347976
66.6999999999394,-1.4164863046463498,-8.217942487788722,233.63477054039095,1118.42106263557,-2482.969387404547,5451.420475146738,-412.0112066726101,-776.0740118307709,5425.47300209283,-83.12589748904254,-7.452611571253605,2.651805915575795
66.7999999999393,-1.4152071247788545,-8.26555065530121,232.1471652918742,1109.2854659791117,-2500.737364134668,5446.93585960781,-391.6531936619599,-771.8394753258347,5421.207464460701,-84.5647694561228,-7.541013454034563,1.1466571987884984
66.89999999993921,-1.4084919467668933,-8.298739296730684,230.64928646823324,1099.708364168215,-2518.2833889367525,5442.4386192773945,-371.19356269888965,-768.0639075417296,5416.902716790041,-83.1925401508941,-7.549854747370341,359.59726599661957
66.99999999993912,-1.407476226038417,-8.326873477292331,229.1692365457491,1089.658387377432,-2535.565044206349,5437.937967067435,-350.63771640922147,-764.6668370813009,5412.559375887769,-79.9333023524785,-7.516503850919548,358.02901471152853
67.09999999993903,-1.4013090000229447,-8.340653429526968,227.67780712555174,1079.1777418086049,-2552.602122880802,5433.42785880653,-330.0060494713147,-761.7264272119443,5408.209747039229,-77.73885893564884,-7.494481063628225,356.51546136334184
67.19999999993894,-1.40097598316779,-8.350745750795891,226.20301932001283,1068.2374418372062,-2569.350779418697,5428.917722389412,-309.32326760713823,-759.3613560450443,5403.891564785939,-77.91416785511701,-7.484265124686722,355.07896580628636
67.29999999993885,-1.3954583526347495,-8.348301722655187,224.71570513326367,1056.8788238702714,-2585.8329719792264,5424.401013851193,-288.5942004180334,-757.5973297513416,5399.6052239325645,-78.57237276090532,-7.4118923381579895,353.68383820231946
67.39999999993876,-1.3957613898479788,-8.34425734958596,223.24402565971485,1045.0752913402634,-2602.003466282784,5419.887227158383,-267.8246219441066,-756.3612025785392,5395.334115754509,-78.81253510024611,-7.3249529730176794,352.25655683704474
67.49999999993867,-1.3907672932023047,-8.329537552542439,221.7589736008717,1032.8671343625065,-2617.8863097258827,5415.369350150425,-247.03388809528394,-755.6998590198366,5391.084419019342,-79.3313075955731,-7.252519836480941,350.8270538260334
67.59999999993858,-1.3915472593224865,-8.314992467205178,220.28887483229204,1020.2301712494949,-2633.4349542588866,5410.856915989066,-226.22829177361123,-755.5635029185215,5386.844725372043,-79.41421472002109,-7.188820213801515,349.36739075043556
67.69999999993848,-1.386923266099579,-8.291186490133875,218.80486020430908,1007.2034970883552,-2648.6754755452657,5406.342532033021,-205.43644424250917,-756.0206606368786,5382.626801410211,-81.23111341772633,-7.218952486475528,347.90454424959125
67.7999999999384,-1.3880331115448052,-8.26881703503898,217.3353920556957,993.765387369276,-2663.5601106732083,5401.835781613577,-184.6765672423614,-757.0650396987269,5378.411703681663,-82.82208755928919,-7.2409370814483704,346.4289711982581
67.8999999999383,-1.3836591301155645,-8.23813987057056,215.8516864904598,979.9536135009672,-2678.1169047071107,5397.328972620991,-163.9465261941724,-758.6248938527756,5374.179356368974,-83.40399703443498,-7.290415864763467,344.9066832171571
67.99999999993821,-1.384993880062893,-8.209727691175994,214.3823087430519,965.7489585613112,-2692.2969935827755,5392.83175457528,-143.28224562524733,-760.7685418094228,5369.93277082767,-85.4729446937289,-7.45806105123894,343.38348774056897
68.09999999993812,-1.380790519528872,-8.173616756620929,212.8985132358704,951.1877548649737,-2706.130329221886,5388.3361952310115,-122.70197102641083,-763.4885085719654,5365.650676627556,-87.11716986853143,-7.630136716142925,341.8466795944923
68.19999999993803,-1.3822841716591667,-8.140300041961375,211.42894230036615,936.2533452129833,-2719.567069339518,5383.852021237171,-102.18052665931839,-766.6715564494401,5361.312279217825,-85.75198467715664,-7.735625072424212,340.2592643641471
68.29999999993794,-1.3782039905764927,-8.09967092522677,209.9448554987765,920.980516282538,-2732.6390044831815,5379.371099589551,-81.69552058279264,-770.2410405503214,5356.920774801457,-82.4157000163699,-7.802404135362052,338.65684528758516
68.39999999993785,-1.3798184484837202,-8.062179461685604,208.47495545271462,905.3552204287555,-2745.2954431440376,5374.903238627279,-61.294696914333386,-774.2683762515504,5352.505567237517,-80.10454117259344,-7.873378781418906,337.11578344850676
68.49999999993776,-1.3758352409705144,-8.017630376285227,206.9904858939343,889.4105985886594,-2757.569940191306,5370.440129793638,-41.04289672286538,-778.8595899095686,5348.100374629364,-80.12757227165598,-7.945333217464749,335.65648600540754
68.59999999993767,-1.3775500513898624,-7.976454888387989,205.52019986033315,873.1352578372964,-2769.4110881736033,5365.991662539947,-20.95265732397311,-784.0355230409758,5343.705173951966,-80.6315437012416,-7.947084644349781,334.23750865510635
68.69999999993757,-1.3736504297284413,-7.928404155012353,204.03531289754181,856.5605984923651,-2780.8541260965662,5361.5493690952335,-1.0040114645598104,-789.7244849148364,5339.306852291832,-80.73907532908237,-7.9284877881163185,332.7872058823378
68.79999999993748,-1.398675137934472,-7.9501711325746065,202.55961079156535,839.6695146029107,-2791.8269825321604,5357.128746398073,18.75771097387973,-795.9843928134522,5334.915648418075,-82.59049829524945,-7.994996497001702,331.33321892407815
68.89999999993739,-1.4208603899351053,-7.959341834332431,201.0805957793327,822.4787229260711,-2802.3236764432017,5352.715080432442,38.31735813762683,-802.8028610196325,5330.512479974386,-84.19620431731977,-8.051478154748757,329.8624966084651
68.9999999999373,-1.4273718608987813,-7.98372175824536,199.56250582541114,805.0257700847927,-2812.4023454182698,5348.289493725962,57.722588579837854,-810.0719538399337,5326.071834279523,-82.89866910709291,-8.036100159080018,328.3368394094522
69.09999999993721,-1.4342217714744834,-8.03772678275254,198.0480214209582,787.3065521580487,-2822.0085748405363,5343.854968596822,77.01167733384084,-817.7180716999153,5321.593265573538,-79.67988527532734,-7.9848745218218395,326.7840723338506
69.19999999993712,-1.4312633814779216,-8.100344418218787,196.51685516713547,769.34712140737,-2831.1807173450725,5339.402655178687,96.12720771216162,-825.7965565363154,5317.109235132435,-77.52453057389332,-7.948218024939885,325.28040067550916
69.29999999993703,-1.4320416934374292,-8.171685836718693,195.00206637577938,751.1458838693927,-2839.86418823698,5334.938809096715,114.98583740860899,-834.3967428513052,5312.658009915501,-77.75885711731344,-7.925944825123906,323.8502178145907
69.39999999993694,-1.4261062507085758,-8.235365107144368,193.47622732263278,732.726696266965,-2848.0991100148785,5330.457210281807,133.56931151710512,-843.5387867297261,5308.239785961369,-78.46199570972239,-7.843879465071179,322.4586084530886
69.49999999993685,-1.4254546154943153,-8.296433236819855,191.96915361745783,714.0907259208318,-2855.8312610870616,5325.965784066662,151.91120142124666,-853.1561857066637,5303.8372733733595,-78.72461220086575,-7.7497201532853675,321.03149467709756
69.59999999993676,-1.4192208701743627,-8.34429770761806,190.451156659285,695.2597888741749,-2863.102378876248,5321.458877259144,169.95561544231683,-863.2962355193896,5299.462061594412,-80.73357768499132,-7.749970981239015,319.59338268849547
69.69999999993667,-1.4188119241357036,-8.387368978172502,188.95124104719218,676.2379046461141,-2869.858690219327,5316.945037367365,187.67501103780182,-873.9600854782086,5295.098054633216,-84.15238738667824,-7.835322518971044,318.13121558130064
69.79999999993657,-1.4130895391848006,-8.417355381837586,187.43922490335328,657.0448227934518,-2876.1432977255727,5312.418361364329,205.06641910140814,-885.1181060130191,5290.711532881915,-88.41394207793206,-8.02873876379632,316.6212437618398
69.89999999993648,-1.4133198268427365,-8.443876381679376,185.94408896230044,637.6874182419771,-2881.9028876684297,5307.887576263225,222.12920341106914,-896.7387106718987,5286.264185647524,-92.96342330719801,-8.359457755012585,315.05618384890005
69.99999999993639,-1.4082027585249524,-8.459089039018854,184.43569515903613,618.1832883674124,-2887.1817063275303,5303.34633414461,238.86733841643493,-908.7798441048709,5281.71912352793,-95.85093089707938,-8.768072350242768,313.43418252090237
70.0999999999363,-1.4090276923848746,-8.472826526090218,182.94319616195003,598.5421395434258,-2891.9269394175926,5298.803398827884,255.3225943398091,-921.1845575656286,5277.06117421386,-96.77581356959531,-9.276172215641008,311.7770851720775
70.19999999993621,-1.4043980701091834,-8.477052963692653,181.43660001491494,578.7793276886383,-2896.183798208282,5294.252007298118,271.4142975461282,-934.00710547045,5272.269386719877,-98.77579138769613,-9.924962025654835,310.18123452139906
70.29999999993612,-1.4056694983860087,-8.481486560830556,179.94524209937262,558.9073600814713,-2899.9000479699203,5289.700934411467,287.0908460852777,-947.2583410734751,5267.317748080731,-101.76864392508405,-10.665410740998013,308.6233876036891
70.39999999993603,-1.4013848026820876,-8.477777842551822,178.43924821607115,538.9392745530811,-2903.121714850151,5285.143084935361,302.3606770276162,-960.8950350209504,5262.183619630114,-103.7445952589467,-11.4272590645248,307.0373910604059
70.49999999993594,-1.4029658517318315,-8.475471418881185,176.94810300943067,518.8903459174551,-2905.7972522805885,5280.587254608357,317.3106422269277,-974.8353673579196,5256.875948360065,-102.21858804421359,-12.145083179186628,305.3825420104162
70.59999999993585,-1.3989139489785423,-8.46595483297348,175.4419974362151,498.7712319219972,-2907.973365761954,5276.02609247903,332.00527320024037,-989.043435233822,5251.4154984124125,-98.5029115881793,-12.807808942582065,303.7308164372225
70.69999999993576,-1.4007059653786331,-8.458625823487878,173.950531093595,478.59993790522844,-2909.5993220146784,5271.468430024803,346.35791795544446,-1003.5728330777404,5245.803193343157,-95.72098045472883,-13.420903467830295,302.17676155530836
70.79999999993566,-1.3968115905451892,-8.444692168830572,172.44391521325775,458.3846924363656,-2910.7223764540936,5266.90671686284,360.24733119922274,-1018.4790442890618,5240.04075921768,-95.17935509763078,-13.977402151166263,300.7144074334039
70.89999999993557,-1.3987513263513478,-8.433445941279373,170.95183933668972,438.14618929539006,-2911.2927425566945,5262.349830818117,373.6453244672804,-1033.7502323449514,5234.130378845832,-95.11975282822438,-14.428750479562453,299.2584988582037
70.99999999993548,-1.3949683074156414,-8.415986415410037,169.4445036571686,417.8901895911432,-2911.358097968123,5257.790059781885,386.6509964446594,-1049.3131759718162,5228.084715349111,-92.82077582100312,-14.742523972431755,297.72898006824215
71.09999999993539,-1.3970181131896449,-8.401533576628365,167.9516718536168,397.6400273027366,-2910.8697397495007,5253.236333013573,399.3832566851873,-1065.1133927059968,5221.922002591377,-87.80116707110898,-14.907698499812682,296.1439605280819
71.1999999999353,-1.393319897404449,-8.38112902910158,166.44351326232007,377.398967018462,-2909.8756398853857,5248.680801028642,411.9049609500283,-1081.117730717729,5215.664230819443,-81.8586064363219,-14.93688428137999,294.57219586012894
71.29999999993521,-1.3954586185270095,-8.363942861210184,164.94985659562218,357.19292786172826,-2908.328316279687,5244.132445111415,424.09888226186496,-1097.360236703073,5209.353101647363,-77.98933459410544,-14.881786248480743,293.1110323817144
71.39999999993512,-1.3918307856720251,-8.340992449273607,163.44082849093,337.0226570406203,-2906.2759064119928,5239.583294259515,435.8281168294616,-1113.8961577015687,5203.036585541421,-77.41888502067495,-14.779369128404204,291.7682269134512
71.49999999993503,-1.3940471690088783,-8.321410715705184,161.94631787177624,316.91659663082504,-2903.672284970764,5235.042379312518,447.01220935808215,-1130.7602343589983,5196.7351848180415,-77.97917884833622,-14.593921934172148,290.5014077586758
71.59999999993494,-1.3904823705420568,-8.296212087446152,160.43640184034334,296.87296321272,-2900.565624986129,5230.501618528077,457.74867882192024,-1147.9118594036186,5190.424327573631,-76.57130723650523,-14.294001365347224,289.20897878876013
71.69999999993485,-1.3927708013859508,-8.27449849622634,158.94102723188894,276.92265237452,-2896.9112914651528,5225.97008788291,468.12188259255083,-1165.297380292597,5184.100567293451,-73.68047593423046,-13.944798831731275,287.86370183019386
71.79999999993476,-1.389265614844789,-8.24729498540307,157.43021772317186,257.061344126607,-2892.7573620833264,5221.439602899752,478.07640796050873,-1182.9137105411955,5177.8017661161575,-72.15072989174776,-13.628644189411364,286.52094140330473
71.89999999993466,-1.3916235396655774,-8.223674526008791,155.9339771598891,237.32231090359255,-2888.0608225514866,5216.919279103688,487.5054733492852,-1200.8015066633818,5171.568994192261,-73.3151324042459,-13.36773312385442,285.2221209477238
71.99999999993457,-1.3881766161417957,-8.194681742971216,154.42227355884765,217.6986973666744,-2882.869523600608,5212.400835801262,496.3699013854689,-1218.9706912226386,5165.400915369442,-74.877118687824,-13.081540133234201,283.94565348341695
72.09999999993448,-1.3906030542290868,-8.169360200199087,152.92516760860525,198.2260690071146,-2877.1421983228825,5207.893421846965,504.78020332551773,-1237.3721758196757,5159.256187512749,-73.84585349364433,-12.715399756993044,282.61643558395906
72.19999999993439,-1.3872140688642864,-8.138780440612502,151.41257032936466,178.89504346606466,-2870.9263385699055,5203.388666120902,512.8218890602146,-1255.963958916299,5153.122514561311,-71.04434187961334,-12.321845774069994,281.23281349044504
72.2999999999343,-1.3897087819923253,-8.11195475254248,149.9145994482147,159.74338853397234,-2864.182547320682,5198.895744228065,520.4366971283599,-1274.7351851368367,5147.039782868207,-69.41629510054872,-11.969602867184804,279.85782313295823
72.39999999993421,-1.386377857338259,-8.079984479974208,148.4011081258564,140.75921025448122,-2856.957825636137,5194.406200162071,527.510680872729,-1293.6999101290082,5141.058887956238,-70.36930083114629,-11.671623257057561,278.5296421981648
72.49999999993412,-1.3889408996831383,-8.051847975397823,146.90227149006205,121.98238118610553,-2849.2147642995783,5189.9292294894485,534.003933629359,-1312.8603899165992,5135.18258665545,-71.70799736488082,-11.345450077726724,277.23383338561
72.59999999993403,-1.3856682972555212,-8.018681484320163,145.3878842247056,103.3985182881494,-2840.9997420749346,5185.456296801639,539.987579386936,-1332.203263604956,5129.377487085986,-72.4050363439246,-11.032832087408162,275.89034653403667
72.69999999993394,-1.3882997779715018,-7.98942633459555,143.88817928696605,85.04949480696172,-2832.2774504914637,5180.996610771883,545.3896798270124,-1351.7235969769124,5123.659577186841,-74.84562002935934,-10.8400155620824,274.5086286093399
72.79999999993385,-1.38508573764732,-7.95525736069794,142.37289239366916,66.91846821501234,-2823.093515301737,5176.541562095333,550.2101560936056,-1371.401203292264,5118.003888765702,-76.87523474053913,-10.656797787572515,273.0938886425805
72.89999999993375,-1.3877856993781348,-7.925075553093247,140.8723147782564,49.04920206812739,-2813.4148363770723,5172.100365694848,554.5196262374133,-1391.2151819563553,5112.378593971065,-77.67365185281402,-10.516173531560696,271.6097988561582
72.99999999993366,-1.3846303584599664,-7.890097806893243,139.35612276800913,31.422431015254656,-2803.2861569256224,5167.664344006893,558.2411776183751,-1411.1519822962046,5106.792535781515,-79.95353034223875,-10.509806715697545,270.0987820344996
73.09999999993357,-1.3873987177519336,-7.859181352287705,137.8546663153404,14.083692520324597,-2792.676687057088,5163.242711359343,561.3754251805594,-1431.1897211061546,5101.222236471766,-81.71121804336293,-10.514660791920384,268.5619830978702
73.19999999993348,-1.3843020721618247,-7.823588502562795,136.33756197455355,-2.988657897729868,-2781.6301594731144,5158.826727656141,564.0407692333349,-1451.3160885514926,5095.634419768551,-80.3037131702451,-10.455265780222819,266.9695682268641
73.29999999993339,-1.3871385923579194,-7.79212925798569,134.83521884601433,-19.74743099360811,-2770.118190378649,5154.42559986392,566.3205886871891,-1471.5292146900147,5090.024426068023,-76.88648604074967,-10.359965477227997,265.36095252703245
73.3999999999333,-1.384100479765866,-7.756114643417627,133.31719335341444,-36.216599710082114,-2758.1833759674846,5150.0305312029,568.1326568029874,-1491.8065731269746,5084.431142629087,-74.5637901327129,-10.274158224922996,263.8131729571597
73.49999999993321,-1.387004760701116,-7.7243039487115315,131.81395415659617,-52.34745055368413,-2745.799828033105,5145.650714600783,569.3554966845546,-1512.1195904161168,5078.901593816167,-74.66850722931069,-10.196638865507525,262.34686573039
73.59999999993312,-1.3840248549384526,-7.688060162336241,130.2949972109449,-68.1662273624689,-2733.0088826086535,5141.277302532569,569.9646448933098,-1532.462026129353,5073.437294968728,-75.23800728377968,-10.053216190943118,260.92475910315835
73.69999999993303,-1.4114947376364235,-7.726889703086919,128.78607923169017,-83.60498725727582,-2719.773190086534,5136.9249016057765,570.0360667855757,-1552.8303006232504,5068.017293032506,-75.36432192659119,-9.890472449747337,259.4684565423541
73.79999999993294,-1.4355824758600044,-7.75192608557955,127.27030377075513,-98.65275805817139,-2706.108123922291,5132.577099589768,569.5215840106757,-1573.2027449361408,5062.651869496349,-75.78013215528276,-9.737156453831943,258.0101730850317
73.89999999993285,-1.4429964608734402,-7.796519360664688,125.71166055809063,-113.35715250065041,-2692.067612360176,5128.214612446323,568.4727455344131,-1593.574505411617,5057.32699344661,-75.7629645716396,-9.587112952513076,256.520799689914
73.99999999993275,-1.4508335554111909,-7.872620216311724,124.15767159898414,-127.66425015784648,-2677.632301204959,5123.839057122303,566.8416083330729,-1613.9191665680316,5052.0536735534015,-76.06697479754393,-9.448784584691156,255.03499593906903
74.09999999993266,-1.448558759319349,-7.959989743497208,122.58783978260048,-141.6050946833275,-2662.838930310383,5119.441597954944,564.6792041467704,-1634.2344218548747,5046.818972762319,-75.98248124494265,-9.31151076766208,253.52387517428755
74.19999999993257,-1.450350597947215,-8.056437360776906,121.03763441240592,-155.12494207075855,-2647.6706754115066,5115.027244700459,561.9383036565258,-1654.4911656495958,5041.634319360396,-76.24276235183834,-9.182907563887662,252.02137566637847
74.29999999993248,-1.4452447835902114,-8.147385459567838,119.47673479175788,-168.25732001640145,-2632.1626445315615,5110.589980249062,558.6695612304667,-1674.68989719807,5036.487312841827,-76.13538626112836,-9.053345092023537,250.49745336767066
74.39999999993239,-1.4457327475495911,-8.236046764519998,117.93656088598972,-180.94707609294787,-2616.301006506637,5106.1364110413915,554.8269195346086,-1694.7988440300794,5031.3895059012475,-76.38275535294709,-8.930915713691276,248.98512801502545
74.4999999999323,-1.4404091778371781,-8.313954243586652,116.38465759331426,-193.23003264794323,-2600.119301477497,5101.661143568087,550.4607206004624,-1714.8212488066677,5026.32873356308,-76.2699426334826,-8.8067649419291,247.45354163417167
74.59999999993221,-1.441164900158499,-8.387523547768152,114.85155445208267,-205.05065332676406,-2583.6067763679944,5097.171298455334,545.5052982304061,-1734.7134719653263,5021.323210719779,-78.00494748110333,-8.766967814282694,245.92514040582182
74.69999999993212,-1.4363324794916026,-8.450627641069724,113.30495913659084,-216.44678739445425,-2566.795255766191,5092.661304529292,539.9692371240709,-1754.4568660950304,5016.354472395364,-79.51668438731612,-8.709987427598952,244.3872267656153
74.79999999993203,-1.437678785279173,-8.510682063384184,111.77549749150953,-227.362525833862,-2549.6770438560643,5088.138373681694,533.9240164308693,-1774.0676637563017,5011.398404079062,-80.00542522506178,-8.675125380609066,242.80148911947612
74.89999999993194,-1.433386417361188,-8.562032877753037,110.2312584462067,-237.83752551945398,-2532.282085338337,5083.596591010818,527.3264416808059,-1793.5056141867656,5006.45840967148,-80.52544838981015,-8.674613297153874,241.21851670930113
74.99999999993184,-1.435258878316114,-8.612191145267689,108.70320745053118,-247.81557065052064,-2514.6057174931925,5079.043134161532,520.224686350295,-1812.780644488021,5001.52280611598,-80.44281566211569,-8.687940708728384,239.6182571539205
75.09999999993175,-1.4313878193278329,-8.655359341154549,107.15960180640407,-257.33796500476217,-2496.675864473558,5074.471782023514,512.5776574649826,-1831.8506375940622,4996.598559957943,-80.613854118468,-8.712204875397477,238.0380875916542
75.19999999993166,-1.4336464713619315,-8.698854745462295,105.63162291537608,-266.34828833885837,-2478.490893890606,5069.8896603064395,504.43334371854905,-1850.7287992067395,4991.6770003274205,-80.37330758993933,-8.73348650317837,236.4475405880108
75.29999999993157,-1.4300663881517635,-8.736647782014838,104.08761038027481,-274.88935801901323,-2460.076590159208,5065.290320020545,495.75337475205606,-1869.3712607736582,4986.76657457512,-80.4734409300405,-8.754407421612187,234.87911423023323
75.39999999993148,-1.4325875412111908,-8.775823966733814,102.55890559629512,-282.90468025525945,-2441.4343525014615,5060.680846230278,486.58546324106754,-1887.7941380322814,4981.859307640502,-80.22277305732824,-8.767145260673612,233.29894545995825
75.49999999993139,-1.4291976729755516,-8.810178021445925,101.01387316702542,-290.4384616330792,-2422.587724241204,5056.05463128005,476.8939998847587,-1905.9517475581924,4976.964003176335,-80.33922088960018,-8.777411903222813,231.73887091637633
75.5999999999313,-1.4318924253052134,-8.846592656908372,99.48397848689599,-297.43428145639086,-2403.541137091711,5051.418734523896,466.7261051311001,-1923.8629336700678,4972.072577860836,-80.11704860881163,-8.779714474978276,230.164969336405
75.69999999993121,-1.4286243242994083,-8.878764611459168,97.93757254789762,-303.9376125257617,-2384.315805826915,5046.766439813349,456.04889394369667,-1941.4801987188082,4967.193782398743,-80.26733923230658,-8.780626526282521,228.6092792229467
75.79999999993112,-1.431433503276863,-8.91340052490911,96.40617891811861,-309.8922608086105,-2364.9191940851197,5042.104793128896,444.9086139277547,-1958.8249968016894,4962.319270540327,-80.0763928857497,-8.775224904867065,227.0383065479123
75.89999999993103,-1.4282416482935603,-8.944169454082783,94.85814124283144,-315.3448389238279,-2345.370111570424,5037.4270042191265,433.2751119271,-1975.8480814386241,4957.457623752156,-80.25713161780536,-8.770066587721757,225.48434751924438
75.99999999993094,-1.4311269061643785,-8.97763395635958,93.32505188786918,-320.23953955882746,-2325.679044110689,5032.740113607467,421.1935426963265,-1992.5734333819728,4952.600278223062,-80.09096425430357,-8.760231761920739,223.91420419767792
76.09999999993084,-1.4279823251997397,-9.00747883611139,91.77522506924838,-324.6239859816819,-2305.862329655321,5028.037279628492,408.63653184219726,-2008.950164664586,4947.755628138846,-80.29458830015177,-8.752013511735324,222.36039172255622
76.19999999993075,-1.430919802413347,-9.040144693145338,90.24033142896445,-328.4429205364289,-2285.9334590724147,5023.325542211777,395.6479608509249,-2025.0047140198114,4942.9149747583515,-80.14610326644795,-8.740390693131674,220.789851793326
76.29999999993066,-1.4278047789208737,-9.069359200873034,88.68862900116254,-331.7448457888884,-2265.906239842622,5018.598022605229,382.20330190898096,-2040.6846819501313,4938.086534236139,-80.36583596007496,-8.731356008631495,219.23526125829562
76.39999999993057,-1.4307802640672158,-9.10145645443165,87.15187917014165,-334.47521783932217,-2245.7971428029437,5013.861762747065,368.3450052438226,-2056.018897348536,4933.261545349628,-80.22944231122861,-8.71982561662267,217.66360975497025
76.49999999993048,-1.4276845148336714,-9.130224017981446,85.5982606823031,-336.68328443762624,-2225.6173941983316,5009.109855778939,354.05146341483237,-2070.9535964484517,4928.448058161593,-80.4602815106347,-8.711523532909093,216.10773389020957
76.59999999993039,-1.4306899709137508,-9.161898047733617,84.05963148266682,-338.3153796469309,-2205.3864109950514,5004.349346510669,339.36355153001176,-2085.519925163769,4923.637302721104,-80.33205516643947,-8.701360112926995,214.53458866527083
76.6999999999303,-1.4276076188455902,-9.190336067491753,82.5040708646152,-339.4213591011533,-2185.112795451419,4999.573305787852,324.26265720764053,-2099.6629093402844,4918.8371733057975,-80.57057357909939,-8.694817210523425,212.97712824619077
76.79999999993021,-1.4306382643838373,-9.221679882888946,80.96353547887952,-339.948597532129,-2164.8188685502682,4994.788781348679,308.78794451242874,-2113.415932461817,4914.038928342373,-80.44787957380048,-8.686858935500243,211.40226124585578
76.89999999993012,-1.4275657698976059,-9.249866997702728,79.4060078128053,-339.94741852681835,-2144.5105723383977,4989.988825490866,292.9238647318762,-2126.7229728189077,4909.250312667185,-80.69180316964588,-8.682750883386714,209.8430510384515
76.99999999993003,-1.4306191087507152,-9.280948516263157,77.8635567134562,-339.36639874652934,-2124.213079907434,4985.180488067982,276.7077430355575,-2139.6195619247264,4904.462639095876,-80.57290044662498,-8.677546391392342,208.26632226161558
77.09999999992993,-1.4275547168968499,-9.308944675671903,76.30405010118197,-338.2561874801045,-2103.92964488862,4980.356805518657,260.1271556211526,-2152.0487983101175,4899.683506936348,-80.82072294576828,-8.676314389461428,206.70525154849966
77.19999999992984,-1.4306296637535552,-9.339815239015874,74.75966675575958,-336.5667218892588,-2083.6882329470754,4975.524828883025,243.2174671015229,-2164.0482638332332,4894.90430159474,-80.70444414584188,-8.674219243574194,205.1265460723164
77.29999999992975,-1.4275727753194063,-9.367669474485014,73.19816585411681,-334.3488327799983,-2063.4893876956294,4970.677580451777,225.96943139700704,-2175.5603480480913,4890.13247960515,-80.95513849286775,-8.676148705888101,203.56351330032328
77.39999999992966,-1.430669074649253,-9.39837333784205,71.6518313626097,-331.5539734941997,-2043.3637993013888,4965.822111198056,208.41633433873318,-2186.6245808708068,4885.359510960442,-80.84067670038968,-8.677402217443788,201.98276422648937
77.49999999992957,-1.4276195410898176,-9.4261290252266,70.08831269965958,-328.23301028378023,-2023.309287861747,4960.951430732775,190.55215195686955,-2197.182817858504,4880.592711067334,-81.09352900684927,-8.682689184840292,200.41772160872912
77.59999999992948,-1.4307371943575256,-9.456706892380112,68.54000115196952,-324.33906497662525,-2003.3591912752904,4956.072588527986,172.40797853895288,-2207.2764284553236,4875.8236429135595,-80.98031854455874,-8.687461709682063,198.83492083667355
77.69999999992939,-1.4276949774627024,-9.484405949904732,66.97443913331966,-319.9228920055787,-1983.5085999901048,4951.17858276498,153.98104748525438,-2216.8469134019756,4871.059481607351,-81.2348310891458,-8.696247453552537,197.26787019071506
77.7999999999293,-1.430834039037272,-9.514898506367828,65.4241261594452,-314.9394303050492,-1963.7934143777265,4946.27645990341,135.30015633870704,-2225.937364820102,4866.291889851013,-81.12246705903459,-8.704657549097544,195.68301721443157
77.89999999992921,-1.4277990909644274,-9.542582563444563,63.856494056745426,-309.43917445401013,-1944.2059974450126,4941.359208074534,116.36582077382477,-2234.4891100251525,4861.527903103781,-81.37827816745275,-8.717038821523088,194.11395302247075
77.99999999992912,-1.4309595087693643,-9.573027996373304,62.30414303576937,-303.37902481268713,-1924.784718503427,4936.4338692665315,97.20444237721682,-2242.5468402082615,4856.759288989789,-81.2664537640398,-8.729167579102345,192.52703639771724
78.09999999992903,-1.4279316389305932,-9.600736212205856,60.73440262853895,-296.80906758308237,-1905.5192234757792,4931.493423043549,77.83148783155296,-2250.0495245961242,4851.994750051743,-81.52222475468453,-8.744595784089608,190.95086604879978
78.19999999992893,-1.4311132451194335,-9.631173024236865,59.17997950473367,-289.68830416143896,-1886.450248604315,4926.544905443913,58.2998043734041,-2257.0874231671323,4847.219547590805,-79.39918096940524,-8.652169400377833,189.3493040822513
78.29999999992884,-1.4280920784282864,-9.658940435776321,57.60807572436189,-282.06626418735533,-1867.5647420944792,4921.581289288223,38.64163084376129,-2263.792956571572,4842.422556326518,-74.48539821222217,-8.424002759704267,187.7443915141933
78.39999999992875,-1.4312944058251282,-9.689401510398799,56.05152364423245,-273.90418412370667,-1848.9056979017782,4916.6096035306155,18.87422282420334,-2270.263566787747,4837.5992519427,-67.5391412344472,-8.019168395401534,186.21609588561122
78.49999999992866,-1.428279384038138,-9.717265376683763,54.477418364807804,-265.250889167816,-1830.4573909925673,4911.6228153506845,-1.0052501840113084,-2276.476593282177,4832.7846596190875,-61.132859629905056,-7.4955803896040925,184.84561168852835
78.59999999992857,-1.4315019106812408,-9.747787870339184,52.918709284028026,-256.06998012009905,-1812.2649559014542,4906.627945435221,-21.026773960462236,-2282.311858557526,4828.064626215291,-58.304561834658024,-6.9379529880385995,183.65664086462817
78.69999999992848,-1.4284925755543207,-9.775791817897247,51.34240309129691,-246.40943099017107,-1794.3100259139262,4901.617956177816,-41.21706416546588,-2287.644721828206,4823.529840624816,-59.184944307664075,-6.384765724481143,182.59647651726928
78.79999999992839,-1.431735030504908,-9.80641862667597,49.781544249568626,-236.235331125357,-1776.6397508378905,4896.599858597884,-61.57158080432002,-2292.3739438557577,4819.234623080796,-62.798544126478184,-5.877519270309197,181.56660916907308
78.8999999999283,-1.4287311496768273,-9.834605984805075,48.203041599654114,-225.59465832853294,-1759.2331633886608,4891.566611615619,-82.06729648626974,-2296.5233215136063,4815.131086519379,-66.10128256427582,-5.354007822787828,180.48529283193213
78.9999999999282,-1.4319934622672934,-9.865377982002629,46.640033311698865,-214.4561079487675,-1742.1392959396603,4886.525215155772,-102.68465163198812,-2300.170575266554,4811.158812986192,-67.96544115336917,-4.883464933346185,179.28122838183566
79.09999999992812,-1.4289949410767964,-9.893790016193925,45.059329426560694,-202.86551793624744,-1725.334629735808,4881.4686259062055,-123.40726205485547,-2303.2281402281533,4807.336092444054,-71.37554206854243,-4.584650559118726,177.9915736267475
79.19999999992802,-1.4322771482228565,-9.924746487692937,43.49416344109496,-190.79429980557595,-1708.869940257977,4876.403831274265,-144.2138166773237,-2305.6869050066985,4803.6312288012205,-73.99960300050125,-4.320937306610679,176.646926457987
79.29999999992793,-1.4292839460796323,-9.953423423054629,41.911246553474484,-178.28700993455894,-1692.7192144207243,4871.32378695201,-165.09195369620457,-2307.6266358942717,4799.999314349592,-75.08652190234675,-4.118554593426693,175.2095108162523
79.39999999992784,-1.4325861156010964,-9.984603061731491,40.343909171782336,-165.3178786130179,-1676.9348249581287,4866.235466394148,-186.01683315312184,-2308.962897016559,4796.451687271097,-77.63322930637048,-4.0655768628161955,173.73305653772354
79.49999999992775,-1.4295981902873744,-10.013584861048534,38.75876337832648,-151.93004143787792,-1661.488329529453,4861.131825537997,-206.96689691580352,-2309.6890796529747,4792.962612732357,-79.56294829187678,-4.027683365821219,172.22727252817708
79.59999999992766,-1.4329203760136804,-10.04502628509595,37.189237759147254,-138.10064224393625,-1646.433546205386,4856.019822467431,-227.93715710500535,-2309.881746690946,4789.501764694494,-80.1800586343227,-4.029142042445023,170.6556084008225
79.69999999992757,-1.4299376558122028,-10.074352954876204,35.60184475581322,-123.871259675669,-1631.7396762627338,4850.892414615181,-248.88919737910663,-2309.4898467836356,4786.070824887389,-80.72388067067979,-4.069715826293859,169.0711532043918
79.79999999992748,-1.4332798780412848,-10.10609484253086,34.03011218770181,-109.22203772424155,-1617.4618254939655,4845.756543291977,-269.81121303561355,-2308.566303943738,4782.657171487668,-80.60814739934344,-4.122585022348175,167.46040694579253
79.89999999992739,-1.4303022520348674,-10.135806453390858,32.44045217697836,-94.19286542866188,-1603.5669193134866,4840.605168722668,-290.6822170450567,-2307.033298792744,4779.271227952937,-82.23589554915547,-4.258840325053254,165.8707882107946
79.9999999999273,-1.433664492629727,-10.167887483701577,30.866492720953847,-78.76696506039876,-1590.1111883199117,4835.445214041406,-311.48543279997335,-2304.8968799372924,4775.893725699833,-83.57236688146787,-4.372238837824878,164.2733137679366
80.0999999999272,-1.4306918102236728,-10.198024065769577,29.274544859026843,-62.98240737390968,-1577.0593700663173,4830.269643580029,-332.230050086659,-2302.2321737067296,4772.505397436026,-83.88482281185239,-4.501455598447225,162.6357119806163
80.19999999992712,-1.434074014408563,-10.230482787637127,27.69833765882202,-46.82556223379571,-1564.4686521682613,4825.085360938087,-352.8821994713795,-2298.988359492449,4769.106480133787,-84.24775819433168,-4.6520004209285455,161.01206513320267
80.29999999992702,-1.4311060885021478,-10.261084189530395,26.104080266744372,-30.332557843812314,-1552.3016796144318,4819.885335860199,-373.4452157286906,-2295.215905403812,4765.688838453251,-84.05007745533862,-4.806153897585352,159.3786137037596
80.39999999992693,-1.43450816893383,-10.293958878768695,24.525603691508906,-13.492971854426402,-1540.6164248267223,4814.67645110212,-393.87222959406586,-2290.843993212649,4762.260167950309,-85.63500632971332,-5.035101888507316,157.77246092140018
80.49999999992684,-1.4315447799617533,-10.32506462920282,22.929014348617308,3.6591295076824784,-1529.373542615823,4809.451683150879,-414.145305129155,-2285.8822717081734,4758.802292448575,-86.9476895826358,-5.239251690166516,156.15835951692887
80.59999999992675,-1.4349666210582226,-10.35839315703762,21.348246052673467,21.13091002269907,-1518.6316140525118,4804.217892600158,-434.2827564788603,-2280.4050586644694,4755.3009001297205,-87.24563845960596,-5.460726478629745,154.506358583908
80.69999999992666,-1.4320075207805094,-10.390042342277809,19.749301631991543,38.89047961161739,-1508.3494130158808,4798.968064030606,-454.2428787466504,-2274.3668480215442,4751.753154829655,-87.59746901967328,-5.702392613831297,152.87105938842748
80.79999999992657,-1.4354489825868657,-10.42386206140056,18.1662185739691,56.94170237727015,-1498.5859496160308,4793.7090345987,-474.0364082269984,-2267.8172337730552,4748.15394641448,-87.38595925623963,-5.948258554956087,151.22757880994664
80.89999999992648,-1.4324938973173713,-10.456093220443956,16.5648952493216,75.25497289814007,-1489.298232654259,4788.433798326508,-493.6194284837763,-2260.7131354288686,4744.504134310073,-87.45448244626844,-6.19106556784536,149.61196616604747
80.99999999992639,-1.4359548187764841,-10.49044086787027,14.979473691629028,93.8308244084218,-1480.5455187311172,4783.149167688829,-513.0058894014127,-2253.104138340286,4740.801236518586,-87.14033014979292,-6.4239207779841605,147.98920977115708
81.0999999999263,-1.4330034520716077,-10.523291903265193,13.375746931136847,112.64203859992566,-1472.2831737554814,4777.848147481057,-532.1500078435212,-2244.9502686476653,4737.047550051883,-87.18543911812715,-6.646065866034307,146.3915392717362
81.1999999999262,-1.4364836537838392,-10.558203517265353,11.787962430060379,131.68579677835777,-1464.5705158597927,4772.537524305207,-551.0688164083834,-2236.3009785019694,4733.240958593148,-86.89581304634221,-6.8565584881418316,144.78249093165405
81.29999999992611,-1.4335356887128499,-10.591711618690361,10.181806983191699,150.93736377046528,-1457.36139627858,4767.2103150573585,-569.7146593566086,-2227.1193306269956,4729.384053200841,-86.98542584799782,-7.05735018641474,143.19447830675443
81.39999999992602,-1.437034975318299,-10.627222467037207,8.59163437462165,170.39055821199713,-1450.7150078525672,4761.873279297209,-588.1074699384415,-2217.4542216746067,4725.474418037456,-86.74323608496398,-7.249107564600058,141.5915975381321
81.49999999992593,-1.4340900764412137,-10.661424045141407,6.98302425626533,190.02321728596473,-1444.5838210712272,4756.519447351161,-606.1977095293108,-2207.2716225698064,4721.51456006071,-86.8812470881138,-7.434225473564644,140.00704024871396
81.59999999992584,-1.437608238743858,-10.697568562504722,5.390437639440603,209.82579669316502,-1439.0267153532373,4751.155550587499,-624.0080728965911,-2196.619512856263,4717.501713837111,-86.67875637416587,-7.613383514413891,138.40556420695742
81.69999999992575,-1.434666053896466,-10.732499191160775,3.7793461126449284,229.77878804337686,-1433.9949197401083,4745.774634093717,-641.4871869676375,-2185.466731909668,4713.438223040602,-86.85281487012718,-7.788676849719715,136.8209493182149
81.79999999992566,-1.438202870818947,-10.769310924117901,2.1843188330333305,249.86929444219976,-1429.5468113620936,4740.383399944148,-658.6604075726931,-2173.8600774081024,4709.321084307084,-86.67683023082515,-7.960434885508121,135.21836001860225
81.89999999992557,-1.4352630327745695,-10.805005289828653,0.570718391168918,270.08053651213436,-1425.632522112778,4734.974909280673,-675.4746264620602,-2161.771289129068,4705.1524935292755,-86.87367236724806,-8.130304519922264,133.63193043739275
81.99999999992548,-1.4388182732032724,-10.842516848478002,358.9732230229872,290.39628580567205,-1422.309737812665,4729.55583382769,-691.9577790106878,-2149.245781821646,4700.92932973693,-86.71286792843361,-8.298297771337033,132.02701101623816
82.09999999992539,-1.4358804012560011,-10.879008706121006,357.3570853716693,310.802558743831,-1419.5276421251342,4724.119252070224,-708.0551540890998,-2136.258264045877,4696.653678374612,-86.9222156784288,-8.46564617076238,130.4379435803892
82.1999999999253,-1.4394538258136693,-10.917251721653203,355.7570937002579,331.2798271365313,-1417.3430409749685,4718.671804354003,-723.7971894137804,-2122.8526010807223,4692.322391003958,-86.76845311120006,-8.632165828530228,128.83012807119286
82.2999999999252,-1.436517527309981,-10.954573856049466,354.1383897391662,351.8169618927143,-1415.7043229257065,4713.206587774382,-739.1277230723433,-2109.0065516422833,4687.9374791437185,-86.98324959090078,-8.798742439498042,127.23804069776824
82.39999999992511,-1.440108890077471,-10.993578943872125,352.5358727433009,372.3911776926495,-1414.6672264533486,4707.730210309419,-754.0796143629663,-2094.762283134249,4683.495824893955,-86.83114004707306,-8.965110658993678,125.62705574685569
82.49999999992502,-1.4371737619109706,-11.031763136857608,350.9145725479477,392.99425025058616,-1414.179501940842,4702.235788918359,-768.5954146949618,-2080.100686501681,4678.9993962622675,-87.04684065873846,-9.131872563490326,124.03175312668802
82.59999999992493,-1.4407828121093906,-11.071559865019605,349.3095003821133,413.60019053359434,-1414.2956344987745,4696.729898261207,-782.7103171887295,-2065.0620932521574,4674.445139031467,-86.89298277913821,-9.298767029611547,122.41744188332922
82.69999999992484,-1.4378484421857372,-11.110636867813927,347.68557318556975,434.20372075274884,-1414.9628965960649,4691.205676385129,-796.365758527393,-2049.6306035181365,4669.835002165077,-87.10678368261192,-9.466158220797732,120.81879635879493
82.79999999992475,-1.4414749258238537,-11.151253730561896,346.0779151621944,454.7757123497174,-1416.2343363049363,4685.669663718028,-809.5991697804928,-2033.8445820361237,4665.16601119667,-86.94910364673888,-9.633847571219691,119.20103940156493
82.89999999992466,-1.4385408944981872,-11.191253241294152,344.45132933677326,475.313866867126,-1418.0569113360502,4680.115020601988,-822.3510505683885,-2017.6914073590272,4660.440115910715,-87.1593384252016,-9.801992031878196,117.59894026551324
82.99999999992457,-1.4421845559859483,-11.232717637640617,342.84105390841717,495.78599111442855,-1420.482051903931,4674.54825235396,-834.7067638374675,-2001.2280125917375,4655.649083491919,-84.95787348337741,-9.86523191950417,115.96870544208178
83.09999999992448,-1.4392504374722284,-11.273668283924927,341.21177694730255,516.1927897368,-1423.456566531949,4668.962542792976,-846.7449423435771,-1984.4968368855207,4650.801939885986,-81.160014214681,-9.856426618506594,114.33815463091332
83.19999999992439,-1.4429110211990352,-11.31600650113006,339.5988516887892,536.4990904099731,-1427.030090221379,4663.364361290458,-858.3776572446413,-1967.4653966396693,4645.933867152384,-78.94077997287162,-9.836474361755501,112.78274456515211
83.2999999999243,-1.4399763849490932,-11.35793582759701,337.96685018760513,556.708615407032,-1431.1494498065128,4657.7469162880725,-869.4788735492393,-1950.0942385579117,4641.0828384865345,-79.48384756096323,-9.817588098112068,111.30829209515062
83.3999999999242,-1.4436536368240982,-11.401173029472323,336.3512417780845,576.7833092392952,-1435.8623117925908,4652.116640413481,-880.0210984985465,-1932.3940336284502,4636.247452816844,-80.49362768233622,-9.73503440784512,109.85427973838958
83.49999999992411,-1.4407180488733204,-11.444107490164628,334.71648141639315,596.7299169315436,-1441.1156902490459,4646.466767856235,-890.0751853967907,-1914.4087866780847,4631.409960252455,-80.94784443957182,-9.656518671888676,108.34835835723993
83.59999999992402,-1.4444117178244082,-11.488267710104376,333.09815562132815,616.5076061017365,-1446.9551145807734,4640.803693725846,-899.5835671392001,-1896.1380155028753,4626.5738309144945,-81.66287100109012,-9.60393506350792,106.83142067471056
83.69999999992393,-1.4414747421004959,-11.532232665639055,331.46060114404986,636.126140119503,-1453.3279559296839,4635.1206790770475,-908.593322240446,-1877.612586535974,4621.727517585826,-81.85850975120411,-9.573857128560348,105.27385263197452
83.79999999992384,-1.4451845815282887,-11.577338804278314,329.8395227971154,655.5420260785171,-1460.2774432755066,4629.424080759743,-917.04503959648,-1858.8347074492667,4616.875139354369,-82.36064182348856,-9.565136545984489,103.71436243871946
83.89999999992375,-1.4422457811194336,-11.622358523669838,328.19913799586186,674.7680316544191,-1467.7514750595938,4623.707187748701,-924.9864960250143,-1839.831845904316,4612.007296076238,-82.40984967932529,-9.570935911599557,102.1224741735022
83.99999999992366,-1.4459715503026325,-11.668432351057668,326.5752709807481,693.7581296452989,-1475.7908223852178,4617.976317951796,-932.3574610499759,-1820.6091096247312,4607.128743605536,-82.79949177969263,-9.590337648023851,100.53717148408694
84.09999999992357,-1.4430304886813907,-11.714530018084323,324.93201867506144,712.5280682890833,-1484.344081077675,4612.2247892937,-939.206712671528,-1801.1908556189528,4602.231345806435,-82.77141494275095,-9.61869309495476,98.92622904603421
84.19999999992348,-1.4467719541298216,-11.761592180249275,323.3053259071694,731.0294219036633,-1493.4494133712374,4606.458880086235,-945.473804112285,-1781.585412138597,4597.320142451254,-83.1005396613404,-9.656003849032315,97.32703514065224
84.29999999992339,-1.4438281963291386,-11.808789904234468,321.6591679256564,749.2808857968865,-1503.056281877485,4600.671938214541,-951.2086285376037,-1761.8142054078987,4592.387724795493,-83.0289135827946,-9.699086498805693,95.70575012222406
84.3999999999233,-1.4475851330810707,-11.856859934007476,320.02961133367654,767.2317809012187,-1513.200096002468,4594.870201744893,-956.3509658792407,-1741.8889192156055,4587.439230714816,-83.32296246574221,-9.74838360991718,94.09878736905875
84.4999999999232,-1.444638246819083,-11.90517876487478,318.38050849502815,784.9037063394125,-1523.831353318667,4589.047049506224,-960.9518151267298,-1721.8280882237189,4582.467704723302,-83.22486574837718,-9.801588232182242,92.47138003188203
84.59999999992311,-1.4484104396795776,-11.954275096822828,316.7480490023879,802.2438836912978,-1534.9825740405736,4583.208678723139,-964.9515043881988,-1701.6467901577469,4577.478300889528,-83.49728444971343,-9.859294164349508,90.85950979494629
84.69999999992302,-1.4087043526099419,-11.891581100363023,315.0954904233005,819.3129003999679,-1546.5700784061985,4577.339437089774,-968.402048028247,-1681.3606484489783,4572.464371677983,-83.38217492706372,-9.919774958226615,89.2279042802198
84.79999999992293,-1.3407606260546654,-11.757406593911451,313.45033334246335,836.1713414697441,-1558.526265599656,4571.442462683344,-971.2445773698605,-1660.9881268552813,4567.431050396338,-83.64071308010917,-9.983632258930045,87.61240242977368
84.89999999992284,-1.301827406851746,-11.620883361015412,311.88426451850006,852.7485973390803,-1570.912001531879,4565.561065054822,-973.5319886921595,-1640.5418980941567,4562.371914054787,-83.51421074333292,-10.049568228283045,85.97743718463703
84.99999999992275,-1.3128643426073316,-11.49377282932567,310.39972877897,868.9405598805635,-1583.807232110798,4559.7437362820065,-975.2064384889953,-1620.0437793622164,4557.292057494736,-83.76358559297421,-10.11811535333484,84.35884189743227
85.09999999992266,-1.331747661368263,-11.300920013141488,308.9397209719565,884.7168710639032,-1597.2106175544645,4553.989918288949,-976.3215499690292,-1599.5034499279775,4552.185231239588,-83.62914990042623,-10.188318338192452,82.72085466977802
85.19999999992257,-1.340031364860629,-11.111618940029178,307.42507026603226,900.1282749277723,-1611.0558483822317,4548.275257289878,-976.8207103615847,-1578.946031673499,4547.056483079205,-83.87229861890648,-10.260593957419507,81.09936636216956
85.29999999992248,-1.3529482912735362,-10.947700998933582,305.89742712980853,915.1195303369108,-1625.362834610343,4542.606847159338,-976.7581039564477,-1558.3781713650674,4541.8997045769365,-83.73207934856374,-10.33427708830462,79.45846664312616
85.39999999992239,-1.3564875104001302,-10.80493362594156,304.32631472288455,929.7237234302183,-1640.0859280732673,4536.969014752212,-976.0785455358047,-1537.8282339155728,4536.719892791051,-83.97083707677757,-10.409638373449628,77.83413290845508
85.4999999999223,-1.3657157727608915,-10.682390028455737,302.75300451973624,943.8829729271548,-1655.243071308104,4531.369756878939,-974.8366088420111,-1517.2998012404673,4531.511059088177,-83.82616385831996,-10.486270257299417,76.19032747644869
85.5999999999222,-1.3668701416673694,-10.573572792538,301.14618226882027,957.6324962180303,-1670.7915963385542,4525.79567788302,-972.9787274708378,-1496.8244079691378,4526.278149025136,-84.06167103484496,-10.564276596141589,74.56312796132897
85.69999999992211,-1.3743388559264158,-10.478122838029035,299.54650188603586,970.912652857073,-1686.7468433363529,4520.255381963101,-970.5596896587208,-1476.4025469481912,4521.015279487646,-83.91335654309735,-10.643487380916554,72.9163783325115
85.79999999992202,-1.374340126702753,-10.391833358421312,297.9203933112255,983.7608791198576,-1703.0687274100428,4514.73673398031,-967.5277345996943,-1456.0688380538888,4515.727345585933,-84.14631611391107,-10.72382533168664,71.28626331128771
85.89999999992193,-1.380931397591236,-10.315098584318925,296.3067175253351,996.1162267736767,-1719.769471155191,4509.248493616399,-963.9376880066523,-1435.8206697253663,4510.408559756524,-83.9948492007324,-10.805346223988428,69.63651168929553
85.99999999992184,-1.3803254978331183,-10.245068338255024,294.67021482108197,1008.01835855545,-1736.811388412326,4503.7792417452965,-959.7397770855714,-1415.6956517189412,4505.063768831796,-84.2256912926322,-10.887781409997856,68.00341926523093
86.09999999992175,-1.3864393941438449,-10.182375386917684,293.04875860292833,1019.405390966556,-1754.2033109100548,4498.337680405561,-954.9886867204367,-1395.6880620464965,4499.687273503697,-84.07136041832946,-10.9714061255548,66.35059997874605
86.19999999992166,-1.3854887561781133,-10.124981985170376,291.40616946894704,1030.3191686159894,-1771.9099395420924,4492.912853095043,-949.6368098389989,-1375.8383942766332,4494.283875218797,-84.300347443811,-11.055752773788914,64.7144635010236
86.29999999992157,-1.3913297602929189,-10.073515402187418,289.77989390410335,1040.6971723939082,-1789.9365738305871,4487.5133130366685,-943.7385114815271,-1356.1378195747352,4488.847957232362,-84.14331902654132,-11.14131329003824,63.05850783923066
86.39999999992148,-1.3901776308987364,-10.026515535445753,288.13325667111195,1050.5833354481038,-1808.250368240487,4482.128441870803,-937.2485227839267,-1336.629598752152,4483.384278924125,-84.37061216301586,-11.22741520548994,61.419258926024945
86.49999999992139,-1.395863082263306,-9.98449685181721,286.5035561855545,1059.914760121871,-1826.853014395842,4476.766601178271,-930.2207097354988,-1317.3018094971046,4477.88730137777,-84.21097983056966,-11.314766723034188,59.76009704609957
86.5999999999213,-1.3945948138197628,-9.946464317710442,284.8538278373129,1068.7373438596499,-1845.7142168885914,4471.417444300014,-922.6123083517956,-1298.200353017552,4472.361745496544,-84.43668064198494,-11.402485574986262,58.11766670303752
86.6999999999212,-1.4001963239523314,-9.912762438918783,283.2213510130526,1076.988046191275,-1864.8320188627545,4466.089117945344,-914.4765066796895,-1279.3102368057812,4466.8021460151585,-84.27449589424162,-11.491497328996239,56.455228296729786
86.79999999992111,-1.3988644493864888,-9.882796832286664,281.56897173433345,1084.7145861281228,-1884.178779962618,4460.77151008046,-905.7732058588679,-1260.6798656002277,4461.213189066544,-84.49867214183207,-11.580705552506585,54.80954726011527
86.89999999992102,-1.404426247235552,-9.856705177317695,279.93400911091226,1091.8540062672143,-1903.748876273148,4455.47253849628,-896.5955456228276,-1242.2597172862695,4455.581610280476,-82.20234323509234,-11.559259984027864,53.14008476846012
86.99999999992093,-1.4030628080346594,-9.834252626392788,278.2791695071643,1098.45569274058,-1923.5174261698098,4450.182305440075,-887.0199177756975,-1223.9983385750918,4449.91283032558,-78.2877663436386,-11.466175300176852,51.47910896318703
87.09999999992084,-1.4086115851986758,-9.81534398420557,276.641838202568,1104.4569927418543,-1943.4751366019032,4444.908490820977,-876.9743070948978,-1205.958947075807,4444.248312219921,-76.07217544413109,-11.367300826956926,49.90079648526505
87.19999999992075,-1.4072353074660435,-9.800076891159256,274.98460742095,1109.908796782815,-1963.5999826981586,4439.641400910643,-866.3632597108965,-1188.2356051257084,4438.633700465745,-76.74840772038522,-11.275002459433297,48.40509339289424
87.29999999992066,-1.4127862783600933,-9.788104398728645,273.34494014994215,1114.7489761483419,-1983.8790144206969,4434.3884720761125,-855.1845469009764,-1170.8584861636477,4433.067440278548,-77.85900011892574,-11.11730978763101,46.93067064669975
87.39999999992057,-1.4114071624656537,-9.779839094869336,271.68532798820615,1119.0297564307018,-2004.2931538542603,4429.140210598406,-843.5125759680747,-1153.7852472101222,4427.5267081729535,-78.34365027872852,-10.966373198000824,45.399425950687295
87.49999999992048,-1.4169680330154617,-9.774668532598536,270.04331628150607,1122.6897511691543,-2024.8258194152436,4423.903805947164,-831.3198296508477,-1137.0687548473109,4422.017187206188,-79.08696004891732,-10.840763181649088,43.85141608266768
87.59999999992039,-1.4155903902743836,-9.77330930425278,268.38130338145913,1125.7823461465719,-2045.4609613536284,4418.669964178866,-818.6571294574561,-1120.681854857755,4416.524448867828,-79.2840675455015,-10.737473598724355,42.25720788128545
87.6999999999203,-1.4211640003096326,-9.774873399991757,266.7369185096297,1128.2471138990973,-2066.1784048847276,4413.445626246572,-805.4984121995376,-1104.6801845637874,4411.05511959638,-79.80746371436993,-10.654044786147958,40.661147163068094
87.7999999999202,-1.4197884717290161,-9.780375012457442,265.07247091352696,1130.138420575569,-2086.965199915667,4408.221699928415,-791.8916583795093,-1089.0340281722292,4405.597101621241,-79.8642433784921,-10.58543716987071,39.03185207976918
87.89999999992011,-1.4253745506802933,-9.788643091039553,263.4256738560299,1131.3970125656172,-2107.7976295180615,4403.004877391768,-777.8132648443636,-1073.8011494913178,4400.157658290169,-80.2846388087173,-10.52950532698819,37.410784104727796
87.99999999992002,-1.4239994417731123,-9.8009860954321,261.7587498546226,1132.0780521809475,-2128.6659045264655,4397.786271262363,-763.3088900022699,-1058.9492600078097,4394.725966050751,-80.27405224689768,-10.483527616830877,35.76352508290631
88.09999999991993,-1.429595766725874,-9.81594423320393,260.1094958743561,1132.1236720012905,-2149.542829502857,4392.572325759861,-748.3579793632307,-1044.5378332529676,4389.309459423754,-80.64304917645686,-10.446180373029005,34.129512229523634
88.19999999991984,-1.428217923802233,-9.835118943901103,258.4400490578038,1131.589642467196,-2170.4218268731543,4387.354361954758,-733.0040473865744,-1030.5320171361952,4383.8980321991985,-80.59659345135135,-10.416161883303545,32.47262140338751
88.29999999991975,-1.4338210779175735,-9.856757187846672,256.78828963118355,1130.4196914634158,-2191.2722987595976,4382.138577875573,-717.2299023394586,-1016.9926618237657,4378.49908391861,-80.93715438275254,-10.392432809486431,30.831341054625163
88.39999999991966,-1.4324364601073403,-9.882753447078622,255.11627008348967,1128.670006266461,-2212.0909189296094,4376.916506703991,-701.0769090128456,-1003.8824038682112,4373.102971459204,-80.86976830110501,-10.374535600068747,29.1686824313112
88.49999999991957,-1.4380423268626932,-9.911057717609282,253.46195354979477,1126.286115238189,-2232.843775403458,4371.6941028594465,-684.5314139697191,-991.2631938523252,4367.716975583419,-81.19352597385095,-10.361445819809056,27.52275326972495
88.59999999991948,-1.4366463784262848,-9.943858475427175,251.78730815033683,1123.3244285436178,-2253.530821877702,4366.463115057117,-667.6325458781739,-979.0952471544206,4362.331790877235,-81.11331762687799,-10.353297964169435,25.856106430213547
88.69999999991938,-1.4422504630459454,-9.978805542350694,250.13037975542275,1119.7324755325244,-2274.11493267314,4361.2292574104285,-650.370297567085,-967.4413695948195,4356.954541937569,-81.42692649079113,-10.348962533252308,24.206730698749336
88.7999999999193,-1.4408383557967832,-10.018382930708903,248.45305206469016,1115.5666932902172,-2294.599358643735,4355.984497207698,-632.7814438947371,-956.2594708207006,4351.576192639241,-81.33871935737778,-10.34904584591746,22.536908699525853
88.8999999999192,-1.4464359945658503,-10.059937392197034,246.79345373178916,1110.776807297966,-2314.9438726384133,4350.734312219131,-614.8596959800982,-945.6129811030836,4346.203692320743,-81.64624272306754,-10.35225032264266,20.884627946450784
88.99999999991911,-1.4450027863813322,-10.106250421295282,245.1133836964865,1105.419084229642,-2335.1550283876036,4345.470890829197,-596.6393479183004,-935.4576361103185,4340.828234417966,-81.55301127919685,-10.359586635314908,19.211989413655374
89.09999999991902,-1.4505892836254635,-10.154362984013199,243.45105368715105,1099.445634784917,-2355.1896210459918,4340.19947903173,-578.117878640177,-925.8572652892913,4335.456582338709,-81.85697165473874,-10.369549596477217,17.55703243733587
89.19999999991893,-1.4491300229699584,-10.207356292005684,241.7681772800332,1092.9123572050928,-2375.0575013262687,4334.912488259223,-559.3269750097061,-916.765573440874,4330.080135687009,-81.76054391507486,-10.383512210797116,15.881719258693302
89.29999999991884,-1.4547007415004325,-10.261962896420208,240.10304982476072,1085.7739297672533,-2394.7126217067266,4329.614937854648,-540.2679163917924,-908.2465652088052,4324.705465912905,-82.06248407566991,-10.399734429803791,14.224165098183798
89.39999999991875,-1.45321053725885,-10.321566184135532,238.4172986756932,1078.085684254601,-2414.168112315375,4324.299463653133,-520.9696609403015,-900.2520664714307,4319.324165306032,-81.96394842983649,-10.419924621878035,12.546214742281666
89.49999999991866,-1.4587609588781763,-10.382587680567804,236.7493036130309,1069.8050415004109,-2433.3752288693136,4318.970864004824,-501.4373064453068,-892.8460326763983,4313.942610278142,-82.2647745361457,-10.44208841355793,10.886070162339733
89.59999999991857,-1.4572350278606532,-10.448715593852308,235.06060465909925,1060.986569490686,-2452.3503516553924,4313.621999856019,-481.6969680981681,-885.9785702615593,4308.552578476149,-82.16473812879482,-10.468252502885962,9.205469344902172
89.69999999991848,-1.462760794539041,-10.516057779774018,233.38966710236767,1051.5905985804256,-2471.042196067127,4308.257454694435,-461.75756633573866,-879.713360249433,4303.1602502220785,-82.46494268687387,-10.496154072267247,7.542705880381056
89.79999999991838,-1.4611944945340523,-10.588610086762666,231.69794227102835,1041.6707369981211,-2489.470351630064,4302.87031467973,-441.64226760271885,-873.9989559140919,4297.757584966108,-82.36370108362667,-10.528127886473156,5.859416226071412
89.8999999999183,-1.4666914370122524,-10.66216398342712,230.02398231240264,1031.1903829594723,-2507.5811599683993,4297.464955027449,-421.36249709491113,-868.9246678728113,4292.355149880955,-84.39585673491403,-10.652381263955188,4.190922210327204
89.9999999999182,-1.4650802903917726,-10.741025948423477,228.3291482450263,1020.2019910442825,-2525.3973673289997,4292.034686557638,-400.94389062734797,-864.4895145905887,4286.9307838999275,-86.07306858350464,-10.75551958881273,2.500762159184277
90.09999999991811,-1.4705444485006065,-10.820668238202801,226.65208070222369,1008.6721764482135,-2542.8631178020087,4286.583683224056,-380.4061740767499,-860.5601111810894,4281.4592936798035,-84.32313286621437,-10.781508939969555,0.7517355511960431
90.19999999991802,-1.4688841595502111,-10.905711128591605,224.954048522165,996.6520489656235,-2560.004250347741,4281.105479367122,-359.7665594279713,-857.044979172035,4275.9462741109555,-80.58400579183788,-10.768270966529766,359.0057868104372
90.29999999991793,-1.474311796969654,-10.991304701993831,223.27378273079947,984.1115800991824,-2576.762896973402,4275.604055051404,-339.05623757719553,-854.043190595073,4270.432268302569,-78.3883895744492,-10.7595473533253,357.3520169006554
90.39999999991784,-1.4725982649561102,-11.082386386743158,221.57245785849594,971.100347153092,-2593.167913999783,4270.073166395894,-318.2998768090879,-851.6923607408264,4264.958780854699,-79.03921347559174,-10.756951303071649,355.7913411961475
90.49999999991775,-1.4779858801443528,-11.173780965654826,219.8888975120082,957.5918069206241,-2609.159615525123,4264.51660730964,-297.5076534889978,-850.0142549225565,4259.520650038899,-80.04837853400245,-10.686496453190061,354.2613524606839
90.59999999991766,-1.4762152094004184,-11.270746578047289,218.18417952869035,943.6338206108262,-2624.7697887154563,4258.928353350002,-276.6722105418154,-848.9223698539566,4254.094530069047,-80.38854585838979,-10.621746114490236,352.6826037923114
90.69999999991757,-1.4815595437974025,-11.36777939293079,216.4972225670604,929.2034484183562,-2639.9371321358212,4253.312020330069,-255.81802851020407,-848.4716495551868,4248.68444309131,-80.9881885358031,-10.575641065315864,351.09409448070755
90.79999999991747,-1.479728051642611,-11.470462039135747,214.78900512803756,914.3466566075604,-2654.6962663394906,4247.6618003603435,-234.95099755828917,-848.603624091786,4243.277754967019,-81.05650717321528,-10.546504515615458,349.4635805220698
90.89999999991738,-1.485026095858895,-11.572958545045623,213.09854367596245,899.0442155056876,-2668.9844843878473,4241.981139480937,-214.10511410508627,-849.3994711757238,4237.884964224145,-83.22731069357269,-10.620104890679647,347.8306321865404
90.99999999991729,-1.4437157802635108,-11.559724102351478,211.38224594407478,883.3669639477632,-2682.8853717775237,4236.256898995274,-193.30473076876507,-850.8503345612164,4232.482318735546,-84.99751514601674,-10.678368987245628,346.16540012552383
91.0999999999172,-1.3735754582283837,-11.47657515751617,209.6799218094622,867.367923099337,-2696.4775806818616,4230.496057542613,-172.5315398015272,-852.8214490054767,4227.041231262007,-83.29715273188579,-10.664113093090338,344.4342967048639
91.19999999991711,-1.3357444716702949,-11.390997764914621,208.06956817117538,851.0017465849253,-2709.67072959669,4224.741401325148,-151.7763154544161,-855.2188190328933,4221.565264256412,-79.59550065402526,-10.614200605771538,342.70094502450905
91.29999999991702,-1.3511124145090387,-11.31441499137767,206.54279011853805,834.2141638046163,-2722.336775559979,4219.038636077536,-131.0965145215645,-858.1275399378195,4216.096353033802,-77.43502442411489,-10.571595455166184,341.05575548703143
91.39999999991693,-1.3731129494129897,-11.167894796882582,205.02964760577717,817.0167582944242,-2734.446679711142,4213.383762921631,-110.55440088980734,-861.6727445835814,4210.678171678224,-78.12794357374005,-10.538104629646117,339.5018356597443
91.49999999991684,-1.3825130758885502,-11.034696324383619,203.44725534760474,799.4654715752932,-2746.0700890458966,4207.753135963592,-90.16615831306927,-865.8732505562884,4205.305778934011,-79.16953546125315,-10.439483038449207,337.97833125929566
91.59999999991675,-1.3964526905935384,-10.927866107913268,201.84611483933395,781.5553729417405,-2757.14477920212,4202.150783234712,-69.90042085060405,-870.6478624811593,4199.954176599554,-79.53106737675218,-10.347562651688882,336.4043398349189
91.69999999991666,-1.4003496381996037,-10.847874403788135,200.19757542155048,763.3250207851418,-2767.716666771035,4196.562217792225,-49.80772562034052,-876.0662275140834,4194.633881041029,-81.93740783457409,-10.36744177180046,334.8120755781681
91.79999999991657,-1.4103872069479926,-10.786442538675567,198.54961542871854,744.7720575097545,-2777.7214241506695,4190.9926893406755,-29.90780508305152,-882.1142816626735,4189.3182604696785,-83.86371833167856,-10.379843631946155,333.1776960831911
91.89999999991647,-1.4119836158015433,-10.743553386115877,196.86822250595873,725.9312141194217,-2787.2064188035306,4185.430314255407,-10.150805920436147,-888.6645019080175,4183.974156664619,-82.2473053621761,-10.326386204731529,331.47075027292783
91.99999999991638,-1.4203935200871243,-10.711946470542165,195.19719331286944,706.8035302948377,-2796.106318748789,4179.880872266302,9.49382300403112,-895.6261135974678,4178.602611212665,-78.60151113996031,-10.242153649565978,329.75539423208687
92.09999999991629,-1.4209556995215846,-10.694334692630896,193.4992128308901,687.4204202007312,-2804.4701664405297,4174.333819633305,28.951680491708096,-903.0677548458215,4173.246652704469,-76.47552392937365,-10.168278751000472,328.122877503866
92.1999999999162,-1.4285731451357986,-10.684259452183689,191.8160192786204,667.7867174580146,-2812.2322613877277,4168.794931673867,48.134264114951996,-911.0972213952368,4167.952033188173,-77.19625836837695,-10.10626774549611,326.5792424142751
92.29999999991611,-1.4285724490594305,-10.685870432693966,190.10876362011786,647.93066914037,-2819.4433622263036,4163.254458217773,67.02125727762602,-919.7299549274137,4162.7141697596935,-78.25757455972406,-9.981721690441566,325.06593218768165
92.39999999991602,-1.4357286517424193,-10.692834523658508,188.41831357648792,627.8610583072103,-2826.0378446202467,4157.717981409762,85.66149045885477,-928.8937316266129,4157.506497299302,-78.63403291493596,-9.864087097717743,323.5009312320709
92.49999999991593,-1.435373059477259,-10.71015288975394,186.70509924402361,607.6029593814362,-2832.0681112625784,4152.176321950024,103.9901728505635,-938.6452942895289,4152.340739020613,-81.04952223714973,-9.857692909044658,321.9152562254395
92.59999999991584,-1.4422299712002227,-10.731356684947654,185.00964173477564,587.1691536785002,-2837.4689574509875,4146.63480742262,121.99124020963185,-948.9669627934904,4147.190047658149,-82.98032072372575,-9.844585730153947,320.2868171045689
92.69999999991575,-1.4416320569458798,-10.762086695722198,183.29199882197963,566.581482412522,-2842.294292685399,4141.084722873035,139.70549787312012,-959.7845091188369,4142.028258753589,-83.59271705249733,-9.88020413372245,318.5880319234483
92.79999999991566,-1.448284053241318,-10.795637332968456,181.59257160505027,545.8567238335817,-2846.4796242022344,4135.531120447925,157.05663695489915,-971.150516200279,4136.857704542166,-86.02689009229125,-10.049675286542968,316.88661692964473
92.89999999991556,-1.4475126759598096,-10.838197608124796,179.87120001449378,525.0134100915767,-2850.0801960217964,4129.965689183378,174.01263567986933,-983.0588064492604,4131.654012844652,-89.87166889670968,-10.323337354135795,315.15941495434333
92.99999999991547,-1.4540193940336226,-10.88277362000862,178.168266504962,504.07228660028596,-2853.03249388006,4124.39319883504,190.5791684112076,-995.4652045714729,4126.377653112691,-94.35216480189027,-10.72488849423374,313.3830432757101
93.09999999991538,-1.4531183144514652,-10.936051613948587,176.44346528970883,483.04850092735035,-2855.392904950814,4118.8057046060085,206.75237720817688,-1008.3358322544933,4120.987186850935,-98.98037987166113,-11.288597756507258,311.5762816662422
93.19999999991529,-1.4595179891649042,-10.990715530037013,174.73720738726172,461.96671579847316,-2857.0991464491394,4113.2076929071245,222.51987529971714,-1021.6437310412662,4115.440579248914,-103.58234245471205,-12.033570982380851,309.76739753665646
93.2999999999152,-1.4585147138701997,-11.053915981550851,173.0090762048661,440.83862555322827,-2858.2085462985974,4107.591560334849,237.89160096044222,-1035.3476968211276,4109.7005791215515,-106.15111377297258,-12.874428576357925,307.945688208255
93.39999999991511,-1.4648313474512034,-11.117989964754367,171.2995341353981,419.6927436161339,-2858.6602981077526,4101.961512359003,252.92236069672447,-1049.3926323588396,4103.7638923862105,-106.65359501449633,-13.815263910890955,306.1356477571396
93.49999999991502,-1.4637424350532253,-11.190530678817161,169.56807074923495,398.5372522986965,-2858.51246119672,4096.31027035523,267.50009245992794,-1063.817771816903,4097.590283327731,-108.69335252491554,-14.857184488650299,304.438061111511
93.59999999991493,-1.469990399216753,-11.26350941958108,167.85521135410244,377.4044337187881,-2857.7059446619787,4090.6417635270595,281.5808190871134,-1078.6061346343292,4091.15051390065,-109.9769898376331,-15.875969095494215,302.75561379766623
93.69999999991484,-1.4688250134216954,-11.344948026939768,166.12035953283387,356.2989107008157,-2856.299325117914,4084.94902659629,295.2723717427146,-1093.679773251763,4084.4747743770095,-107.58758341577256,-16.814844959786686,300.99860581503305
93.79999999991475,-1.475012202196958,-11.426437673821745,164.4041098625944,335.25663727549255,-2854.235461061495,4079.2357188894334,308.70050489426626,-1108.989553066963,4077.6088611563537,-101.68128560967581,-17.59164901193198,299.2087697542217
93.89999999991466,-1.473774564600889,-11.516420615416987,162.66578294057658,314.27864149980735,-2851.573228883168,4073.4951802229943,321.92961971389957,-1124.5209996969331,4070.586590189901,-94.76548180203916,-18.16562518771935,297.47723129350584
93.99999999991456,-1.4799045791834122,-11.606096563245544,160.94604669471352,293.4044381068512,-2848.257665066198,4067.730807734728,334.8112906190945,-1140.328231657201,4063.4213511400135,-90.37374139311828,-18.564180425346358,295.88452196487316
94.09999999991447,-1.478595662805583,-11.704324123218113,159.20413903739248,272.63143780351925,-2844.3477257975264,4061.9362400101486,347.16598657456666,-1156.4616684612422,4056.140415367377,-89.59159006566342,-18.843918791215735,294.4043527809972
94.19999999991438,-1.4846693168875453,-11.801902321301789,157.48080447143758,252.0025906517074,-2839.7908482861144,4056.114620723194,358.8955996736085,-1172.9537755840795,4048.7501501125666,-89.82831840954131,-18.996847937340327,292.96672191013846
94.29999999991429,-1.4423514844357233,-11.78118034627679,155.7309079413862,231.48765855438415,-2834.695362433453,4050.252153605917,370.12075324195973,-1189.755841094482,4041.2477387960494,-87.59614000140543,-19.019939745249218,291.45159068623684
94.3999999999142,-1.370938381402164,-11.691389071860034,153.99890247106515,211.05009012467218,-2829.1511647258326,4044.3561515908514,380.94419249311625,-1206.8256827746386,4033.649594783932,-83.76640137135965,-18.982912965323447,289.8699419878978
94.49999999991411,-1.3337961468248307,-11.600937682054315,152.36689747070602,190.7411222190745,-2823.0669754989885,4038.4709948508475,391.28099994311,-1224.1789989966842,4025.992149389461,-81.82099128516217,-18.949918483796385,288.31376711581606
94.59999999991402,-1.3517598392313557,-11.521350590223728,150.81966663897884,170.63922289890277,-2816.3233095282035,4032.6434844241176,400.98975224169055,-1241.8281124267323,4018.3146221959146,-83.02966343184103,-18.93654231220435,286.79835118191903
94.69999999991393,-1.3755131011857897,-11.369084369844627,149.27813044031018,150.77652898713572,-2808.914270176937,4026.8681784053656,410.04124390201554,-1259.7666536944691,4010.6074493157685,-84.52255738946945,-18.871271124532868,285.27715149476245
94.79999999991384,-1.3854420928144076,-11.23530101994073,147.65975276738516,131.1260813433443,-2800.9276963863294,4021.1201342161776,418.5793384796448,-1277.9514344405973,4002.8409843766008,-82.8645104193667,-18.724513990940157,283.6738504536624
94.89999999991375,-1.3999225827971187,-11.128517933544286,146.02219222033395,111.73894392030495,-2792.3235744327235,4015.402722931901,426.70353375303927,-1296.3390115565808,3995.0214119300545,-79.33393214603501,-18.549214696752514,282.01402343852163
94.99999999991365,-1.4040345628084792,-11.051483050089743,144.33655084424208,92.59820206787556,-2783.1611025439,4009.701028035924,434.32867759299586,-1314.9249748717639,3987.190986791566,-77.48205271056382,-18.397368321237412,280.3912938979682
95.09999999991356,-1.4145835889485223,-10.991787080511774,142.65321255756345,73.75823209526459,-2773.401316986261,4004.0198768089954,441.3652622067224,-1333.7295850478292,3979.374815034521,-77.07675303219382,-18.193401712923443,278.84273127785315
95.19999999991347,-1.4165007036995771,-10.95303725508684,140.9361137224851,55.1985530605714,-2763.1010307322927,3998.3471368861915,447.92677316728964,-1352.7351095544484,3971.5483823928416,-74.66625215429164,-17.85043422712464,277.29736092801795
95.29999999991338,-1.4255373902756516,-10.92436474427247,139.2308227785366,36.97638503647301,-2752.223724289406,3992.688096053401,454.1114672792267,-1371.9081939347257,3963.710779937634,-70.87499506274807,-17.434967228824952,275.7440956625659
95.39999999991329,-1.4265154720258122,-10.91236112679917,137.49791170005236,19.06780054152717,-2740.8243804116228,3987.0319975124003,459.79608397981946,-1391.247522687881,3955.9304709057214,-69.1384282157492,-17.043890178174856,274.2643381328258
95.4999999999132,-1.4348328172493054,-10.90692297206809,135.78088886276316,1.5325470643097565,-2728.86961971237,3981.384008186406,464.87487507215224,-1410.7705006645153,3948.252079684246,-68.99780211082165,-16.614067928962285,272.87726686843973
95.59999999991311,-1.4352965482927624,-10.916082534846964,134.03891932008926,-15.656692227431469,-2716.412718841464,3975.734208211711,469.4105872747603,-1430.4713077442268,3940.656105173153,-69.1636553893142,-16.17310731196472,271.4734723955519
95.69999999991302,-1.4431855937889135,-10.929750299642299,132.31467074379137,-32.43794136736958,-2703.4238192059815,3970.0874639893595,473.2986938057595,-1450.3302106193382,3933.183057169256,-71.91598732831372,-15.839674418927984,270.0484936800154
95.79999999991293,-1.4433130801509957,-10.956820627973633,130.566682899163,-48.841842812943035,-2689.954424378878,3964.434489649013,476.51233747172085,-1470.3137910895603,3925.8174068307194,-74.29066718474115,-15.501149100283946,268.59728187429806
95.89999999991284,-1.4509123084719215,-10.986967018343382,128.83727634866284,-64.80446942883982,-2675.97843431357,3958.7798012395087,479.19894538694433,-1490.4142809125844,3918.4937764632136,-72.96311247860828,-15.103257390000012,267.06948630595946
95.99999999991275,-1.450799252284234,-11.029761004445215,127.08468053589496,-80.35970083219819,-2661.5454340968863,3953.1146524639967,481.4614094173861,-1510.6128086504586,3911.1969632894397,-69.55358127668369,-14.688872433721809,265.49331698646614
96.09999999991265,-1.4581897603098766,-11.074549397875009,125.35107658765291,-95.44192305027914,-2646.633250896669,3947.4431965993526,483.2058400148099,-1530.882061378229,3903.9866565518887,-67.73939441270979,-14.313015236051378,263.9645154976262
96.19999999991256,-1.4578951504991764,-11.131506580385095,123.59452028646392,-110.08814234160911,-2631.2893758891387,3941.75717275469,484.2933416040578,-1551.2159182879936,3896.9251211125465,-68.97919432573835,-13.984442543393286,262.5082242795267
96.29999999991247,-1.4651286944304984,-11.189606902956594,121.85714669694163,-124.23131764604082,-2615.4956938115397,3936.060370968247,484.69042799226116,-1571.6048986099986,3890.0087389907153,-70.4601689009099,-13.60903304527704,261.0786891282143
96.39999999991238,-1.4646901522372775,-11.25958632969502,120.09690151288352,-137.91145385935363,-2599.2974174753467,3930.3449807281677,484.48645219534876,-1592.038463743014,3883.1978792251557,-71.07205985676006,-13.250374690265248,259.57029032913425
96.49999999991229,-1.4718000249775975,-11.330015525105157,118.35591828688722,-151.06034309128057,-2582.6805942513797,3924.6144333918214,483.6265227083962,-1612.4896297363769,3876.503380713004,-71.89545118533104,-12.91860812722754,258.02917409798727
96.5999999999122,-1.4712410044089783,-11.412164955472845,116.59206324397563,-163.7208464908464,-2565.68797467245,3918.8613449429427,482.171281986903,-1632.9509483957142,3869.9013219299827,-72.10181618644238,-12.60731160748593,256.4253794508539
96.69999999991211,-1.4782479412182856,-11.494177856852726,114.84749084562074,-175.82385264080938,-2548.3098540645,3913.0887955055687,480.064984607744,-1653.3900272555659,3863.405893380967,-72.65635094512656,-12.311812707458493,254.81245587393602
96.79999999991202,-1.4775821592161775,-11.587841082182482,113.08000235496617,-187.41492401352224,-2530.5863419823368,3907.28981065076,477.36739115356596,-1673.8019781217954,3856.997028377697,-72.71850227293271,-12.028714167768003,253.15649804694394
96.89999999991193,-1.4844982442882488,-11.680851875452438,111.33178524648204,-198.42431300005398,-2512.512049567773,3901.467128788993,474.0231951990819,-1694.1507142960913,3850.6900080856744,-73.18054726596692,-11.755522653306356,251.50666106600474
96.99999999991184,-1.4837327362163855,-11.785502015539286,109.560581950215,-208.90011702551922,-2494.124274410968,3895.614172583959,470.0915134827576,-1714.4353001069505,3844.4662094637574,-73.19185711900569,-11.491912398681716,249.8245687189806
97.09999999991174,-1.4905641543885966,-11.889028007642233,107.80862030621968,-218.77222376064313,-2475.4219946959224,3889.7333498806,465.51845531524486,-1734.616073678987,3838.3410165043388,-73.62001481578186,-11.235999046127318,248.15611781279043
97.19999999991165,-1.4473853744488399,-11.87251242602676,106.028616786636,-228.14609832661475,-2456.453516905907,3883.810924677095,460.36278534068884,-1754.695858540911,3832.2965063165816,-73.6117575907736,-10.988680083715433,246.46048976257276
97.29999999991156,-1.3749076315645328,-11.78751260879072,104.26891470050246,-237.1164005214248,-2437.24963601198,3877.8550990561457,454.548246062919,-1774.6200532779474,3826.3566239028455,-75.90862023274052,-10.84364128146757,244.76379093481418
97.39999999991147,-1.3384789480674177,-11.702745790904785,102.61675161299847,-245.5765220524771,-2417.7896229805347,3871.9109792318613,448.08573541059087,-1794.3631058479339,3820.4955664367617,-77.76516427168292,-10.677053740685302,243.04460464437923
97.49999999991138,-1.3588435543611423,-11.629981016693092,101.05000547331038,-253.38020306041952,-2398.056124447826,3866.0253982229233,441.05816172003927,-1813.9439723973978,3814.679956058103,-78.30820599775747,-10.554676537826902,241.26413877612896
97.59999999991129,-1.384152593271517,-11.482172074338587,99.48041830351085,-260.50192521459155,-2378.0713439220676,3860.191439752275,433.4153688535938,-1833.3111755676564,3808.914512964991,-78.92095121541507,-10.469870782566836,239.4935195493478
97.6999999999112,-1.3945204764136931,-11.358655413878877,97.82855612699983,-267.029055731112,-2357.8725838611276,3854.3835005578103,425.2134046098665,-1852.4767827129567,3803.183611786008,-78.87392343949422,-10.407761886200316,237.70509294251707
97.79999999991111,-1.4094576453619598,-11.262742806443907,96.1577452502301,-272.8960239496289,-2337.473725737416,3848.603936640117,416.40565382552705,-1871.3872775194816,3797.496426147026,-79.17047243795359,-10.352512526654156,235.94566557216226
97.89999999991102,-1.413753968209988,-11.19957786776288,94.43849825324376,-278.16083437459764,-2316.9007765878223,3842.837829249117,407.0482597518932,-1890.0592841327227,3791.8407680826367,-79.0099719790527,-10.302499295478299,234.1731652424104
97.99999999991093,-1.4247465337747185,-11.152471450330435,92.72310875442612,-282.7566132264732,-2296.1709555730536,3837.089197793359,397.0986668369523,-1908.4371421895776,3786.226895698983,-79.26712618315979,-10.249482864115578,232.42914173037045
98.09999999991084,-1.4269391605665458,-11.128805461219716,90.97366789972939,-286.74188271763114,-2275.3058412456508,3831.346063171184,386.6126840879291,-1926.5414272375601,3780.643271178335,-79.11250545216222,-10.198333202324374,230.6690672485013
98.19999999991074,-1.4365110818918205,-11.113923009094188,89.23724399012009,-290.04991191870147,-2254.326583940336,3825.6128382718475,375.5517061458943,-1944.3142230086237,3775.100051947117,-79.39206530324412,-10.143065486574388,228.93439702590427
98.29999999991065,-1.4378340243573333,-11.118405765213058,87.47259911766626,-292.7400924525482,-2233.2508026746686,3819.878954742882,363.97067438315975,-1961.7797594065576,3769.585702599335,-79.26488539390166,-10.090471338560137,227.18078529990356
98.39999999991056,-1.4467359682781198,-11.128322912357435,85.72475389700293,-294.74659557901737,-2212.1037875238385,3814.148606449619,351.8348479440098,-1978.8779044205016,3764.1099829544128,-79.57425230161707,-10.034731494246625,225.45033610272895
98.49999999991047,-1.4475727382420076,-11.155701370749766,83.95119184107998,-296.1297262296997,-2190.8993140630714,3808.4121082910033,339.1978821342357,-1995.636373410591,3758.661309569228,-79.47314808111751,-9.983238190148422,223.69913938473542
98.59999999991038,-1.456061923403424,-11.186527703520586,82.19610499946967,-296.82505872330154,-2169.666820858624,3802.673268087843,326.0289114141482,-2011.9929519195155,3753.248983655432,-79.80787809760986,-9.929773103085811,221.96980603161384
98.69999999991029,-1.4565663322768823,-11.233706934813807,80.41644081888755,-296.8937016104493,-2148.4162380032963,3796.9230978145392,312.3799849586163,-2027.9787164741242,3747.8614474689603,-79.72735228401307,-9.88202190516131,220.21871423322355
98.7999999999102,-1.4647624674226487,-11.282902118587964,78.65602916066227,-296.2730101405659,-2127.1810847109437,3791.164981599784,298.22418257331196,-2043.5295577986524,3742.5075373095724,-80.08156761744449,-9.833241520648716,218.4887851492894
98.89999999991011,-1.4650167943292172,-11.347733968016605,76.87156755767549,-295.0247105777974,-2105.967414685003,3785.390542957458,283.6116850343067,-2058.6798002466294,3737.1758035241246,-80.01639183296325,-9.791371973497418,216.73654618772943
98.99999999991002,-1.472990465672042,-11.41346064838603,75.1067177107934,-293.0882559985213,-2084.812724682381,3779.6027388348434,268.5196114113021,-2073.3636598817343,3731.874622035545,-80.38508232063687,-9.749135700464922,215.00510049084895
99.09999999990993,-1.4730458077605266,-11.494357630715225,73.31804932083824,-290.52576723085946,-2063.7191607683008,3773.793753767172,252.99604359673964,-2087.618591967363,3726.59271930753,-80.33110304092874,-9.714752329554742,213.25104024075088
99.19999999990983,-1.4808425107526868,-11.57523605509313,71.54914455338417,-287.2790794162087,-2042.7280719684466,3767.9661241684826,237.0222370600255,-2101.3773782663607,3721.3380165782783,-80.71040742917806,-9.680427237682013,211.5175784099931
99.29999999990974,-1.4807315393016407,-11.670992634806433,69.75650140066259,-283.4104664861435,-2021.8376746925223,3762.1125614279777,220.64396305254152,-2114.680478099207,3716.0994688074857,-80.66448260546098,-9.654694580336118,209.76132669504037
99.39999999990965,-1.488380655163847,-11.765961548531873,67.98366622817053,-278.8644100991379,-2001.0930271634938,3756.2351922111334,203.84670319377562,-2127.4594924336425,3710.884547781998,-81.05150432853064,-9.62926272784816,208.02556878795465
99.49999999990956,-1.4881235717309236,-11.875638627676361,66.18709158307237,-273.7030868814236,-1980.4884069430589,3750.32723008512,186.67371936673575,-2139.7577453375984,3705.682476727295,-81.01127324577945,-9.613010950843115,206.2669130893155
99.59999999990947,-1.495643316131701,-11.983857511178195,64.41031126695856,-267.8738753816342,-1960.0724221960593,3744.390405239341,169.11479653447927,-2151.505919481823,3700.5002829499485,-81.40383510461317,-9.597167011345412,204.52869262152453
99.69999999990938,-1.4517134154809248,-11.970830181648134,62.604142118632964,-261.48925415866825,-1939.8072313904265,3738.411038698608,151.21049945190143,-2162.750051252383,3695.327488210541,-81.36750019715788,-9.59097906620014,202.7675015776426
99.79999999990929,-1.3783358235372383,-11.889824967878972,60.81998854061604,-254.64075264316548,-1919.6496190861678,3732.398120322302,132.95497857909294,-2173.4201739200303,3690.170680448386,-81.7639367781015,-9.58520613278556,201.0267101896165
99.8999999999092,-1.342581866949232,-11.809666060564332,59.14971016565326,-247.23415715163,-1899.659026872487,3726.397360968313,114.38592435150161,-2183.5648708659505,3685.0197032464926,-81.73009430659258,-9.589482933182355,199.26289357161662
99.99999999990911,-1.3651004940885687,-11.742508389385916,57.564882389057914,-239.14910981015515,-1879.9253238375568,3720.4555884185406,95.50189863911734,-2193.1137994780674,3679.880710788399,-82.12909695602671,-9.594107702745733,197.5194519439823
100.09999999990902,-1.3917559072507144,-11.598694930027996,55.97021499979963,-230.38325957851387,-1860.4832843476252,3714.564555204472,76.33755124410143,-2202.1179125515723,3674.743886519864,-82.09661513877151,-9.609114719720512,195.75293939115807
100.19999999990893,-1.4024721128156055,-11.484781958312785,54.289325910608035,-221.02802715357402,-1841.2993927880043,3708.698072106627,56.90824938281461,-2210.5035513531143,3669.617097746605,-82.49589105911721,-9.623813162916028,194.00141295485997
100.29999999990883,-1.4177812072314402,-11.398882755610025,52.58995638673998,-211.04491811869102,-1822.4302978944506,3702.8575795837287,37.27963431932385,-2218.374855153122,3664.4843566318186,-80.02698832057636,-9.52189810845065,192.21920766737378
100.39999999990874,-1.4222246069973354,-11.348430272928391,50.84186334290352,-200.49542717665705,-1803.8546336099137,3697.028188695154,17.49295754318121,-2225.8856133357262,3659.335193919915,-74.37933862940912,-9.270699585601223,190.46166456906175
100.49999999990865,-1.433590091995788,-11.31275627449619,49.09891727593879,-189.34253661721368,-1785.6324308050737,3691.2131914365473,-2.434625411546795,-2233.121173611816,3654.1771458060534,-68.49664665643256,-8.912692815091456,188.80340978074142
100.59999999990856,-1.436010827425822,-11.30282554861951,47.32159366041005,-177.6449588689037,-1767.738609515934,3685.4007693727704,-22.539702563537478,-2239.9464567583614,3649.082572523019,-65.97943980519649,-8.516716359915035,187.32624986308284
100.69999999990847,-1.4460322697278083,-11.300420091442408,45.55826572480431,-165.36868818127908,-1750.236021161713,3679.5945472042235,-42.859060047947175,-2246.196414356838,3644.135767493722,-67.19393973859003,-8.127661551423673,185.99073658375508
100.79999999990838,-1.44763819805624,-11.31986758370703,43.76615214078693,-152.570249904387,-1733.0959841686665,3673.7841478481055,-63.3876094370163,-2251.766899178231,3639.37011759401,-68.92390385011625,-7.691896613558799,184.71941183435345
100.89999999990829,-1.457027421369114,-11.343626546634022,41.99158636152147,-139.21936026455245,-1716.3837885584735,3667.972893517149,-84.09711788467656,-2256.7259973113146,3634.748975487757,-69.86938100581868,-7.282344968754408,183.36595899222607
100.9999999999082,-1.4581674383671135,-11.387470434233691,40.19062320423314,-125.37045729987551,-1700.0672088764843,3662.1513328896317,-104.97164052135452,-2260.993162572909,3630.288907054925,-73.12493961571441,-7.009258694209585,181.94013232466816
101.0999999999081,-1.4671541708553373,-11.433688811828723,38.40876330593737,-110.99735376081345,-1684.2136202508973,3656.322330728692,-125.98177451640606,-2264.592476698849,3625.944338138947,-75.70371321367804,-6.727756501454844,180.42982282805664
101.19999999990802,-1.4679628857526397,-11.49895073742828,36.60160413161479,-96.15230484384507,-1668.7873325248272,3650.4771892583194,-147.10640510308878,-2267.6207376435245,3621.6679794422153,-76.73456269173292,-6.511612373374456,178.80451045847775
101.29999999990793,-1.4766521385270124,-11.56514691562454,34.81425834496433,-80.81345141038759,-1653.8574804014895,3644.618288650954,-168.31972957519292,-2269.9712018899386,3617.4717141193005,-79.79626014782778,-6.456909302613043,177.1466957736464
101.39999999990783,-1.4772013492197715,-11.649699306569294,33.00212978449177,-65.03069634273065,-1639.385021550126,3638.7376060099036,-189.59431207889162,-2271.6421687714374,3613.321706594682,-82.0737419078399,-6.4097374807728755,175.44373813391277
101.49999999990774,-1.4856554783388491,-11.734025017040002,31.210127964736817,-48.78667101367317,-1625.4405404306497,3632.8370410579655,-210.9202328486776,-2272.7296049842735,3609.1839195337147,-82.7989308031565,-6.43081090011314,173.66786822331872
101.59999999990765,-1.4859900328302709,-11.836248975929957,29.393574174913784,-32.12873043662253,-1611.9817818731087,3626.9091978939236,-232.26749687513558,-2273.166288139088,3605.055362756226,-83.51821205457898,-6.497403916287028,171.9015076458543
101.69999999990756,-1.4942495469015682,-11.937274906748106,27.59726087640861,-15.044118820104401,-1599.0804761928648,3620.9555086773635,-253.62819803767448,-2273.010837588529,3600.923270372871,-83.5310523210319,-6.592385734872151,170.11860960528574
101.79999999990747,-1.494398111975516,-12.055903655472171,25.776477090443308,2.4225581883385847,-1586.691315219128,3614.9691706758053,-274.96879501205296,-2272.198214528083,3596.790364864639,-83.87714048370157,-6.6919347988662565,168.36716383040383
101.89999999990738,-1.502489215825792,-12.172496085095942,23.97594216502475,20.27934917692578,-1574.8868715831902,3608.951164874974,-296.2854701004505,-2270.788601979184,3592.6482738558057,-83.75994706157395,-6.798602208943432,166.6036294619729
101.99999999990729,-1.4577747182173748,-12.166794758753687,22.144410826244602,38.46422903740788,-1563.5636655947014,3602.888163266176,-317.5410627921162,-2268.7200544673815,3588.501037590766,-84.06164497038331,-6.898770417097981,164.8698905044929
102.0999999999072,-1.3835039181860485,-12.093354450794202,20.336309534236438,56.9353989045775,-1552.6282693456951,3596.7901202779144,-338.7356132007977,-2266.053900591107,3584.3412247144374,-83.9505571734888,-7.002875448309276,163.12011031129458
102.1999999999071,-1.3483467904642916,-12.02048966727651,18.646948700896985,75.7263967765375,-1542.1894841858486,3590.7031139774504,-359.8283561439101,-2262.7311629500764,3580.172765917808,-84.27610902215197,-7.099864446946618,161.3962567877348
102.29999999990702,-1.372845887228218,-11.961224415818918,17.042657579924956,94.87003944987619,-1532.3965337974792,3584.6737054501177,-380.82314926299284,-2258.8136824052235,3575.988405268863,-84.19301551450017,-7.202240219388619,159.65299599750827
102.39999999990692,-1.4006704881514584,-11.824312433598147,15.42307117634246,114.34409614552915,-1523.277731057244,3578.692364934898,-401.6757041502548,-2254.2453368495944,3571.791624975792,-84.54838418478056,-7.298987429127134,157.93306699018626
102.49999999990683,-1.4116123112909162,-11.72293411720435,13.71417059870455,134.0999266223735,-1514.7465899240792,3572.7325819178764,-422.39368827720017,-2249.087985680895,3567.575284303263,-84.48978613954831,-7.40316099537759,156.19176998977446
102.59999999990674,-1.4271788372356744,-11.649693014869548,11.987400729451775,154.12898907353687,-1506.872587939978,3566.7948669692696,-442.92940534314255,-2243.2883878522443,3563.3423597013652,-84.8682280793365,-7.5031805840418135,154.47237373286958
102.69999999990665,-1.431683716367239,-11.614416889313581,10.211648275981203,174.3978701298949,-1499.5984851976075,3560.8645348265204,-463.29432052710945,-2236.9080525323575,3559.085904153639,-84.8265855351328,-7.612346711484191,152.7305829748532
102.79999999990656,-1.4433226275861126,-11.592431237729095,8.442172728223497,194.89457779443015,-1492.9953644173902,3554.944129928023,-483.4374709266435,-2229.8967371065664,3554.808397750345,-85.22032590597362,-7.71841323731752,151.00994877855936
102.89999999990647,-1.4458840120716758,-11.59837423679488,6.637957171049244,215.5904106900852,-1487.004920571395,3549.022141476792,-503.3740958270914,-2222.315302745034,3550.5031713162125,-85.18887140852222,-7.834914245835397,149.26639935877608
102.99999999990638,-1.4562501294810009,-11.610399653366855,4.8485736956512735,236.46906590249407,-1481.6983745526277,3543.1013931910516,-523.0501288263357,-2214.1166667089246,3546.172232294798,-85.59155289102124,-7.948955057132615,147.54362041865477
103.09999999990629,-1.4580449433501623,-11.64664249669275,3.029842565425763,257.50600397118257,-1477.016052196621,3537.171834149051,-542.4845462270662,-2205.3607802008673,3541.809253495771,-85.56507593450216,-8.07435311504205,145.79765731513095
103.1999999999062,-1.467811811235294,-11.685874383233243,1.2293013940150606,278.6803170858679,-1473.0285402633704,3531.235916375676,-561.6203595069113,-2196.0038976482356,3537.415795367351,-85.97195704761403,-8.19760282033833,144.072254272841
103.2999999999061,-1.469157432712693,-11.747676788463083,359.40171181754897,299.97151933296357,-1469.6747823528465,3525.2845474128844,-580.4802304365022,-2186.1048162054713,3532.9859162902417,-85.94663663978157,-8.332858369177176,142.3235155833751
103.39999999990602,-1.478530478410431,-11.810568858516069,357.5937655170216,321.35405089727846,-1467.0242019796137,3519.3196650977434,-599.0044452163688,-2175.6233059114725,3528.520754639724,-86.3542920381418,-8.466036858255903,140.59520810667047
103.49999999990592,-1.4795450033226358,-11.895049353351778,355.759837859876,342.81150651056714,-1465.014494124672,3513.332976183057,-617.2192846489575,-2164.6167756498276,3524.0147816096933,-86.3273647054619,-8.611673213537056,138.84346298423253
103.59999999990583,-1.4886167051539003,-11.979166109693411,353.9462018753078,364.3137190330292,-1463.713504489979,3507.32588684662,-635.0625199029031,-2153.0486833383593,3519.468737496078,-86.73334029506422,-8.755132065058925,137.11205487800436
103.69999999990574,-1.4893630455286397,-12.084210987587152,352.10709170357666,385.84842340979384,-1463.0578876662491,3501.29083035712,-652.5639694694248,-2140.9748221166187,3514.8775214678767,-86.70280147163237,-8.911362692145476,135.35712292146155
103.79999999990565,-1.498188778212921,-12.18769093832162,350.2885402896231,407.38093312112534,-1463.113554118274,3495.2286922641547,-669.6591116541927,-2128.362500199309,3510.241499090302,-87.10533171323797,-9.065193813750874,133.62244557840154
103.89999999990556,-1.4530181675514453,-12.168485803687156,348.43885529958413,428.9174179211216,-1463.7582126882487,3489.1251795345875,-686.381206638044,-2115.265673432132,3505.556003959188,-87.06970794814187,-9.23201435394164,131.86415747193746
103.99999999990547,-1.3782186647326629,-12.082778679208745,346.61440657151513,450.4755358772694,-1464.889637473817,3482.99004851785,-702.6636728601037,-2101.655650964988,3500.821049895457,-87.46750738358513,-9.396127048917903,130.12604253295862
104.09999999990538,-1.3438114891319397,-11.998760515873563,344.9110113462684,472.021648469789,-1466.6185996406568,3476.870712303731,-718.5431019444165,-2087.584335892552,3496.0324050727936,-87.4256936202334,-9.57337977997634,128.36422119926286
104.19999999990529,-1.370262374444805,-11.930420596613795,343.2922040563579,493.49836384567794,-1469.0893256082036,3470.8147896085475,-733.9510954138025,-2073.02717603195,3491.1897544747712,-87.81781028882803,-9.747554215578374,126.62248765007736
104.2999999999052,-1.3992977863666927,-11.784430945450554,341.65584784651224,514.8703452006869,-1472.313110136904,3464.811636406535,-748.9274523331717,-2058.0338129322367,3486.28929643482,-87.7689573948854,-9.934972506517845,124.85693950983396
104.3999999999051,-1.4106154066595251,-11.678732689220634,339.9277570001181,536.1455315261491,-1476.1894928441566,3458.833472866273,-763.4022094550915,-2042.5839571385686,3481.3304100265414,-88.154672345817,-10.118896431254202,123.11138786318935
104.49999999990501,-1.4265881613352192,-11.601447734725095,338.1821900932465,557.2767842703253,-1480.7723313109755,3452.8804131239176,-777.4182360579905,-2026.7247872286791,3476.30971594812,-88.09811080515415,-10.3161352168661,121.34189905209084
104.59999999990492,-1.4313345605826693,-11.564328169146712,336.38712855008777,578.2684007424099,-1485.9944536584478,3446.937309115854,-790.9042647581724,-2010.44038626051,3471.2263104483964,-88.47687020648299,-10.509429116755742,119.59230900138323
104.69999999990483,-1.443395362611099,-11.539593593894558,334.5991712011144,599.0694118942974,-1491.909074000966,3441.006468333185,-803.9060851448731,-1993.7752765148662,3466.07722618601,-88.41205891124729,-10.716085811438344,117.81864402371778
104.79999999990474,-1.446266811059989,-11.544848884766088,332.77597520559954,619.6887697015773,-1498.4507564877863,3435.076040171814,-816.3513941245341,-1976.71800853754,3460.861299825812,-88.78342856526645,-10.918320218795612,116.06477380862867
104.89999999990465,-1.457114326237786,-11.555401800895975,330.96828385770084,640.071751357142,-1505.670331617914,3429.148544044411,-828.3443906769236,-1959.3322850626794,3455.5714804446193,-86.2044708393527,-11.00499670644599,114.27285791998439
104.99999999990456,-1.4592613259024227,-11.592429057893325,329.1306698606095,660.2316597226592,-1513.5035434449974,3423.2136311481536,-839.9782721129932,-1941.6619469891184,3450.221748546955,-81.9603782593651,-11.018560836955407,112.49867779392198
105.09999999990447,-1.469538191828153,-11.631784402855223,327.311813741505,680.1102145357137,-1521.9980194203113,3417.2733631179663,-851.128952145357,-1923.6647880680391,3444.8542825641543,-79.92008830453999,-11.018758196665274,110.84545536053326
105.19999999990438,-1.4712534727868132,-11.696083190083936,325.4653217432475,699.7249867774755,-1531.0906238604603,3411.318400964025,-861.6395290850872,-1905.3014285300037,3439.510190797332,-81.22632167342606,-11.022741582481604,109.27663469810095
105.29999999990429,-1.4811463748320346,-11.760851228148844,323.6389891985079,719.0144096078636,-1540.8253050086582,3405.3502136509896,-871.4841113074657,-1886.593616075277,3434.1798479709955,-82.73682889859772,-10.95553415459171,107.6814887577494
105.3999999999042,-1.4825353634932426,-11.849637911294675,321.7861066708399,738.000268524294,-1551.1401857829146,3399.3603226334276,-880.7512252802148,-1867.5924405490039,3428.8412456106576,-83.32356122928954,-10.923106709006515,105.99151449497684
105.4999999999041,-1.4921270784161231,-11.937436161274968,319.9540005551527,756.6179935981164,-1562.075206341089,3393.3495932371084,-889.3715665564403,-1848.3039307554739,3423.493153242052,-84.1594872457513,-10.919383574646535,104.2786662872987
105.59999999990401,-1.4932456542665011,-12.048621184566587,318.0958793658931,774.8935143533184,-1573.5699664759848,3387.310339688203,-897.4034265592595,-1828.7628133510018,3418.1238108964476,-84.37301473467883,-10.952204278846057,102.51395142076086
105.69999999990392,-1.5025858693013574,-12.157589334893828,316.2587755678456,792.7595455044807,-1585.660142090493,3381.2428397245735,-904.7752464853962,-1808.9782918624198,3412.734043458769,-84.97261650517058,-10.998583856323341,100.75249034686607
105.79999999990383,-1.5034690470968144,-12.289509509476664,314.3959125376776,810.2460677209433,-1598.287059939773,3375.140156927088,-911.5460285143145,-1788.980292055394,3407.31520424341,-85.06233848902934,-11.070600631863979,98.95511830056861
105.89999999990374,-1.512590253180413,-12.41814475308239,312.55411354858103,827.2833741509132,-1611.481917934386,3369.002004402602,-917.6436580689275,-1768.782165274025,3401.868620255354,-85.57810143566851,-11.148215337862545,97.17090346462089
105.99999999990365,-1.4664689493252077,-12.422864216118752,310.6786698109586,843.9536031355842,-1625.150195052039,3362.8154939491064,-923.1283553571188,-1748.4096711692155,3396.38706431492,-85.6151707312122,-11.24700516298746,95.35710388944742
106.09999999990356,-1.390675836687862,-12.36027217797181,308.8294658140528,860.3350474541992,-1639.221276205695,3356.5921471834663,-927.9283412110032,-1727.8806718359242,3390.8717393612624,-86.08938213985125,-11.347807188954018,93.56051661907017
106.19999999990347,-1.3567200864196074,-12.29673337568872,307.10433067639246,876.3298366328755,-1653.7638781155258,3350.3789329048186,-932.1051643178564,-1707.216917628018,3385.316295873928,-86.09487426669996,-11.467660391888066,91.73703441123362
106.29999999990338,-1.3512966308751722,-12.141371965653713,305.470460082998,891.8402192215509,-1668.8301109768418,3344.2106846894058,-935.5879604222356,-1686.4408706175923,3379.7216671557785,-86.5416658987159,-11.587354844290417,89.93253032805845
106.39999999990329,-1.3506923395529675,-11.963290452831625,303.8096221100422,906.9108222783015,-1684.3649652581746,3338.0824259344254,-938.4395232749202,-1665.5702677181469,3374.0821896819148,-86.52407715875805,-11.724806540823419,88.10231031926094
106.4999999999032,-1.3626456670132763,-11.768887603229839,302.1579383156798,921.4736963445866,-1700.3883245775658,3332.006720578203,-940.5903383355967,-1644.6321545287549,3368.398506291005,-86.95019999868971,-11.86050107106083,86.29184705838404
106.5999999999031,-1.3677664143564074,-11.600365047369475,300.45927906614884,935.5733491764533,-1716.8484484045052,3325.968874114332,-942.1042654830198,-1623.6402047447284,3362.665543830228,-86.91425182942798,-12.013074715201341,84.45616160675544
106.69999999990301,-1.381741785956189,-11.440863983040689,298.7678006033203,949.1378462518028,-1733.761669035074,3319.976303044832,-942.9135047726447,-1602.6259822157658,3356.88366303792,-87.3238563316748,-12.162619789645408,82.6405537196803
106.79999999990292,-1.386736066209882,-11.316420348247659,297.03476838598976,962.2136125763928,-1751.0798970703825,3314.0136639771226,-943.1422440941212,-1581.5868227087162,3351.0422241224796,-84.70214060755085,-12.194994999110945,80.78963651222028
106.89999999990283,-1.399968774478492,-11.202675371725917,295.3147567016972,974.7263709113577,-1768.8154615519754,3308.086817713532,-942.8945422279783,-1560.5082901508956,3345.153213103974,-80.4090710575256,-12.15508664961393,78.96084503454183
106.99999999990274,-1.4040547370498844,-11.12295110975096,293.55897648157344,986.7251639889912,-1786.9237545535138,3302.1815671044233,-942.0560711459968,-1539.4199883960828,3339.26128725839,-78.39515538758755,-12.104456595388058,77.2538606382781
107.09999999990265,-1.416355652439446,-11.050957753569667,291.82063038463605,998.1342458673713,-1805.4126761015464,3296.3029023861677,-940.4778473635891,-1518.3737990503419,3333.4112938812286,-79.80400650492247,-12.061735903164049,75.63387704229775
107.19999999990256,-1.4196519132123149,-11.010574572285314,290.05021434391057,1009.0053855569189,-1824.2410238290709,3290.437893176374,-938.1475649801989,-1497.403587133197,3327.593637250972,-81.36781633999776,-11.948001782854694,73.99418719153995
107.29999999990247,-1.4312252530642964,-10.974740322198851,288.29982219145086,1019.2619537918117,-1843.411995801522,3284.5907493311765,-935.1673376805127,-1476.5042227852803,3321.783300430781,-81.95111560954552,-11.872394760910705,72.26353960390148
107.39999999990238,-1.4339358908418764,-10.96850178427134,286.51949592055183,1028.9583679312507,-1862.8878263491822,3278.7496742800176,-931.4807984866687,-1455.7200588871292,3315.980547866723,-82.78535938081261,-11.825350508713106,70.5154041916033
107.49999999990229,-1.444983838006831,-10.9641688541967,284.76059505282916,1038.0175801270832,-1882.6668552350704,3272.9180970389307,-927.1560663562368,-1435.0485713884264,3310.1720224242035,-82.98639584019999,-11.815499128560988,68.71824178331322
107.5999999999022,-1.447270386602863,-10.988013756526714,282.97296808159837,1046.4964972984856,-1902.714848971432,3267.085228618026,-922.1372214356863,-1414.5379802470936,3304.360246873471,-83.58656024071736,-11.817737726975468,66.9280178230376
107.6999999999021,-1.4579425963695152,-11.011663548401357,281.2074847178689,1054.3180568427022,-1923.0252070567049,3261.253713215688,-916.4907091999864,-1394.1811227452538,3298.535019241405,-83.67078648439552,-11.846160058379626,65.10297738392207
107.79999999990201,-1.459918427305092,-11.062577117980759,279.41396379589565,1061.5414522477781,-1943.5673524838658,3255.4136794186506,-910.1628082281953,-1374.03003757511,3292.699317795977,-84.19414461323406,-11.878940209352349,63.293380332935946
107.89999999990192,-1.4703184524308957,-11.11161993391645,277.6429225950131,1068.0899776466772,-1964.3297100666557,3249.56698912839,-903.2188659521977,-1354.0732360524169,3286.8443166712495,-84.2319243209463,-11.933808190362269,61.454246819946036
107.99999999990183,-1.4720597908861437,-11.187392664863111,275.8442441776279,1074.0248832477353,-1985.2854911465104,3243.704627795899,-895.6081917770058,-1334.3664128863359,3280.9727898076417,-84.71930835774313,-11.989736469979864,59.63386681533108
108.09999999990174,-1.4822569827643488,-11.259928624737153,274.0681664784816,1079.2701742137526,-2006.4181447823303,3237.82768303307,-887.395107131808,-1314.8938433640026,3275.0767606878076,-84.73031283847169,-12.06592869689383,57.786138221217186
108.19999999990165,-1.483813257739297,-11.358935590991605,272.264689754125,1083.8889099848564,-2027.7047986500397,3231.9279566007617,-878.5324368880401,-1295.7146366505424,3269.1586503735425,-85.19470920891541,-12.141212243060886,55.958579176270696
108.29999999990156,-1.4938525072817248,-11.453556651336223,270.48381019698076,1087.8061517253384,-2049.1239514379367,3226.005773833403,-869.0833459781798,-1276.8088840315695,3263.2111580829624,-85.18657544717742,-12.235696650238596,54.1046367139926
108.39999999990147,-1.495254161823972,-11.5745836790724,268.6756753564926,1091.08650805255,-2070.6567652020235,3220.053725575456,-859.0045112140402,-1258.2388503377576,3257.236328571117,-85.63401068963877,-12.327817708826359,52.27148877471559
108.49999999990138,-1.5051631003705275,-11.690222392350925,266.8900583413021,1093.6564355613136,-2092.276836924334,3214.071389992431,-848.3577284894585,-1239.9805062505573,3251.2274549901636,-85.61088843508504,-12.43844895460562,50.41237628336393
108.59999999990129,-1.5064272567818147,-11.83233594568994,265.07727123555435,1095.5818223437989,-2113.969467843641,3208.0521283328,-837.1037913386969,-1222.0990064048415,3245.186210917318,-86.04499384258347,-12.545551480371076,48.574317329539134
108.6999999999012,-1.5162214640923182,-11.968153898065715,263.2868729053532,1096.7908558071342,-2135.70342379049,3201.994789284888,-825.3028810826428,-1204.5662834594195,3239.106431939605,-86.0095068973999,-12.670713908902142,46.71044750036084
108.7999999999011,-1.468864973860301,-11.976399308326487,261.46031319747755,1097.4125645777144,-2157.4798373423578,3195.887052200389,-812.9201318582452,-1187.4501080318269,3232.989433174789,-86.43266310951269,-12.791376347109932,44.867710462629645
108.89999999990101,-1.3917165679255579,-11.920340194528654,259.66110113011183,1097.5535992110492,-2179.312044673976,3189.740607190606,-800.0541473926531,-1170.6718851323592,3226.8224216764484,-83.74539742808099,-12.79166773047899,42.991118556629004
108.99999999990092,-1.3589368209627017,-11.867631301685385,257.99384319871626,1097.0624363497484,-2201.1647868814525,3183.6077790356667,-786.7795656947708,-1154.1557229911698,3220.616187822014,-79.38382029943138,-12.719707563644247,41.14035694084453
109.09999999990083,-1.3552962674718716,-11.719194114514746,256.4122497473997,1095.8167250833194,-2222.993518437347,3177.5266253394484,-773.032519394722,-1138.0043495380762,3214.421444821197,-77.39359264684222,-12.63766191043543,39.409764803407676
109.19999999990074,-1.3561207399317747,-11.551725231186944,254.78202277275707,1093.8947747178045,-2244.7952223925595,3171.4910601282745,-758.7634814424424,-1122.3181910497997,3208.2764562881916,-77.0219985632926,-12.46590017688384,37.770441717944
109.29999999990065,-1.3696232102755117,-11.364334666332716,253.14422374846518,1091.2388565110643,-2266.5303710828043,3165.511773206592,-744.0173046629299,-1107.044133859897,3202.1722922221097,-76.93593836938003,-12.270000306986473,36.11325568432127
109.39999999990056,-1.3758539028846635,-11.207178564408554,251.444161647761,1087.9222651805815,-2288.19839910069,3159.573100639066,-728.7683486876905,-1092.2465069406228,3196.1223820902946,-77.55509921661013,-12.059895365416152,34.468635559550016
109.49999999990047,-1.391239962337134,-11.056084562762264,249.74296765515527,1083.885669576564,-2309.754275843066,3153.6806718059242,-713.0682396777498,-1077.881132020732,3190.111166911036,-77.7935941870405,-11.872269523483226,32.77866411131338
109.59999999990038,-1.3973295434965365,-10.945372593230296,247.99201493820888,1079.1995008177926,-2331.2015182392556,3147.8186305778954,-696.8965740771987,-1064.0181054069383,3184.1477842817903,-78.5208535266505,-11.694520790749726,31.09548594312105
109.69999999990029,-1.412027349918009,-10.84318166582739,246.2505125184988,1073.8052012705575,-2352.4904388786804,3141.991017244792,-680.3035021591953,-1050.6128817971444,3178.216580127633,-78.74348725592787,-11.547549389283677,29.370215882447475
109.7999999999002,-1.4172808851985799,-10.781178381545429,244.46860894686202,1067.7715896377572,-2373.62897502326,3136.1834002111227,-663.2728768260744,-1037.7384322706318,3172.3255096520306,-79.41964769717555,-11.411612811153033,27.65735405416136
109.8999999999001,-1.4311172046855307,-10.725309538049983,242.70278085750022,1061.0422887027578,-2394.563175606687,3130.398773963893,-645.8513949641532,-1025.3475382558115,3166.4600001752615,-79.58335387488718,-11.304982618970634,25.90844767641543
109.99999999990001,-1.4356323654037417,-10.707758837150566,240.90203809687023,1053.6849553446652,-2415.305431681583,3124.624182948509,-628.0272120898592,-1013.5148894504247,3160.627386994046,-80.20075374779134,-11.206117923340228,24.176833880497163
110.09999999989992,-1.4487738123778287,-10.693449917069488,239.1209902420012,1045.64624632804,-2435.7978335554412,3118.8616216948453,-609.8436889666633,-1002.1904759704867,3154.8142562877956,-80.31576305475099,-11.133841132123196,22.41311346358595
110.19999999989983,-1.4527171286381957,-10.715722031353796,237.30811950044782,1036.992726518315,-2456.0572043899415,3113.099470465663,-591.2936010103235,-991.4501277440617,3149.0273908081504,-80.8894759927694,-11.065991137122465,20.669569848812973
110.29999999989974,-1.465329405151355,-10.738658384501413,235.5168227167633,1027.674648233375,-2476.0219682338393,3107.338721578664,-572.4169605280284,-981.241108492205,3143.2543635724514,-80.97028320031934,-11.022541959068032,18.896123719602517
110.39999999989965,-1.4688332259904977,-10.796865668843227,233.69546476813306,1017.757364855781,-2495.713335237048,3101.5689722440393,-553.1981225753437,-971.6877451518394,3137.5101159186515,-83.70772670336798,-11.095998490272951,17.143493134679744
110.49999999989956,-1.481040995114024,-10.853564769826496,231.89660542574157,1007.1951277865594,-2515.0663540786604,3095.790220252168,-533.6656734373688,-962.8092175827369,3131.765759398404,-85.80580172209123,-11.146758890107563,15.353395410832277
110.59999999989947,-1.4841996415718124,-10.944634062910541,230.06872144278765,996.0518663875212,-2534.1065544371713,3089.9931963287204,-513.8801189982423,-954.4468603055784,3125.986774868265,-83.68740819444227,-11.127305338603662,13.480306531828292
110.69999999989938,-1.4960910814057584,-11.032371313119528,228.26373762910367,984.2861462586756,-2552.765903257381,3084.1769213138045,-493.882256608892,-946.5018573905515,3120.179442576027,-79.5259727636718,-11.073135016041869,11.61911345281062
110.79999999989928,-1.498968969773608,-11.15391024154329,226.43036557579765,971.9602167404256,-2571.0741601702757,3078.33320152832,-473.6775238109677,-939.1154979093,3114.3965607887685,-77.5775952789902,-11.023213021685962,9.886501169568472
110.8999999998992,-1.510604328371206,-11.270562658802666,224.6200020462228,959.0372197870063,-2588.9605103238982,3072.4601043776574,-453.2614859000852,-932.4557176998574,3108.687447283343,-79.08674250060568,-10.986452901708997,8.245896749413404
110.9999999998991,-1.5132435861223368,-11.420701199538977,222.78165909653987,945.5774507979811,-2606.4588326620114,3066.5504705411377,-432.6484199445736,-926.5429418370719,3103.037413483894,-80.6515419775142,-10.876446643851372,6.589526821768348
111.09999999989901,-1.5246623975601779,-11.564595353104728,220.96626184631873,931.5488548578259,-2623.4958394522105,3060.6014412384066,-411.85505757368446,-921.273493872533,3097.4143879184785,-81.16916318991964,-10.805638807902982,4.844379578783981
111.19999999989892,-1.4768682297850013,-11.580664078251953,219.11279542016334,917.0481805148327,-2640.1609368165864,3054.600965024838,-390.8992381003776,-916.7164927021765,3091.8184776265743,-81.94766053857218,-10.756685602929936,3.0825286680795743
111.29999999989883,-1.399203194469553,-11.535130334483723,217.28895548192642,902.1462356259767,-2656.5367755792176,3048.562028733775,-369.80250175449373,-912.8050468106231,3086.234335442439,-82.10469878187784,-10.740983500075036,1.2690495610412664
111.39999999989874,-1.368018515696845,-11.495073526801804,215.60371713044282,886.7532986086744,-2672.4918081560413,3042.5367676799387,-348.58891987736473,-909.6409879011768,3080.669926487857,-84.90587952484921,-10.844600878179548,359.45780834877354
111.49999999989865,-1.3661626022595308,-11.355312328837975,214.00001148113594,870.8090769477251,-2687.907665004533,3036.562170070499,-327.290109210807,-907.2009301363248,3075.090349806753,-87.02873320481895,-10.929762685088674,357.5981424501076
111.59999999989856,-1.3681418761847552,-11.202599264041146,212.34135077943105,854.375228400891,-2702.8358838782374,3030.632008821434,-305.91244978240167,-905.3166199510946,3069.4641677297923,-84.90529254114925,-10.950449035716815,355.6656642311473
111.69999999989847,-1.3827895771482563,-11.029775477312906,210.67428175098632,837.4364211841173,-2717.206509613801,3024.75529912329,-284.46342769706376,-903.8843820445068,3063.799387774882,-80.7370723020646,-10.93567510571346,353.75952700354776
111.79999999989838,-1.389741703377761,-10.893351075905922,208.9435249992473,820.048513799035,-2731.0696998283124,3018.9163740726203,-262.9934713704182,-903.0426013715835,3058.1462598930807,-78.78513102817514,-10.92054053227858,351.99539703082337
111.89999999989828,-1.406075551138249,-10.761508833496766,207.2126830008323,802.1988472095921,-2744.350293742927,3013.119137353295,-241.55180824280447,-902.9562594311116,3052.5512781327993,-80.2842748674204,-10.916196085089295,350.3322148350076
111.9999999998982,-1.4128707865014052,-10.675470354373077,205.43145599364982,783.9381670202092,-2757.0996387426917,3007.3479804873973,-220.15836955362195,-903.6408035251162,3046.9996769368263,-81.82587256164442,-10.840828375575034,348.65597765214665
112.0999999998981,-1.4285658642248402,-10.596057277530175,203.66078568239578,765.2577543413461,-2769.2396505461675,3001.605081881431,-198.79610160975048,-904.99199661245,3041.4615755005093,-82.31826663065684,-10.80621730057196,346.89461516870284
112.19999999989801,-1.4346004924400155,-10.56226576295181,201.8491691325658,746.2039774115834,-2780.8239395056344,2995.876393356952,-177.51293258569046,-907.0997358672872,3035.9408534562263,-85.32491436884102,-10.908291757019215,345.1151811091437
112.29999999989792,-1.4495069551679591,-10.532766053616331,200.05452500917406,726.7728661686108,-2791.7727701995864,2990.162854005441,-156.32911313406404,-909.9274110697302,3030.399142753932,-87.53152556433852,-11.001588786496182,343.2746614800523
112.39999999989783,-1.4548612641984033,-10.54720761838882,198.22444088331505,707.0067282035557,-2802.142340713306,2984.4520125122845,-135.22939575661633,-913.3671182520942,3024.8107619692773,-88.14344745006447,-11.177030451006447,341.3667928972837
112.49999999989774,-1.469116287496488,-10.563137861078069,196.41475809306226,686.9067779093638,-2811.852100483186,2978.743613147271,-114.28247122871568,-917.5247322974277,3019.1694161705914,-91.10942880808324,-11.50344993137824,339.4944082078646
112.59999999989765,-1.4739253567030213,-10.621428323042911,194.5727845327896,666.511321532536,-2820.960860493086,2973.026677524367,-93.51619168939483,-922.3815071624902,3013.441525114015,-93.18450623221865,-11.827297653414822,337.59128730515107
112.69999999989756,-1.48766464662657,-10.678654801201665,192.75294501188245,645.8269761656319,-2829.3878820226055,2967.2997672275574,-72.90476741329152,-927.8322253849466,3007.6123949278685,-93.64095359125757,-12.23112273367169,335.64320530578095
112.79999999989747,-1.4920354902084356,-10.77702548070725,190.90266380790212,624.8879789266836,-2837.1944635621885,2961.5532742506894,-52.53007030986074,-933.9740258148669,3001.665658151901,-96.44010107414614,-12.770624626178941,333.7532521829673
112.89999999989737,-1.5053615563815719,-10.872119114313659,189.07532090153833,603.7064474058078,-2844.300195245193,2955.7846016070216,-32.418703153349405,-940.7850621260984,2995.569910581306,-98.3643232101744,-13.301413084636579,331.8369872073943
112.99999999989728,-1.5093704785629865,-11.007500510056184,187.21867168867746,582.3124286817801,-2850.7686542525958,2949.9854386823686,-12.532994265785462,-948.1646444137341,2989.3206209690006,-98.69367425320104,-13.905875528146842,329.88492410861977
113.0999999998972,-1.522356194536661,-11.13769097322642,185.38525105553202,560.7235685259856,-2856.520217584776,2944.152063245264,7.034519533352094,-956.1965934232841,2982.892730143261,-101.38215403613384,-14.63136585412662,328.00274483066227
113.1999999998971,-1.5260550873145011,-11.30761074560293,183.5232580841606,538.9655875186091,-2861.620483903838,2938.277409214023,26.261220462498045,-964.8523789825487,2976.2571602300764,-103.20337493813321,-15.34345916381545,326.0919160834683
113.29999999989701,-1.5387502678862441,-11.470660311260213,181.6844894639547,517.0616414896522,-2865.9910431111584,2932.3566675287607,45.196282462928146,-974.0373823023947,2969.4185073265403,-103.4412683569892,-16.12525820314202,324.15088827374143
113.39999999989692,-1.4903999594841328,-11.506012808396738,179.80488700483917,495.02963133824557,-2869.7647922579467,2926.378988952765,63.767283516544545,-983.7925301534128,2962.351444200665,-103.77290311769413,-16.90766478327622,322.24762445375325
113.49999999989683,-1.4121835661059348,-11.482263541136017,177.95630179871574,472.8713256788067,-2873.0516683762185,2920.359194107792,82.00077322329722,-994.0623628304199,2955.066323303533,-103.42927731878818,-17.701447815300924,320.34237560726035
113.59999999989674,-1.3824165519952683,-11.464633555796821,176.24972448708274,450.6026230647512,-2875.6891734200995,2914.348169007093,99.82257344097897,-1004.8834658935807,2947.5445826674463,-103.48914408668136,-18.458244452346506,318.4688461155868
113.69999999989665,-1.38213896878741,-11.343299662657557,174.62137082626205,428.2543002561742,-2877.5450185245118,2908.381048395163,117.3142263960827,-1016.1613142181255,2939.810136950505,-100.27681810311545,-19.079707712224266,316.52842355127785
113.79999999989656,-1.3851090116289841,-11.21547965984978,172.9338256922507,405.8414554579088,-2878.69986889799,2902.451968230182,134.54124986191286,-1027.8227596060265,2931.9067863680007,-95.36976515636317,-19.59305036834327,314.5936208037175
113.89999999989647,-1.4007383196408578,-11.0672445044941,171.23720143009325,383.3985261025961,-2879.088768177699,2896.568010789022,151.36300993610345,-1039.9489242989794,2923.8574958812774,-93.02196851108894,-20.032192652899166,312.7863442009792
113.99999999989637,-1.4082934256558333,-10.961624098969244,169.47577890366878,360.93674045787327,-2878.7875876499506,2890.71401392031,167.67524249993332,-1052.6152573528077,2915.6692069759283,-92.30348844241072,-20.33567796415553,311.04581905241554
114.09999999989628,-1.4254376979949699,-10.85900294499609,167.71502315939588,338.49608381660704,-2877.7290958442577,2884.8918849522115,183.59051490654363,-1065.7378927984355,2907.3498418235067,-89.10055597146537,-20.464078615738867,309.2376421271861
114.19999999989619,-1.4328269554938806,-10.8077349137377,165.90347606839688,316.08285788641024,-2875.9867835182595,2879.086719317785,199.1940006758464,-1079.2363789962073,2898.929980630696,-84.45251999652855,-20.49813815103197,307.4097950564973
114.2999999998961,-1.4493847163160736,-10.761109872364399,164.1032986632308,293.74213515548655,-2873.493778547289,2873.2985568719746,214.35336351741864,-1093.1794478144263,2890.45902862359,-82.48999246708053,-20.50994806621859,305.68230400415564
114.39999999989601,-1.4560881480068923,-10.765686800843113,162.26187982390985,271.47520497940286,-2870.3224939384604,2867.514153193599,228.96662096005048,-1107.636260188141,2881.9616160382034,-82.22395485264748,-20.423817307568257,304.02438470306106
114.49999999989592,-1.4719358181367872,-10.772597611688399,160.43805742766483,249.33203928770192,-2866.4079675012676,2861.732117760703,243.1528719487904,-1122.5269724801435,2873.420641235125,-79.4290536385438,-20.180520497162536,302.3151364746316
114.59999999989583,-1.4780249314893799,-10.829234325676957,158.57854066097474,227.3089564516556,-2861.821991388421,2855.9408936933132,257.00659535586414,-1137.7715207842234,2864.8459555763843,-75.17600152298544,-19.86718019512267,300.5845950438665
114.69999999989574,-1.4932808238324329,-10.885475645811537,156.73985788798925,205.46061536167176,-2856.5024775603783,2850.1377027453127,270.398697895087,-1153.4241128294204,2856.306390501711,-73.57192967955766,-19.56953498125851,298.9374381225322
114.79999999989565,-1.4988693129894262,-10.990060390381116,154.8686925916108,183.77839086160918,-2850.520647941455,2844.31256805929,283.2263662159192,-1169.5452182166068,2847.8415836886406,-73.66243152257161,-19.204825842184334,297.3749364446495
114.89999999989556,-1.513648597999034,-11.091732915983684,153.01992872870338,162.32137689621504,-2843.8179446808062,2838.461345327434,295.55590264546873,-1186.0950920424941,2839.432682018325,-73.90617661833882,-18.843413592285593,295.76408645287637
114.99999999989546,-1.5188260117061867,-11.240698786120397,151.1406154222171,141.0760316210844,-2836.4648657324683,2832.575550985542,307.26580590285477,-1203.0966060048593,2831.114043645215,-77.18841148370589,-18.605481225829543,294.11924658302786
115.09999999989537,-1.5332161705827978,-11.384532370106403,149.28435760988418,120.10560706188392,-2828.4068736568724,2826.649708945039,318.3408886024648,-1220.5065007387805,2822.8550129607083,-79.68274878402309,-18.347474734526585,292.40146489128523
115.19999999989528,-1.4849882488667896,-11.402760044958818,147.38682697622576,99.35279119994193,-2819.767858128846,2820.671486663586,328.94385175702706,-1238.2476692826701,2814.5943696566105,-77.69985136143357,-18.03671767816885,290.58619479532297
115.29999999989519,-1.406998423521723,-11.366319791805415,145.5217353876967,78.75909054506836,-2810.6429989442063,2814.655163625911,339.1738910656667,-1256.2621573433164,2806.326742919308,-73.64194501167388,-17.71432502505549,288.76880129941134
115.3999999998951,-1.3790529696545208,-11.338781681848145,143.79963211868017,58.4269652678023,-2800.902753661973,2808.652684532234,348.88369931131723,-1274.5787339878123,2798.123142740375,-71.92025966893404,-17.427185284619398,287.0741755622394
115.49999999989501,-1.380662164891643,-11.20682710691871,142.15502217247928,38.45519402168618,-2790.4515552301586,2802.6991235112014,357.95428519139995,-1293.236674203165,2790.0289296618284,-71.78923998390857,-17.073494705241718,285.4829607587764
115.59999999989492,-1.3849169039458133,-11.075102960593265,140.4490554868685,18.81266377541513,-2779.3667530759813,2796.7874968639076,366.4573041945633,-1312.2116112122255,2782.0241010335594,-71.81945341099733,-16.709123515011363,283.85379628283846
115.69999999989483,-1.4018210614999558,-10.924003978295259,138.73470519308998,-0.43487059149750545,-2767.611416697326,2790.9239130008878,374.26737252882117,-1331.5017985121287,2774.1489536203267,-74.87778436011912,-16.453371309566524,282.1984788377817
115.79999999989474,-1.4103071043326303,-10.82146714616772,136.95479857239653,-19.319356932800076,-2755.256645215103,2785.0924157047302,381.370550014397,-1351.0647175901938,2766.3749546036483,-77.21149172805055,-16.165847263125052,280.4792463967732
115.89999999989465,-1.4285692537996757,-10.72166006963589,135.17662068209566,-37.76907435811363,-2742.266682724557,2779.293886045611,387.9407063287227,-1370.8589002312438,2758.6338482615142,-75.09599286932487,-15.810555645826028,278.6701093784627
115.99999999989456,-1.4368830965859571,-10.678553858866419,133.34707216189594,-55.819019783493204,-2728.707941897881,2773.512882475376,394.08676409453295,-1390.8471971894758,2750.915872779483,-70.93923582925706,-15.434337956771126,276.8659703493129
116.09999999989446,-1.4546005013712864,-10.639438636634287,131.52973890717635,-73.39333388169544,-2714.5478768174526,2767.748245453611,399.66338997403955,-1411.0257804525545,2743.298675237194,-69.1819319948785,-15.090844158890544,275.1878772223557
116.19999999989437,-1.4622909047126142,-10.656893559505088,129.67059976537826,-90.53080787743227,-2699.84926456138,2761.9863421301275,404.49774075167477,-1431.41326088799,2735.854208377317,-71.11385248296916,-14.788102504337726,273.59556756114944
116.29999999989428,-1.4793598540690551,-10.676001127718603,127.82967777339864,-107.15245358402574,-2684.583998782115,2756.2243564204573,408.56420086445814,-1451.9958943734546,2728.566161101985,-72.97174275410767,-14.414698284660943,271.9791850104505
116.39999999989419,-1.4864879168856284,-10.750353525431676,125.95257517384958,-123.30105514249533,-2668.8116116366327,2750.4504814882725,411.9686957557852,-1472.7411021803296,2721.387401474762,-73.59988496862991,-14.082272612604562,270.2412949548347
116.4999999998941,-1.5030081872256198,-10.823633051233923,124.09677066799858,-138.89521877373653,-2652.5091495921806,2744.6602839445713,414.6396112427108,-1493.6262050431653,2714.325966745797,-74.47419565331789,-13.772122146365028,268.47620399665544
116.59999999989401,-1.509666760703227,-10.95091099443669,122.20813679282452,-153.98171561658302,-2635.7329377837036,2738.843690567002,416.6462933801515,-1514.6296588775958,2707.356903239742,-74.67542356535486,-13.497330605092262,266.6466665534643
116.69999999989392,-1.5257332349267514,-11.074568198283208,120.34225512376938,-168.47733980343514,-2618.465604797319,2732.9946820259393,417.9155102028645,-1535.7217965267089,2700.492944302279,-75.32453312891651,-13.227684279575522,264.82267475944366
116.79999999989383,-1.5319939373940943,-11.251274624523424,118.44564635770611,-182.43273219733126,-2600.7601345492426,2727.1048474112663,418.51644808779145,-1556.8850942094928,2693.713384485081,-75.43929442745976,-12.985247819667297,262.9533454642499
116.89999999989374,-1.5476778882842226,-11.42207110937511,116.57234577450772,-195.7634016112433,-2582.6050119320385,2721.166628243119,418.37632179910736,-1578.0849329717998,2687.031343622321,-76.04306650726568,-12.743332305359298,261.1014156821989
116.99999999989365,-1.499222318466911,-11.468241901509147,114.65504562990809,-208.58716654215385,-2564.0746524200513,2715.16892417593,417.56468170952814,-1599.3089106539587,2680.4274896624925,-76.1390448334906,-12.527520187328946,259.21195281302965
117.09999999989356,-1.4210989723278318,-11.460738446481386,112.77113755298654,-221.0061134956502,-2545.2178399555883,2709.1275960046114,416.01032225140966,-1620.5173071369466,2673.9143265173793,-76.73187154749806,-12.311007054307401,257.3447737961294
117.19999999989346,-1.3945899519032836,-11.460554141847272,111.03247088743792,-232.85925022133566,-2525.979985783315,2703.0928095522254,413.78332098485606,-1641.702679832777,2667.4733603042455,-76.82289490372943,-12.120653011076582,255.44358200821483
117.29999999989337,-1.3976381330889975,-11.352663192801952,109.36828458306789,-244.00838407997304,-2506.334056719344,2697.097436162406,410.8148198463253,-1662.8202839337885,2661.1162392083556,-77.41271204169678,-11.928828953631822,253.56686603505747
117.39999999989328,-1.4027719461767363,-11.251579931641292,107.6394335681549,-254.52329510525954,-2486.329262058836,2691.134983138937,407.1753327440115,-1683.8676354857132,2654.825186956242,-77.50293124825525,-11.763354482643274,251.65788664906466
117.49999999989319,-1.4205524277870203,-11.130873485208342,105.90147453347426,-264.3270962928055,-2465.970735170032,2685.209512641889,402.79890751323694,-1704.7951417798897,2648.6109209113065,-78.09275910152776,-11.595709241857003,249.77439623022954
117.5999999998931,-1.4296267887063907,-11.064763880876407,104.0972237568236,-273.48690430633286,-2445.3017787548447,2679.3057540951404,397.7562641667466,-1725.6053013393864,2642.45635565317,-78.18414442615581,-11.454661130175323,247.8595784012946
117.69999999989301,-1.4486682652227902,-10.999905819132394,102.29513914735648,-281.9214608793125,-2424.3318900511276,2673.4224715378405,391.9848018516204,-1746.2438940849836,2636.3712453772814,-78.77560916815368,-11.310800911272219,245.97069714335146
117.79999999989292,-1.4575976573844425,-10.997240296613048,100.44158961726876,-289.6978889385982,-2403.098596207646,2667.5450714930266,385.5551464043929,-1766.7184144911548,2630.339197120768,-78.86920977676282,-11.193854396089915,244.05103080939293
117.89999999989283,-1.4761637154818479,-10.996729605798619,98.60073246174717,-296.7332557708087,-2381.616526621221,2661.6701141474964,378.40842930141156,-1786.9702636890813,2624.3689855342627,-79.46316544122368,-11.073518823522464,242.15746448942207
117.99999999989274,-1.4845432556268043,-11.058318644020117,96.71814046779582,-303.0958931497391,-2359.917940096255,2655.7849024201605,370.6148480048641,-1807.0119247374405,2618.4449237266663,-79.55940324451181,-10.980478085531903,240.2334620787047
118.09999999989265,-1.502533498512122,-11.119690083787454,94.85407802207801,-308.7027704278044,-2338.0231108546363,2649.884146460849,362.1196065335037,-1826.7806916225727,2612.5747991393837,-80.15613036192545,-10.883524409459245,238.33557574849604
118.19999999989255,-1.5104051220443555,-11.24199281506454,92.95401247595359,-313.62381481203477,-2315.959253369839,2643.957070354593,352.99212488793455,-1846.294004517933,2606.7436504116117,-80.2549490945488,-10.814293969422488,236.40750703304462
118.29999999989246,-1.5278946193804237,-11.361345784799909,91.07537936524359,-317.7769437951775,-2293.752501559566,2637.9965826431217,343.1819895702478,-1865.4853429412526,2600.958276314181,-80.85428674478388,-10.740661510267037,234.50549179496872
118.39999999989237,-1.5353273936808303,-11.540528501444903,89.16420940247237,-321.23369083357994,-2271.4250542098353,2631.9937579957277,332.75748786427624,-1884.377047024493,2595.204463346708,-80.9552709526329,-10.695208360998157,232.5735038069483
118.49999999989228,-1.5523886714175494,-11.714173011647999,87.27575474552825,-323.91369658408547,-2249.0089428242627,2625.9397510868134,321.672872388229,-1902.8990938649638,2589.48802537466,-81.55673000286238,-10.644880687481685,230.66746421890497
118.59999999989219,-1.5038396949199038,-11.76493295750396,85.3412467442628,-325.95857956348794,-2226.5119088445226,2619.8234969985633,309.9949427832025,-1921.0786406311245,2583.795519711569,-81.65920047482618,-10.6231981051007,228.73164159823773
118.6999999998921,-1.4257515660788866,-11.76422733581332,83.4407822841126,-327.4826250701432,-2203.9266172404,2613.6613863479733,297.6828773302302,-1938.8424924297278,2578.131783618951,-82.2620565004986,-10.596169078849366,226.8216367723596
118.79999999989201,-1.4007578420033837,-11.771511882252934,81.68671395887247,-328.3159255060338,-2181.2845939092635,2607.5031358564765,284.8016372996184,-1956.2225150262734,2572.484167325011,-82.36514775334425,-10.59824608816787,224.88202903934808
118.89999999989192,-1.4053118950018362,-11.669393406694455,80.00510679956423,-328.3229609328672,-2158.6306686167823,2601.3805020738337,271.315562277005,-1973.1426890941452,2566.8565439831436,-82.96851462304626,-10.594492747253955,222.96809086249755
118.99999999989183,-1.4113740322708501,-11.580960046306144,78.2562391038645,-327.5901997044398,-2135.973981081801,2595.286829969305,257.2874313276716,-1989.6394554249175,2561.237076972547,-83.07123487967526,-10.62029072111192,221.02472382508418
119.09999999989174,-1.4300871898360719,-11.473059574296036,76.49824571616415,-326.05220149201335,-2113.3576715544314,2589.2247756023794,242.6869566442984,-2005.6343335695794,2555.6286917289826,-83.67412122823575,-10.63975307871116,219.10686373417394
119.19999999989165,-1.4397989840345333,-11.425760615804206,74.67329653610824,-323.79014909907204,-2090.7868788544956,2583.1791687382847,227.57440036861988,-2021.1681812009483,2550.020382516387,-83.77539794120683,-10.689188766120019,217.1597426407063
119.29999999989155,-1.4596645680763891,-11.37857933028307,72.85115395375462,-320.7370489182117,-2068.3108310834095,2577.1473178557158,211.9250335921456,-2036.1604343495142,2544.414147149545,-84.37674978642083,-10.731755473565427,215.23795233013172
119.39999999989146,-1.4692461643160886,-11.399059770166568,70.97725308209594,-316.9712130866322,-2045.929463033739,2571.1149031142595,195.7962778973214,-2050.656185561807,2538.7998254417093,-84.47546386504719,-10.80468927501337,213.28706062892073
119.49999999989137,-1.4886905771872736,-11.420198596831398,69.11656481337712,-312.4268854032114,-2023.697444103063,2565.076867127073,179.16912382184572,-2064.5731777138167,2533.1785111635536,-85.07419649509221,-10.87018795082863,211.3613095305247
119.59999999989128,-1.4977867469102388,-11.508940986626117,67.21395204241237,-307.18080352776343,-2001.609375749343,2559.020877074763,162.09784164298665,-2077.9605332097435,2527.54090102779,-85.16920793850267,-10.966416290685624,209.40660532468445
119.69999999989119,-1.5167206965172073,-11.595912576482649,65.33018836498259,-301.17012119598263,-1979.7250393235204,2552.9398274760247,144.56927543239777,-2090.7347033318056,2521.8872116057278,-85.76422966797116,-11.05460744507856,207.47683642770576
119.7999999998911,-1.5253625083463898,-11.749469582254408,63.410348462191756,-294.4704404553219,-1958.0337098792286,2546.8234004377573,126.63424799102286,-2102.948613301808,2516.209004302257,-85.85439673509771,-11.173858267592665,205.51824779924715
119.89999999989101,-1.543844797140442,-11.89849813626538,61.512084720276796,-287.02287988464786,-1936.5999400599026,2540.6624942637472,108.28556389147867,-2114.5178339666245,2510.5056484202746,-86.44462654935023,-11.284431947593728,203.5843727096152
119.99999999989092,-1.495357577197089,-11.926401855095069,59.56701807134672,-278.960398503424,-1915.3691440891666,2534.444325788498,89.57031843709836,-2125.498845404494,2504.769574216068,-86.52882007535877,-11.426362560031118,201.62179259996964
120.09999999989083,-1.4174889480127402,-11.906130934902636,57.65669300236863,-270.384114174315,-1894.2848168841813,2528.18437151556,70.48735595375081,-2135.8067571682673,2498.999336522126,-87.11320067759775,-11.55893702886794,199.68368637727974
