time,bank_rad,pitch_rad,heading_deg,agent_n_m,agent_e_m,agent_up_m,foe_n_m,foe_e_m,foe_up_m,foe_roll_deg,foe_pitch_deg,foe_yaw_deg
2755.300000001979,-0.03534818648128328,0.8251995347807909,359.9286840317873,31.96834226538158,0.0009802720256526982,7382.926750710789,3097.004146469928,-1890.9293742538084,7782.251289452979,-2.087746414439161,0.004226513692090812,195.87250302854224
2755.4000000019773,-0.13919578342037675,2.60069750713595,359.72079735189703,63.935132138288054,-0.008922738644839954,7383.183331497422,3065.820725777435,-1899.7704187996003,7782.394547017291,-8.16302263245691,-0.11091704260439658,195.78421822727202
2755.500000001976,-0.2773519450461852,5.075986975338334,359.23433117974446,95.88452499156517,-0.06852412408272932,7383.727343847022,3034.694963826945,-1908.567834795173,7782.620727306703,-17.255373494658425,-0.24942201056963528,195.73342830914248
2755.6000000019744,-0.41153208734015767,7.067492506194012,358.55241707150486,127.82044574245344,-0.23207215676126072,7384.589877877916,3003.6190513951356,-1917.3040655725297,7782.8977067641945,-27.96074594851421,-0.39311711916179953,195.75151357607186
2755.700000001973,-0.541304588279873,8.47005372774058,357.7627402079021,159.7299880393085,-0.5691587552405221,7385.804110876635,2972.582040029099,-1925.9807036349266,7783.165765020678,-36.85057002080476,-0.47447353101532685,195.874868676824
2755.8000000019715,-0.6732274836239629,9.470090172591615,356.88872266427467,191.5963222837382,-1.1477733796027054,7387.375683199981,2941.578020756302,-1934.6156944909185,7783.381421676913,-43.595939614080535,-0.531515725185063,195.96855244248584
2755.90000000197,-0.8091517665310194,10.207518763093447,355.9132061534932,223.4089216431116,-2.024271621717001,7389.27839310312,2910.6059992611736,-1943.1922422131836,7783.549997256616,-49.486689318866084,-0.5513401533025617,196.04621095666153
2756.0000000019686,-0.9494963334935438,10.743050636407782,354.81760130071586,255.16135460531297,-3.24467960763189,7391.468816050727,2879.663884497933,-1951.7239369839972,7783.652425871176,-54.05558380236313,-0.5495820673890792,196.08979936111103
2756.100000001967,-1.0942864587148404,11.094457366275034,353.58864348324795,286.8506890408055,-4.845853596181027,7393.893656526822,2848.7503543738117,-1960.205828692334,7783.68812523078,-57.94996376434028,-0.5284846418574485,196.09962472489374
2756.2000000019657,-1.2433362258723533,11.250095325104287,352.23028448756384,318.4764076662692,-6.856258664507113,7396.493763882494,2817.8636203371466,-1968.6447015202612,7783.650098501426,-61.05284421172491,-0.4971379959194849,196.07235730924396
2756.3000000019642,-1.3963104296105884,11.18392272078222,350.7650846997068,350.03955065077736,-9.296337201586262,7399.206378888676,2787.001694116068,-1977.0367034516776,7783.5390631027585,-63.660078752989435,-0.45849757698829663,196.00886248474268
2756.400000001963,-1.5528942801671861,10.863272515110323,349.2349299410614,381.5420064544101,-12.178359863692338,7401.966289998463,2756.162344194075,-1985.3823037540174,7783.353878646309,-65.77599257064522,-0.4178213999347719,195.91103195966411
2756.5000000019613,-1.6813298684262588,10.328369960688084,347.69025722949544,412.99051459032916,-15.493909676829478,7404.706042030326,2725.343208666219,-1993.6774871020225,7783.09583799466,-67.54414794752945,-0.37711433767166846,195.78062370334905
2756.60000000196,-1.7883665935479511,9.54897229552254,346.2352222573299,444.3969195423507,-19.21075348683566,7407.378944852937,2694.54196220546,-2001.9192061872977,7782.765889585331,-68.9977199032808,-0.3388346351653118,195.62034910780372
2756.7000000019584,-1.897046087765532,8.598029051376358,344.92085700135704,475.74305269671925,-23.359270180174015,7409.929118014304,2663.7561795760394,-2010.1024886655887,7782.365763598646,-70.21205207696599,-0.3040133533136233,195.43230496186032
2756.800000001957,-1.9443985777532058,7.676092657075959,343.87422022460584,507.05417527317894,-27.884915177003133,7412.3293756863095,2632.983319045013,-2018.222233878327,7781.897212446258,-71.21996053067932,-0.2735773980197311,195.21891160583706
2756.9000000019555,-1.942392298530516,6.8578519757819265,343.17368036758296,538.3592061743849,-32.745534963751744,7414.577903047407,2602.2207515433106,-2026.2724459955873,7781.362240899968,-72.0641343398857,-0.2478409437916453,194.98207306828806
2757.000000001954,-1.9012855359044716,6.092592498016686,342.4492589660719,569.6322635413778,-37.946847645275845,7416.661790445453,2571.465881920513,-2034.2468385282473,7780.762878488195,-72.77012038741678,-0.22709930012415458,194.72404123833246
2757.1000000019526,-1.8268365302764544,5.410325390675054,341.62240786449377,600.8413662072753,-43.508608230613525,7418.57667850923,2540.7167619689817,-2042.138886183861,7780.101105055797,-73.36410028769075,-0.21223529215004014,194.4489849852588
2757.200000001951,-1.7226389605209165,4.915496949354206,340.9044006937014,631.984948660648,-49.45937118135842,7420.335932043422,2509.97180821145,-2049.942008503942,7779.378827710659,-73.86424112252965,-0.20321385520860388,194.15886297938252
2757.3000000019497,-1.591297017902987,4.622654647655528,340.3003401994382,663.0621476592888,-55.821405522060196,7421.968761591313,2479.2294945637495,-2057.6494906490616,7778.597942779389,-74.28663857523343,-0.1997016682876722,193.85494742995166
2757.4000000019482,-1.434342151469367,4.526931080162275,339.7504411311696,694.0423894941293,-62.5935816741775,7423.5160504552605,2448.488368296828,-2065.254599886026,7777.760307646573,-74.64384639926614,-0.20141450955686163,193.53868991670402
2757.500000001947,-1.282282132684279,4.574540331758429,339.2127018429661,724.8969061765866,-69.77338338910103,7425.033664674756,2417.7470595880427,-2072.7506155054125,7776.867737165549,-74.94654987746529,-0.2079516615199733,193.21110392132914
2757.6000000019453,-1.192682216155097,4.720967502695293,338.6393802934128,755.6044415713003,-77.40196156478393,7426.59091747335,2387.0042917650935,-2080.130892381003,7775.921991583846,-75.20338494953566,-0.21893780544916785,192.87320387616606
2757.700000001944,-1.189968213401866,4.947525600511671,337.97980167491374,786.1297528798101,-85.52167415263266,7428.244617833519,2356.2588877250214,-2087.388889191811,7774.92477403265,-75.42160286371438,-0.2339617582526179,192.52575979062487
2757.8000000019424,-1.2541413000151223,5.2000846674812555,337.21720801244857,816.4411344328436,-94.17140982775513,7430.017030244968,2325.5097753478426,-2094.5182025500076,7773.8777263607835,-75.60717624912789,-0.2526339495601843,192.16948751319873
2757.900000001941,-1.3142538940195398,5.492610610831992,336.36420090694895,846.5444689736164,-103.3316812353415,7431.869861788193,2294.7559904591085,-2101.51258543676,7772.7824286203295,-75.76510922932692,-0.274565184570458,191.80496019597277
2758.0000000019395,-1.3540615509140208,5.68245635403922,335.42725792326246,876.459389262361,-112.96023416790979,7433.770189475048,2263.996678765982,-2108.365964092262,7771.640398576114,-75.89957078004544,-0.29938953907124227,191.43269130834003
2758.100000001938,-1.4027960439683527,5.8129639380608085,334.46693992359906,906.1636945153729,-123.0823250065801,7435.700863789094,2233.2310965758847,-2115.0724470151927,7770.4530926946945,-76.01406317866315,-0.32675706388227516,191.05310734678565
2758.2000000019366,-1.441411312173886,5.845095189214694,333.4767311619105,935.6657551901872,-133.6726461354857,7437.640302779818,2202.4586106749857,-2121.6263312999326,7769.2219074126815,-76.11152747336016,-0.35634244504433893,190.666585476224
2758.300000001935,-1.492784507628575,5.826537241295137,332.4776165570719,964.9378992831688,-144.7513678952333,7439.5683129861745,2171.6786974465267,-2128.0221047471296,7767.948181010262,-76.1944453360893,-0.38784217282533595,190.2734483148369
2758.4000000019337,-1.4830157932591868,5.816801386048121,331.46030392010323,993.999534579214,-156.26722831139142,7441.459291611601,2140.890941456462,-2134.254445852917,7766.6331956743425,-76.26491400645655,-0.420977194956929,189.87398186272176
2758.500000001932,-1.4432733210085318,5.781572010151837,330.4896574160995,1022.8773567778821,-168.18036814324407,7443.315540270013,2110.0950336160745,-2140.3182215089428,7765.278179825127,-76.32471172351099,-0.4554912956447863,189.46843713528537
2758.6000000019308,-1.4452750272748416,5.695785584391874,329.59889537956434,1051.541212927291,-180.52865019106727,7445.156093992532,2079.29076905752,-2146.2084833672843,7763.884310452911,-76.37534940956708,-0.4911512576912883,189.05703941050385
2758.7000000019293,-1.4758150347249686,5.639791647477814,328.7258631186184,1079.9518812643614,-193.34001202252975,7446.978931200153,2048.478044807738,-2151.9204630363115,7762.452715559337,-76.4181142322982,-0.5277454498490275,188.63999116243284
2758.800000001928,-1.5098057814414971,5.535184653492428,327.8110103042155,1108.1173517214427,-206.58078007951443,7448.772390423766,2017.6568573382392,-2157.449566589326,7760.984476554368,-76.45410508129542,-0.5650829551521518,188.21747711663272
2758.9000000019264,-1.560224786747597,5.403011602382829,326.86173925209107,1136.0164416628222,-220.26768886251986,7450.51839817535,1986.8273000487623,-2162.7913685694407,7759.480630595353,-76.48426218263144,-0.6029921620905778,187.7896668031594
2759.000000001925,-1.552543226181253,5.28483858379434,326.0215480737422,1163.6974464218088,-234.3588272693992,7452.198230397946,1955.9895607419933,-2167.9416057490616,7757.942172889763,-76.50939163458789,-0.6413195299787281,187.3567174947036
2759.1000000019235,-1.4915488391471297,5.187275462718283,325.40121281010846,1191.2241034744738,-248.79733792127615,7453.814708476389,1925.1439191029197,-2172.8961707817375,7756.370058892313,-76.53018580145161,-0.6799282004414448,186.91877605148125
2759.200000001922,-1.4038450214961304,5.146408287963866,324.71228402871685,1218.5892632573273,-263.56188042934343,7455.385307252464,1894.2907442271326,-2177.6511058796796,7754.765206387416,-76.54724049841059,-0.7186966968801815,186.47598067329739
2759.3000000019206,-1.3549051601156754,5.144876482437657,323.8547342908347,1245.7291562828477,-278.69524066229764,7456.946746286041,1863.430492203693,-2182.20259661029,7753.128497505775,-76.56106921549343,-0.7575176319357882,186.0284622123913
2759.400000001919,-1.388394751626959,5.145799981791937,322.97297727611834,1272.585818256753,-294.24975081087103,7458.528817114646,1832.563703771245,-2186.546965874751,7751.4607805842825,-76.57211517033373,-0.7962964619501577,185.57634517174597
2759.5000000019177,-1.436811673450574,5.198156979249967,322.05470960215456,1299.1177813613988,-310.2577726337135,7460.123985666445,1801.6910020518087,-2190.680668111485,7749.7628719793565,-76.58076147795686,-0.8349502900189459,185.11974844602753
2759.600000001916,-1.4767481383801977,5.175841076146395,321.05934447469866,1325.3417701186002,-326.69235866646716,7461.712710838831,1770.8130904825157,-2194.6002837512215,7748.035557736087,-76.58733968406091,-0.873406771912273,184.65878601686674
2759.7000000019148,-1.5294734142299178,5.097049482390795,320.174367338835,1351.2446480398594,-343.5718384827637,7463.274029098303,1739.9307510744836,-2198.3025139322467,7746.279595160857,-76.59213702891338,-0.9116030629032378,184.19356737027738
2759.8000000019133,-1.5219489784812485,5.0220786953847005,319.4362889181981,1376.880274045959,-360.85069357325517,7464.783807004694,1709.044842069355,-2201.784175562884,7744.495714313347,-76.59540264095422,-0.9494849457770804,183.7241982542331
2759.900000001912,-1.460552336058931,4.969955008657826,318.69444355716905,1402.3060059721736,-378.46605480871744,7466.240663742033,1678.1562958483858,-2205.042196655146,7742.68461940316,-76.59735270347387,-0.9870058654571956,183.25078070484773
2760.0000000019104,-1.3723001903583747,4.98195954712537,317.85558660742896,1427.5402473104823,-396.3789378289714,7467.6601855466815,1647.2661170600852,-2208.073611924658,7740.846990063823,-76.59817461896331,-1.0241254761611909,182.7734112468594
2760.100000001909,-1.3227634111415885,5.035216711850598,316.8939580367988,1452.516150641012,-414.62328621594264,7469.081139722112,1616.3753740025184,-2210.8755717735016,7738.983480561358,-76.59784069972699,-1.0605437175371495,182.2913277800966
2760.2000000019075,-1.3551499646438474,5.082223291824972,315.95735146806356,1477.1649584406887,-433.24729882855763,7470.5371115184635,1585.4851736836429,-2213.445329994205,7737.094729727367,-76.59613665846167,-1.0959574180940133,181.80384804936602
2760.300000001906,-1.4025695034805818,5.176196921306648,315.0201135151837,1501.4381390615642,-452.2798935890108,7472.02372812852,1554.596684903953,-2215.7801690815536,7735.181377577744,-76.59329198506332,-1.1304530502792862,181.31150357994807
2760.4000000019046,-1.4416104969295913,5.195362289625832,314.02076478730663,1525.354147806717,-471.6969848679253,7473.521187330526,1523.7111471453836,-2217.877401311721,7733.244061298794,-76.58952721675084,-1.1640433910668053,180.814470519122
2760.500000001903,-1.4933310286432224,5.153296915645762,313.13673264842896,1548.8959335603538,-491.51606139647646,7475.009865429032,1492.8279306654904,-2219.746284065352,7731.2791310610655,-75.31681937791518,-1.155980886814689,180.32202586749614
2760.6000000019017,-1.4854392019529132,5.112003790807167,312.40089276725706,1572.1220113969691,-511.69892294048617,7476.463694272748,1461.9385278904242,-2221.4390593005114,7729.277735549364,-71.08845212615643,-1.098813957039193,179.85038231396425
2760.7000000019,-1.4239038610776065,5.094207412216382,311.66036464940356,1595.0980389474162,-532.189649623511,7477.8784931734535,1431.0398046373398,-2222.9692123291425,7727.247944767562,-64.47351564302035,-1.0023666324465386,179.43009237668173
2760.8000000018988,-1.3187833358125238,5.1770760508978775,310.83345361361324,1617.865586902658,-552.949642313421,7479.265730409381,1400.1326355321628,-2224.3306024466874,7725.210757146648,-55.907204117955295,-0.8471226212479442,179.07871588608057
2760.9000000018973,-1.1983037159714152,5.386619436688918,309.9297555073537,1640.3990645537572,-573.9768058733548,7480.660477317059,1369.21767311438,-2225.5262786023227,7723.192312160093,-45.6638524442762,-0.6248608033267147,178.8175745332014
2761.000000001896,-1.1233460623380571,5.639710362001416,309.1161668668094,1662.6299083309652,-595.2923143806047,7482.1251323906245,1338.2953525624137,-2226.571302172944,7721.2196741919815,-33.9077734241098,-0.34160842150615256,178.66866724150017
2761.1000000018944,-1.1309730082196947,5.911647363726517,308.34386212052084,1684.4924242611926,-616.9210218214226,7483.71743005684,1307.365963262244,-2227.493200948793,7719.315178590927,-20.742764577516283,-0.014739591249200618,178.65094646899092
2761.200000001893,-1.2025307248324955,6.178196104990214,307.5307199172504,1705.9315094922042,-638.8830613804596,7485.4599341171715,1276.4297012967138,-2228.3293610770725,7717.490519505957,-6.225358941182257,0.3297968630245769,178.77783420419027
2761.3000000018915,-1.2692119114007592,6.474375725023913,306.6416369540144,1726.9605194271971,-661.1662189335341,7487.309667321173,1245.4886827970392,-2229.1217159767684,7715.753907995653,9.077334457101026,0.6610068064184987,179.03591135697425
2761.40000000189,-1.3156865458291107,6.6659528005101185,305.6638744852344,1747.6150048866689,-683.7468493736902,7489.229101977888,1214.550287650738,-2229.9168627690897,7714.124981158537,22.25418177391821,0.9724098811339009,179.34520956620426
2761.5000000018886,-1.370487882713994,6.754364124276109,304.80727743768284,1767.8700121761863,-706.6449300464,7491.200704592908,1183.6243014805618,-2230.761199480314,7712.623441641454,32.41230668350023,1.2240058419536595,179.7503776269928
2761.600000001887,-1.3637537809931446,6.814703236589552,304.1144558021472,1787.7850492117288,-729.836060373383,7493.191014306665,1152.713324281759,-2231.685939797244,7711.226166042057,41.087573316706816,1.401361783513414,180.21967914514332
2761.7000000018857,-1.3012906648386255,6.894085725025784,303.42947869442077,1807.4323959430328,-753.276666317543,7495.185436406807,1121.8232971413292,-2232.7238202200974,7709.924011904222,48.05134331830583,1.510566525713643,180.7111937350228
2761.800000001884,-1.207394292297729,7.053187783492233,302.66403784008526,1826.8266701099737,-776.9404746000614,7497.196371965737,1090.955028094488,-2233.8875965477378,7708.69192708591,53.78669062968263,1.561387058066001,181.21221813373816
2761.9000000018827,-1.1464018452504734,7.274684525902911,301.7733287585489,1845.9007739446497,-800.8361747276244,7499.273431601036,1060.110148169162,-2235.18908871661,7707.51194102591,58.44334929500846,1.5656740143928574,181.70912069215177
2762.0000000018813,-1.1658611607132876,7.496082222526295,300.8993100606577,1864.5847173162956,-824.9845182478779,7501.465226739595,1029.289445404816,-2236.635124331454,7706.367689180992,62.23355326877749,1.5346936741191697,182.19872286578484
2762.10000000188,-1.24803108244298,7.686744550318824,300.0075914918226,1882.8116471100434,-849.4038748064011,7503.7896788847065,998.493773100485,-2238.2313911461424,7705.246180582434,65.30614063152811,1.4771317624623928,182.67843572378874
2762.2000000018784,-1.323132389492068,7.888898945889698,299.04983975442894,1900.593948251722,-874.0861184771001,7506.201379308477,967.7238386727292,-2239.98222693506,7704.136716396547,67.79276233795842,1.4004740731642547,183.14901868170077
2762.300000001877,-1.377751909019121,7.971133274851022,298.01124627652507,1917.9710279364267,-899.0130562491082,7508.661243681228,936.9803541998393,-2241.8914213214434,7703.030656912905,69.79968343166064,1.3102564562163979,183.61132196949586
2762.4000000018755,-1.4403229318334936,7.947710139008312,297.103243313558,1934.915485417423,-924.2020605914737,7511.146609869925,906.2640445233079,-2243.962404270446,7701.921011146304,71.41511251767982,1.2109610278127663,184.0671422029952
2762.500000001874,-1.44137962677875,7.901588311155701,296.36393030434897,1951.491460605576,-949.6364203341532,7513.625156372461,875.5756444358142,-2246.1983324725434,7700.802106549412,72.71132194959304,1.10592532135108,184.5180824810608
2762.6000000018726,-1.3891922466520406,7.867373912361498,295.6363437022325,1967.7755005738215,-975.283236017622,7516.085229438642,844.915937745547,-2248.6022707309216,7699.669376618851,73.74766202704518,0.997753783783049,184.96584920216185
2762.700000001871,-1.2945253074054304,7.892189928409039,294.9750338060381,1983.797579606047,-1001.1267674338557,7518.535274025608,814.2857662886852,-2251.1772429079906,7698.519159874124,74.57272699263004,0.8883986869964235,185.4118990944669
2762.8000000018696,-1.1823617881854547,8.021966442595874,294.28035906783407,1999.5315003485373,-1027.1550445994737,7521.005582289854,783.6860354608806,-2253.926257733465,7697.348537584412,75.22629182785622,0.7793506913129464,185.85755130417712
2762.900000001868,-1.1126407121004704,8.247169592802596,293.45685894305035,2014.9044354120106,-1053.3656146370763,7523.554407551345,753.1177166365885,-2256.852321710133,7696.15520316926,75.74086358612304,0.6717179224177054,186.30389088812447
2763.0000000018667,-1.1248958856974685,8.5015899349275,292.62426859089226,2029.8452211213123,-1079.7662849849717,7526.2368443135,722.5818498554378,-2259.9584462399207,7694.9373569292875,76.14299478703634,0.5663234914939325,186.7518280375696
2763.1000000018653,-1.2008395280490487,8.746175131535834,291.753381036978,2044.2908080352154,-1106.362962135842,7529.0744882762165,692.0795458768248,-2263.247649457482,7693.69362013211,76.4543511299318,0.46376104541871704,187.2020867551409
2763.200000001864,-1.2721536224235575,9.017148961854064,290.8133304743827,2058.257825098596,-1133.1495240944705,7532.022320005837,661.6119878311948,-2266.7229553337656,7692.42296467006,76.69259857894785,0.36444841798908495,187.6552423975561
2763.3000000018624,-1.3235390653078571,9.177430500820302,289.78825234359897,2071.787553926269,-1160.1145237149876,7535.041059974295,631.1804322767997,-2270.387390334548,7691.124654913983,76.87212774048179,0.26866366095330224,188.1117343000907
2763.400000001861,-1.383025359951206,9.226932822864242,288.8896039962291,2084.8491361093943,-1187.271455639823,7538.111451354871,600.7862098244392,-2274.2439786340647,7689.7981994739985,77.00465063841612,0.176576539421268,188.5718920920286
2763.5000000018595,-1.4319125922249671,9.161231613439995,288.0072063432542,2097.4729691367716,-1214.6091414256553,7541.205006032476,570.4307252878907,-2278.29573615848,7688.443310905123,77.09968870116643,0.08827169245865982,189.03595196130763
2763.600000001858,-1.493821854013608,9.053423652903271,287.03900732996436,2109.6264943507067,-1242.128401757878,7544.2980230021685,540.1154574475902,-2282.5456639466074,7687.05987192936,77.16497320432087,0.003768029671316782,189.50407527818552
2763.7000000018566,-1.4969988960719947,8.94631671999096,286.203183892551,2121.377707876159,-1269.8258200989308,7547.363166328034,509.84195843974,-2286.9967410710665,7685.647907005835,77.20677282263934,-0.07696628248022545,189.9763623204936
2763.800000001855,-1.4481943624471523,8.853472001358062,285.39563990694046,2132.806421109631,-1297.6827518996408,7550.392963514695,479.6118528267218,-2291.6519174036043,7684.20755828839,77.23016193596199,-0.15400148466402733,190.45286523405412
2763.9000000018536,-1.3671660471152562,8.825426360663354,284.53121116417236,2143.92587001609,-1325.6807418317746,7553.39772687783,449.42683639549404,-2296.5141064114355,7682.739065248463,77.23924012106623,-0.22743644315351735,190.93359823827618
2764.000000001852,-1.3153599162280687,8.826838580211268,283.5607740738806,2154.6647232607984,-1353.8103518921093,7556.410920165637,419.2886747180756,-2301.5861781569292,7681.242747387582,77.23731185873946,-0.2973907188183266,191.4185462936306
2764.1000000018507,-1.3422602483239157,8.816719385547948,282.62523558705,2164.9410083019443,-1382.0730788746246,7559.46414677816,389.19920152272607,-2306.870952625337,7679.718989514882,77.22703344003989,-0.36399822971032225,191.90767201835885
2764.2000000018493,-1.387940744500899,8.867385440148865,281.6969584040943,2174.6964929612327,-1410.4673457806325,7562.555465462843,359.1603169100984,-2312.3711934711864,7678.168229208121,77.2105332692419,-0.42740214688367567,192.40092142452846
2764.300000001848,-1.428402752029444,8.856137101265166,280.7055757116767,2183.962348962768,-1438.984004780383,7565.6657733431875,329.17398545235545,-2318.0896022553757,7676.5909461493675,77.18951017128218,-0.4877508612220759,192.89822834318363
2764.4000000018464,-1.4826067769852016,8.800493343379028,279.67043891994683,2192.705696505972,-1467.6150084163112,7568.7747442661675,299.2422341996743,-2324.0288132088967,7674.98765301286,77.16531378539955,-0.545194774458244,193.39951805957682
2764.500000001845,-1.5294875532788579,8.65088030480208,278.5853089395764,2200.9549899104227,-1496.3468053148029,7571.8588196032315,269.36715062760834,-2330.191388543117,7673.358887731335,77.13901044169585,-0.5998838173635774,193.9047100489314
2764.6000000018435,-1.5900753114555797,8.438327230241685,277.4814512994447,2208.6777883264454,-1525.1762279296383,7574.892118671209,239.5508805444049,-2336.5798143160705,7671.705206913713,77.11143685194968,-0.6519655180859615,194.413720165345
2764.700000001842,-1.5943397655075868,8.235064350924263,276.3497177722793,2215.9334143004335,-1554.0963560509713,7577.851101412136,209.79562597970568,-2343.1964968418947,7670.027180268816,77.08324402343058,-0.7015835566251579,194.9264622883135
2764.8000000018405,-1.5686794352855085,8.00033027537069,275.26480293516096,2222.771487687361,-1583.1003915480085,7580.736231535444,180.10364306962722,-2350.043759617282,7668.325385875002,77.05493320855048,-0.7488767244024574,195.44284946063897
2764.900000001839,-1.5779806075861662,7.698852727659274,274.275178238239,2229.143463122646,-1612.1811281663113,7583.55317625517,150.4772399482149,-2357.1238407473184,7666.600406224197,77.02688516081925,-0.7939781589269891,195.96279486292
2765.0000000018376,-1.615099400484822,7.422302550035205,273.31995543027307,2235.0003894825086,-1641.3301201799195,7586.289997026319,120.91877465916086,-2364.438890832779,7664.852824851823,76.99938399888485,-0.8370148399911915,196.48621250179895
2765.100000001836,-1.6080381277394051,7.208204193217212,272.33134656118887,2240.4057517651117,-1670.5423046404364,7588.936605666742,91.43065309981212,-2371.990971281821,7663.083223583284,76.97263667780767,-0.8781073125738555,197.01301760400432
2765.2000000018347,-1.5746637174922689,6.989206152246254,271.3634273954517,2245.4124432241065,-1699.8141253325575,7591.500339155925,62.015327000508115,-2379.7820530070394,7661.292180191499,76.94678884850109,-0.9173695544632938,197.54312692247447
2765.3000000018333,-1.5779861828515696,6.713939058957019,270.4686193691935,2249.9509469959207,-1729.1344280930648,7593.989181264586,32.6752919300831,-2387.8140154782022,7659.480266505209,76.92193772950455,-0.9549089603547809,198.0764589738583
2765.400000001832,-1.60970990330506,6.471583767829151,269.57993076706884,2253.963890376504,-1758.4906950652035,7596.393821231783,3.413085356422394,-2396.088646084727,7657.648046851114,76.89814251533566,-0.9908264288539406,198.6129341583302
2765.5000000018304,-1.5988788568018648,6.300221643487031,268.63194189201874,2257.5181006126986,-1787.8817426143426,7598.706467891774,-25.768715255449937,-2404.6076397749007,7655.796076800317,76.87543283354566,-1.0252165444990258,199.15247474582247
2765.600000001829,-1.5619524355120458,6.126051523548897,267.6835659322389,2260.6690624950625,-1817.307610102804,7600.936232319743,-54.86749428312747,-2413.372598928669,7653.924902170247,76.85381560962475,-1.0581677932007147,199.69500489099616
2765.7000000018274,-1.5616589246400359,5.894398678051957,266.7935917156732,2263.3488202509266,-1846.7530327036734,7603.0935047006615,-83.88059943889105,-2422.3850333369087,7652.035058249135,76.83328050786263,-1.0897627681371755,200.24045083240443
2765.800000001826,-1.5897339258548127,5.69738902873786,265.9056788085113,2265.500446622476,-1876.2017234298075,7605.171665173791,-112.80534386202781,-2431.6463605838853,7650.127069208971,76.8138043835775,-1.120078530331838,200.78874052579602
2765.9000000018245,-1.576101454657544,5.577359230700707,264.9597173700566,2267.1909032872272,-1905.6565166914836,7607.16353566846,-141.63900788042494,-2441.1579064896023,7648.20144765814,76.79535476508336,-1.1491868893945614,201.3398036463785
2766.000000001823,-1.5363896090370581,5.455740578873593,264.0112482768164,2268.4764452048726,-1935.1210112489468,7609.07862316365,-170.37884069392723,-2450.920905666867,7646.258694347325,76.7778926796775,-1.1771546733509954,201.8935716970083
2766.1000000018216,-1.5331061808901478,5.274488317959869,263.1169091899414,2269.2902959236576,-1964.5756375495362,7610.930213840801,-199.02206202355808,-2460.9365021940926,7644.299297985569,76.76137484287473,-1.2040440598779694,202.44997781787686
2766.20000000182,-1.5581178516331393,5.129091727142182,262.2261018829497,2269.5759499283295,-1994.000228623341,7612.714787655643,-227.5658637164654,-2471.2057503704004,7642.323735140348,76.74575537799393,-1.2299128739826155,203.0089567697233
2766.3000000018187,-1.5421780055213095,5.066674400438489,261.28154401493,2269.40008716718,-2023.4017094625397,7614.42469867453,-256.0074113156246,-2481.7296155494387,7640.332470221678,76.73098720863364,-1.2548148707104407,203.570444905408
2766.4000000018173,-1.5001720433247587,5.003777947741389,260.33464692134487,2268.819556804472,-2052.7872731113653,7616.068921113494,-284.3438455985282,-2492.508975030812,7638.325955536617,76.71702302916613,-1.2788000327087592,204.1343800755185
2766.500000001816,-1.4943484819110753,4.878556359871542,259.4378111345088,2267.769337566828,-2082.133083206864,7617.66414866083,-312.5722840804112,-2503.5446189955933,7636.304631378964,76.70381618281648,-1.3019148436312085,204.7007015655721
2766.6000000018144,-1.5167457573591494,4.790156261725302,258.5450702925564,2266.1937738944416,-2111.4152758528453,7619.210359743772,-340.6898224877848,-2514.837251480334,7634.268926197315,76.69132111964424,-1.3242025398167676,205.2693500715051
2766.700000001813,-1.4988963277171858,4.790681773605904,257.60373311170906,2264.1589251349387,-2140.6449334875992,7620.698553580865,-368.6935361991822,-2526.3874913722266,7632.219256746072,76.67949388665987,-1.3457033467987785,205.84026770581804
2766.8000000018114,-1.4549994874307917,4.791701323234285,256.66109453611267,2261.7220327302753,-2169.8329055577174,7622.136379514435,-396.58048166398197,-2538.1958734260693,7630.156028312544,76.66829239288809,-1.3664547321902898,206.4133978451424
2766.90000000181,-1.4470091326351535,4.72733399166808,255.76433737561953,2258.8204195903368,-2198.951250206301,7623.544354561812,-424.34769779062526,-2550.2628492886233,7628.07963493495,76.65767659524218,-1.3864915994903932,206.9886851985078
2767.0000000018085,-1.4671622031297828,4.700571755554779,254.8723129601744,2255.399748595528,-2227.972520627598,7624.926290126208,-451.9922073097459,-2562.5887885300144,7625.990459644282,76.64760864819542,-1.4058464914322784,207.56607575410584
2767.100000001807,-1.4924559299798394,4.641870925290417,253.93028752278596,2251.497133918296,-2256.9011249078994,7626.275782850066,-479.51101811543685,-2575.17397967894,7623.888874734539,76.63805287202447,-1.4245497797627964,208.1455167348213
2767.2000000018056,-1.533541907319234,4.559516759925531,252.9582033523684,2247.0857809686104,-2285.719195700541,7627.580351434458,-506.9011245812984,-2588.0186312500873,7621.775242010263,76.62897582021552,-1.4426298408393752,208.72695656909946
2767.300000001804,-1.5256844433542542,4.52586949659638,251.94596151044945,2242.2279639121507,-2314.444058457641,7628.8237503287055,-534.1595088589951,-2601.1228727685,7619.649913068134,76.62034622057371,-1.460113228363876,209.31034479915647
2767.4000000018027,-1.489158388879016,4.469583067062555,250.95036842360702,2236.977403925736,-2343.0914135645567,7630.009769839016,-561.2831421514318,-2614.4867557835496,7617.513229545639,76.6121348938455,-1.4770247889113364,209.89563219777534
2767.5000000018013,-1.4857451305396694,4.334911743581055,250.02140188240418,2231.269010084002,-2371.631812229208,7631.154176807097,-588.268985967931,-2628.110254875722,7615.365523425374,76.60431469484703,-1.4933878090871837,210.48277069444873
2767.6000000018,-1.5465475218352953,4.124862655132806,249.10886214476426,2225.0203742203453,-2400.0255418505553,7632.259763038829,-615.1139933586983,-2641.9932686478846,7613.207117288259,76.59686040799302,-1.509224163942234,211.07171325785598
2767.7000000017983,-1.6507928552909872,3.8391461488315946,248.13452332057878,2218.210985916122,-2428.252265828013,7633.297381719098,-641.8151101322657,-2656.1356207056638,7611.038324575827,76.58974869048406,-1.5245543992546595,211.6624140122313
2767.800000001797,-1.7416639559034397,3.503793746447284,247.05951020113264,2210.8991065728164,-2456.3248698837297,7634.219608539686,-668.3692760575182,-2670.5370606295937,7608.859449865008,76.5829578878989,-1.5393978618693906,212.25482809612276
2767.9000000017954,-1.7673291483822715,3.115083923801445,245.92076058532345,2203.169976467375,-2484.272001801703,7635.004316231123,-694.7734260453296,-2685.1972649267204,7606.670789120204,76.576467947615,-1.5537727752753396,212.84891174759707
2768.000000001794,-1.756067463152498,2.6544731241033452,244.83124302126117,2195.07012658828,-2512.1191667560347,7635.651923734725,-721.0244913101296,-2700.115837971951,7604.472629954445,76.57026037462073,-1.5676963206488654,213.44462230473783
2768.1000000017925,-1.7702848975958485,2.1045465366485905,243.86782509729477,2186.5395075862193,-2539.83416809421,7636.149983464757,-747.1194005184691,-2715.2923129353476,7602.265251884875,76.56431807565818,-1.581184758983378,214.04191801288437
2768.200000001791,-1.8101109320026691,1.5693497664754061,242.9439058412506,2177.5362087719714,-2567.3763700769373,7636.472414233616,-773.0550809241735,-2730.7261526970988,7600.048926542804,76.55862524242742,-1.5942534834726771,214.64075808592398
2768.3000000017896,-1.8519512864332728,0.9769460917573468,242.01360727160414,2168.0970717256537,-2594.756236700964,7636.614743668261,-798.8284594800776,-2746.4167507461734,7597.823917959854,76.55316726168358,-1.6069170432545472,215.24110288128668
2768.400000001788,-1.910002287978965,0.338005362330241,241.0822441257125,2158.2057281767106,-2621.9538569044903,7636.5462940388925,-824.4364639398652,-2762.363432069607,7595.590482763258,76.5479306592037,-1.6191892763166857,215.8429135703883
2768.5000000017867,-1.917987910757889,-0.279385896677159,240.10241170341658,2147.9277364246755,-2648.9937368217275,7636.267205387378,-849.8760239427751,-2778.5654540256755,7593.3488703961375,76.54290300139812,-1.6310833127697462,216.44615235077853
2768.6000000017852,-1.8970476554310993,-0.913654062071047,239.16015913662352,2137.308836158771,-2675.9004762630375,7635.793023931629,-875.144072079977,-2795.022007213181,7591.099323361633,76.53807278321347,-1.64261164049881,217.05078234412844
2768.700000001784,-1.9064012386725249,-1.5973358123066184,238.32936438374227,2126.29209664643,-2702.6266906446644,7635.1028606271475,-900.2375449487662,-2811.732216315107,7588.8420774091155,76.53342934712586,-1.6537861904166093,217.6567674414403
2768.8000000017823,-1.9428706673418799,-2.251379266945699,237.51239434413787,2114.837736200321,-2729.1308667786693,7634.164971523333,-925.1533841912695,-2828.6951409443877,7586.577361746527,76.52896288546528,-1.6646182908823575,218.2640726322956
2768.900000001781,-1.9388353883877028,-2.8428759746363266,236.62260381738238,2103.0059379281106,-2755.4471013522143,7632.991528728775,-949.8885375208426,-2845.909776477949,7584.305399243617,76.52466427407238,-1.6751187956729074,218.8726636192399
2769.0000000017794,-1.908941779887501,-3.4316895771455695,235.7395545610119,2090.8411245130824,-2781.603885696546,7631.605961325288,-974.4399597286623,-2863.375054872013,7582.026406605685,76.52052509778672,-1.6852980754313807,219.4825069849925
2769.100000001778,-1.9115418355214504,-4.063557615483221,234.94166954611097,2078.290809512569,-2807.5510507583986,7629.990966453687,-998.8046136733901,-2881.0898454774997,7579.740594574544,76.51653752300754,-1.6951660316272388,220.0935702402313
2769.2000000017765,-1.9417872153808726,-4.662136085915964,234.1390600251667,2065.318616999898,-2833.2443768527905,7628.118304508651,-1022.9794712637496,-2899.0529558438893,7577.448168103391,76.51269428519562,-1.7047321709785563,220.70582162967148
2769.300000001775,-1.932538451458506,-5.193824548990378,233.25175690393345,2051.9821946259476,-2858.721976872839,7626.003386803079,-1046.9615144212248,-2917.2631325152793,7575.149326522584,76.50898864197544,-1.7140056057248092,221.31923021388297
2769.4000000017736,-1.897498917275593,-5.722400270743665,232.36188345871665,2038.3238087856012,-2884.015971709959,7623.67223954292,-1070.7477360314,-2935.719061817,7572.844263713363,76.50541431558572,-1.7229951025460304,221.93376575627715
2769.500000001772,-1.8953585214515676,-6.295518793804079,231.54912437423664,2024.2940193742584,-2909.072786787151,7621.110662993074,-1094.3351408784151,-2954.4193706357783,7570.5331682634205,76.50196547789906,-1.7317090578098113,222.54939889755758
2769.6000000017707,-1.92085452484592,-6.833396743519874,230.72815119052737,2009.858604566226,-2933.844886228128,7618.293711520717,-1117.720746565184,-2973.3626271976523,7568.216223639482,76.49863663856779,-1.740155564304711,223.16610093890776
2769.7000000017692,-1.9073080986638247,-7.298710679503537,229.82155931687697,1995.07219282862,-2958.3739969887574,7615.237677187586,-1140.9015844216167,-2992.54734183047,7565.8936083099425,76.49542269644449,-1.7483424083943933,223.78384393487576
2769.800000001768,-1.8679159671911423,-7.759793085074669,228.90973278067486,1979.9747411061749,-2982.6957130791043,7611.969437545512,-1163.874700391605,-3011.9719677268777,7563.565495909506,76.49231892185723,-1.7562770795813507,224.40260068935598
2769.9000000017663,-1.8617570800894563,-8.267345296969474,228.07063014235052,1964.5195420186565,-3006.753107267174,7608.478721765427,-1186.63715591175,-3031.6349017021853,7561.232055392477,76.48932082383354,-1.763966814000642,225.02234462498436
2770.000000001765,-1.8832272260802492,-8.737319717923537,227.22312297091278,1948.674280145135,-3030.495367442727,7604.744479385769,-1209.1860287768707,-3051.534484948689,7558.893451142899,76.48642420235717,-1.77141857594562,225.64304991486975
2770.1000000017634,-1.865983724909627,-9.128063324324742,226.29218212277556,1932.4906631811768,-3053.9677465078657,7600.782368591863,-1231.5184139883816,-3071.669003781794,7556.549843115351,76.48362513591103,-1.7786390971331232,226.26469135193213
2770.200000001762,-1.82284817690458,-9.512530988354271,225.35770074592594,1916.0025741924344,-3077.213359094684,7596.617965991825,-1253.6314245861572,-3092.036690380412,7554.20138697348,76.48091992715842,-1.785634889784949,226.88724432766435
2770.3000000017605,-1.8133176079157516,-9.94484126138189,224.49666522809383,1899.161232764358,-3100.1768831617587,7592.244619354981,-1275.5221924678146,-3112.6357235248925,7551.848234196729,76.47830505824311,-1.792412233755036,227.51068491538223
2770.400000001759,-1.8314360675598538,-10.337386677477454,223.62779569573203,1881.9402663727574,-3122.8004351167756,7587.646724095801,-1297.1878692010164,-3133.4642293365446,7549.490532224545,76.47577722340812,-1.79897720754929,228.13498978112423
2770.5000000017576,-1.810991743671519,-10.644841670489225,222.67650524319896,1864.3934323305878,-3145.1280249422157,7582.839213883281,-1318.6256268143395,-3154.5202820059517,7547.128424540404,76.47333333018183,-1.805335694052748,228.76013617468632
2770.600000001756,-1.7645947315564467,-10.94531118711825,221.72062839778985,1846.552365959467,-3167.206049141278,7577.846085536886,-1339.832658569259,-3175.8019045205197,7544.762050812606,76.47097040321509,-1.8114933719005428,229.38610198555259
2770.7000000017547,-1.7522297620469671,-11.296908320391019,220.83398495713976,1828.3709210383397,-3188.9764234991244,7572.666080233106,-1360.8061797326914,-3197.3070693930676,7542.3915469817075,76.46868564560803,-1.8174557629553356,230.01286558062435
2770.8000000017532,-1.767567499818205,-11.606672928689084,219.9415855770165,1809.8250243877349,-3210.37897493464,7567.28880911547,-1381.543428325328,-3219.033699383277,7540.017045384291,76.46647641743292,-1.8232282032469556,230.64040592858737
2770.900000001752,-1.744418410437184,-11.824059437546726,218.97575574649088,1790.9616106801495,-3231.464722831016,7561.725211196504,-1402.0416658559159,-3240.979668218967,7537.638674831307,76.46434018459858,-1.8288158505155918,231.26870259185998
2771.0000000017503,-1.6952630285612271,-12.03341431162961,218.00819747810382,1771.8092641544235,-3252.2837011295987,7555.99655865275,-1422.2981780443324,-3263.14280131235,7535.256560736385,76.46227452781584,-1.8342237303754745,231.89773554496057
2771.100000001749,-1.6805945685848145,-12.29787436427515,217.10339200898676,1752.3299457633123,-3272.771479128311,7550.1090287347915,-1442.3102755343073,-3285.5208764755835,7532.870825187368,76.46027714180617,-1.8394567120529295,232.52748529715169
2771.2000000017474,-1.6937114176104326,-12.518558375402796,216.19776764680125,1732.4975652921732,-3292.8695138372814,7544.056632090506,-1462.0752945895863,-3308.111624635578,7530.481587049637,76.45834584067796,-1.844519511845634,233.15793287802867
2771.300000001746,-1.7119778103164933,-12.7732821380016,215.25079087209204,1712.3393161087604,-3312.6050911577513,7537.844656832796,-1481.587140359296,-3330.914544107171,7528.089870756484,76.35154556466216,-1.8452148802507056,233.7876150870546
2771.4000000017445,-1.7457334946583036,-13.051603434322207,214.2777292892499,1691.8547977500075,-3331.9425642939245,7531.460050575453,-1500.8401728328538,-3353.928730108805,7525.697419929904,76.03451780030164,-1.8408402689285328,234.41759446291434
2771.500000001743,-1.731267010506445,-13.277530562334594,213.2493869452772,1671.086550300802,-3350.9357741848025,7524.90363357069,-1519.832888485586,-3377.1511292244986,7523.3058108794785,75.56201338569339,-1.8316768546754782,235.04698014408223
2771.6000000017416,-1.6881156880244323,-13.516039800574823,212.24075329073682,1650.0579815161816,-3369.6359577253174,7518.190183882902,-1538.5635687267654,-3400.578835287269,7520.9174789648205,74.9697963124987,-1.8155340552216241,235.6733548969508
2771.70000000174,-1.677988696400994,-13.81745887290309,211.31245753630054,1628.737306566507,-3387.973288772527,7511.323715671367,-1557.0306878701103,-3424.2088503774994,7518.5355412229155,74.27917612486445,-1.7908791109133044,236.29507453970834
2771.8000000017387,-1.6953175195890287,-14.079094828732185,210.39295212676933,1607.1049175494563,-3405.885635910578,7504.296281777412,-1575.233259860795,-3448.037916762201,7516.163544986746,73.51497973145291,-1.756964760415125,236.9102016594497
2771.900000001737,-1.672939738992676,-14.246631278288419,209.4130120762942,1585.1988133357538,-3423.431458574529,7497.112364900029,-1593.170645026065,-3472.062605067316,7513.805387272713,72.69657806824411,-1.7134191100652227,237.5169678772714
2772.0000000017358,-1.6243931683914856,-14.407491239691279,208.43434597695443,1563.0454658930387,-3440.662480475517,7489.789532970116,-1610.842629121927,-3496.2792787035482,7511.465169906208,71.84132138398881,-1.6603078234073128,238.11370670797382
2772.1000000017343,-1.6109807215873442,-14.626485524774512,207.51745906292743,1540.616883232618,-3457.509360576297,7482.338962818397,-1628.2494006055883,-3520.684107880729,7509.147096268925,70.96346917254245,-1.59802038438057,238.69891261670782
2772.200000001733,-1.6255422681689786,-14.800944685165668,206.60214745776432,1517.8964185352493,-3473.909711245716,7474.7586710539435,-1645.391591482474,-3545.273059886216,7506.855359248558,70.0757807604909,-1.5272425331006572,239.27127501316735
2772.3000000017314,-1.6449736109157533,-15.008615782630445,205.6413836277842,1494.9071365229222,-3489.8951357355227,7467.050622401718,-1662.2702758656794,-3570.0419114763276,7504.594048486922,69.18988930432651,-1.448874993984149,239.82967511369975
2772.40000000173,-1.6799416645197693,-15.23754595788306,204.65405273921604,1471.6495285849485,-3505.4316857923945,7459.2019039734905,-1678.886937684264,-3594.9862753277844,7502.367077234209,68.31566794850218,-1.3639599238826006,240.37319961083546
2772.5000000017285,-1.6655385976173023,-15.41278491384184,203.6158083426841,1448.1567780337082,-3520.57952233774,7451.2078179285145,-1695.243464984237,-3620.101617097994,7500.178110361425,67.4615915572865,-1.2736562823071402,240.90115922119293
2772.600000001727,-1.6223787988893887,-15.60200320993953,202.59655825423283,1424.450192355038,-3535.3909434699754,7443.080435779685,-1711.3421191457742,-3645.3832834611285,7498.030509715963,66.63481652762808,-1.179170866748641,241.41306663721136
2772.7000000017256,-1.6132254599211806,-15.856562949183056,201.65509090928558,1400.5089601280047,-3549.7921235195936,7434.828751175442,-1727.185499550389,-3670.8265313414445,7495.927294032759,65.84080236114463,-1.0817202855751322,241.9086401963942
2772.800000001724,-1.6317782114234995,-16.070489487367077,200.72317327922946,1376.323572117093,-3563.718127903893,7426.448730507071,-1742.7765458554502,-3696.4265442690817,7493.871092643509,65.08451760291167,-0.9825224480690313,242.38780004455148
2772.9000000017227,-1.6093924175926742,-16.189897092943323,199.73496154513796,1351.9228571102453,-3577.232979203781,7417.939789076427,-1758.1185067599886,-3722.178460915969,7491.864118469552,64.37069224871674,-0.8827482337519262,242.8506367503027
2773.000000001721,-1.5607094102207748,-16.303632265307115,198.75031319596744,1327.324881693976,-3590.392863963258,7409.315332295958,-1773.2148749387625,-3748.0774128864346,7489.90816450646,63.70285032191827,-0.7834742640361914,243.2973895003114
2773.1000000017198,-1.548232128643526,-16.476797153506066,197.82558820758632,1302.5125094200368,-3603.125490005937,7400.591267173005,-1788.0693493302392,-3774.1185510539067,7488.004599575114,63.083203248989555,-0.6856837172257947,243.72844273142576
2773.2000000017183,-1.5639709557866668,-16.604118892494032,196.90337057301693,1277.4791700347869,-3615.3665597859704,7391.76934570705,-1802.6858292689826,-3800.2970612022973,7486.154356811464,62.513778604998336,-0.5902762630977324,244.14431454869035
2773.300000001717,-1.5387726189151771,-16.631494639531976,195.92175868225684,1252.2595307280649,-3627.1791526044276,7382.848843246651,-1817.068380001144,-3826.6081875402533,7484.357939466495,61.99666947422108,-0.4980397461015139,244.5456228187019
2773.4000000017154,-1.4632309538112818,-16.581897084520474,194.9319713764003,1226.8902706283393,-3638.6367701178597,7373.843213533196,-1831.2211666567823,-3853.047262387059,7482.61544865481,61.5330328362805,-0.40962244835280065,244.93305943879665
2773.500000001714,-1.348088724641785,-16.447540675594205,194.18190189380965,1201.3545079644773,-3649.7595929809527,7364.768243662879,-1845.1484148220902,-3879.609725131599,7480.926606824765,61.122869164105765,-0.3255492479478254,245.30738665813385
2773.6000000017125,-1.2001473790507888,-16.214958807265603,193.7373386603993,1175.6239943074681,-3660.5624973133167,7355.6489100715135,-1858.8543943331672,-3906.2911333031625,7479.290775438845,60.7657192079521,-0.24623663039712576,245.669423040392
2773.700000001711,-1.045990008648529,-15.830127202024359,193.22463507641305,1149.709535532038,-3671.045536669632,7346.539747402749,-1872.34339107365,-3933.0871752386865,7477.706982771072,60.46085647483813,-0.17198766296237866,246.0200206839994
2773.8000000017096,-0.9400770091086439,-15.268169133013917,192.51724360074036,1123.607019069219,-3681.1599428075706,7337.526526881507,-1885.6196792815074,-3959.9936806550227,7476.173955057443,60.20730342712948,-0.10300008601570156,246.36005415917816
2773.900000001708,-0.8676128667800179,-14.597585079375714,191.97384861091405,1097.2873200877677,-3690.8834641516805,7328.666485700414,-1898.6875059506751,-3987.0066268599326,7474.69014288649,60.004213256551324,-0.03938529459949231,246.69041444660812
2774.0000000017067,-0.75402760174312,-13.860375160244612,191.69703699905924,1070.7567153773016,-3700.300908155925,7319.937714736203,-1911.5510629437492,-4014.122146419795,7473.253753965498,59.850853650084495,0.018831048698513448,247.01199224828483
2774.100000001705,-0.6125777566186792,-12.947586986408169,191.39707263299678,1044.0398946388352,-3709.4904714189142,7311.331255318541,-1924.214439943267,-4041.3365367313936,7471.862797587714,59.745823070596806,0.07171447624331635,247.3256618896842
2774.2000000017038,-0.5061782280718183,-11.852463876340412,191.01032691601367,1017.1346568508623,-3718.4441207719087,7302.936209174001,-1936.6816018541194,-4068.646262240131,7470.515119211913,59.68693091486737,0.11939363803253861,247.63228700517644
2774.3000000017023,-0.4284500640670206,-10.927921325088423,190.91515623179896,990.0328698853613,-3727.159258432997,7294.8248367969545,-1948.9563925117006,-4096.047950747992,7469.208421214212,59.67206195847247,0.1620331335994399,247.93272122089613
2774.400000001701,-0.35268147460841504,-10.332511544274997,191.0616551682502,962.7519891627419,-3735.696218233633,7286.971426062253,-1961.042518947356,-4123.538393088984,7467.940292647568,59.69933213317756,0.19983958607528113,248.22779134484992
2774.5000000016994,-0.28948994356486457,-9.255962347528392,191.10819512696017,935.3016256754452,-3744.0653398207546,7279.423932915813,-1972.9435203676571,-4151.114544267775,7466.708246966583,59.76651286360554,0.2330635046406961,248.5182883464052
2774.600000001698,-0.21837379453165426,-8.034190331884663,191.1542062050224,907.6955111397584,-3752.3082722046524,7272.1679217232795,-1984.662764083615,-4178.7735188027655,7465.509744953746,59.871253496389265,0.26196847031770026,248.80497861626677
2774.7000000016965,-0.1597910424269708,-6.8409814937394025,191.3027668665772,879.94654043661,-3760.4348819040374,7265.258435670573,-1996.2034335707253,-4206.512587243039,7464.342219281888,60.01124850636043,0.2868345343872236,249.08859026236055
2774.800000001695,-0.04450855983716703,-5.803262502378312,191.66948664783698,852.0701420635149,-3768.48506109381,7258.644593413487,-2007.5685189796416,-4234.329171513372,7463.203097637999,60.18410957523871,0.3079442750400326,249.36981979843853
2774.9000000016936,0.09853094779668961,-4.829350400373621,192.12958899129472,824.0836413023862,-3776.509851475011,7252.27253963078,-2018.760808845485,-4262.220839956609,7462.089822329361,60.38750833569511,0.32558220834385093,249.64932331681294
2775.000000001692,0.20204839042956513,-3.905830963012217,192.63221670313476,796.002011408893,-3784.5556208493035,7246.2082673055775,-2029.782876374776,-4290.185302544264,7460.999872309363,60.61885650392015,0.3400306146963649,249.92771823701082
2775.1000000016907,0.2787283393207697,-3.0287645475024974,193.29404937857683,767.84354602437,-3792.6630505990465,7240.510849019927,-2040.6370783638197,-4318.220404133718,7459.930776845143,60.87549588700616,0.35155930203355207,250.20558425238963
2775.200000001689,0.3528831474331249,-2.1706852072233214,194.03150141900025,739.622021217945,-3800.8641980601687,7235.141215633313,-2051.3255522373893,-4346.324117924653,7458.880128976286,61.15473699201632,0.36042424257797484,250.48346242130017
2775.3000000016877,0.4140546914174778,-1.383959397785948,194.85349639289444,711.3558123220942,-3809.1951191890707,7230.128810882449,-2061.850216111386,-4374.494538517253,7457.845596011102,61.45394004163746,0.366864024471448,250.7618556427832
2775.4000000016863,0.48210407238159037,-0.6363681831066349,195.70617019424435,683.0571230725538,-3817.6761696998624,7225.433827084056,-2072.212767433316,-4402.729875194639,7456.824929204223,61.77051450557046,0.37110071884920476,251.04122725220486
2775.500000001685,0.5398009876073689,0.02931422701774329,196.61451805907933,654.7460822468425,-3826.3425580500484,7221.0807414879355,-2082.4146861356076,-4431.028444713548,7455.815969982371,62.10197834298508,0.37333519122084885,251.32200458427414
2775.6000000016834,0.6549734010181251,0.5764973936740527,197.67488104291598,626.4267540438349,-3835.1899598679443,7217.002090798501,-2092.4572342946453,-4459.388664667704,7454.816656191713,62.445938973381026,0.3737520876928361,251.60457575570888
2775.700000001682,0.8029025477028805,1.019702721065029,198.82568269496218,598.0961509167796,-3844.2237515794095,7213.121084845788,-2102.3414652512515,-4487.809045912008,7453.825023080037,62.800217394858365,0.3725099932316263,251.88929839232614
2775.8000000016805,0.9149448569583801,1.412853409429666,199.97188148284778,569.789149822995,-3853.5171547028926,7209.452887681943,-2112.068229132476,-4516.288185820819,7452.839203754345,63.162997482915344,0.369749230398619,252.1764949511859
2775.900000001679,1.0022940915129306,1.652416062383175,201.21972057293496,541.5471695626097,-3863.1309652368864,7206.011930061079,-2121.6381579659906,-4544.824763262638,7451.857438721064,63.532160913346374,0.3656082975666506,252.46644758758788
2776.0000000016776,1.0873768547684122,1.786199085236243,202.53450417006286,513.3805421650505,-3873.0676079828772,7202.747289900649,-2131.0516713363163,-4573.417531454082,7450.878076459453,63.905227589664825,0.36020833639092203,252.75940978553922
2776.100000001676,1.160960408141901,1.795852999872216,203.86690172621925,485.3216178818076,-3883.372809839227,7199.651737740952,-2140.3089998825903,-4602.065309897947,7449.899565255315,64.28000558506552,0.3536437997936425,253.05561136352605
2776.2000000016747,1.2399578811538339,1.6876646900879808,205.22122877973473,457.3702751199366,-3894.036644407501,7196.6783766375665,-2149.4101824893864,-4630.7669788316025,7448.920456170246,64.65437622593487,0.3460084628927822,253.35524602647774
2776.300000001673,1.2697655299513102,1.6181703949437316,206.5028403237369,429.57503862275166,-3905.123035746885,7193.818936220715,-2158.355081904155,-4659.5214721794655,7447.939399122003,65.02635589840361,0.33737619899209875,253.6584872755912
2776.4000000016717,1.2628973968784303,1.5317993301650843,207.73580274274087,401.97983241983286,-3916.68226932619,7191.080888262481,-2167.1433821980772,-4688.327772367197,7446.955144450308,65.39400101085079,0.32782844137619566,253.96547108539326
2776.5000000016703,1.2319748469887215,1.3721751342390855,208.59250664516682,374.58286323752515,-3928.704185520486,7188.458094416839,-2175.7745896324045,-4717.184904355797,7445.966545839546,65.75490518296432,0.31744231655766575,254.27631048487441
2776.600000001669,1.168479070031956,1.0853862268648524,208.79374229936798,347.39000460523573,-3941.1829131116892,7185.962627762497,-2184.2480659784064,-4746.091928532039,7444.972548536012,66.10712835164516,0.3062749274272904,254.5910999449615
2776.7000000016674,1.0762958472498887,1.129203136844913,209.5514027962154,320.4089824811664,-3954.099039978688,7183.620571001771,-2192.5630350256756,-4775.047935636926,7443.972188420231,66.44913147604522,0.2943848187586758,254.90990688773581
2776.800000001666,0.958073432959825,0.7626984757175962,209.38964778291444,293.6077065213672,-3967.4107545546813,7181.450034214291,-2200.718592259409,-4804.052041583391,7442.964590034646,66.77965080290946,0.28182789587959445,255.23277767541634
2776.9000000016645,0.8142616314113788,0.009781533212980954,208.58211896363608,266.94875574028373,-3981.0395600435927,7179.457193336902,-2208.7137245308836,-4833.103382326682,7441.948959456289,67.0979982460801,0.26865085875922384,255.5597414059854
2777.000000001663,0.6509780437222977,0.18696257620706597,208.79781414655935,240.4149050892432,-3994.9195424108043,7177.662524152395,-2216.5473277973792,-4862.201109347738,7440.924576789058,67.40425155096884,0.254890222181057,255.8908129832195
2777.1000000016616,0.4810386420508347,1.4607839423304674,209.7380226064481,213.98524861536902,-4009.0194568996553,7176.111580507216,-2224.2182127519345,-4891.344385939534,7439.890791541225,67.69909550421046,0.24058161149575755,256.225991304538
2777.20000000166,0.3084837504314982,3.088253861329192,210.53653551201504,187.64132216809304,-4023.316498155428,7174.878524118483,-2231.7251037554643,-4920.532383657502,7438.847019669816,67.98339101817113,0.22576141686505222,256.5652633820584
2777.3000000016586,0.1756225916390395,4.421629043933675,210.9805821797101,161.36871178189946,-4037.7530475533463,7174.014897617028,-2239.06664535485,-4949.7642786884835,7437.792737139094,68.25807540596428,0.21046002757760882,256.908610375461
2777.400000001657,0.0772150345495791,5.555959375364333,211.07899923374342,135.14441869522364,-4052.2770870388617,7173.511047533673,-2246.2414175132258,-4979.039248409626,7436.727469873936,68.52437266264127,0.1946931542206309,257.25601401792517
2777.5000000016557,-0.025041149886068457,6.498082548404793,211.0078753923394,108.94396165151385,-4066.850647823105,7173.421250899252,-2253.2479435488804,-5008.3564685163155,7435.6507854152715,68.7838519301725,0.1784684336268396,257.6074551660809
2777.6000000016543,-0.06636222337826278,6.48432343969055,210.9283093943755,82.72897661083307,-4081.446776179726,7173.6572584174455,-2260.084691306088,-5037.71511031465,7434.5622867772045,69.0381929932083,0.16178765984853496,257.96291706144507
2777.700000001653,-0.07670705481904841,5.751966691998711,210.815411823725,56.482389049870456,-4096.065386234059,7174.104582144374,-2266.75007816564,-5067.114338172525,7433.4616044623945,69.28915003647697,0.14464332087725557,258.32238908570787
2777.8000000016514,-0.07985195443861573,4.977398760358454,210.73929892072593,30.20413604456993,-4110.696181736089,7174.74307512551,-2273.2424681002976,-5096.553307084424,7432.348390962982,69.5383308327387,0.1270250444663083,258.68586593322107
2777.90000000165,-0.024989275926210922,3.718834403799242,210.768342792707,3.87511714860615,-4125.361125896591,7175.437188986,-2279.560174667383,-5126.031160265895,7431.222314019316,69.78712377747145,0.10891287443677967,259.0533538808377
2778.0000000016485,0.07799396499784467,3.888198115515982,210.76270238904104,-22.499591481009222,-4140.069006520089,7176.123228065702,-2285.7014612669605,-5155.547026953182,7430.08305075185,70.03669919686573,0.09028314956850884,259.42486761691464
2778.100000001647,0.21866268161118985,5.498152361597952,210.94233888081732,-48.90678108808055,-4154.821695249835,7176.852378133598,-2291.664541877916,-5185.100020198593,7428.930282998908,70.28791902085261,0.07110596341774504,259.8004341658876
2778.2000000016455,0.38907088819223656,7.163326216895997,211.40050960491422,-75.3268341463114,-4169.639368850594,7177.699712865133,-2297.4475862032978,-5214.689235018309,7427.763691512171,70.54151037939805,0.05134518086633513,260.1800916140336
2778.300000001644,0.5855275041858186,8.329500626879904,212.0558063393996,-101.72450809540213,-4184.560123595786,7178.71971062673,-2303.0487153977588,-5244.313746317467,7426.582954033193,70.7979116100574,0.0309661555756237,260.56388636522996
2778.4000000016426,0.7640386984398696,8.833623282161367,212.55281757791903,-128.06099668964566,-4199.63541950913,7179.926933689276,-2308.465996889708,-5273.972606655851,7425.3877447710875,71.05709784672327,0.009938272475757808,260.95187286377717
2778.500000001641,0.8687198550436593,8.729380124294842,212.67726757893632,-154.28688137759247,-4214.919603770886,7181.330490804783,-2313.6974417766055,-5303.664844038945,7424.177734444535,71.3185228023658,-0.011764616421783875,261.3441122946484
2778.6000000016397,0.9414798000283434,9.067802722102932,213.56418036801716,-180.34309833782584,-4230.450919242124,7182.941791699916,-2318.7410038378857,-5333.3894597655735,7422.952591444508,71.58113299028206,-0.034162132065613394,261.74067031989904
2778.7000000016383,1.063250812955557,9.444116500955761,214.86428581934038,-206.25819561281088,-4246.2178242828095,7184.70372033881,-2323.5945827428395,-5363.145426541026,7421.711983435276,71.84349578140417,-0.0572678874509564,262.1416152439361
2778.800000001637,1.2123121680775066,9.527008472165816,215.88201884459235,-232.06163710103078,-4262.213464560654,7186.55518500621,-2328.256047073353,-5392.931688169878,7420.455574198947,72.10447424613642,-0.08110570307242536,262.5470218105716
2778.9000000016354,1.316042041334943,9.282250992785027,216.23498461897617,-257.71940192291976,-4278.4769492193545,7188.473732209146,-2332.7232391241314,-5422.747158694631,7419.183024530205,72.36345948613028,-0.1056912592181139,262.9569581178829
2779.000000001634,1.3560403536546464,9.232524675717553,217.4150906343506,-283.14840161343346,-4295.066580066546,7190.45188959758,-2336.9939527748766,-5452.590719100514,7417.8940014188565,72.61953981284836,-0.13101515423509777,263.37148232384635
2779.1000000016325,1.3511057842988372,9.210847190929341,218.8992872524365,-308.29188698353903,-4312.036181128922,7192.490132550153,-2341.06592346367,-5482.46121430729,7416.5881847013925,72.8711167848456,-0.15705009678295825,263.7906466566717
2779.200000001631,1.3166295797599725,9.112702535141143,219.943799591467,-333.1441887646251,-4329.392362718633,7194.588094065285,-2344.936834802886,-5512.3574514851625,7415.265270594577,73.116119829089,-0.18376082726398357,264.21449804718634
2779.3000000016295,1.2420645957819596,8.722647250884034,219.5857600647839,-357.70560477388585,-4347.126616130472,7196.757202788815,-2348.6043394912263,-5542.278200120982,7413.924972530008,73.35264538097712,-0.21111323204541493,264.6430775203303
2779.400000001628,1.1329778491036833,7.92516608252304,218.04553102556366,-382.0325679204783,-4365.162967081235,7198.99800980334,-2352.066068587639,-5572.222191500557,7412.567024834178,73.57923723619567,-0.23906257991370783,265.07641073588786
2779.5000000016266,0.9968570202418997,6.9559253700065256,216.4158683441123,-406.1958557913311,-4383.406824440732,7201.300635709844,-2355.319654671945,-5602.18811993135,7411.191182528624,73.79531486917138,-0.2675735023003053,265.5145168557436
2779.600000001625,0.8427965218268331,6.318810976151023,215.70718727600783,-430.24666855739815,-4401.792489863079,7203.6574456659355,-2358.362748210634,-5632.174644032298,7409.797218810332,74.00161265298188,-0.29661496008138044,265.9574005532227
2779.7000000016237,0.6820641961723225,5.799813382059116,215.38063495183496,-454.2311354063814,-4420.274650902717,7206.057148669535,-2361.1930064531994,-5662.1803846128505,7408.384927094436,74.19952859758263,-0.326151200898799,266.4050540559839
2779.8000000016223,0.5201414676378436,5.135903418009192,215.10348302645465,-478.17626889275937,-4438.820357064309,7208.49169038283,-2363.8080908772977,-5692.203923223021,7406.954118337923,74.39081226434963,-0.35615383160175157,266.8574667661891
2779.900000001621,0.3576874212972105,4.175051968379531,214.79362879012214,-502.1064548515791,-4457.39854225583,7210.943322676072,-2366.2056647566383,-5722.2438006152415,7405.504616235468,74.57738040606093,-0.3866055417747544,267.314628034903
2780.0000000016194,0.1951645597379105,3.2307311276964334,214.6638871899509,-526.0421867840258,-4475.985271742201,7213.389541787965,-2368.38339302914,-5752.298515405296,7404.03625103226,74.76120289855524,-0.4175054566551844,267.77653371740524
2780.100000001618,0.08415971386061785,2.5864549738894036,214.84737072507676,-550.004566840885,-4494.56570433031,7215.799998776097,-2370.3389424588154,-5782.366522826068,7402.548852362609,74.94428734203551,-0.44886923711430865,268.24318792346077
2780.2000000016164,0.0828091353441191,2.396098720296325,215.19832009830424,-574.0216021333233,-4513.149848903721,7218.100631398335,-2372.0699793778813,-5812.4462330824745,7401.042242518884,75.12857028848818,-0.4807287355780763,268.7146064315099
2780.300000001615,0.18804320676329409,2.636565394621061,215.58393317705605,-598.1093889611261,-4531.746246883678,7220.21756370205,-2373.5741658750426,-5842.536009407913,7399.51622993052,75.31581946842329,-0.5131294833641329,269.190818200809
2780.4000000016135,0.36787525468014143,4.2545523710397335,216.28203481071043,-622.2699918044391,-4550.352077068024,7222.161737897248,-2374.8491571678737,-5872.634166213328,7397.970602900774,75.50756346300331,-0.5461316634053887,269.6718683408861
2780.500000001612,0.5441833423283974,6.757635752619684,217.50261864383086,-646.4756419086732,-4568.988515870543,7224.062796724749,-2375.892601881699,-5902.738967795734,7396.40512296196,75.70516700203962,-0.579810364591431,270.1578192983092
2780.6000000016106,0.6967521531258949,8.65979314060519,218.93002244970307,-670.6589253459566,-4587.7058683164505,7226.063520518276,-2376.702130232386,-5932.8486247093615,7394.819521641639,75.90957576255985,-0.6142428116557865,270.6487472847995
2780.700000001609,0.8926165362571061,9.791652586904975,220.36924490755607,-694.7862884689789,-4606.5452798567685,7228.180141917095,-2377.274222156753,-5962.961057987578,7393.213767628134,76.09097432638447,-0.6483492933096917,271.1443519875715
2780.8000000016077,1.0796157344478263,10.215423947518573,221.38365677444583,-718.8156846017945,-4625.556580057138,7230.40805436304,-2377.6059848512673,-5993.074236308791,7391.587824057323,76.23028361869005,-0.6826925620821003,271.6451847756118
2780.9000000016063,1.194607044107454,10.086045647270126,221.76758835757101,-742.6871011507487,-4644.785399330769,7232.737323931897,-2377.6952789779107,-6023.186243653491,7389.9415431252755,76.34585730838107,-0.717312927999666,272.1509916113798
2781.000000001605,1.2404207684348865,10.217227933100276,222.9848196751491,-766.3077281382541,-4664.281092558949,7235.167019151181,-2377.5395896391024,-6053.295027695447,7388.274978337536,76.43735167887132,-0.7518073163834051,272.6615937061925
2781.1000000016033,1.2377274812069634,10.391674219872304,224.48568299563254,-789.6164079765132,-4684.0961590776815,7237.7056962346405,-2377.136592666102,-6083.398524792291,7386.588229378018,76.51066776867256,-0.7860108209172757,273.1768583715333
2781.200000001602,1.257724485074757,10.418950809738611,225.90885410151964,-812.6171565214457,-4704.225674975888,7240.3490463314565,-2376.4839361372433,-6113.494607480813,7384.881481163443,76.56844298654647,-0.8197431969078739,273.69656986301356
2781.3000000016004,1.3597365647623376,10.290425548263112,227.2239364252062,-835.3501657487418,-4724.639644116009,7243.064153752273,-2375.579325264093,-6143.581102874663,7383.154972430599,76.61362874028458,-0.8528799055942015,274.220574840889
2781.400000001599,1.5005829272445244,10.053613247707167,228.46313819724804,-857.848252691751,-4745.318495235385,7245.801316179076,-2374.420500547737,-6173.6557858414235,7381.40899106049,76.64842684970844,-0.8853269429159778,274.7486843128234
2781.5000000015975,1.6036796889831944,9.733101536906192,229.66005551269703,-880.0544901817907,-4766.301634949602,7248.5217917462915,-2373.0052509305697,-6203.716381087688,7379.643862976853,76.67473399218349,-0.9170140462887303,275.28073815217755
2781.600000001596,1.6406082365704024,9.33395486525635,230.84334832944785,-901.8926965741895,-4787.636202150743,7251.187427050567,-2371.331416337661,-6233.760562948946,7377.859944763345,76.69410035267792,-0.9478937266786972,275.81657015587894
2781.7000000015946,1.6268891315605079,8.904813722402903,232.0034405763512,-923.3145827141906,-4809.344863717859,7253.774877730796,-2369.3968926582284,-6263.78595612183,7376.05761680418,76.70781388254917,-0.9779337322135703,276.3560288976027
2781.800000001593,1.5846680080615307,8.500167192960719,233.1185850373231,-944.3173204315733,-4831.417615017906,7256.285889515269,-2367.199635753154,-6293.790136475013,7374.23727757499,76.71693849547785,-1.0071159224309947,276.8989670568666
2781.9000000015917,1.5781706171895578,8.05908342620242,234.1738439276234,-964.9343517918808,-4853.82263612848,7258.736939810515,-2364.7376650582323,-6323.770632035098,7372.399338794375,76.72235347274471,-1.035432227033228,277.4452473121905
2782.0000000015903,1.604810453725681,7.691199012645875,235.18873160154484,-985.1992707011312,-4876.532722248121,7261.121101553661,-2362.00906678302,-6353.724924139163,7370.544221314645,76.7247846469429,-1.062883109555188,277.99473911698396
2782.100000001589,1.629073126640457,7.303188073088644,236.17141824318855,-1005.0777929572866,-4899.558574762518,7263.432446878204,-2359.011996611798,-6383.650448682678,7368.67235169611,76.72483045806251,-1.0894753672213426,278.54731996839723
2782.2000000015873,1.6684988564908558,6.920685492785202,237.1571459961194,-1024.5946369337817,-4922.880202415464,7265.654515283606,-2355.744682007849,-6413.544597465946,7366.784159282112,76.72298367004585,-1.1152208441121167,279.1028741916431
2782.300000001586,1.6517380269189232,6.60080666557906,238.1354969951311,-1043.6920999991437,-4946.519125137678,7267.768625633616,-2352.205424100517,-6443.404719608692,7364.88007380319,76.7196494085875,-1.1401351236482145,279.66129290995445
2782.4000000015844,1.5884377353800807,6.346703241437214,238.76942478317898,-1062.3239891000176,-4970.492087463719,7269.778570882354,-2348.392599213559,-6473.2281230156195,7362.960523367295,76.71516005342936,-1.16423659883363,280.2224733897513
2782.500000001583,1.4855400669430325,6.163664694207206,238.1593815722846,-1080.531664829292,-4994.77184266542,7271.714588747415,-2344.30466006067,-6503.012075872381,7361.025932805419,76.70978776359433,-1.1875456444109418,280.786318758595
2782.6000000015815,1.3473331665811237,5.842612657260689,236.40700669524347,-1098.4012560242763,-5019.297243503885,7273.614751606259,-2339.940136643161,-6532.753808175045,7359.076722310165,76.70375478700105,-1.2100840212491137,281.3527373882497
2782.70000000158,1.2168989388779856,5.257196179359072,234.6067331076431,-1116.0495737050546,-5043.986910397432,7275.503257040531,-2335.2976368883355,-6562.450513270964,7357.113306355915,76.69724206825788,-1.2318743546057769,281.921642549628
2782.8000000015786,1.107446261282647,4.84493567316951,233.7947416735992,-1133.5866850842835,-5068.7779565154015,7277.367850986931,-2330.375847057857,-6592.099349398157,7355.136092797271,76.69039639180396,-1.2529397296362137,282.4929520138717
2782.900000001577,0.9662405660723636,4.542162421832448,233.35577571930637,-1151.0180496670475,-5093.658354424078,7279.223958016089,-2325.1735319583486,-6621.6974412309655,7353.14548219572,76.68333632402032,-1.2733033843715915,283.06658766192544
2783.0000000015757,0.8045748124396871,4.0986425879272,232.93368971141956,-1168.3699194434132,-5118.605424496766,7281.076257992015,-2319.6895349793663,-6651.24188141567,7351.141867262122,76.67615715789468,-1.2929884641053448,283.6424751239495
2783.1000000015742,0.6369667664096186,3.370886897451551,232.4084587666447,-1185.686264652554,-5143.591256306758,7282.909814910052,-2313.9227779872626,-6680.729732094281,7349.125632458156,76.66893500363767,-1.3120178234503366,284.2205435274272
2783.200000001573,0.4691585318177569,2.5947152750551368,232.0561677468841,-1202.9961948740422,-5168.597430174959,7284.710585953439,-2307.872261091527,-6710.158026419648,7347.097153710187,76.66173023276286,-1.3304138957906972,284.8007251436024
2783.3000000015713,0.35367808394248945,1.6381821663045522,231.92186679630177,-1220.3258006092706,-5193.605709449384,7286.448737077251,-2301.537062307734,-6739.523770045818,7345.056798198062,76.65459019390639,-1.3481985764713518,285.38295518690876
2783.40000000157,0.34902693948859137,0.698618721665019,231.9462790133134,-1237.7199308645909,-5218.614739675244,7288.030643746636,-2294.9163371374316,-6768.823942606964,7343.00492423476,76.64755169443403,-1.3653931665738834,285.96717151745975
2783.5000000015684,0.39540713091132673,0.4703954007143638,232.0941478860083,-1255.2007990373734,-5243.62838627726,7289.392749966341,-2288.00931807034,-6798.055499168549,7340.941881213016,76.64064283513855,-1.3820182882529344,286.5533145471128
2783.600000001567,0.4500618112614745,1.5710770738500537,232.8071621334915,-1272.7367391594291,-5268.641608890848,7290.612276504368,-2280.815314031682,-6827.215371662337,7338.86800959397,76.63388464478405,-1.3980938890160064,287.14132693233137
2783.7000000015655,0.5808454395907477,3.781224853085254,234.25003106955194,-1290.3103625566698,-5293.6694340892,7291.741470975539,-2273.3337097829153,-6856.300470296918,7336.783640960536,76.62729244990754,-1.41363919924443,287.731153491217
2783.800000001564,0.764363420218348,5.927517386909984,236.0463667067532,-1307.881670386844,-5318.734177395054,7292.853940128806,-2265.563965279937,-6885.3076849471645,7334.689098083255,76.62087691718092,-1.4286727272435056,288.32274107330454
2783.9000000015626,0.9392155345020546,7.313493035709721,237.69835772447308,-1325.3710104977645,-5343.888246927134,7294.033340866158,-2257.5056150082037,-6914.233886523562,7332.584695030439,76.61464503042559,-1.4432122934396572,288.91603828766665
2784.000000001561,1.0956604254950328,8.003798016087956,239.18207997775446,-1342.683633153258,-5369.187472040229,7295.333661807159,-2249.158267289779,-6943.075928313375,7330.470737304426,76.60860074413206,-1.4572749919288028,289.5109955962651
2784.1000000015597,1.2610248405022804,8.270755604559696,240.54548792537076,-1359.7919296941263,-5394.65076067524,7296.717573417136,-2240.52160357641,-6971.8306473064295,7328.347521978969,76.60274565458522,-1.4708772443645663,290.10756504994555
2784.2000000015582,1.3696995711439728,8.315449024010004,241.8133197337281,-1376.6104908203133,-5420.311807791588,7298.166898279775,-2231.5953777323884,-7000.494865496744,7326.215337883186,76.59707950581179,-1.484034813389374,290.70570022598406
2784.300000001557,1.4488093960512698,8.128565669030174,243.05055643425172,-1393.0678700174003,-5446.194526280141,7299.663614021301,-2222.3794153075223,-7029.065391161813,7324.074465745765,76.59160061556001,-1.4967628073068358,291.3053562098968
2784.4000000015553,1.5253621444743894,7.8350766476862015,244.26311244078892,-1409.1782318074308,-5472.292654530665,7301.164546538508,-2212.873612803928,-7057.539020119571,7321.925178403884,76.58630613340046,-1.5090757119119311,291.9064894846495
2784.500000001554,1.5433244681409537,7.525735915871225,245.41912615468652,-1424.8731275050363,-5498.625133042787,7302.644827874834,-2203.077936947771,-7085.912536962097,7319.767740978081,76.58119238654761,-1.520987427082472,292.5090578290693
2784.6000000015524,1.5242500244364277,7.194797803902576,246.51924056903118,-1440.087850424166,-5525.204539295233,7304.096801812694,-2192.9924239565553,-7114.182716276738,7317.60241106641,76.57625512102598,-1.5325112854659313,293.113020273251
2784.700000001551,1.5360848002682754,6.786681868878398,247.58102235398314,-1454.854136062416,-5552.012125522994,7305.522727541498,-2182.617178805532,-7142.346323842382,7315.429438938618,76.57148958470124,-1.5436600593975935,293.71833711382374
2784.8000000015495,1.5793360858120813,6.420132551413937,248.6158384048731,-1469.212347558212,-5579.029992772417,7306.904675982106,-2171.9523745040333,-7170.400117804976,7313.2490677291635,76.56689073625195,-1.5544460104431455,294.3249697795405
2784.900000001548,1.619751091338001,6.007731821815547,249.6267649255442,-1483.1282488702357,-5606.2607835269955,7308.230590630245,-2160.9982513740174,-7198.340849837838,7311.061533627982,76.56245339337472,-1.5648809135976254,294.93288077422295
2785.0000000015466,1.6758293816157597,5.578618307333274,250.6437671316563,-1496.6304673209681,-5633.691298086513,7309.476182886252,-2149.755116334136,-7226.165266279384,7308.867066089407,76.55817224875337,-1.5749760801434367,295.542033635539
2785.100000001545,1.6743707257099743,5.191155270549063,251.65359730288822,-1509.6596956958008,-5661.328669168909,7310.615607701361,-2138.22334219102,-7253.870109251152,7306.66588798433,76.55404198465098,-1.584742341184464,296.1523930700619
2785.2000000015437,1.639839667120179,4.8024149745724625,252.651229398377,-1522.1708328733625,-5689.173360447584,7311.644690194139,-2126.403366932778,-7281.452117762643,7304.458215832964,76.5500573428316,-1.5941901292762684,296.76392466322966
2785.3000000015422,1.6401152790215006,4.357260857684558,253.63466601497595,-1534.216674910213,-5717.205502553729,7312.579489234025,-2114.2956930324985,-7308.908028795258,7302.24425994224,76.5462131122812,-1.603329467292607,297.3765949740528
2785.400000001541,1.6717348566128944,3.968679517503355,254.6036730628229,-1545.844007308609,-5745.409457562854,7313.413552436203,-2101.9008867533857,-7336.234578373015,7300.02422462495,76.54250419218239,-1.6121699853898555,297.99037152686924
2785.5000000015393,1.649730022575661,3.669893356235776,255.54989522492633,-1556.9891733918503,-5773.788288550904,7314.1332984825885,-2089.219577465968,-7363.4285026123,7297.798308349631,76.53892561726208,-1.620720958918326,298.60522269123794
2785.600000001538,1.5992658420198798,3.388369712885762,256.4868108371163,-1567.5976785265589,-5802.3403793821435,7314.745691845197,-2076.2524569692946,-7390.486538749449,7295.566703922236,76.53547258205299,-1.6289912898336603,299.2211178196971
2785.7000000015364,1.5877994184151174,3.068088555126552,257.43568909647735,-1577.7314094744606,-5831.048295674123,7315.273299694428,-2063.000278818939,-7417.405426162644,7293.3295986417,76.53214046539972,-1.6369896028179134,299.83802687619203
2785.800000001535,1.6073655831517246,2.8161764308234654,258.37855902902726,-1587.4445528896763,-5859.898957429215,7315.714213252125,-2049.4638576602038,-7444.18190737151,7291.087174486149,76.52892476859127,-1.6447241614783317,300.45592083425635
2785.9000000015335,1.6259403535304573,2.53555952864266,259.29324262835763,-1596.7011163936145,-5888.889227313397,7316.067075282589,-2035.644068562507,-7470.8127290236025,7288.839608243484,76.52582117798032,-1.6522029326640777,301.07477144725294
2786.000000001532,1.6620222860633282,2.2580601577196764,260.2092379899364,-1605.5307311301763,-5918.009887038202,7316.319036395261,-2021.5418463685137,-7497.294642863884,7286.5870716817,76.52282555952404,-1.6594336302815287,301.6945511048215
2786.1000000015306,1.6384709875533492,2.0433068919064152,261.1166435042469,-1613.8713111854113,-5947.25782053625,7316.455572131494,-2007.1581850415796,-7523.624406686149,7284.329731691954,76.51993395135256,-1.666423671146698,302.3152330421073
2786.200000001529,1.5839346919727888,1.8338249182425863,262.0268218061913,-1621.662066693265,-5976.6268584426925,7316.484811358982,-1992.494137020511,-7549.798785269523,7282.067750431636,76.51714252694376,-1.673180211217832,302.9367912246196
2786.3000000015277,1.567307750988329,1.5834640909889,262.964565168307,-1628.9632057317272,-6006.106052117001,7316.430387596101,-1977.5508125771776,-7575.814551304193,7279.801285473115,76.51444767511312,-1.679710162938328,303.5592003145629
2786.400000001526,1.5805322882828627,1.4025507692492885,263.9025542836052,-1635.8309284975674,-6035.687515277337,7316.292197491372,-1962.329379176688,-7601.668486299022,7277.530489930908,76.51184591105711,-1.6860202135951903,304.1824355969746
2786.5000000015248,1.5932874536999406,1.1944124994294005,264.81415703599515,-1642.2292980657699,-6065.3646495052235,7316.072610776603,-1946.8310608477614,-7627.357381476942,7275.255512595669,76.50933388758,-1.6921168387688423,304.8064729750669
2786.6000000015233,1.623590582061748,0.9934233242277877,265.7258190039992,-1648.1881591463543,-6095.1308910154485,7315.760692179501,-1931.0571375539337,-7652.87803865149,7272.976498060227,76.50690843826033,-1.6980062630950734,305.4312891360313
2786.700000001522,1.645487760865134,0.7343044659671697,266.6239802295302,-1653.674365570731,-6124.978477116306,7315.350016013521,-1915.0089445598283,-7678.227271090094,7270.6935868512965,76.50456649010064,-1.703694492462528,306.05686144868463
2786.8000000015204,1.681581177576618,0.46375122473232094,267.5309605394079,-1658.720198266572,-6154.905219164112,7314.826767603636,-1898.687871809088,-7703.401904371317,7268.406915543026,76.50230514994661,-1.7091873986652146,306.68316763002616
2786.900000001519,1.6568687217763416,0.2511521716898044,268.4330595294614,-1663.2645577002966,-6184.900418294903,7314.1753592964205,-1882.0953633069867,-7728.39877721237,7266.116616876224,76.50012162755165,-1.714490611407638,307.3101862055712
2787.0000000015175,1.581729485379796,0.10211193184531,269.00603881942055,-1667.2422600715615,-6214.950693009083,7313.402779330382,-1865.2329164987266,-7753.214742293221,7263.8228198616835,76.49801324843928,-1.719609600112295,307.9378961895823
2787.100000001516,1.4657864385962174,0.04515926026983109,268.9972658778809,-1670.6783324053497,-6245.050101143195,7312.545954710939,-1848.1020816546293,-7777.846667069317,7261.525649906222,76.49597745818988,-1.724549661240932,308.56627715386435
2787.2000000015146,1.3618006588188025,0.05935273998231115,269.8157265903581,-1673.6015717815935,-6275.182521397648,7311.6596024550145,-1830.704461250652,-7802.291434562676,7259.225228903514,76.49401180561544,-1.7293158951728635,309.1953093329091
2787.300000001513,1.3356697785920584,0.16903188277928427,271.0696036826531,-1676.0864048575638,-6305.355561872537,7310.770585580439,-1813.0417093599572,-7826.54594414327,7256.921675343106,76.49211393790996,-1.7339132818840364,309.82497332593783
2787.4000000015117,1.3480562818768955,0.28706476080711196,271.94492860186705,-1678.1813135743332,-6335.576168591413,7309.875619710562,-1795.1155310412728,-7850.607112300227,7254.6151044091885,76.49028162254534,-1.7383466416520408,310.4552502716413
2787.50000000151,1.3698968431203007,0.20603388504721323,272.08543824390387,-1679.8738932563654,-6365.834894737761,7308.981933964446,-1776.927681732224,-7874.471873394155,7252.305628072581,76.48851273130948,-1.7426206337632855,311.0861218614458
2787.6000000015088,1.4095255389223393,0.2879916144383575,273.00619571771495,-1681.1886373842744,-6396.115947611264,7308.072507386801,-1758.4799666353138,-7898.137180399577,7249.993355191782,76.4868051691354,-1.746739767473548,311.717570295309
2787.7000000015073,1.4442503912473548,0.3426433464045371,274.23945675353553,-1682.0810470830309,-6426.416227531069,7307.148750088683,-1739.7742401119606,-7921.600005634921,7247.678391594726,76.48515693440613,-1.7507084157146326,312.34957825560866
2787.800000001506,1.4935352419578698,0.31786740127701596,275.0879581230239,-1682.5701133337977,-6456.741911925525,7306.189921590293,-1720.8124050791148,-7944.857341473856,7245.360840174159,76.48356617120567,-1.7545308235746173,312.9821288652126
2787.9000000015044,1.4819274471892425,0.26090588492107547,275.2034424598271,-1682.617030217511,-6487.080064920865,7305.186511739016,-1701.5964123988222,-7967.906201052729,7243.040800953502,76.48203102956374,-1.75821113349931,313.61520558120225
2788.000000001503,1.440522823945845,0.24351560081097023,276.14164189909957,-1682.1671493479462,-6517.39642846814,7304.151968139035,-1682.1282602781373,-7990.743618961595,7240.718371199254,76.4805497331192,-1.761753339954242,314.2487924097419
2788.1000000015015,1.4436571426435263,0.19938271070054195,277.4420248226145,-1681.2733108516952,-6547.702534164333,7303.093461072842,-1662.4099936653417,-8013.366651919556,7238.393645475501,76.4791205994797,-1.7651613144810048,314.8828737943956
2788.2000000015,1.476442312025076,0.1471011605919267,278.33933032257477,-1679.9802925661934,-6578.012431303111,7301.997752303017,-1642.443703642167,-8035.7723794442045,7236.066715726805,76.47774199197796,-1.76843881824854,315.5174345750994
2788.3000000014986,1.4583087027399726,0.08304252807695957,278.4729648781702,-1678.2480211964605,-6608.310534495019,7300.863038655648,-1622.2315268209347,-8057.957904502724,7233.737671362224,76.47641235442,-1.7715894968538224,316.1524600145452
2788.400000001497,1.4131447973939584,0.09019505090298693,279.4151633259852,-1676.0231646669706,-6638.559266961598,7299.707716704959,-1601.7756447451302,-8079.920354151348,7231.406599318904,76.475130185686,-1.7746169056413272,316.78793569722916
2788.5000000014957,1.4145358430936972,0.08677183759263721,280.71584644983096,-1673.3575186916494,-6668.772991853806,7298.539406028101,-1581.07828328237,-8101.6568801668955,7229.073584129065,76.47389400498096,-1.7775244834436288,317.42384763588535
2788.600000001494,1.4460662155186668,0.06622773948024738,281.60939532938505,-1670.2942797343057,-6698.968128195103,7297.344555276543,-1560.1417120258347,-8123.164659666516,7226.73870799495,76.47270242129852,-1.7803155839411322,318.06018216577826
2788.7000000014928,1.4269418629582202,0.011812337618616876,281.7384491945769,-1666.794259755588,-6729.126809768977,7296.123152413184,-1538.9682436923915,-8144.44089570942,7224.402050858081,76.47155409727554,-1.7829934427511227,318.6969260561327
2788.8000000014913,1.3808078050270047,0.05431635728182878,282.6743029924732,-1662.8070720567177,-6759.208655479552,7294.895912730861,-1517.5602335142075,-8165.482817895207,7222.063690449223,76.47044769423839,-1.7855612152998463,319.3340663793302
2788.90000000149,1.3273273450084149,0.1580909201856305,283.64029166729637,-1658.363094848503,-6789.228273836907,7293.671727216903,-1495.9200786439699,-8186.2876829445495,7219.723702361057,76.46938197841895,-1.7880219641754813,319.9715905586725
2789.0000000014884,1.2252061947906365,0.016499886790861167,283.264437372525,-1653.459526671509,-6819.183772599073,7292.476869906879,-1474.0502175481265,-8206.852775267158,7217.382160111759,76.46835570531816,-1.7903786551280687,320.6094863809951
2789.100000001487,1.0807550837312117,-0.34406768736972804,282.2580858276411,-1648.1718431016561,-6849.08060541754,7291.334486295945,-1451.9531294045298,-8227.175407528024,7215.0391351892895,76.46736770487637,-1.7926341865504398,321.2477418932061
2789.2000000014855,0.9567372835666413,-0.12119902508435577,282.6870589250443,-1642.5788722917544,-6878.907700689887,7290.271485920942,-1429.6313335015607,-8247.252921189582,7212.694697119519,76.46641686526378,-1.7947913458133955,321.8863455711617
2789.300000001484,0.923089259183881,0.85105373780439,284.27119134430325,-1636.7327152084079,-6908.687159250061,7289.290487758094,-1407.0873886339266,-8267.082687049597,7210.348913519598,76.46550205882718,-1.7968528759175482,322.5252860459412
2789.4000000014826,0.9739582690396831,1.8011501236110632,285.8072487432361,-1630.6524531470964,-6938.458869093503,7288.382196128888,-1384.3238925054652,-8286.662105770763,7208.001850146774,76.46462223079611,-1.7988214345346965,323.16455229135937
2789.500000001481,1.0866644499857838,2.431712083005395,287.07197215373617,-1624.3316332722663,-6968.225725839438,7287.539922825328,-1361.3434811209931,-8305.988608394824,7205.653570955175,76.46377637137108,-1.8006995841005753,323.8041336465583
2789.6000000014797,1.2460292124840044,2.712283738730348,288.137262031136,-1617.7316617106892,-6997.968382844072,7286.759925294471,-1338.1488281829038,-8325.059656846019,7203.304138140089,76.46296344141427,-1.802489821749522,324.44401970153916
2789.700000001478,1.4071015118717047,2.7636630563169065,289.1004747027636,-1610.8088060323303,-7027.6686532395615,7286.013983487172,-1314.7426444921205,-8343.87274442842,7200.953612194732,76.46218250129893,-1.8041946019353516,325.0842002186856
2789.8000000014767,1.5075751339122807,2.675037023243676,290.0531623067714,-1603.4859257721414,-7057.286796990805,7285.273378644035,-1291.1276773463987,-8362.42539630643,7198.602051946593,76.46143264207608,-1.8058162807455544,325.7246653406646
2789.9000000014753,1.5343615160208162,2.494942958406343,291.0407098137712,-1595.6864908789187,-7086.773409149693,7284.51099766143,-1267.3067099323728,-8380.715169974808,7196.249514614198,76.46071293540452,-1.8073571366019725,326.36540552171255
2790.000000001474,1.5146759510970875,2.265941090167598,292.0517313766187,-1587.361215040859,-7116.093559538594,7283.7157726102805,-1243.282560726209,-8398.739655722782,7193.896055843452,76.46002250120063,-1.8088194180302013,327.00641132777235
2790.1000000014724,1.5205883003030014,1.9468174670841012,293.07478836252534,-1578.5511082421272,-7145.2596062169205,7282.889872367103,-1219.058082888181,-8416.496477088338,7191.541729758731,76.45936049154308,-1.8102053071048692,327.6476735916434
2790.200000001471,1.5557371621692122,1.6666855325802001,294.0871855290377,-1569.3001794011523,-7174.287725653609,7282.017155298159,-1194.63616366064,-8433.983291298915,7189.186588994677,76.45872610745214,-1.8115169047054407,328.289183470074
2790.3000000014695,1.5873563720601744,1.3417874868305555,295.0777728443754,-1559.5817210932491,-7203.1541035146365,7281.090423554055,-1170.0197237635748,-8451.197789697748,7186.830684747291,76.45811853218127,-1.8127562483477697,328.93093236902735
2790.400000001468,1.6350525882261524,1.0067938256508802,296.07356623922954,-1549.4254828786782,-7231.867730943474,7280.088224887705,-1145.211716790762,-8468.137698170238,7184.474066803462,76.45753700271534,-1.8139253487531979,329.5729118072567
2790.5000000014666,1.623534264684217,0.7232881801212359,297.0599285752072,-1538.7833856572881,-7260.388743649024,7278.991619190887,-1120.215128608354,-8484.800777554345,7182.116783592054,76.45698077285718,-1.8150261622770045,330.2151135102915
2790.600000001465,1.5639601353420183,0.48667692205778423,297.6991199292688,-1527.6151825933352,-7288.685726433191,7277.803589329085,-1095.032976750618,-8501.184824043867,7179.758882211167,76.45644910993556,-1.816060566865996,330.8575295314103
2790.7000000014636,1.4656890324668426,0.28561952834274723,297.0934892012782,-1515.964355105929,-7316.782628236562,7276.550502432659,-1069.6683098140495,-8517.287669576432,7177.400408466733,76.45594132039604,-1.8170303750130334,331.5001521813862
2790.800000001462,1.3334864132963609,0.03659017230842627,295.94170871702903,-1503.9146351252691,-7344.71304502784,7275.269765890816,-1044.124206856506,-8533.107182215557,7175.04140690091,76.45545670274454,-1.8179373917060508,332.14297380313667
2790.9000000014607,1.2233985693452036,0.00867848997246334,296.33448718108514,-1491.5265659389404,-7372.485405276198,7274.004718815315,-1018.4037767944474,-8548.64126652506,7172.681920844311,76.45499461248141,-1.8187833512167164,332.78598702648645
2791.0000000014593,1.2030318702877512,0.3952364536545555,298.05917106806476,-1478.8425986218003,-7400.133153972142,7272.769407350976,-992.5101577964862,-8563.887863930835,7170.321992436442,76.45455438065166,-1.8195699486302108,333.4291846349785
2791.100000001458,1.2245238995963748,0.7556199517264285,299.4409977955745,-1465.8668112070407,-7427.6824620014695,7271.56015989233,-966.446516683468,-8578.844953076881,7167.96166265409,76.45413540006469,-1.8202988162970197,334.0725596792589
2791.2000000014564,1.2548700581554204,0.7297596145539386,299.88821074501806,-1452.568589419336,-7455.10857356147,7270.393311701149,-940.2160483201185,-8593.510550165403,7165.600971353335,76.45373709052804,-1.8209715431925824,334.7161053789812
2791.300000001455,1.3041660554802712,0.9161741389014889,300.9970932162328,-1438.959568556475,-7482.398003824658,7269.251798183817,-913.8219750163923,-8607.882709292377,7163.239957291121,76.45335882548497,-1.8215897029422152,335.359815012763
2791.4000000014535,1.3470739677815933,1.0789904044215752,302.3605325218316,-1424.9920157136496,-7509.519616337791,7268.1427505161555,-887.2675459246544,-8621.959522775744,7160.878658167273,76.453000046114,-1.822154802283549,336.0036821463135
2791.500000001452,1.4048588838568743,1.1616159996678284,303.62278119813146,-1410.6660721099092,-7536.471251647946,7267.043982543299,-860.5560364348223,-8635.739121469858,7158.517110632444,76.4526602153531,-1.8226683034134123,336.6477005178632
2791.6000000014506,1.4530891982208245,1.1032598237529085,304.7578774815583,-1395.9444054340615,-7563.213878520323,7265.950491634101,-833.6907475721582,-8649.219675071325,7156.155350340343,76.45233879127713,-1.8231316302060356,337.2918640312154
2791.700000001449,1.5156303671927394,0.9792632138676031,305.82237100254537,-1380.8435405427342,-7589.753340436931,7264.83314130621,-806.675005396742,-8662.399392417045,7153.793411956824,76.45203526175919,-1.8235461800881585,337.93616669407805
2791.8000000014476,1.5687812625727888,0.7398148743236438,306.83816177330186,-1365.3382629121345,-7616.058112179323,7263.676707486615,-779.5121603977336,-8675.276521776575,7151.431329192808,76.45174908346563,-1.8239133216828747,338.5806026334343
2791.900000001446,1.6363367278991539,0.4458709192580413,307.84291799767027,-1349.4514235777958,-7642.144524787511,7262.451041409186,-752.2055868959775,-8687.849351132805,7149.069134828139,76.45147978731086,-1.8242343521603879,339.2251662807761
2792.0000000014447,1.641775934483236,0.19429884490116134,308.48737463037185,-1333.146271875068,-7667.974720852099,7261.131005224452,-724.7586824435303,-8700.116208447907,7146.706860745633,76.45122689744596,-1.824510549649305,339.8698521354902
2792.1000000014433,1.5941462443583432,-0.0028502708515829025,308.51546138214286,-1316.4047022818656,-7693.5133530226385,7259.712831980521,-697.1748672198494,-8712.075461932487,7144.344537944717,76.45098994312993,-1.8247431747070662,340.51465478100806
2792.200000001442,1.5045614657910893,-0.16505075359367324,309.4351503443581,-1299.235972875492,-7718.736918330227,7258.217222755301,-669.4575834305223,-8723.72552029735,7141.98219655391,76.4507684803711,-1.8249334275060172,341.159569043937
2792.3000000014404,1.381495271618433,-0.22225901786376154,310.37711519195665,-1281.6381356089016,-7743.64953829,7256.683172594315,-641.6102947126734,-8735.064833000071,7139.619865892146,76.45056206556696,-1.825082499537189,341.8045897961831
2792.400000001439,1.2301260911584988,-0.24993800957732576,310.57939194487733,-1263.6329554160145,-7768.269882352754,7255.16349853507,-613.636485534195,-8746.09189048272,7137.257574451733,76.45037028641853,-1.8251915340572693,342.44971210438325
2792.5000000014375,1.107526670806049,-0.0008700553744018846,311.4858042812211,-1245.2704005215203,-7792.606150545024,7253.718604818884,-585.53966058949,-8756.805224402786,7134.895349935833,76.45019269821779,-1.825261662408216,343.0949310875332
2792.600000001436,1.0746456514559686,0.45904492792938395,312.71351644301626,-1226.6021950168506,-7816.7117163187495,7252.364501739854,-557.3233442060798,-8767.203407856257,7132.533219278893,76.45002893241524,-1.825293961303811,343.7402421011135
2792.7000000014345,1.124095430411129,0.8906311055270607,313.85066654870144,-1207.6601054844425,-7840.639540957439,7251.084471281139,-528.9910797450908,-8777.285055581702,7130.171208672765,76.44987858746221,-1.8252894701892004,344.38564064305274
2792.800000001433,1.2347492960230602,1.157479267041994,314.84756589791766,-1188.461834781047,-7864.407458245168,7249.853283552191,-500.5464290075333,-8787.048824168936,7127.809343571246,76.44974127428739,-1.8252492287150826,345.0311222285647
2792.9000000014316,1.3647066957304825,1.262256707103939,315.73373188688174,-1168.986362617598,-7887.98501951525,7248.652500106117,-471.99297163651755,-8796.493412255775,7125.447648727549,76.44961664143598,-1.8251742562541078,345.67668244816605
2793.00000000143,1.4473027519129975,1.2739256829878436,316.5786539953277,-1149.183213171297,-7911.300319304157,7247.464930899338,-443.33430452197905,-8805.617560715507,7123.086148195437,76.44950430418038,-1.825065504829135,346.32231718019233
2793.1000000014287,1.5017000369299975,1.1234299621578983,317.4671156369521,-1129.0213834176066,-7934.301786662013,7246.274397285247,-414.5740412005839,-8814.420052838808,7120.724865367833,76.44940394227325,-1.824923940253915,346.96802224840104
2793.2000000014273,1.5564522057627366,0.9154256327802927,318.415063623637,-1108.5251156928834,-7957.011422622814,7245.046415747997,-385.7158112690638,-8822.899714504798,7118.363822977952,76.44931521042542,-1.8247504742243654,347.61379370187586
2793.300000001426,1.5981850973619292,0.6092584616846409,319.3787953995094,-1087.6805900875252,-7979.399319055469,7243.764593281568,-356.7632597912113,-8831.055414343084,7116.003043116331,76.44923779440384,-1.8245460127139255,348.25962762051626
2793.4000000014244,1.6499569019166664,0.27088952463099236,320.3553276450108,-1066.508400768017,-8001.488932653597,7242.40361655778,-327.72004670435217,-8838.886063894972,7113.642547259224,76.44917136588718,-1.8243114372121565,348.9055201834513
2793.500000001423,1.6407061840494566,-0.0020305611390804067,320.97755048679056,-1044.9811178955326,-8023.235740296685,7240.942961397905,-298.58984622213535,-8846.390617758121,7111.282356277675,76.44911559716655,-1.8240475830950629,349.5514677691759
2793.6000000014214,1.5823623691948234,-0.20649215622339603,320.98309906261363,-1023.0882650745227,-8044.600764916636,7239.384767834151,-269.37634625134814,-8853.568073729291,7108.922490456829,76.44907019020577,-1.8237552767645437,350.19746679554066
2793.70000000142,1.5053552467768319,-0.4057212995997764,321.8845057490564,-1000.8513436163578,-8065.575896187014,7237.755102164725,-240.08324780164745,-8860.417472935944,7106.562969503877,76.4490348695741,-1.8234353330769881,350.84351373681227
2793.8000000014185,1.422533586920047,-0.507273610242621,322.820517686096,-978.2898096391816,-8086.203669109941,7236.080118599207,-210.7142643958108,-8866.937899964089,7104.203812574172,76.44900935877332,-1.8230885361841145,351.4896051902978
2793.900000001417,1.3026696378382439,-0.5620084495306272,323.0087032081279,-955.3943258146678,-8106.463375347478,7234.400588813183,-181.2731214831682,-8873.128482973587,7101.845038274637,76.44899334758043,-1.8227156500698183,352.1357378435757
2794.0000000014156,1.1980212614056964,-0.4039715347260617,323.92497963070883,-932.19576333267,-8126.345957019001,7232.771966660866,-151.76355585759467,-8878.988393814094,7099.486664689878,76.4489865721529,-1.8223174255175625,352.7819084461812
2794.100000001414,1.1746024688170609,-0.08624378114839587,325.2006579618284,-908.7307158435184,-8145.910082357951,7231.211374698132,-122.18931506811177,-8884.516848126723,7097.128709384457,76.44898878865023,-1.8218945894579905,353.42811384993996
2794.2000000014127,1.1899080746523782,0.15814477711447567,326.04360177020067,-885.0072129417882,-8165.20171268009,7229.7087460260545,-92.55415683485187,-8889.713105439681,7094.771189419923,76.44899974739023,-1.8214478322206034,354.07435105902516
2794.3000000014113,1.214069825644326,0.08038909672624002,326.17873941157694,-861.0264580384286,-8184.205461707153,7228.272468939624,-62.861848469577005,-8894.57646925372,7092.414121377522,76.44901919984162,-1.820977836985882,354.72061711617147
2794.40000000141,1.2560559113299383,0.29259959874434677,327.07657232514237,-836.8138981751302,-8202.928461725638,7226.880874339986,-33.1161662949209,-8899.106287127133,7090.057521359334,76.44904689820024,-1.8204852874623578,355.3669090617121
2794.5000000014084,1.2926029697089931,0.5221678132969366,328.2831070736038,-812.3454487438484,-8221.33312505534,7225.541403544826,-3.320895062615121,-8903.301950750123,7087.701404995081,76.44908259603176,-1.8199708367091434,356.01322407193834
2794.600000001407,1.3969146973473092,0.5750446305839058,329.47449968502565,-787.6372579350576,-8239.450368491296,7224.226817884729,26.52017262318295,-8907.162896013928,7085.345787476197,76.44912609362689,-1.8194351143348162,356.6595594247703
2794.7000000014054,1.5272709758105167,0.4603800906645451,330.2171767785237,-762.7049857127007,-8257.3201541568,7222.891774286861,56.403236881992804,-8910.688603063869,7082.990683544469,76.44917715191134,-1.818878712548749,357.3059125508666
2794.800000001404,1.6134295467162,0.2580326593487469,330.2769670662777,-737.538012167287,-8274.907557440256,7221.50183742579,86.32449113600664,-8913.878596357974,7080.636107527239,76.44923555462911,-1.8183022627893277,357.9522807325838
2794.9000000014025,1.6265746819615292,0.02035704329358252,331.21850534889467,-712.1234523543328,-8292.125226248818,7220.031038113118,116.28012268053497,-8916.732444712008,7078.282073314691,76.4493010994147,-1.817706334440178,358.59866150661463
2795.000000001401,1.583418703939494,-0.21922258016318058,332.19354233498217,-686.4317950720025,-8308.909147709212,7218.470606912282,146.26631325811016,-8919.249761335885,7075.928594408682,76.4493735739134,-1.8170914942018115,359.245052429814
2795.1000000013996,1.4970272049505702,-0.41053098848813613,331.80442267688517,-660.4728020951143,-8325.283380695419,7216.836788471264,176.27923962773812,-8921.430203869098,7073.575683909113,76.44945279531994,-1.8164582987727695,359.8914511038031
2795.200000001398,1.3751478757289126,-0.631892198955666,330.75834827063875,-634.292849151193,-8341.311956059395,7215.161928381131,206.31507413425618,-8923.273474402786,7071.223354526416,76.44953858162293,-1.8158072851268818,0.5378552194654806
2795.3000000013967,1.2734426117408448,-0.6736775459912421,331.27493943105657,-607.93057264707,-8357.027232893688,7213.486940167004,236.36998527567636,-8924.779319501553,7068.871618601999,76.44963074406408,-1.8151389940891718,1.184262450070957
2795.4000000013953,1.2598951244907601,-0.367459007702714,333.1176098891261,-581.3967021791156,-8372.47257056803,7211.82708746843,266.4401382678691,-8925.947530213245,7066.520488105971,76.4497290779564,-1.8144539224199356,1.8306706615213546
2795.500000001394,1.2870085253595704,-0.09777812728326445,334.5458680317739,-554.6776590819935,-8387.666738626449,7210.1785155754305,296.5216956134122,-8926.777942075072,7064.1699746587165,76.44983341363627,-1.8137525721914811,2.4770777009402267
2795.6000000013923,1.265156034340442,-0.24383983866349773,334.3404675424157,-527.7550476624771,-8402.56137515939,7208.554736316553,326.6108176607991,-8927.27043511282,7061.820089525218,76.44994358936593,-1.813035435483016,3.1234814645247218
2795.700000001391,1.186689347002965,-0.6076048761432048,333.40206249304435,-500.646579075046,-8417.142667290922,7206.96907061517,356.7036631613812,-8927.42493383093,7059.470843632087,76.45005945912398,-1.8123029707767202,3.76987998979983
2795.8000000013894,1.106506750153073,-0.4733812070000515,333.96626333863554,-473.3879295774335,-8431.43025683711,7205.44106572018,386.79638983210447,-8927.241407195768,7057.1222475846025,76.45018084140887,-1.811555641335358,4.41627129735818
2795.900000001388,1.098856514418838,0.20844338450584574,335.77728200333337,-445.9867115545634,-8445.464235827778,7203.9746798644965,416.885154913544,-8926.719868619102,7054.774311658753,76.45030757407064,-1.8107939154171484,5.062653397007298
2796.0000000013865,1.1770871889820678,0.7978184662490813,337.51939352493423,-418.43163834263885,-8459.274720387446,7202.558649155349,446.96611571763503,-8925.860375928247,7052.427045820544,76.45043951179589,-1.8100182046835187,5.709024535689371
2796.100000001385,1.2927118376241369,1.0133334941934937,338.5811509966816,-390.7125923359575,-8472.865818114744,7201.171819811493,477.03543018587874,-8924.66303132998,7050.080459730542,76.45057650338352,-1.8092289418257923,6.355382877580383
2796.2000000013836,1.3690705375641872,0.9129874038019062,338.7847984547595,-362.81658593398674,-8486.1759699001,7199.803619950292,507.0892574403278,-8923.127981372198,7047.734562748415,76.45071840569759,-1.808426540643022,7.001726671732554
2796.300000001382,1.3702085458236286,0.9769946081800231,339.78418380864,-334.74130765109607,-8499.103607302071,7198.455153358385,537.1237583273663,-8921.25541689409,7045.389363948825,76.45086507033314,-1.8076113980794437,7.648054239312705
2796.4000000013807,1.3295218203851396,1.0832777928749333,341.0911977269998,-306.47213399737063,-8511.580231281388,7197.141028598571,567.1350959688057,-8919.045572977288,7043.044872124842,76.45101635907015,-1.8067839256440892,8.294363849427807
2796.5000000013792,1.3230475074596457,1.1191742114109025,342.33790676501746,-278.019727178714,-8523.639942421936,7195.867112815905,597.1194363043707,-8916.498728885139,7040.7010957879365,76.45117215370777,-1.8059444964570903,8.940653933970847
2796.600000001378,1.4007618944989628,1.05818256619748,343.4764429768615,-249.40103478299324,-8535.342243214389,7194.61474462334,627.0729486319589,-8913.615207996258,7038.358043181611,76.45133233335866,-1.8050934773450937,9.586922956027434
2796.7000000013763,1.5189589094589069,0.9137097203064665,344.5198317741476,-220.62683023227908,-8546.723824997229,7193.347502401123,656.9918061495619,-8910.395377731827,7036.015722293884,76.45149677204887,-1.8042312327525616,10.233169392808891
2796.800000001375,1.6011394903185707,0.7116006986199126,345.501102779483,-191.6878005916691,-8557.715424396927,7192.034947348139,686.8721864912669,-8906.839649478914,7033.674140850485,76.45166533519249,-1.803358122782569,10.879391744895889
2796.9000000013734,1.6112659223602999,0.46395359030292943,346.4748242029681,-162.5784762020905,-8568.22834754403,7190.649944520021,716.7102722637743,-8902.948478506183,7031.333306336421,76.45183790176154,-1.8024744822307839,11.525588624329275
2797.000000001372,1.5792935473479923,0.18608131845628245,347.4558135536835,-133.3054661392404,-8578.205372424738,7189.185063546136,746.5022515797,-8898.722363873972,7028.993225982356,76.45201435599245,-1.801580658682801,12.171758592901444
2797.1000000013705,1.524601656820356,-0.04176369428252953,348.08811725560105,-103.87595627453429,-8587.677786217746,7187.649920014162,776.2443185854346,-8894.161848340358,7026.653906797537,76.45219459645035,-1.800676971990907,12.817900336028861
2797.200000001369,1.4639392152802262,-0.2682689720104158,348.089846791595,-74.30192429555287,-8596.652301680972,7186.070014954296,805.9326739916395,-8889.267518254632,7024.315355550492,76.45237851053358,-1.7997637351438012,13.464012565782747
2797.3000000013676,1.408959382822769,-0.3229494490026574,348.99348646757613,-44.610146775784585,-8605.169098813438,7184.464001781464,835.5635255987723,-8884.04000345394,7021.977578787196,76.452565990613,-1.798841270397022,14.110093969290253
2797.400000001366,1.345147229972373,-0.2628641753792235,350.2285167150933,-14.79378263974325,-8613.194456687661,7182.864171131194,865.1330888181297,-8878.47997714755,7019.640582832209,76.4527569441892,-1.7979098727761311,14.756143344386203
2797.5000000013647,1.2859806820358735,-0.18460449973047136,351.05442734865073,15.146667902222049,-8620.754740834584,7181.288920187456,894.6375871917071,-8872.588155797024,7017.304373801163,76.45295126639378,-1.7969698251975665,15.40215955039985
2797.6000000013632,1.216564344699147,-0.2509709881776554,351.16967647506175,45.199912800868475,-8627.851366876344,7179.769969739566,924.0732529097507,-8866.365298990118,7014.968957601902,76.4531488656665,-1.796021420844074,16.048141403476414
2797.700000001362,1.2073057885511351,-0.05791394685056911,352.12817888124306,75.34128754519095,-8634.546918315391,7178.314522534195,953.4363273286046,-8859.812209312819,7012.634339937884,76.45334962187925,-1.7950649599068964,16.69408769780283
2797.8000000013603,1.2792233912955533,0.1922458828542951,353.3937534071775,105.5781725067372,-8640.910492966796,7176.898654532004,982.7230614822269,-8852.929732213146,7010.300526310453,76.45355347564151,-1.7941006923817229,17.339997446287384
2797.900000001359,1.3891090376581943,0.2510715091629029,354.2075842438704,135.91663412843232,-8646.973990572813,7175.489755556193,1011.9297165892144,-8845.718755855685,7007.96752202906,76.45376033385818,-1.7931288903358447,17.98586956312377
2798.0000000013574,1.461620695187064,0.1333554438786927,354.2764135871932,166.35238190392107,-8652.690602580882,7174.066972042251,1041.0525645597756,-8838.18021097959,7005.635332220346,76.4539700800068,-1.7921498324727967,18.631702947806623
2798.100000001356,1.4576309627703226,0.12195276111153172,355.199639199967,196.86102058305755,-8657.969647990907,7172.622757385043,1070.0878885018356,-8830.31507074354,7003.303961823598,76.45418266707621,-1.7911637467306016,19.277496719100984
2798.2000000013545,1.4122321816505816,0.13198025384692977,356.46300622653126,227.43920894814988,-8662.745916040358,7171.167443291778,1099.0319832247744,-8822.124350560995,7000.973415594158,76.4543979930464,-1.790170880430068,19.92324990640376
2798.300000001353,1.3464857814365692,0.13974510506002702,357.3135686021976,258.0894033441875,-8667.041570324003,7169.712867094061,1127.8811557327533,-8813.609107941396,6998.643698119319,76.45461596458237,-1.7891714697498624,20.568961605918652
2798.4000000013516,1.2749907074149964,0.024497447913465,357.43401466785866,288.80033413956505,-8670.856052508649,7168.290858395425,1156.631725719829,-8804.770442319896,6996.314813813782,76.45483654416417,-1.7881657556838415,21.214630892039818
2798.50000000135,1.267634901540114,0.12321605450918563,358.4099137839892,319.5541415198762,-8674.253822282448,7166.912038693938,1185.280026065604,-8795.609494882703,6993.986766924199,76.45505963728455,-1.7871539778945746,21.860256846657396
2798.6000000013487,1.3436164175650733,0.2631064333119401,359.6997549866379,350.36589790571065,-8677.303967868429,7165.555501940328,1213.8224033240695,-8786.127448386735,6991.659561532581,76.45528518146672,-1.7861363424893772,22.505838701912943
2798.7000000013472,1.4575724735244437,0.24267757471473006,0.5330452895005048,381.24532687498856,-8680.040169959007,7164.18884870756,1242.2552182087336,-8776.325526973353,6989.333201567647,76.45551309559252,-1.7851130724415303,23.151375616924962
2798.800000001346,1.5333578250550943,0.09424430924173637,0.617957360419975,412.1829898580333,-8682.419323526823,7162.7867441174,1270.5748460747377,-8766.204995979973,6987.007690803695,76.45574330662691,-1.7840843759510563,23.796866826185262
2798.9000000013443,1.53345018459673,-0.010852123390645669,1.5739010436517487,443.14408486502697,-8684.355227103955,7161.334152559626,1298.7776774006095,-8755.767161741596,6984.683032861733,76.45597574823947,-1.783050460775133,24.442311560834572
2799.000000001343,1.491699560499434,-0.12067661927540471,2.864605289987113,474.1178621433733,-8685.781938685952,7159.834572225282,1326.8601182614595,-8745.013371392948,6982.35923121289,76.45621036202316,-1.782011515929245,25.087709147219872
2799.1000000013414,1.4288371653302612,-0.20345874546102044,3.7307713018594555,505.10900190013564,-8686.71688239869,7158.299838212505,1354.8185908093958,-8733.945012656339,6980.036289186359,76.45644708728443,-1.7809677503078785,25.73305881766534
2799.20000000134,1.360321582835828,-0.3506087059915447,3.8525900615901647,536.1060707984822,-8687.158026659725,7156.75997619356,1382.6495337393578,-8722.563513637133,6977.71420997394,76.45668583548917,-1.779919351236069,26.378359913344756
2799.3000000013385,1.3558729363966264,-0.3567354009893255,4.849442592345567,567.0985229273225,-8687.171244095647,7155.229549935874,1410.349402755638,-8710.870342603921,6975.39299662664,76.45692659202506,-1.778866488752659,27.023611846261897
2799.400000001337,1.4358619739587841,-0.3524290496014763,6.163859148846525,598.1092381841424,-8686.824700103865,7153.69215794921,1437.9146710378084,-8698.86700776761,6973.072652070558,76.45716927281507,-1.777809365279167,27.668813894984066
2799.5000000013356,1.5533793226216062,-0.4678593121487166,7.010974153675328,629.1517953388071,-8686.153588769283,7152.116926362938,1465.3418296978855,-8686.55505705869,6970.753179093272,76.45741382519532,-1.7767481473507705,28.313965498445892
2799.600000001334,1.6317687706308983,-0.6440524089012007,7.104774534204741,660.2119063937226,-8685.119954592092,7150.473578176797,1492.6273882424994,-8673.93607789345,6968.434580356318,76.45766020246325,-1.7756830152936693,28.959066038502105
2799.7000000013327,1.6347068116502892,-0.8654119618532107,8.078372248588659,691.2496599744588,-8683.643812707258,7148.738087442014,1519.7678750229254,-8661.011696939651,6966.1168583974695,76.45790834032694,-1.7746141262457777,29.604114998151857
2799.8000000013312,1.580033836116414,-1.0793760851790792,9.050734968193886,722.2508902208724,-8681.654676436465,7146.9049896415745,1546.7598376876897,-8647.783579875006,6963.800015636409,76.45815818476697,-1.773541656557494,30.249111785880665
2799.9000000013298,1.4816124738781116,-1.2433236745983627,8.622673789470348,753.2172627790495,-8679.179595107296,7144.995836460078,1573.5998436272696,-8634.253431145986,6961.484054365647,76.45840971262369,-1.7724657564659145,30.89405592841261
2800.0000000013283,1.3468242353326918,-1.449899620225608,7.570767557467959,784.1510171863774,-8676.300156146817,7143.047727018393,1600.2844804153772,-8620.422993711272,6959.168976777774,76.45866286775417,-1.7713865749639768,31.53894694989501
2800.100000001327,1.2357627790558592,-1.4286972779073503,8.144987482817879,815.0309083052048,-8673.070829251537,7141.105252323157,1626.8103562521312,-8606.294048791462,6956.8547849370725,76.45891757588123,-1.7703042735562815,32.183784338329964
2800.2000000013254,1.2181878940721176,-1.0010789062138539,10.014932244149684,845.8733037587917,-8669.530802822375,7139.185861971287,1653.17410039712,-8591.868415609404,6954.541480803359,76.4591738094003,-1.7692189944776204,32.82856766190053
2800.300000001324,1.2418252708366264,-0.6513033108633917,11.389800067669398,876.7135994582674,-8665.681246667655,7137.288389040685,1679.3723636033187,-8577.14795112701,6952.229066230855,76.4594315133394,-1.7681308892294623,33.47329645430346
2800.4000000013225,1.2734407585983012,-0.6933339137994806,11.791117900189908,907.5364200170225,-8661.485108204983,7135.428247447881,1705.4018185429884,-8562.134549777047,6949.917542969317,76.45969064089546,-1.7670400871772556,34.117970344602085
2800.500000001321,1.3236419224895306,-0.5183153336397042,12.91227413441543,938.3234635278637,-8656.948814597547,7133.588484478105,1731.2591602346763,-8546.830143190644,6947.606912660632,76.45995115641425,-1.7659467309664751,34.76258891535124
2800.6000000013196,1.3667601351584575,-0.37727673137602435,14.279199834211573,969.0611630952199,-8652.016923006042,7131.774629557425,1756.941106463179,-8531.236699921968,6945.29717685358,76.46021304798529,-1.7648509578015765,35.407151774726806
2800.700000001318,1.4247449668790617,-0.3160309964035371,15.526483392567929,999.7471591324011,-8646.686758791659,7129.964503484586,1782.4443981958161,-8515.356225164942,6942.9883369981535,76.4604762568188,-1.763752897129104,36.0516585612005
2800.8000000013167,1.4729032498787358,-0.39481005685527165,16.64104160805024,1030.3552622303516,-8640.911180549529,7128.151838546231,1807.7658000010256,-8499.19076046977,6940.680394442154,76.46074073911336,-1.7626526920681198,36.696108869931294
2800.900000001315,1.5355345169531964,-0.5327246269513218,17.686512072520816,1060.8851061037615,-8634.707853817785,7126.307549503702,1832.9021004523522,-8482.742383452474,6938.373350445951,76.46100645684253,-1.7615504369826398,37.34050249478582
2801.0000000013138,1.5326378977182642,-0.663899752483454,18.678117099656834,1091.3016669173564,-8628.018596199126,7124.414507718418,1857.8501125369535,-8466.013207496757,6936.067206180212,76.46127335477851,-1.7604462620423216,37.9848390900924
2801.1000000013123,1.499469375255878,-0.8264667551297206,19.645690334338322,1121.5703743970266,-8620.791833823809,7122.47803357443,1882.6066740564447,-8449.005381464804,6933.7619627202275,76.46154142034833,-1.7593403067475508,38.62911827632521
2801.200000001311,1.511671860884739,-1.0477042182778633,20.622656372561927,1151.7091584685322,-8613.083182920025,7120.5049426361475,1907.16864802454,-8431.721089389575,6931.4576210606665,76.46181063967764,-1.7582326673050312,39.2733398572044
2801.3000000013094,1.553497280588165,-1.2330802726432326,21.590764724625405,1181.7359165167118,-8604.943533030786,7118.47910581449,1931.532923061771,-8414.162550164172,6929.1541821076335,76.46208095389608,-1.757123445078045,39.917503610685365
2801.400000001308,1.5963979528493033,-1.4902590831246938,22.53454028867693,1211.6278956801934,-8596.345284147208,7116.392343463612,1955.6964137810066,-8396.332017238072,6926.851646687749,76.46235231114555,-1.7560127593760915,40.5616092577374
2801.5000000013065,1.6570292118246173,-1.7748456561306065,23.482153548614423,1241.3955359637002,-8587.316897266046,7114.219978104061,1979.6560611790078,-8378.231778303658,6924.550015541339,76.46262472173694,-1.7549007388763076,41.205656480087946
2801.600000001305,1.65421685483907,-2.0067325720093363,24.072739409256346,1271.0121418179385,-8577.817036936814,7111.938657004059,2003.4088330155773,-8359.86415497392,6922.249289334924,76.46289815004054,-1.7537874623589613,41.84964516649435
2801.7000000013036,1.5958462514792822,-2.1687170633312616,24.060272494222673,1300.4486629863575,-8567.82220792768,7109.548518498865,2026.9517241891363,-8341.23150246144,6919.949468654403,76.46317254564678,-1.7526730384046367,42.49357508572089
2801.800000001302,1.5156278891634638,-2.343966555673707,24.996644963986785,1329.6865671379787,-8557.346933496394,7107.076951503083,2050.281757114488,-8322.336209253584,6917.650554014147,76.46344788322796,-1.7515575670429628,43.13744605441975
2801.9000000013007,1.428566777596403,-2.422593600270715,25.939973961754514,1358.7571028208083,-8546.425033262502,7104.551726042229,2073.3959820880095,-8303.180696781286,6915.352545847902,76.46372415281458,-1.7504411414955128,43.78125791365279
2802.000000001299,1.3016532492325992,-2.454772338173669,26.11072471563157,1387.647996125605,-8535.039603424584,7102.015502131614,2096.2914776553175,-8283.76741908906,6913.055444524697,76.46400131223072,-1.749323879519339,44.4250104082136
2802.1000000012978,1.1917975580738105,-2.2618081834909427,27.053398529036436,1416.3370566328672,-8523.21420258846,7099.528252887663,2118.965350972635,-8264.098862494859,6910.759250338618,76.46427932861306,-1.7482058520301984,45.068703480132584
2802.2000000012963,1.1678616101256458,-1.8982184952381245,28.341179172299423,1444.861127794758,-8511.004849415507,7097.110332032579,2141.4147381591233,-8244.1775452509,6908.463963517893,76.4645581831236,-1.7470871383191955,45.7123370453201
2802.300000001295,1.1826879721415846,-1.63033778446732,29.155286725487784,1473.257471425448,-8498.436467826832,7094.75303259987,2163.6368046524226,-8224.006017198584,6906.169584221489,76.46483786737551,-1.7459678476499527,46.35591089495847
2802.4000000012934,1.206326183564317,-1.6985114840199962,29.257742984119236,1501.5123167232116,-8485.505143602366,7092.464553001267,2185.628745553725,-8203.586859422994,6903.876112541378,76.46511833917937,-1.7448480590260713,46.99942494884448
2802.500000001292,1.3026838138062162,-1.5597733892701133,30.208147520032597,1529.6363118462218,-8472.260165485877,7090.216111582643,2207.387785974636,-8182.922683899222,6901.583548507083,76.46539956721708,-1.7437278600832273,47.64287909620187
2802.6000000012905,1.4272543898561945,-1.4900618206258773,31.118404247321546,1557.6650718255928,-8458.724296773036,7087.964003751049,2228.9111813755485,-8162.016133140188,6899.291892085675,76.46568153816463,-1.7426073251685033,48.286273287396135
2802.700000001289,1.504578047210963,-1.5955888693845508,31.286479610359013,1585.5682134015212,-8444.860162748104,7085.68374446396,2250.196217901147,-8140.869879834859,6897.001143185181,76.4659642453148,-1.7414865407627511,48.92960742330024
2802.8000000012876,1.5020011660898884,-1.648182732270284,32.310266615947896,1613.2669987588479,-8430.607993627436,7083.363729495773,2271.24021270958,-8119.486626489146,6894.711301648907,76.46624765241017,-1.740365577106413,49.57288147399259
2802.900000001286,1.439508753235538,-1.6954784925334572,33.29951503154896,1640.7168706725913,-8415.906991127384,7081.010349663931,2292.0405142983614,-8097.86910506056,6892.4223672645185,76.46653173164833,-1.7392445183019134,50.21609535922627
2803.0000000012847,1.3320744207242987,-1.890670622400795,32.86745940190991,1667.937605160518,-8400.780168305857,7078.644894862828,2312.594502826121,-8076.02007659399,6890.134339760641,76.46681647739513,-1.7381234306141886,50.859249076933594
2803.100000001283,1.1871615012935877,-2.222049505145427,31.84492760874235,1694.9691612273837,-8385.307285951923,7076.296330917308,2332.8995904270737,-8053.942330847839,6887.8472188148,76.4671018676769,-1.7370023936605625,51.50234256855387
2803.2000000012818,1.0690508027487904,-2.0676576087776968,32.426469799505874,1721.8245513061524,-8369.558553518411,7074.001509973625,2352.953221528779,-8031.638685923358,6885.561004043207,76.46738788795861,-1.735881488221785,52.145375779961405
2803.3000000012803,1.0475351349891282,-1.2970785570417172,34.19754974873656,1748.537203359197,-8353.564518371526,7071.772590269486,2372.7528731568987,-8009.111987881852,6883.275695010979,76.46767450846566,-1.7347607676826413,52.78834876546274
2803.400000001279,1.0675494407957604,-0.7099296702869267,35.44309678973429,1775.1386774120149,-8337.309607194096,7069.6103303330365,2392.2960552403,-7986.365110366462,6880.991291234404,76.46796171782968,-1.733640289235779,53.431261580360555
2803.5000000012774,1.0959522767406709,-0.6783602704645213,35.78703190767765,1801.6014705922082,-8320.768760701645,7067.53830724192,2411.580310906422,-7963.400954219935,6878.7077921730015,76.46824951180072,-1.7325201409343391,54.0741141412838
2803.600000001276,1.1997675384094022,-0.40176369287291547,36.86358468267045,1827.9285979911037,-8303.971731920037,7065.5311487485,2430.603216777288,-7940.222447101514,6876.425197240868,76.46853785461086,-1.731400374419217,54.71690653034216
2803.7000000012745,1.3305084644009848,-0.23494286030116407,37.842604413696016,1854.1425575024118,-8286.918353039577,7063.550005008692,2449.362383259371,-7916.83254309123,6874.143505802143,76.46882674616482,-1.7302810528946517,55.359638776939036
2803.800000001273,1.411335779608862,-0.3378454810093817,38.068330046646125,1880.2008765922967,-8269.566148192587,7061.577591379631,2467.8554548293305,-7893.234222305761,6871.862717174408,76.46911613289554,-1.7291622573298546,56.002310841117016
2803.9000000012716,1.4127300163370842,-0.3121483350632943,39.146542355695296,1906.0154342094902,-8251.862301348656,7059.609412783448,2486.080110313968,-7869.43049050158,6869.582830625287,76.46940603298877,-1.728044024975511,56.644922875871
2804.00000000127,1.3710857708836983,-0.26213735408257366,40.50122055148789,1931.5327967029168,-8233.756265128746,7057.656865508536,2504.034063163131,-7845.424378675244,6867.303845382661,76.46969642823431,-1.7269264101793622,57.28747495218625
2804.1000000012687,1.3078020343672916,-0.24764711985131566,41.36386311598471,1956.7654743835967,-8215.255899482609,7055.730073330576,2521.7150617214434,-7821.218942666181,6865.025760622179,76.46998728835747,-1.7258094811404185,57.929967099439644
2804.200000001267,1.2391961960067488,-0.38984091309247015,41.48014508761272,1981.7051265838204,-8196.369610642994,7053.859617687098,2539.120889497087,-7796.817262753378,6862.748575483159,76.47027864001068,-1.7246932897660796,58.572399414696825
2804.3000000012657,1.237031347387928,-0.27337830697844645,42.47604188933396,2006.3831588056808,-8177.156916216818,7052.052887344033,2556.249365418819,-7772.222443248714,6860.472289057222,76.47057042964506,-1.7235778929307737,59.21477196731618
2804.4000000012643,1.3218160120501568,-0.11358758277052526,43.77362987413901,2030.857128395187,-8157.653659871988,7050.285420323628,2573.0983440988925,-7747.437612093676,6858.196900404203,76.47086265433568,-1.7224633535738987,59.857084822304664
2804.500000001263,1.4431591241564747,-0.1340542505903764,44.60551996369213,2055.156197755837,-8137.875004047354,7048.520661888349,2589.6657160774403,-7722.465920447701,6855.922408529431,76.4711553029274,-1.7213496988252062,60.49933817686373
2804.6000000012614,1.521899538609358,-0.30147865733730816,44.7127487163944,2079.244797255908,-8117.798980057514,7046.730335033951,2605.9494080742415,-7697.310542276231,6853.648812408713,76.47144835205592,-1.7202370035440815,61.141532050748474
2804.70000000126,1.5228640561564588,-0.414929508477444,45.74032545958817,2103.036212947536,-8097.388859191277,7044.898868444127,2621.9473832303975,-7671.97467393733,6851.376110973573,76.47174182549932,-1.7191253051857485,61.78366660954579
2804.8000000012585,1.4815607074966435,-0.5297240941656419,47.06891020093064,2126.47483614831,-8076.602592006873,7043.029628950981,2637.657641342411,-7646.461533760346,6849.104303120336,76.47203566697928,-1.71801464975491,62.425741987803825
2804.900000001257,1.4190224263167768,-0.6229802377274064,47.92384587866427,2149.574503896973,-8055.4470962587,7041.133933868802,2653.0782190976715,-7620.774361634833,6846.833387712399,76.4723298926516,-1.7169050846372813,63.06775832573914
2805.0000000012556,1.3118574101822937,-0.8589897792387492,47.347545517452716,2172.3359531329415,-8033.927893602988,7039.239382340777,2668.2071903013616,-7594.916418581325,6844.563363565466,76.47262450040209,-1.7157966672963247,63.709715714681
2805.100000001254,1.1659667491587342,-1.2280818826750628,46.27125286202435,2194.816717113249,-8012.11376781829,7037.37508263968,2683.0426660999487,-7568.890986331091,6842.294229474807,76.47291944755702,-1.7146894327469258,64.3516143426178
2805.2000000012526,1.047790112010641,-1.0702173019354597,46.82749487878928,2217.0514768920243,-7990.0750463602035,7035.5755846971815,2697.5827951957594,-7542.701366901154,6840.025984189135,76.47321474228228,-1.7135834094266025,64.99345443676485
2805.300000001251,1.0276603588897952,-0.2724857874600423,48.558294901674,2239.082417765218,-7967.834498682752,7033.851931491575,2711.825764062203,-7516.350882165974,6837.7586264276415,76.47351037788803,-1.7124786625297719,65.63523606206643
2805.4000000012497,1.0486421784490825,0.3256014168202513,49.761767483233456,2260.936950954581,-7945.369655873263,7032.204865911064,2725.7697971510693,-7489.842873429065,6835.492154883403,76.47380632024067,-1.711375228244652,66.27695941390763
2805.5000000012483,1.0773931452808803,0.3577817019278885,50.09364544391517,2282.582942644673,-7922.664489802473,7030.6576534868545,2739.4131570965915,-7463.180700992358,6833.226568207482,76.47410258496456,-1.710273143112661,66.91862468808463
2805.600000001247,1.1827809943699814,0.6600532354900852,51.177169591101176,2304.031090496331,-7899.746759264018,7029.1833799324395,2752.7541449120295,-7436.367743722527,6830.961865024827,76.47439917207993,-1.709172448685117,67.56023206131601
2805.7000000012454,1.3148004553029475,0.9489526624007704,52.48869017944867,2325.2914250624017,-7876.60850136465,7027.745955867282,2765.7911001835073,-7409.4073986147005,6828.69804392632,76.47469605867494,-1.708073190098509,68.20178169306027
2805.800000001244,1.3946653388826644,1.0119438486574885,53.30567293224285,2346.2859304736144,-7853.198126909365,7026.338102464914,2778.5224012590706,-7382.303080355936,6826.435103476731,76.47499322378106,-1.7069753973889168,68.84327381529455
2805.9000000012425,1.3933132967728052,0.8893053640174899,53.429994973876454,2366.951933256795,-7829.492276138597,7024.947382509837,2790.9464654293847,-7355.058220889794,6824.173042206761,76.47529067990551,-1.7058791044501462,69.48470864341466
2806.000000001241,1.3501231095358557,0.9072683421760334,54.47416920604994,2387.2238709791686,-7805.484366035205,7023.583964592398,2803.0617491053636,-7327.676268973762,6821.911858627815,76.47558839756502,-1.7047843478052498,70.12608638014134
2806.1000000012396,1.34627829107603,0.931192267826133,55.81397977425012,2407.14554920369,-7781.190114904916,7022.253026322842,2814.8667479939463,-7300.160689738426,6819.651551211548,76.47588637481712,-1.7036911711140275,70.7674072086362
2806.200000001238,1.4319238098822924,0.8635562921431543,57.061886316684166,2426.7671852734347,-7756.6355050249695,7020.937675636313,2826.3599972646766,-7272.514964245507,6817.392118414861,76.47618462467658,-1.7025995982744153,71.40867139114526
2806.3000000012366,1.557018412372655,0.6752813884535005,57.81240642071177,2446.1292738155553,-7731.838707474625,7019.60002344381,2837.540071709407,-7244.742589041573,6815.133558658317,76.47648311238413,-1.701509658409739,72.04987916716063
2806.400000001235,1.6406445604212372,0.4374362213369432,57.89477265263117,2465.202499088585,-7706.792477875489,7018.20334507699,2848.4055859067203,-7216.847075711471,6812.875870340905,76.47678183080725,-1.700421403747262,72.69103069050388
2806.5000000012337,1.6485763098317938,0.14670364299666733,58.94359765719576,2483.8991058668907,-7681.483672548713,7016.719158622697,2858.955194372799,-7188.831950431339,6810.61905183777,76.47708080760448,-1.6993348511102138,73.33212626184314
2806.6000000012323,1.5987116537448605,-0.15003426707225873,60.28633484017883,2502.1444253205173,-7655.87997669254,7015.137788265735,2869.1875917038838,-7160.700753518511,6808.363101495669,76.47738001181693,-1.698250017935826,73.97316617242579
2806.700000001231,1.5048129924077704,-0.355670539525979,61.14201317384017,2519.9164239606503,-7629.9706189114695,7013.478040487856,2879.1015127261307,-7132.457038982149,6806.108017643192,76.47767942971164,-1.6971669680303603,74.61415053589361
2806.8000000012294,1.3750993429221015,-0.5757446409932439,60.55916070828833,2537.256635936085,-7603.776655489656,7011.7805836608595,2888.6957326301704,-7104.104374075378,6803.853798576004,76.47797906533047,-1.696085705202286,75.25507970695537
2806.900000001228,1.2152647250265942,-0.8952972602140435,59.469948669534205,2554.249411570376,-7577.356507419587,7010.0891367266095,2897.9690671022126,-7075.64633883878,6801.600442581815,76.47827891111912,-1.695006260450669,75.89595393688717
2807.0000000012265,1.0929124684235203,-0.774225193925403,60.04422881409921,2570.949503837043,-7550.772026353212,7008.44502085704,2906.9203724530967,-7047.08652565075,6799.347947909734,76.47857897119165,-1.6939286611308624,76.53677348686725
2807.100000001225,1.0727150207320697,-0.06640772345216142,61.80797235669108,2587.4012812822284,-7524.034664316785,7006.862543120814,2915.548545739186,-7018.428538770454,6797.096312800921,76.47887921544535,-1.6928529462585116,77.1775385749853
2807.2000000012235,1.0942734309608944,0.4638885362806384,63.02322121974677,2603.6265425596384,-7497.116311782538,7005.342796404076,2923.8525248837027,-6989.675993883662,6794.845535465875,76.47917965473164,-1.6917791287114072,77.81824953121097
2807.300000001222,1.1236428821099869,0.47091985614302834,63.3506718607493,2619.5894973020413,-7470.008477052388,7003.907542897064,2931.831288783588,-6960.832517641529,6792.595614100341,76.47948028718683,-1.6907072327768098,78.45890663683502
2807.4000000012206,1.230672737999455,0.7176262239859983,64.45483191863742,2635.3083367780073,-7442.736329796,7002.53060479062,2939.4838574201426,-6931.901747210402,6790.346546879617,76.47978108563582,-1.6896372955641537,79.09951011873537
2807.500000001219,1.3641049759173103,0.9376547535083052,65.78037326034423,2650.7866185948083,-7415.288614255284,7001.178126648742,2946.8092919595106,-6902.887329809299,6788.0983319608395,76.48008204922034,-1.6885693273523124,79.74006032556201
2807.6000000012177,1.4442516304623971,0.9564467062539077,66.60127638540082,2665.9341512499727,-7387.632505832341,6999.838740174607,2953.806694852886,-6873.79292225123,6785.850967475028,76.48038320159081,-1.6875033722915205,80.38055746003856
2807.7000000012163,1.4424408785308835,0.8258781004974943,66.72905368384372,2680.685024087921,-7359.760119129823,6998.496529354335,2960.4752099247594,-6844.622190484866,6783.604451546386,76.48068451434156,-1.6864394398253841,81.02100186874131
2807.800000001215,1.398759116514996,0.79228092050447,67.79435652812018,2694.972940195187,-7331.679817008186,6997.15909759714,2966.8140224600475,-6815.378809132949,6781.358782268465,76.48098598777719,-1.685377542104186,81.66139389530984
2807.9000000012134,1.3952669318099673,0.7482152150122705,69.14726217389712,2708.844304937329,-7303.3968847525375,6995.833782840846,2972.8223592857935,-6786.066461028675,6779.113957729134,76.48128761582781,-1.684317712955594,82.30173378827546
2808.000000001212,1.422611517823572,0.7414987629041473,70.37740104255029,2722.3263629778485,-7274.91949328396,6994.5083433828595,2978.4994888484894,-6756.68883675767,6776.869975989014,76.48158939993932,-1.6832599706530433,82.94202186950251
2808.1000000012104,1.4452350461579908,0.6578821223467644,71.47554391175848,2735.367083861903,-7246.242985438305,6993.188223733244,2983.8447212830592,-6727.249634196304,6774.626835104183,76.48189133578164,-1.6822043331997214,83.58225845333814
2808.200000001209,1.4844075034384974,0.5661039131634281,72.50596782900281,2747.982623266746,-7217.378386462037,6991.8530345410645,2988.857408481303,-6697.7525580430365,6772.384533105737,76.48219339846149,-1.6811508214743756,84.22244385158498
2808.3000000012075,1.5134436508668048,0.3935198982269478,73.49451786061931,2760.1334383209132,-7188.325831163822,6990.497018237383,2993.536944153475,-6668.201319360804,6770.143068014557,76.48249561608127,-1.6800994595740213,84.86257836292847
2808.400000001206,1.556270756284419,0.21198376355601267,74.47343981234125,2771.8445898134537,-7159.097888564116,6989.0969850505835,2997.882763882515,-6638.599635115653,6767.9024378310805,76.48279796114493,-1.6790502693555671,85.50266228827937
2808.5000000012046,1.5883050683602693,-0.05005353497449125,75.4385201078816,2783.0807969304337,-7129.696604942107,6987.642305912429,3001.894345176342,-6608.951227709121,6765.662640543259,76.48310042337043,-1.6780032578258886,86.14269600183277
2808.600000001203,1.633516786673011,-0.3232332691446373,76.41157270922739,2793.870784881351,-7100.1342579075135,6986.110307724667,3005.5712075141882,-6579.259824514001,6763.423674133363,76.48340303386495,-1.676958452934803,86.78267978873279
2808.7000000012017,1.6106781220115447,-0.5350555970506139,77.00600663091448,2804.1632552003466,-7070.407321837715,6984.483899751789,3008.9129123841185,-6549.529157411486,6761.185536556417,76.48370576159714,-1.675915862259736,87.42261401213077
2808.8000000012003,1.5337163620051186,-0.6862527928905752,76.99258092375132,2813.92639301891,-7040.525363676861,6982.773067133314,3011.9190633195794,-6519.762962326049,6758.948225761763,76.48400859284295,-1.6748754995453057,88.06249902144775
2808.900000001199,1.442034275415023,-0.7897342409322753,77.95650172281516,2823.1668175496366,-7010.51458325621,6981.014135347742,3014.5893059329132,-6489.964978758058,6756.711739686254,76.48431155554262,-1.673837397309948,88.70233508544116
2809.0000000011973,1.349239578018083,-0.7862465388274561,78.87567250068048,2831.93461231802,-6980.366848949801,6979.238068396918,3016.9233279359396,-6460.138949323727,6754.476076251984,76.48461463507559,-1.6728015500788214,89.34212262717801
2809.100000001196,1.2142853526765522,-0.9927544379288575,78.36479241482475,2840.2347205488286,-6950.082617728092,6977.487716240726,3018.920859162359,-6430.288619291773,6752.241233374232,76.48491780650653,-1.6717679936655032,89.9818619005368
2809.2000000011944,1.0462836387945498,-1.3951217425287596,77.35236599239691,2848.1629200594307,-6919.693158038126,6975.794303167856,3020.581671585078,-6400.417736116296,6750.007208952383,76.48522107964449,-1.670736723937867,90.6215533327893
2809.300000001193,0.9159719440886683,-1.0786714037103566,77.92391349613813,2855.800299315813,-6889.241537543866,6974.185660834783,3021.9055793213233,-6370.530048968371,6747.774000874463,76.48552446455611,-1.6697077629863555,91.26119723403207
2809.4000000011915,0.8881455130673823,0.024110829343489897,79.54471812060227,2863.1925804715343,-6858.724904192291,6972.671539040422,3022.8924386419326,-6340.629308278902,6745.54160702169,76.48582793511527,-1.6686811259011516,91.90079394719194
2809.50000000119,0.9019742255346292,0.8246438248357791,80.61133669677503,2870.350143707508,-6828.1095977093555,6971.257722721911,3023.5421479682727,-6310.719265269251,6743.310025258246,76.48613150376762,-1.6676568195459087,92.54034385341318
2809.6000000011886,0.9243375634867033,0.9336921216551786,80.88085060949898,2877.239651806225,-6797.399248547357,6969.976863768617,3023.8546478696167,-6280.803671491815,6741.07925344491,76.48643517444593,-1.666634861397634,93.17984728590315
2809.700000001187,1.0227169787428845,1.431981028139399,81.85270661453177,2883.880126413265,-6766.611136927975,6968.801929045683,3023.829921049066,-6250.886278366835,6738.849289433375,76.48673892065563,-1.6656152578073267,93.81930462323709
2809.8000000011857,1.1799002801959224,1.884609362839982,83.05530680206012,2890.2715930559248,-6735.731962974487,6967.702874478311,3023.467992333533,-6220.970836712907,6736.620131065116,76.48704275000615,-1.6645980319275804,94.45871618237548
2809.9000000011843,1.3392881392555969,1.9939579254774706,83.80498072541033,2896.3666443754396,-6704.7546578371375,6966.65710155944,3022.7689286500304,-6191.061096287347,6734.39177616798,76.48734666673002,-1.6635831897775883,95.09808234237524
2810.000000001183,1.4305940819112803,1.8350143323594121,83.92307323138841,2902.1069619335362,-6673.6875792455085,6965.634081558851,3021.732839001226,-6161.160805328094,6732.164222569818,76.48765065926617,-1.662570736009743,95.73740349506124
2810.1000000011813,1.4401570251983247,1.8010260380619052,85.00788816467461,2907.399142053733,-6642.556736003665,6964.6185402532965,3020.3598744362307,-6131.273710087388,6729.937468083715,76.48795474735776,-1.6615606987931553,96.37667993284914
2810.20000000118,1.4041379007232109,1.7786920145394425,86.36864558766047,2912.17120739991,-6611.360177888523,6963.615706319582,3018.650228012323,-6101.4035543709615,6727.71151051822,76.48825890485814,-1.6605530629286698,97.01591212456752
2810.3000000011784,1.344272914441003,1.7321332365742348,87.22989510002316,2916.4364107870374,-6580.095531363345,6962.634071281546,3016.604134752642,-6071.554079077053,6725.486347673929,76.48856311312399,-1.659547840604105,97.65510043022778
2810.400000001177,1.2787726899093044,1.5549881755439146,87.35459235025311,2920.195709531858,-6548.77628764127,6961.702493821228,3014.2218716082116,-6041.729021741332,6723.261977345762,76.48886740381029,-1.6585450595732683,98.29424514989803
2810.5000000011755,1.282384768167694,1.6059898890275504,88.40277704090248,2923.517477231189,-6517.421600066137,6960.827839531777,3011.503757399886,-6011.93211607607,6721.038397320691,76.48917176178603,-1.6575447114864248,98.93334671896666
2810.600000001174,1.3767565644260618,1.67331468077169,89.74147530106684,2926.4707218723306,-6486.014125722143,6959.9854539213,3008.450152768389,-5982.167091506699,6718.815605381146,76.48947616363468,-1.6565468256666822,99.57240542987574
2810.7000000011726,1.505970059828349,1.5810280161044332,90.59673728732889,2929.090591376192,-6454.542479068008,6959.1361749009675,3005.0614601137795,-5952.437672718513,6716.593599303881,76.4897806439986,-1.655551392573239,100.2114217327634
2810.800000001171,1.5880820944428267,1.3834868983295139,90.73711107819908,2931.3386285585134,-6423.016597551801,6958.246286669013,3001.3381235257348,-5922.7475792002315,6714.372376859969,76.49008517992128,-1.6545584234026833,100.8503959858229
2810.9000000011697,1.591351534162657,1.1779435690161577,91.83353758325575,2933.1261461880144,-6391.473287039511,6957.2919515384765,2997.280628717761,-5893.1005247846815,6712.151935811404,76.49038977128917,-1.6535679287775074,101.4893285587287
2811.0000000011682,1.5348277557097239,0.9830849841506901,92.8383141804472,2934.375235476426,-6359.919755948349,6956.2697907854945,2992.889502947516,-5863.500217198225,6709.932273916769,76.49069441120652,-1.652579902400145,102.12821988223631
2811.100000001167,1.4324673362722287,0.7769428274065123,92.37033495799209,2935.115068172144,-6328.352634947539,6955.201483730409,2988.165314939127,-5833.950357603243,6707.713388934651,76.49099909882231,-1.6515943570291851,102.76707031801105
2811.2000000011653,1.2925460759257135,0.3555821565278381,90.68225255336999,2935.4544598311845,-6296.773720758667,6954.118264591581,2983.108674798262,-5804.454640147996,6705.495278621364,76.4913038527298,-1.6506113071238397,103.40588021162122
2811.300000001164,1.1269405422083862,-0.2533102680068338,89.03000231954375,2935.5379984394417,-6265.181688130073,6953.035903723857,2977.720233923599,-5775.016751516607,6703.277940721867,76.49160863773227,-1.6496307639618948,104.04464992198199
2811.4000000011624,0.9547487931582567,-0.6729907943324702,88.42818558319468,2935.467370104844,-6233.572280352753,6951.954711584759,2972.000684912323,-5745.640370474204,6701.061372978848,76.4919134719786,-1.6486527211702628,104.68337988867084
2811.500000001161,0.7834411517067065,-1.0342887849636486,88.16365693825806,2935.2944318714663,-6201.940486333614,6950.875133583373,2965.9507614556032,-5716.3291674196225,6698.845573131592,76.49221835068302,-1.647677170228436,105.32207054921177
2811.6000000011595,0.6138319999243778,-1.3852193574348193,88.03028905223428,2935.0459877564226,-6170.285869852496,6949.80575791846,2959.5712382351494,-5687.086803935984,6696.630538921649,76.49252324881607,-1.6467041267752611,105.9607222476055
2811.700000001158,0.4455231971846105,-1.7380779044352708,87.97806555804566,2934.7436848789393,-6138.608965759642,6948.756581589505,2952.8629308187833,-5657.916932347058,6694.416268083761,76.49282819111572,-1.6457336056976037,106.59933533121036
2811.8000000011566,0.2780960135431951,-2.0929270882488917,87.99204437309731,2934.4086770028466,-6106.910107117061,6947.7359957710505,2945.826695543163,-5628.8231952735205,6692.202758356074,76.49313316907174,-1.644765599991601,107.23791023089251
2811.900000001155,0.11115990196621363,-2.7788667135409044,88.00791245683592,2934.064651038575,-6075.19274399005,6946.739998981324,2938.4634293961935,-5599.809225184373,6689.9900074665165,76.49343818144982,-1.6438001233181803,107.87644729820566
2812.0000000011537,-0.0009625630070702269,-4.091919826928629,88.1644386553575,2933.7417007454364,-6043.459955667733,6945.713423128331,2930.7740698909197,-5570.87864395349,6687.7780131464215,76.49374321443416,-1.642837166963484,108.51494696864934
2812.1000000011522,-0.06693748498746031,-5.264234926234783,88.34743321554993,2933.4435873698308,-6011.705084239406,6944.558147926015,2922.759594939564,-5542.035062421822,6685.566773125988,76.49404825980744,-1.641876746618398,109.15340958541515
2812.200000001151,-0.1314257040050821,-6.206308912020016,88.62103284089916,2933.172366579973,-5979.941796218631,6943.258854053727,2914.4210227213325,-5513.282079958201,6683.356285129738,76.49435334682933,-1.640918852313902,109.79183559253954
2812.3000000011493,-0.11083595457424848,-6.960642357519789,88.99570105810045,2932.9122741670785,-5948.1644109907365,6941.72221514496,2905.7594115378943,-5484.623284020331,6681.146546889005,76.4946584597947,-1.6399634801501541,110.4302254066177
2812.400000001148,-0.04921883965304613,-7.623489423332092,89.18694524868683,2932.6469681394105,-5916.364099353053,6939.867361868307,2896.77585967732,-5456.062249722157,6678.937556128309,76.4949635947809,-1.6390106408153764,111.06857938635794
2812.5000000011464,0.007297808810240762,-8.237850161420372,89.36367738579413,2932.3921095796773,-5884.550799250548,6937.712345993686,2887.4715052639917,-5427.602539392349,6676.729310574443,76.49526875309539,-1.63806035107526,111.70689786297935
2812.600000001145,0.0783289730196826,-8.751865692139368,89.39135872258116,2932.1491251497096,-5852.722223590175,6935.219398338702,2877.8475261089584,-5399.247702145999,6674.521807954198,76.4955739134941,-1.6371125980933439,112.34518128529714
2812.7000000011435,0.13003077913418887,-9.278089612355368,89.42878001885994,2931.9338617238705,-5820.893532406412,6932.422656326143,2867.90513955195,-5371.001273455304,6672.315045995504,76.49587908498108,-1.636167376810905,112.98343007867416
2812.800000001142,0.2636545411675515,-9.860673605551527,89.45050748111993,2931.7616053419633,-5789.063618979923,6929.261486565793,2857.6456023006267,-5342.8667747187055,6670.109022424016,76.49618427783909,-1.6352246945712596,113.62164460550645
2812.9000000011406,0.46097121800444346,-10.232869715989311,89.40162670543994,2931.6695289280647,-5757.21320140518,6925.693912006197,2847.0702102625664,-5314.847712830188,6667.903734968797,76.49648948440974,-1.63428455672749,114.25982524384204
2813.000000001139,0.6404341182623206,-9.978405314495594,89.45383843960367,2931.6776383031065,-5725.329715892934,6921.785365610612,2836.180298377736,-5286.947579757044,6665.699181360045,76.49679470816955,-1.6333469599073693,114.89797239884346
2813.1000000011377,0.7102144507387894,-8.612950220105647,90.29324966191498,2931.717523507523,-5693.426719347738,6917.707357616777,2824.9772404417195,-5259.169852120347,6663.495359330232,76.49709991576303,-1.6324118951696327,115.53608650195245
2813.2000000011362,0.7283887269893973,-6.476689055642174,92.03987860606397,2931.6611269788855,-5661.518443589902,6913.637437197054,2813.462448929108,-5231.517990768709,6661.292266611824,76.49740513992032,-1.6314793714617517,116.17416791449101
2813.300000001135,0.8145010274326467,-4.624375381270492,93.78197533817031,2931.4421318249015,-5629.585340513669,6909.638357059514,2801.6373748045544,-5203.995440358616,6659.0899009406985,76.49771036881768,-1.6305493874580537,116.81221702612619
2813.4000000011333,0.9549769747843343,-3.468765872825479,95.15863054575132,2931.0154702508,-5597.6084259024565,6905.728508007932,2789.5035073378785,-5176.6056289384205,6656.888260053867,76.49801558377867,-1.6296219408742416,117.45023424058395
2813.500000001132,1.0977884075114224,-2.8131799487959013,96.24011487006256,2930.2957453431054,-5565.586364652302,6901.927307045022,2777.0623739107523,-5149.351967533906,6654.687341691748,76.49832080247364,-1.6286970287561349,118.08821995790252
2813.6000000011304,1.1705753471204927,-2.4030500307686307,97.1705031336668,2929.164602576143,-5533.549569775107,6898.25611679307,2764.3155398186273,-5122.237849735342,6652.487143595892,76.4986259980836,-1.6277746563383768,118.72617454050904
2813.700000001129,1.21138058108452,-2.1982923401407253,98.11011820839846,2927.5477987921017,-5501.523167952185,6894.723780299923,2751.2646080710097,-5095.2666512869,6650.2876635078555,76.49893119539907,-1.6268548099421951,119.36409843798121
2813.8000000011275,1.3166466870995255,-2.1563032150201504,99.10773096915864,2925.4933529049276,-5469.50333140744,6891.28229872394,2737.911219179438,-5068.441729676608,6648.08889918395,76.49923638099884,-1.6259374936067026,120.00199200819199
2813.900000001126,1.451743454934869,-2.2113406371947852,100.12895345473056,2923.045783542585,-5437.486922249168,6887.870449078355,2724.2570509536545,-5041.766423730845,6645.890848373679,76.49954154940912,-1.6250227117695386,120.63985562495998
2814.0000000011246,1.5339116842418457,-2.334290051962718,101.15791712693965,2920.1363561673356,-5405.504527289346,6884.454074956486,2710.303818283243,-5015.244053213381,6643.693508836762,76.49984672613962,-1.6241104472343246,121.27768973491625
2814.100000001123,1.532840959555909,-2.5025851269405037,102.19674667174873,2916.674461675969,-5373.59273735965,6881.010151880274,2696.0532729186452,-4988.877918422469,6641.4968783261065,76.50015187442786,-1.623200711440059,121.915494671353
2814.2000000011217,1.4887893377223624,-2.6949635946712727,103.22920111246097,2912.60282253885,-5341.788411949191,6877.540512042797,2681.5072032501093,-4962.671299792684,6639.300954612789,76.50045700029094,-1.6222934945774135,122.55327085200067
2814.30000000112,1.4864943914712387,-2.947249565573997,104.26308940154382,2907.982702783006,-5310.090558680085,6874.056683788571,2666.6674340773247,-4936.6274574983645,6637.105735464478,76.50076210943092,-1.621388788087505,123.19101869242273
2814.4000000011188,1.5161586897309467,-3.125611302651892,105.27530193123053,2902.865834741968,-5278.474975380523,6870.5431604276155,2651.535826376761,-4910.749631057895,6634.911218651113,76.5010671991286,-1.620486599092217,123.82873853149306
2814.5000000011173,1.479477945573304,-3.223631743962637,106.25565540828455,2897.1912652073006,-5246.972685444318,6866.99961610432,2636.1142770652527,-4885.0410389422195,6632.717401959667,76.50137224449045,-1.6195869164512586,124.46643079054938
2814.600000001116,1.4134969360085505,-3.3062999861894964,107.2169780059853,2890.9100952108306,-5215.622769794004,6863.451477827695,2620.404718763579,-4859.504878190644,6630.524283166892,76.50167727391434,-1.6186897370097135,125.10409585488301
2814.7000000011144,1.3991114011872097,-3.4109443044128143,108.19632595373439,2884.090308824589,-5184.403767938725,6859.917241375575,2604.4091195492756,-4834.144324024342,6628.331860065437,76.50198227947627,-1.6177950549600808,125.74173411477616
2814.800000001113,1.417354984400858,-3.4277122593384353,109.16292580823351,2876.7899933230296,-5153.300637438726,6856.385449794889,2588.129482706265,-4808.962529459554,6626.140130452493,76.50228726238632,-1.616902866582845,126.37934595495557
2814.9000000011115,1.4325756240752352,-3.4972663381738873,110.11368677019559,2868.976533940914,-5122.325575661162,6852.863314929682,2571.5678464725315,-4783.962624927243,6623.949092124117,76.50259221019593,-1.6160131737990533,127.01693172830647
2815.00000000111,1.465400963322022,-3.5451895836614837,111.06878049669011,2860.679623912581,-5091.472153404685,6849.33029333573,2554.7262837859353,-4759.147717897245,6621.758742889989,76.50289711740527,-1.615125969125709,127.65449183250637
2815.1000000011086,1.4878237238769778,-3.670108316367803,112.02793757444566,2851.8712019883174,-5060.763363197223,6845.784599135712,2537.6069020241953,-4734.520892506966,6619.569080563197,76.50320199240747,-1.6142412412413376,128.29202667224246
2815.200000001107,1.5248176686652504,-3.7859588809573586,113.00422574568056,2842.584416170074,-5030.197808804147,6842.2036237293905,2520.211842736023,-4710.085209184994,6617.380102965913,76.50350681305157,-1.6133589894099292,128.92953660862227
2815.3000000011057,1.5503085876753244,-3.9852915592990015,113.97989999675985,2832.792254324314,-4999.800467939262,6838.58137454559,2502.5432813729594,-4685.843704280602,6615.191807923714,76.50381159719318,-1.6124792018666014,129.5670220499825
2815.400000001104,1.589743089956689,-4.180602952262953,114.96924763684012,2822.526682605169,-4969.563840987682,6834.895152073923,2484.60342701826,-4661.799389704701,6613.004193267855,76.50411633212657,-1.6116018749383487,130.2044833603377
2815.5000000011028,1.5562682222517998,-4.324295927929172,115.94419154746898,2811.733327182368,-4939.526649374979,6831.133950492033,2466.3945221091553,-4637.955252560815,6610.817256844354,76.50442100715998,-1.6107270035484682,130.84192091619244
2815.6000000011013,1.4907816675786045,-4.4598981391835215,116.90969849067217,2800.365340635273,-4909.7355596362095,6827.3168381808855,2447.9188421545473,-4614.3142547841235,6608.630996501497,76.50472564638531,-1.6098545831417734,131.47933508610132
2815.7000000011,1.4130567548174777,-4.4846839120303,117.87769868136608,2788.46445725937,-4880.193489524952,6823.471053804213,2429.1786954548706,-4590.879332791219,6606.445410089842,76.50503023140143,-1.6089846031280621,132.11672625775444
2815.8000000010984,1.3218644958180665,-4.424691549393693,118.82146211956528,2776.012035635529,-4850.921705005124,6819.644983397278,2410.1764228095167,-4567.653397121163,6604.2604954803855,76.50533475124493,-1.6081170559100206,132.7540948089411
2815.900000001097,1.2932963821727577,-4.342136049465067,119.7814675591384,2763.072298477493,-4821.885285374519,6815.866580321745,2390.914397225696,-4544.6393320827565,6602.076250541854,76.50563922310762,-1.6072519401979621,133.39144108955725
2816.0000000010955,1.357837681598785,-4.284073700281171,120.7464985934485,2749.7181764104553,-4793.030106064558,6812.121253198993,2371.395023625724,-4521.839995414039,6599.892673160005,76.50594364929387,-1.6063892435565532,134.02876548903745
2816.100000001094,1.4658838349281325,-4.283201608228879,121.67729521434912,2735.9841042295875,-4764.320333937381,6808.371320846576,2351.620738545497,-4499.2582179355595,6597.70976121946,76.50624800134706,-1.605528960459924,134.66606836487964
2816.2000000010926,1.531913486467156,-4.32097165393076,122.57735475471492,2721.815938169685,-4735.807644313289,6804.591441853908,2331.594009830499,-4476.89680320507,6595.527512619603,76.50655228380853,-1.6046710862248212,135.30335007605868
2816.300000001091,1.5126062499892043,-4.379501116056052,123.49490412156149,2707.150038084324,-4707.5641133561685,6800.7675155952575,2311.317336328273,-4454.758527180578,6593.345925265495,76.50685651902943,-1.6038156130012438,135.9406109863507
2816.4000000010897,1.4534347818460482,-4.452861946333311,124.44311337505644,2691.9525076730156,-4679.641663680588,6796.913477727548,2290.7932475788316,-4432.846137889582,6591.164997074685,76.50716068147955,-1.6029625300557926,136.5778514658412
2816.500000001088,1.4395226808202748,-4.561132083012446,125.43345482554574,2676.2865835701236,-4652.010322056797,6793.047831309235,2270.0243035016138,-4411.162355097457,6588.984725970403,76.50746475129557,-1.6021118260242928,137.2150718894641
2816.6000000010868,1.4565296224216902,-4.591433325701396,126.41249215812968,2660.1967930467426,-4624.629782911119,6789.160539114592,2249.0130940782924,-4389.709869977679,6586.805109889502,76.50776875787824,-1.601263499406376,137.85227259270434
2816.7000000010853,1.470064780985871,-4.675079756366728,127.37119281782755,2643.66017587273,-4597.529013877907,6785.25851491583,2227.762239030774,-4368.491344791135,6584.626146776784,76.50807270441722,-1.6004175337499345,138.4894539598803
2816.800000001084,1.5009145003607713,-4.7403589921295515,128.32767501929354,2626.7027576316013,-4570.692121880958,6781.323615996552,2206.274387493084,-4347.5094125627575,6582.447834582728,76.50837655119146,-1.599573923508724,139.12661633125506
2816.9000000010824,1.521506347068426,-4.881578185261204,129.2791519788472,2609.2979265075705,-4544.1406956941055,6777.352934165356,2184.5522176883956,-4326.7666767636265,6580.270171271441,76.50868031773912,-1.598732660317492,139.76376006314766
2817.000000001081,1.5566484221881582,-5.015035960867712,130.24623111801247,2591.475142261633,-4517.860595891675,6773.326133736957,2162.5984365945487,-4306.265711001903,6578.093154817245,76.50898400082265,-1.5978937241040436,140.40088554610523
2817.1000000010795,1.5189767351216847,-5.096740793558023,131.20187772850676,2573.1911605567334,-4491.901904755779,6769.236307161507,2140.415779610307,-4286.009058709583,6575.916783205819,76.50928759839809,-1.5970571140151757,141.03799309936082
2817.200000001078,1.449837441325374,-5.167386378802375,132.1592311695448,2554.4197526016187,-4466.3266673647195,6765.108094623998,2118.0070102181235,-4265.999232836808,6573.741054433063,76.50959112580234,-1.5962228264394007,141.67508304172924
2817.3000000010766,1.4316259240762668,-5.254430045134185,133.14908836466603,2535.2229476555476,-4441.101583263725,6760.96627162774,2095.3749196394206,-4246.238715548447,6571.565966505093,76.50989454158348,-1.595390844465568,142.3121557450617
2817.400000001075,1.4450524251720196,-5.257602416939869,134.12200392213992,2515.635823840563,-4416.176915056488,6756.802916191936,2072.5223264929,-4226.729957923897,6569.3915174348385,76.51019785976018,-1.5945611613015567,142.94921154379531
2817.5000000010737,1.455918087220679,-5.311121023940227,135.07464858093064,2495.638710014041,-4391.583614971503,6752.627067810703,2049.4520764467607,-4207.475379663952,6567.21770525567,76.51050109276336,-1.5937337654387291,143.5862507811843
2817.600000001072,1.4843066818304542,-5.343990096925838,136.02640516307648,2475.259470246271,-4367.307034263497,6748.422334687293,2026.1670418637314,-4188.477368798014,6565.044528005496,76.51080422065398,-1.59290864567534,144.22327379726386
2817.7000000010707,1.5026204320694634,-5.4513105371748365,136.9737465156632,2454.474423976269,-4343.372077504118,6744.1875572903755,2002.6701214534112,-4169.738281396912,6562.871983733583,76.51110726094936,-1.592085797782659,144.86028090606635
2817.8000000010693,1.5356358004466355,-5.549237124420319,137.93581037315434,2433.310714011204,-4319.761115614658,6739.903174813557,1978.9642399119246,-4151.260441291098,6560.700070505092,76.51141020203166,-1.5912652042091582,145.4972724632139
2817.900000001068,1.5574545793149224,-5.727058329588407,138.89882593697934,2411.753497500468,-4296.5071905775985,6735.564772459996,1955.0523475577747,-4133.0461397870695,6558.5287863897265,76.5117130299956,-1.5904468474936246,146.13424883206196
2818.0000000010664,1.5933438364012138,-5.89968497470285,139.87774330300192,2389.8298570041766,-4273.591270230153,6731.15244305318,1930.9374199713548,-4115.097635393156,6556.3581294753585,76.5120157481099,-1.5896307275801356,146.77121029108784
2818.100000001065,1.5560169230235366,-6.021884837224382,140.84711444743596,2367.5098133770716,-4251.073805549418,6726.657076644311,1906.622457629785,-4097.417153546398,6554.1880978623485,76.51231834569599,-1.5888168319884695,147.4081571750036
2818.2000000010635,1.4871932517182256,-6.13285429367122,141.8119495699166,2344.771053711401,-4229.016500793256,6722.100293729648,1882.1104855387352,-4080.0068863475403,6552.018689657871,76.51262084402774,-1.5880051363499739,148.0450898599732
2818.300000001062,1.4695081201140199,-6.260727613183002,142.80640824654472,2321.6619105897885,-4207.371896061612,6717.508546696205,1857.4045528549232,-4062.8689922933954,6549.8499029884015,76.5129232191296,-1.5871956437041113,148.68200860369444
2818.4000000010606,1.4834787679199748,-6.3037695091417625,143.79143322376686,2298.2171121771134,-4186.091411687592,6712.876611875725,1832.5077325147422,-4046.005596015605,6547.681735986096,76.5132254575721,-1.586388344812409,149.31891371355854
2818.500000001059,1.4947328074147683,-6.397619022229135,144.75174851497886,2274.4149601176214,-4165.204221914178,6708.211005847872,1807.4231208572276,-4029.418788024994,6545.514186804682,76.51352759074243,-1.5855832193318842,149.9558055462822
2818.6000000010577,1.5234293058417694,-6.470311602516032,145.7159750535565,2250.2838794747013,-4144.6930293330015,6703.496640481327,1782.153837239823,-4013.110624462435,6543.347253597889,76.51382960556734,-1.5847802507355135,150.59268442313817
2818.700000001056,1.541953334649267,-6.61805014274209,146.6762098849504,2225.8143009448654,-4124.593377997923,6698.732039829433,1756.7030236602257,-3997.083126850046,6541.1809345466945,76.51413147512821,-1.583979435054548,151.22955062626508
2818.8000000010547,1.5751543724558421,-6.756938313214629,147.65067550270953,2201.02987490372,-4104.882256614078,6693.898528915859,1731.0738443646496,-3981.338281844312,6539.015227833214,76.51443321412566,-1.5831807531911781,151.86640448695266
2818.9000000010533,1.5971248594249114,-6.976569910615624,148.62087235130812,2175.9227974111086,-4085.5955373011548,6688.990433860231,1705.2694854603508,-3965.8780409984324,6536.850131663409,76.5147348061213,-1.5823841963799092,152.50324629585953
2819.000000001052,1.6331441841011636,-7.191508113442492,149.60651366379108,2150.516597536381,-4066.708732239034,6683.988827499801,1679.2931545293272,-3950.704320525069,6534.68564425005,76.51503628489606,-1.5815897608706144,153.14007631873804
2819.1000000010504,1.5956145586151689,-7.356250689007936,150.58361934232926,2124.7936414413525,-4048.2871606064714,6678.882240060926,1653.1480802302408,-3935.8190010684684,6532.521763821808,76.51533762334475,-1.5807974199941441,153.7768949053454
2819.200000001049,1.526613353863077,-7.508565868474555,151.55435912490742,2098.736616692826,-4030.393238584408,6673.689440318719,1626.8375118989168,-3921.223927472259,6530.358488620976,76.51563881476888,-1.580007167298617,154.4137023293287
2819.3000000010475,1.5091457782604316,-7.678041681177949,152.55132099777865,2072.3761516210793,-4012.968214524517,6668.4384481256075,1600.364719154991,-3906.920908561862,6528.195816903475,76.5159398475622,-1.5792189802959467,155.05049891563743
2819.400000001046,1.5233395154832692,-7.761430606407541,153.54723303968754,2045.7414105970893,-3995.9596203504507,6663.1264895445765,1573.7329914984898,-3892.911716921675,6526.033746942258,76.51624073535446,-1.5784328609944063,155.6872848998585
2819.5000000010446,1.5346376711915117,-7.89543468994376,154.52073864012618,2018.8261664696483,-3979.4056709748725,6657.759951619909,1546.9456379059427,-3879.198088682516,6523.872277012548,76.51654147925237,-1.5776487892862865,156.3240605840976
2819.600000001043,1.5633331778310218,-8.008148384574062,155.4956191935851,1991.6471273697534,-3963.27979326451,6652.323581208328,1520.00598642672,-3865.7817233138785,6521.711405421362,76.5168420616848,-1.5768667416877673,156.96082630332222
2819.7000000010416,1.581795770455065,-8.19654924226408,156.4639632014945,1964.200625309528,-3947.618866886574,6646.814587337387,1492.9173837714766,-3852.664283415853,6519.551130479122,76.51714249858408,-1.5760867149820117,157.59758228477006
2819.80000000104,1.614883494295027,-8.375732051693262,157.44784327572768,1936.5074167057483,-3932.396060027914,6641.215511577362,1465.6831949026778,-3839.8473945180112,6517.3914505121475,76.51744275452837,-1.5753086995280217,158.23432879368062
2819.9000000010387,1.573974410316717,-8.502725568049994,158.42225031054792,1908.5546022751607,-3917.677472617575,6635.517156552923,1438.3068026218286,-3827.3326448802,6515.23236386152,76.51774287632065,-1.5745326790769372,158.87106611312052
2820.0000000010373,1.501866910598782,-8.615519985260391,159.39647395278052,1880.3364494673847,-3903.528176951176,6629.742336419303,1410.7916071562363,-3815.121585306398,6513.073868889893,76.5180428259235,-1.573758634299799,159.507794529605
2820.100000001036,1.4823497096404978,-8.741242245873325,160.40381697452764,1851.8792246927317,-3889.8857488204035,6623.919894730693,1383.141025742736,-3803.2157289537827,6510.915963969004,76.51834260651498,-1.572986545308791,160.14451433988972
2820.2000000010344,1.494359057182752,-8.779224467012048,161.40601628379167,1823.2011212448413,-3876.6929114148847,6618.046233173847,1355.358492204832,-3791.616551149409,6508.758647483084,76.51864222178948,-1.5722164104234313,160.7812257511021
2820.300000001033,1.440062344611279,-8.737030338097231,162.36558573294283,1794.2904654407407,-3864.018426348432,6612.131494841034,1327.447456532959,-3780.325489209873,6506.601917834527,76.51894166019204,-1.5714482133986625,161.41792903354673
2820.4000000010315,1.3579051297589948,-8.66658329498031,163.31779718439586,1765.1451389750996,-3851.9229563017366,6606.214724297824,1299.4113844601197,-3769.3439422700694,6504.44577344049,76.51924091600627,-1.5706819265455758,162.0546244946177
2820.50000000103,1.2682397705158317,-8.565897443605241,163.8954648599538,1735.7802839842093,-3840.354881798553,6600.32388211838,1271.2537570393815,-3758.6732711118007,6502.29021274311,76.51953997312364,-1.5699175490303623,162.69131233239094
2820.6000000010285,1.1777940025770692,-8.591570607359614,163.92136063657662,1706.217681195626,-3829.2912456494337,6594.507175778729,1242.978070219227,-3748.3147979985433,6500.135234181118,76.51983886543043,-1.5691550582205178,163.32799283231773
2820.700000001027,1.162149489628453,-8.25049798776889,164.960496202214,1676.4949931550955,-3818.656074364999,6588.77874183991,1214.5878344091361,-3738.269806516371,6497.980836225039,76.52013757292798,-1.568394448143353,163.96466619648288
2820.8000000010256,1.1803504420435333,-7.899575013671333,165.84067091861064,1646.5966514931258,-3808.3898240091553,6583.114850651381,1186.0865740519232,-3728.5395414144814,6495.827017352209,76.52043609167869,-1.567635699057081,164.60133269402579
2820.900000001024,1.1382219396539695,-7.792520404914165,165.9746932300988,1616.5194707002768,-3798.535437074474,6577.5350501932835,1157.477827191485,-3719.125208458943,6493.673776064945,76.52073441691566,-1.5668787899986052,165.23799258130407
2821.0000000010227,1.0674403248109843,-7.302906674610459,167.00206342439893,1586.27860505563,-3789.1505166328484,6572.093382990414,1128.765145044259,-3710.0279742827424,6491.521110872376,76.5210325435717,-1.5661237161921793,165.8746460584853
2821.1000000010213,0.9943187118476844,-6.795390446310445,167.86265210543255,1555.8708091430394,-3780.1966708389714,6566.799280290547,1099.9520915569876,-3701.2489662464814,6489.369020301801,76.52133046734008,-1.56537045005919,166.51129339872261
2821.20000000102,0.8603633750570261,-7.041844616341151,167.39485285485685,1525.298610377793,-3771.656261141255,6561.68771932599,1071.0422429687308,-3692.7892722979313,6487.21750289982,76.52162817599971,-1.5646189840122344,167.14793480736336
2821.3000000010184,0.6840420596949514,-7.6160428734257675,166.5927918278053,1494.6017324768654,-3763.4161965343533,6556.746563446561,1042.0391873762985,-3684.64994084045,6485.066557225523,76.52192570922313,-1.5638693047217305,167.78457049506935
2821.400000001017,0.5460956306032781,-7.4280579531752124,166.73135702492922,1463.8098379175583,-3755.3673451951054,6551.949166251156,1012.9465242938517,-3676.831980608644,6482.916181859574,76.52222302476316,-1.5631213866278644,168.42120072308984
2821.5000000010155,0.5158663499922176,-7.763621478070959,166.59981815917547,1432.9343456931397,-3747.4109552574982,6547.2022445108505,983.7678642107993,-3669.336360542287,6480.766375395128,76.52252011631492,-1.5623752221363334,169.05782567428
2821.600000001014,0.5774175596380341,-6.914070356640139,167.18219856733324,1401.99246466435,-3739.506060548396,6542.4494947980165,954.5068281471536,-3662.164009666898,6478.617136442373,76.52281699977846,-1.561630791034553,169.69444558621495
2821.7000000010125,0.7040101316295979,-5.10516689119036,168.5142794299384,1370.962288541211,-3731.685348392965,6537.741931178364,925.1670472102236,-3655.3158169833246,6476.468463629661,76.52311368741672,-1.560888080641425,170.33106064989454
2821.800000001011,0.8384349550946624,-4.177125089308576,169.34789325435304,1339.8091199822393,-3724.0238726813363,6533.149605947337,895.7521621544857,-3648.7926313596345,6474.320355603513,76.52341012798153,-1.5601470715583041,170.96767108234525
2821.9000000010096,0.9044099516782412,-4.523700625875674,168.91648991079043,1308.524777771997,-3716.597289495199,6528.703492775291,866.2658229272563,-3642.5952614234,6472.172811022943,76.52370634605236,-1.55940774864184,171.60427708997474
2822.000000001008,0.8752522482238386,-5.617547535296661,167.5370776095317,1277.1311638747413,-3709.414088896954,6524.38657313684,836.7116882239083,-3636.7244754653366,6470.025828567401,76.52400235267584,-1.5586700969527758,172.2408788595111
2822.1000000010067,0.8065757503640154,-6.732670628935533,166.32274425522044,1245.6579641988762,-3702.4143117557123,6520.161386724267,807.0934250423364,-3631.1810013451536,6467.879406929961,76.52429813612761,-1.5579341038901715,172.87747657394974
2822.2000000010053,0.7218116025383473,-6.421378516644179,166.6674487131418,1214.1409710849612,-3695.5338487431827,6515.982998686097,777.414708230071,-3625.965526401564,6465.733544827545,76.52459369358822,-1.557199748582373,173.5140704379562
2822.300000001004,0.6263665594567595,-4.822302843370307,168.12415097943713,1182.591248586066,-3688.8306547388243,6511.9418486305385,747.6792200293573,-3621.0786973693553,6463.58824098275,76.52488898478389,-1.556467011783605,174.15066064971745
2822.4000000010024,0.608704972913966,-2.975511824564915,169.68189182441188,1150.9729722523957,-3682.3157365704024,6508.093438565889,717.890649627663,-3616.5211202957807,6461.4434941522395,76.52518405681548,-1.5557358806695254,174.7872473848566
2822.500000001001,0.6255719393464767,-1.9039006084965309,170.53815961997577,1119.2537819258214,-3675.9982286805944,6504.461288796366,688.0526927087171,-3612.29336047221,6459.299303091539,76.52547889834179,-1.5550063378254453,175.42383081426772
2822.6000000009994,0.6375256480931681,-1.7593959441230023,170.81286209882745,1087.4395509121075,-3669.9039818290958,6501.089666985789,658.1690509954418,-3608.395942360713,6457.155666586831,76.52577347907493,-1.554278364040277,176.06041112954165
2822.700000000998,0.734730366455658,-0.9090973079950989,171.74958353454952,1055.5479015206922,-3664.0208811824077,6497.940662858454,628.2434317944129,-3604.8293495297016,6455.0125834402,76.52606781059625,-1.5535519477666955,176.69698847550674
2822.8000000009965,0.8642004766503603,-0.30062889172145346,172.54708670914124,1023.5566777640348,-3658.3461243880874,6494.962815026299,598.279547544514,-3601.59402459394,6452.8700524605365,76.52636189268638,-1.552827062929511,177.33356306322298
2822.900000000995,0.9363357636665923,-0.7326400134154936,172.1663586813516,991.4624277102844,-3652.92812128309,6492.152060033683,568.2811153567753,-3598.6903691618836,6450.728072489665,76.52665572095069,-1.5521037026547921,177.97013500468822
2823.0000000009936,0.9177532189111894,-1.407613863880641,171.40908679657974,959.290799189141,-3647.7853762139243,6489.4953578017385,538.2518565583318,-3596.11874378166,6448.586642378488,76.52694928373445,-1.5513818444127718,178.60670449028294
2823.100000000992,0.8594719080502802,-0.9822539042016583,172.14945539189037,927.0721862180162,-3642.9463981749927,6487.022200146327,508.1954962373599,-3593.87946790112,6446.445760994948,76.52724259541796,-1.5506614660984215,179.24327168797873
2823.2000000009907,0.8565508143133044,0.1648912738322669,173.8494463327824,894.7976698240351,-3638.3909957125024,6484.736304674149,478.1157627826028,-3591.972819824326,6444.305427228553,76.52753562614868,-1.549942559028426,179.8798367173745
2823.3000000009893,0.8855424563286548,0.8818524735669767,174.91896717443595,862.4445184241281,-3634.1188387274246,6482.629591204128,448.0163874272232,-3590.399036676921,6442.1656399858475,76.52782840026983,-1.5492251058098754,180.51639972414958
2823.400000000988,0.8385435489692966,0.5082138530032185,174.59619815092876,830.0170356905446,-3630.1697117166236,6480.732946432006,417.9011037911507,-3589.1583143761663,6440.026398189274,76.52812089694929,-1.548509090631167,181.15296084316412
2823.5000000009863,0.7282685702425167,-0.7292719510780784,173.38532749612392,797.5385078397443,-3626.5132288785426,6479.043273379988,387.77364741768145,-3588.2508076059144,6437.88770078398,76.52841313129217,-1.547794489163073,181.7895202446167
2823.600000000985,0.5714393401462867,-2.0336796908005144,172.33230975912014,765.027593669011,-3623.033780869899,6477.494748102138,357.6377553142935,-3587.6766297992217,6435.749546727607,76.52870508416201,-1.5470812806621603,182.42607807094848
2823.7000000009834,0.3968617687152218,-2.611069093629391,172.0687351098525,732.4909662568077,-3619.6374170678164,6476.022711246908,327.49716549486243,-3587.4358531202797,6433.611934997097,76.52899676072138,-1.546369456589761,183.062634422384
2823.800000000982,0.22107207900865847,-3.3522421364200228,171.92300288636318,699.9319911425497,-3616.2722440415528,6474.585133484737,297.35561652113046,-3587.528508455145,6431.474864588696,76.5292881672885,-1.5456590000618586,183.69918941531733
2823.9000000009805,0.10517571071164923,-4.692611686713174,171.8923937330004,667.3597572684747,-3612.8953608648076,6473.113118705285,267.2168470388571,-3587.9545854087314,6429.338334519089,76.52957926489354,-1.5449498839270783,184.33574321220087
2824.000000000979,0.034233546471896574,-5.853051966930288,171.89830352816207,634.7710361508659,-3609.4902011040326,6471.4951319821,237.0845953191094,-3588.7140323013996,6427.202343820855,76.52987008347031,-1.544242098331482,184.97229590181186
2824.1000000009776,-0.03742495043138212,-6.803191978287878,172.05162885407464,602.1795457487851,-3606.05357511161,6469.716115463403,206.96259879956773,-3589.806756175913,6425.066891541338,76.53016062408338,-1.543535628803612,185.60884758042712
2824.200000000976,-0.014906921715124413,-7.590156075854855,172.33047219542865,569.5785536586479,-3602.594043248572,6467.673255389402,176.85459362377998,-3591.232622808902,6422.931976755131,76.53045085022056,-1.5428304474001713,186.2453983956428
2824.3000000009747,0.04682753324493043,-8.216493106492717,172.4160252576196,536.9604486166409,-3599.118548037026,6465.280403534657,146.7643141795491,-3592.991456722317,6420.797598542503,76.53074078050336,-1.5421265464276768,186.8819484181316
2824.4000000009733,0.10019835814387099,-8.338444049348658,172.5561679231593,504.3295534086925,-3595.611260933414,6462.5788659398495,116.69549263714731,-3595.0830412071386,6418.66375601779,76.53103041596587,-1.5414239003962544,187.5184977716744
2824.500000000972,0.2448342636212611,-7.0129204955568465,172.92744114145174,471.6821036940426,-3592.067418703862,6459.579348701129,86.65185849341461,-3597.5071183467276,6416.530448299867,76.53131975223971,-1.5407224967235364,188.15504653823461
2824.6000000009703,0.4494532179834066,-4.54888601216819,173.82097259640614,439.0188472834336,-3588.4895444231997,6456.395267940304,56.63713811155431,-3600.2633890480765,6414.397674531458,76.53160878502528,-1.540022312442448,188.7915948210064
2824.700000000969,0.6814351774886057,-2.2012890061966965,175.2124019414393,406.31466694869863,-3584.937178888899,6453.214913489548,26.655054255822368,-3603.3515130783685,6412.265433874583,76.53189747933098,-1.5393233295188158,189.42814271397918
2824.8000000009674,0.8671307172446485,-0.7303106862452193,176.55933167800006,373.5621405508852,-3581.537478379689,6450.165772587848,-3.290674360978005,-3606.7711091010983,6410.13372551171,76.53218588494366,-1.538625531784834,190.06469029417084
2824.900000000966,1.0171514147951315,0.04932856212201767,177.86714434302925,340.7701434723048,-3578.42425746319,6447.31554713814,-33.19633353540576,-3610.5217547263446,6408.002548637787,76.53247397081329,-1.5379289020008968,190.7012376307452
2825.0000000009645,1.1752288665137045,0.4769500467154969,179.11983568580263,307.9342023556,-3575.6409647293076,6444.614418089435,-63.058214035298,-3614.6029865577284,6405.871902470479,76.53276172375433,-1.5372334183361493,191.33778481764682
2825.100000000963,1.2594473792181526,0.7218654394152084,180.31732707028502,275.05368313758703,-3573.2944048655577,6442.050630103442,-92.8726120621847,-3619.0143002494087,6403.741786247885,76.53304916652348,-1.5365390698244075,191.97433189675652
2825.2000000009616,1.3143537754890353,0.7473148323960506,181.52525121835293,242.1463003670406,-3571.470068148515,6439.619035541743,-122.63582970131529,-3623.7551505656156,6401.612199220598,76.5333362820087,-1.535845836215018,192.6108789379512
2825.30000000096,1.3718019723627064,0.7389364804423552,182.72258274547514,209.21594183475997,-3570.150107396081,6437.27081639599,-152.34417537863192,-3628.824951445943,6399.483140666458,76.53362305790635,-1.5351536996477533,193.24742600394384
2825.4000000009587,1.4148829568845869,0.5983243243761275,183.9037282396243,176.27725902554963,-3569.3797168211277,6434.994582739815,-181.99396432327669,-3634.2230760764614,6397.354609868986,76.5339095117202,-1.5344626351305055,193.88397318128722
2825.5000000009572,1.4693871322039507,0.454215100530617,185.07929072175753,143.3458285241015,-3569.1320768609917,6432.7499367540395,-211.58151901722076,-3639.9488569676514,6395.226606143493,76.5341956205637,-1.533772628552876,194.5205205006766
2825.600000000956,1.511296094408813,0.1921835028812086,186.23494327547826,110.44648331601846,-3569.446957011913,6430.522809973938,-241.1031696496542,-3646.001586028901,6393.099128817782,76.53448138874832,-1.5330836700737014,195.1570679815037
2825.7000000009543,1.565640506627769,-0.07022216319820038,187.38481625500273,77.5665425066296,-3570.2941789138636,6428.276327674466,-270.55525457344345,-3652.3805146597456,6390.972177240094,76.53476681648529,-1.5323957276909101,195.7936157187541
2825.800000000953,1.542282594087375,-0.29252969011118857,188.50319819404388,44.73289090628715,-3571.744193585329,6425.992777254689,-299.93412075567164,-3659.084853838317,6388.845750775704,76.53505188502321,-1.5317087862780974,196.43016374257328
2825.9000000009514,1.485784804074268,-0.5112708018418258,189.58278887471758,11.972323609834934,-3573.8568589567485,6423.684577370874,-329.23612423339506,-3666.1137742154583,6386.719848809186,76.53533663059585,-1.5310228397728847,197.06671203926868
2826.00000000095,1.4841446114073513,-0.7679568688835738,190.65553965966464,-20.7257306929891,-3576.5593761412497,6421.36909841306,-358.45763055964295,-3673.466406217983,6384.594470741013,76.53562102792893,-1.5303378542765855,197.70326069867275
2826.1000000009485,1.5159704858335168,-0.9329156572360153,191.71364595848635,-53.370536984820816,-3579.788838589179,6419.0310356684,-387.595015254613,-3681.14184015327,6382.469615994367,76.53590505137586,-1.5296538181071446,198.3398097217392
2826.200000000947,1.5419763498141494,-1.172775815871491,192.7538999624131,-85.94080992982134,-3583.580437647078,6416.668810919729,-416.6446642589601,-3689.1391263165665,6380.345284010598,76.53618872748339,-1.5289707233600045,198.97635909094834
2826.3000000009456,1.5847764905120645,-1.3906927534335145,193.80466384481178,-118.43791018310193,-3587.8991386750777,6414.256492415044,-445.6029743733209,-3697.457275109162,6378.221474249223,76.53647205083575,-1.528288539512553,199.61290886930263
2826.400000000944,1.6160167678116606,-1.706539395740143,194.84453281142495,-150.8394767647303,-3592.7775387903,6411.782846568364,-474.4663537076311,-3706.09525715923,6376.09818618679,76.5367549963044,-1.5276072419601954,200.24945909722123
2826.5000000009427,1.6613091653593208,-2.012065357623791,195.898851975501,-183.1484108881505,-3598.1786519949605,6409.221439530337,-503.2312221314952,-3715.0520034473648,6373.975419316882,76.53703756410546,-1.5269268271562744,200.88600972181078
2826.6000000009412,1.6279924596196325,-2.267727596616915,196.9382260144232,-215.3268900055048,-3604.164442228461,6406.553634886274,-531.8940117134244,-3724.3264054343845,6371.853173158059,76.53731977634055,-1.5262472651547216,201.52256080067772
2826.70000000094,1.5628351866512629,-2.513188626244577,197.95812461496996,-247.33574425066925,-3610.7960654739336,6403.7926207631,-560.4511671636288,-3733.9173152006783,6369.731447241372,76.53760162581975,-1.5255685459821167,202.15911229135813
2826.8000000009383,1.5542644262456464,-2.7851945421950153,198.99249679014824,-279.1946719951544,-3618.0072943831806,6400.967140394095,-588.899146274967,-3743.823545581571,6367.610241119448,76.53788307844802,-1.5248906514802754,202.7956641915849
2826.900000000937,1.5785401131131223,-2.962654175542031,200.02756802473397,-310.9229240484648,-3625.735446085657,6398.071642700941,-617.2344203636238,-3754.0438703141217,6365.489554365349,76.53816417360355,-1.5242135579930238,203.4322165193597
2827.0000000009354,1.5977030219109172,-3.2091423147256126,201.04152967851644,-342.49440813311963,-3634.012103708881,6395.106295257211,-645.453474704992,-3764.5770241885507,6363.369386561224,76.53844487881817,-1.5235372497844508,204.06876924071085
2827.100000000934,1.633981024808696,-3.4303785564089084,202.066962292003,-373.91559081074416,-3642.8015228235945,6392.05164109397,-673.5528089719816,-3775.4217032009033,6361.2497373210135,76.53872519203956,-1.522861707640042,204.7053223523103
2827.2000000009325,1.6589003607774118,-3.7441387982064978,203.07800868193,-405.15955750673726,-3652.132157907186,6388.898502040065,-701.5289376662714,-3786.576564711884,6359.130606266606,76.5390051444951,-1.522186912341159,205.34187583093555
2827.300000000931,1.6988487696829715,-3.994229143978102,203.6948541877273,-436.2460554833989,-3661.958304190816,6385.626823702089,-729.3783905503564,-3798.0402276125433,6357.011993041465,76.53928468541888,-1.5215128553133506,205.97842960699242
2827.4000000009296,1.660245330160852,-4.122725966194826,203.75821242551496,-467.15058043956964,-3672.2896463595375,6382.2250227152645,-757.0977130865375,-3809.8112724912976,6354.893897314033,76.53956383883164,-1.5208395130750594,206.61498367841946
2827.500000000928,1.5895593704545554,-4.359987107239231,204.89532600304884,-497.81724455699265,-3683.168231064613,6378.709741803521,-784.6834668593057,-3821.888241811442,6352.7763187618375,76.53984260905823,-1.5201668603190792,207.2515380339635
2827.6000000009267,1.509433536298773,-4.486405528770983,205.84361952233272,-528.2768326715016,-3694.5709025682254,6375.107953992284,-812.1322300025525,-3834.2696400862355,6350.659257081708,76.54012098118753,-1.5194948877727563,207.88809259996535
2827.7000000009252,1.4292909370257991,-4.603838952763978,206.0745123315244,-558.5102139181964,-3706.4944721026936,6371.46573895323,-839.4405976312186,-3846.9539340668757,6348.542711994321,76.54039894589963,-1.5188235747650471,208.52464733866046
2827.800000000924,1.4298328293899172,-4.615244623329545,207.35314567976252,-588.5324380808556,-3718.872428140457,6367.810647879848,-866.6051822595949,-3859.9395529270214,6346.426683233974,76.54067650325372,-1.5181528972369214,209.16120223250016
2827.9000000009223,1.4635813731242497,-4.582710080195728,208.37391041153285,-618.3963222568799,-3731.671736400933,6364.127544471977,-893.6226142213251,-3873.2248884579117,6344.3111705565425,76.54095364931175,-1.5174828378132046,209.7977572180942
2828.000000000921,1.4300189844981226,-4.684510666972959,207.8314763386502,-648.0850535378611,-3744.911728953989,6360.415099133492,-920.4895420912237,-3886.8082952628943,6342.196173731527,76.54123037987114,-1.5168133882278314,210.43431220565574
2828.1000000009194,1.3255840981241118,-4.843030466455251,206.87267505365438,-677.5852295287893,-3758.5618532179806,6356.69129919988,-947.2026331032658,-3900.688090962437,6340.081692548865,76.541506713743,-1.5161445247444112,211.07086715094013
2828.200000000918,1.2283341187256915,-4.669910104766447,207.81891411447046,-706.890934809568,-3772.571413802891,6352.995352532977,-973.7585735671122,-3914.8625564019244,6337.96772682234,76.54178262865332,-1.5154762324961426,211.70742197878866
2828.3000000009165,1.1546199072385033,-4.048989867844696,209.6539579217408,-736.0176556051059,-3786.941010118943,6349.35318365753,-1000.1540692748335,-3929.3299358589747,6335.854276371414,76.5420581316222,-1.514808491198435,212.3439766253479
2828.400000000915,1.0237559459678616,-4.1391558617416795,209.53386390058878,-764.9621322726413,-3801.710091621362,6345.816512603152,-1026.3858459139,-3944.088437261951,6333.741341046202,76.5423332204162,-1.514141280896731,212.98053102996653
2828.5000000009136,0.8520961560425019,-4.661351418973287,208.66937731766689,-793.7648701568554,-3816.7892744641813,6342.398143607364,-1052.4506494775453,-3959.1362324134957,6331.628920702502,76.54260788345906,-1.5134745860076053,213.6170850963905
2828.600000000912,0.7241727819327072,-3.9277231937570827,209.50661311360975,-822.4498081061005,-3832.092193008946,6339.114024725828,-1078.3452466692936,-3974.471457212503,6329.517015227902,76.542882106869,-1.5128083913606978,214.2536387381155
2828.7000000009107,0.7098311939194485,-2.275373729985932,211.12919169624269,-851.0460699872992,-3847.6039087785325,6335.980032277582,-1104.0664253028544,-3990.0922118826365,6327.405624511126,76.54315592157077,-1.5121426760334478,214.89019187747826
2828.800000000909,0.7332116964021296,-1.302241619103736,212.00706651163998,-879.5808131128217,-3863.348010418805,6333.009977182657,-1129.6109947047555,-4005.996561209376,6325.294748476097,76.5434293058504,-1.5114774277401137,215.52674440041625
2828.9000000009078,0.6886666670723962,-1.684147602410416,211.61606196291635,-908.0277307609282,-3879.3537066340714,6330.251487971225,-1154.975786116259,-4022.182534779429,6323.184387053552,76.54370225610148,-1.510812630145171,216.16329620362762
2829.0000000009063,0.5672815923500311,-2.6999942017861893,210.7401602295159,-936.3732157947799,-3895.5947527742887,6327.719722110853,-1180.157653085266,-4038.648127223736,6321.074540187854,76.54397476364747,-1.5101482549078926,216.7998472335632
2829.100000000905,0.4561579439945729,-3.5940181869393926,210.2669639647632,-964.6506509746312,-3911.9961227811186,6325.373605845916,-1205.153471856744,-4055.391298463969,6318.965207852885,76.5442468261096,-1.5094842911094144,217.43639735521816
2829.2000000009034,0.4464306202926142,-3.808290222139714,210.28837144900245,-992.9215462754141,-3928.482907420645,6323.087064756579,-1229.9601417661754,-4072.409973964137,6316.856390031615,76.54451845572356,-1.5088207257341615,218.0729464466515
2829.300000000902,0.5378457749676612,-2.3514509437779973,211.18687335060537,-1021.2077008277851,-3945.036329247581,6320.809430853162,-1254.5745856249728,-4089.702044990323,6314.748086726314,76.54478965695098,-1.5081575317462093,218.70949442905805
2829.4000000009005,0.6972560642819975,-0.36767725974780896,212.61200920470355,-1049.503381559998,-3961.6900632530483,6318.582725858724,-1278.9937501044,-4107.265368871719,6312.6402979619625,76.54506039216933,-1.5074946900309472,219.3460411932733
2829.500000000899,0.8514938667352431,0.6034327981657526,213.5291500352654,-1077.7665542989932,-3978.523851904674,6316.4834947002055,-1303.2146061200608,-4125.097769264089,6310.533023770354,76.54533069032287,-1.506832191621994,219.9825865885566
2829.6000000008976,0.9221864198085626,0.2581459109881954,213.15386607190305,-1105.9415320416756,-3995.601655434316,6314.543034103507,-1327.2341492049875,-4143.197036418691,6308.426264207125,76.5456005320973,-1.506170020260782,220.6191304768031
2829.700000000896,0.9640652559482039,-0.4288143939888531,212.54539336417628,-1134.006533177053,-4012.906913693906,6312.735924219883,-1351.0493998879954,-4161.5609274541475,6306.3200193438115,76.54586991493188,-1.505508160511199,221.2556727289323
2829.8000000008947,1.0110013384242647,0.04127954738140716,213.47573441295404,-1161.9672018422857,-4030.4043685459123,6311.010143867362,-1374.6574040670819,-4180.187166637555,6304.214289271251,76.54613886055668,-1.504846590515423,221.8922132259223
2829.900000000893,1.0414117903478257,0.9954589550436544,215.37315697290825,-1189.771100599251,-4048.1688956285316,6309.419907060546,-1398.0552333764667,-4199.073445666296,6302.10907409277,76.54640733195906,-1.5041852983325499,222.52875180771755
2830.0000000008918,1.0826120175440135,1.5280035067198134,216.55576242091888,-1217.40946398731,-4066.240001668157,6307.9632640195105,-1421.239985553493,-4218.21742395141,6300.004373931,76.54667535182291,-1.5035242580145338,223.16528837458793
2830.1000000008903,1.1093589795672967,1.4898688596213179,216.94819824695665,-1244.847793302842,-4084.6398995768327,6306.653651779497,-1444.2087848044307,-4237.616728916925,6297.900188919926,76.54694291520778,-1.502863453893256,223.8018227706705
2830.200000000889,1.223749961586415,1.7922823946481903,218.32900436235965,-1272.0955826769828,-4103.334773023755,6305.4519636636705,-1466.9587821614725,-4257.2689562876985,6295.796519223056,76.5472099998139,-1.502202874975606,224.43835482267033
2830.3000000008874,1.3677673320359909,1.910928376113375,219.42572935954388,-1299.1895063995487,-4122.318686264758,6304.303912258476,-1489.487155837264,-4277.171670385206,6293.693365006167,76.54747660896511,-1.501542510319121,225.07488435183694
2830.400000000886,1.4465957677425498,1.786444216166708,219.7985779878256,-1326.0773632662995,-4141.63047113233,6303.18196310269,-1511.7911115827442,-4297.322404433924,6291.590726463425,76.54774276896791,-1.500882332872869,225.71141124832369
2830.5000000008845,1.4331680122434818,1.7981943791491641,221.19188035093813,-1352.649256561332,-4161.337324734535,6302.078733038458,-1533.8678830317147,-4317.718660870978,6289.488603791267,76.54800845313758,-1.5002223250502882,226.3479353428328
2830.600000000883,1.3790891491336572,1.8095439249231506,222.67089979140445,-1378.8342578999248,-4181.506239509295,6301.011956525625,-1555.7147320505276,-4338.357911651429,6287.38699721565,76.548273643033,-1.4995624767088056,226.98445645289078
2830.7000000008816,1.3793374969920362,1.7522418878107748,224.00159906640596,-1404.6606552198002,-4202.106399801152,6299.993979384693,-1577.3289490840534,-4359.237598566913,6285.285906973887,76.54853839593017,-1.498902778181905,227.6209743795673
2830.80000000088,1.4112860059794643,1.688909873028934,224.76475756186835,-1430.1718800335486,-4223.100044321018,6299.0040561545675,-1598.707853485836,-4380.355133560849,6283.185333318052,76.54880265599508,-1.4982431984696647,228.25748900103562
2830.9000000008787,1.4368658994458012,1.4443807616428124,224.9335650275504,-1455.3597409947427,-4244.474958322731,6298.038525019786,-1619.8487938597236,-4401.707899052298,6281.08527651498,76.54906642349354,-1.4975837251379391,228.89400013322765
2831.000000000877,1.480364491759119,1.3933275780324699,226.18469279823566,-1480.2364371477943,-4266.193085879549,6297.068826745194,-1640.7491483954207,-4423.293248263137,6278.985736848539,76.54932973234075,-1.4969243560107195,229.53050753326536
2831.1000000008758,1.5114082638893083,1.2489158508220304,227.5903651044311,-1504.7610686330888,-4288.294325127786,6296.092040800256,-1661.4063251880739,-4445.108505545762,6276.886714617357,76.54959253897671,-1.4962650581167583,230.1670110807811
2831.2000000008743,1.5558966882022722,1.0917567469086298,228.43905981191583,-1528.95216175063,-4310.767330486405,6295.080626032431,-1681.8177625687301,-4467.1509667140745,6274.788210145041,76.54985487195191,-1.4956058284792075,230.80351054223215
2831.300000000873,1.517474600325181,0.9662593487479639,228.63241762020482,-1552.7689735865495,-4333.620811944449,6294.024273471129,-1701.9809294249503,-4489.41789938694,6272.690223759744,76.55011672449992,-1.4949466464796561,231.44000573290464
2831.4000000008714,1.4487576596908254,0.8832287890037261,229.88434952859558,-1576.1337539878273,-4356.873508944042,6292.944885752687,-1721.8933255183968,-4511.906543327434,6270.592755804375,76.55037807592984,-1.494287495620466,232.07649646736863
2831.50000000087,1.3706053407803094,0.8800732924830788,230.85100056691263,-1599.0811582596625,-4380.515964848713,6291.866108233872,-1741.5524817958772,-4534.614110783442,6268.495806644556,76.55063895217978,-1.493628361379505,232.71298253527524
2831.6000000008685,1.2369551966628307,0.665305989524886,230.2848171745346,-1621.6123251712634,-4404.539653085659,6290.831543022519,-1760.9559606983757,-4557.537786840338,6266.399376652721,76.5508993213171,-1.4929692207767606,233.34946376413154
2831.700000000867,1.0652167709883964,0.14649422991773062,229.03557988894795,-1643.8230017319552,-4428.852164850548,6289.870055380708,-1780.1013564696816,-4580.674729771385,6264.3034662228765,76.55115919604495,-1.4923100683298145,233.98593990445633
2831.8000000008656,0.8824649035333751,-0.40794553471502476,228.1720978969629,-1665.835111551088,-4453.353985663705,6288.979037879929,-1798.9862954546115,-4604.022071390155,6262.208075766063,76.55141856999809,-1.4916508845932108,234.62241076104965
2831.900000000864,0.6989713744067816,-0.913435033174753,227.65906961618944,-1687.7297751789074,-4477.983612557159,6288.145988553456,-1817.6084363977272,-4627.576917408979,6260.113205696726,76.55167745745948,-1.4909916603633582,235.25887609489152
2832.0000000008627,0.5164572599945176,-1.35372853210706,227.376883864247,-1709.557095261938,-4502.6999777931205,6287.359685405034,-1835.9654707374723,-4651.336347803332,6258.018856454292,76.55193583315135,-1.4903323790876943,235.89533568617438
2832.100000000861,0.33483219237522815,-1.7349265587497078,227.24643050135177,-1731.350545716992,-4527.472252571249,6286.611111858845,-1854.0551228973322,-4675.297417177015,6255.9250284895425,76.55219371735068,-1.4896730186036329,236.53178935287977
2832.2000000008597,0.2158497275301607,-2.4612946936937456,227.23109477655672,-1753.1409606670477,-4552.270888644344,6285.867161589459,-1871.8751505660734,-4699.457155130098,6253.831722263477,76.5524510969149,-1.4890135681806522,237.16823683699772
2832.3000000008583,0.13986868013607626,-3.5301896270186086,227.07946555081992,-1774.9570763102743,-4577.078280457581,6285.023777017656,-1889.423344981737,-4723.81256662793,6251.73893826094,76.55270795929484,-1.4883540111948792,237.804677930689
2832.400000000857,0.06124829568538336,-4.448430055159291,227.10925180843998,-1796.8004472684722,-4601.879503425825,6284.070858773518,-1906.6975312070967,-4748.360632378246,6249.646676975862,76.5529643330904,-1.4876943349137972,238.44111238143913
2832.5000000008554,-0.003611377862214225,-5.423685500213847,227.12420230383597,-1818.6717473019744,-4626.674766983388,6282.921740362913,-1923.695568404973,-4773.098309209885,6247.554938911254,76.55322017334596,-1.487034536206861,239.07753990975405
2832.600000000854,-0.07622297481051633,-6.269439264941348,227.28630793146635,-1840.5624234445497,-4651.452947019996,6281.576781693015,-1940.4153501062347,-4798.022530451971,6245.463724589432,76.55347551130545,-1.4863745875515717,239.71396032797603
2832.7000000008525,-0.05327220730113307,-6.991243673298165,227.56903416936973,-1862.4662502095357,-4676.230040999012,6279.940742986447,-1956.8548044713395,-4823.130206318636,6243.373034545201,76.55373033554895,-1.4857144818012236,240.35037336330382
2832.800000000851,0.09009154083278799,-7.652279964315621,227.78884132905605,-1884.384400858276,-4701.0168331689665,6277.897867893604,-1973.011894552821,-4848.418224298787,6241.282869325859,76.5539846543034,-1.4850541966489144,240.98677880134895
2832.9000000008496,0.31744021865107913,-8.055417531810132,227.8687338061304,-1906.3492703432084,-4725.795684716871,6275.398549916384,-1988.8846185455932,-4873.8834495422525,6239.1932294945955,76.5542384514732,-1.4843937227708102,241.6231763713162
2833.000000000848,0.5162368387169166,-7.75938915215134,227.92589209538306,-1928.3879587534607,-4750.536472825896,6272.518671439272,-2004.4710100434665,-4899.522725252498,6237.104115629367,76.55449175275774,-1.483733055018607,242.2595657880562
2833.1000000008466,0.5839338861529542,-6.23427901760422,228.66253622437324,-1950.4447711215546,-4775.252086283759,6269.468156326622,-2019.76913827986,-4925.332873085627,6235.01552831153,76.5547445307037,-1.4830721663366095,242.89594683966303
2833.200000000845,0.6036548340082399,-3.8863917028643957,230.1937675537339,-1972.4294039638794,-4800.029016379386,6266.464020862797,-2034.7771083739642,-4951.310693547625,6232.927468145156,76.5549967713344,-1.4824110498277618,243.53231924673898
2833.3000000008437,0.7047421305138909,-1.8988228121809223,231.70524830241195,-1994.3044044549808,-4824.9267844070355,6263.585228918883,-2049.4930615691,-4977.4529663988205,6230.839935745668,76.55524851100455,-1.4817496958533878,244.16868272616028
2833.4000000008423,0.8674174516082144,-0.6521314755447604,232.9765321664087,-2016.0391415139652,-4849.978443444458,6260.851456267458,-2063.9151754615546,-5003.756451053004,6228.752931738711,76.55549973428548,-1.4810880922081526,244.8050370066137
2833.500000000841,1.0236986599962714,0.09874327872230464,234.05372973862364,-2037.5497727137886,-4875.226396046923,6258.284438209731,-2078.0416642282503,-5030.217886986273,6226.666456760145,76.55575042123071,-1.480426212874064,245.44138186626904
2833.6000000008394,1.0942439975453224,0.5994364616285046,235.03710239936564,-2058.7134846477934,-4900.728625155924,6255.9145879885555,-2091.8707788539373,-5056.833994148359,6224.580511466271,76.55600058433517,-1.4797640561908363,246.07771699392725
2833.700000000838,1.063686320723806,1.0205860222605467,235.97770764193857,-2079.4206814982563,-4926.531193088318,6253.772995339608,-2105.4008073466557,-5083.601473369299,6222.495096516797,76.55625024236171,-1.4791016119029172,246.71404209425782
2833.8000000008365,0.9621370641379138,1.473312191392106,236.86094184543657,-2099.6004455688626,-4952.652525174539,6251.914896914471,-2118.63007495267,-5110.5170067785675,6220.410212591869,76.55649936783635,-1.478438862513776,247.3503569111615
2833.900000000835,0.8506025318814937,1.9844625768918003,237.70936493940908,-2119.2774934820513,-4979.060153964301,6250.386489733217,-2131.5569443665618,-5137.577258221285,6218.325860368225,76.55674796271553,-1.4777757950470995,247.98666115974805
2834.0000000008336,0.8137943692206543,2.5426926562224597,238.54835319576435,-2138.5442966051983,-5005.695831899241,6249.176705733919,-2144.1798159344235,-5164.778873678434,6216.242040554399,76.5569960193045,-1.4771123883353365,248.62295459570575
2834.100000000832,0.8810229216580289,3.0775142393862667,239.38318511684204,-2157.4860488463833,-5032.533147211517,6248.230388574413,-2156.4971278524235,-5192.118481685891,6214.158753855515,76.55724354366629,-1.4764486388606481,249.25923688888432
2834.2000000008306,1.0241228974663732,3.481977211007028,240.2409364318109,-2176.1531651672954,-5059.572914461712,6247.479195776082,-2168.5073563659566,-5219.59269375931,6212.076000999409,76.55749055198586,-1.4757845424364795,249.89550772314587
2834.300000000829,1.176523993038155,3.76115336242319,241.1196412972602,-2194.5040084385582,-5086.816652939776,6246.882546190408,-2180.2090159548247,-5247.198104819134,6209.993782718459,76.55773703755467,-1.4751200792277273,250.53176682494
2834.4000000008277,1.2551982542012314,3.9557659238876375,242.05406887767134,-2212.4313675911126,-5114.2795205995,6246.426283063182,-2191.6006595205217,-5274.931293617498,6207.912099754125,76.55798295902,-1.4744552402844555,251.16801389164638
2834.5000000008263,1.304654516703311,3.9824788371608815,243.08796593560373,-2229.8660737942823,-5141.979824890007,6246.101328353406,-2202.6808785705207,-5302.788823175229,6205.830952864901,76.55822836053352,-1.4737900152652272,251.80424861811923
2834.600000000825,1.3577221398470998,4.0010685547393825,244.16045333466394,-2246.841515188714,-5169.916434414678,6245.859548536974,-2213.4483033879737,-5330.767241209077,6203.75034281382,76.55847322585564,-1.4731243907701983,252.4404707059819
2834.7000000008234,1.3963754311512429,3.9029575897779494,245.25253624547508,-2263.3204345440636,-5198.101386439844,6245.691427024305,-2223.90160320314,-5358.863080562025,6201.670270379815,76.55871756940748,-1.4724583532270228,253.07667986340172
2834.800000000822,1.4473763670121416,3.8087443982588183,246.35232061015918,-2279.330630355358,-5226.521255292365,6245.55862803196,-2234.0394863573347,-5387.072859646593,6199.590736348629,76.55896137314373,-1.4717918862008252,253.71287579748108
2834.9000000008205,1.485947003702295,3.6038253688216884,247.45114112912904,-2294.833471695551,-5255.18546489761,6245.450161491072,-2243.860700467044,-5415.393082883342,6197.511741518498,76.55920464270929,-1.4711249863734086,254.34905817476348
2835.000000000819,1.5376549751290678,3.4025355622854385,248.55615434600355,-2309.8579476001705,-5284.077202505522,6245.330806308174,-2253.3640325764886,-5443.820241137249,6195.433286695603,76.55944738803208,-1.47045764390349,254.98522666940158
2835.1000000008175,1.5104504540970853,3.2391914570719895,249.63573194803112,-2324.331636672206,-5313.211650207597,6245.186382473526,-2262.548309308495,-5472.350812159623,6193.3553726997525,76.55968957329443,-1.4697898501363826,255.6213809599132
2835.200000000816,1.4236801008892974,3.140094250244234,250.67479021666614,-2338.164271635577,-5342.594950821277,6245.034772738016,-2271.4123970114556,-5500.981261031279,6191.278000357569,76.55993121450138,-1.4691215924793526,256.25752073508795
2835.3000000008146,1.3269940562816567,3.11410939241794,251.6958249600782,-2351.358755946026,-5372.212414903243,6244.923220457063,-2279.9552018983973,-5529.7080406083605,6189.201170508161,76.56017232952316,-1.4684528597118283,256.8936456822705
2835.400000000813,1.3005642085839615,3.121480226120749,252.72207172804175,-2364.002617667457,-5402.027906270019,6244.881801976616,-2288.1756701803433,-5558.527591969079,6187.124883989507,76.56041290369598,-1.4677836457886366,257.52975545074406
2835.5000000008117,1.378088620600858,3.10628651370014,253.7532959003328,-2376.1950842492342,-5432.02627799697,6244.8949784604465,-2296.07278819928,-5587.436344861412,6185.049141664562,76.56065293734304,-1.4671139371625352,258.16584974094616
2835.6000000008103,1.494554863149548,3.0434032832698334,254.7711125192216,-2387.990206428562,-5462.194766158267,6244.917981237432,-2303.645582550496,-5616.430718156904,6182.973944397417,76.56089244122516,-1.4664437263017844,258.8019282041126
2835.700000000809,1.5558450022500394,2.9317021293840337,255.77277434786458,-2399.309439195015,-5492.539672905338,6244.918363942543,-2310.8931202032004,-5645.50712029841,6180.8992930578415,76.561131373695,-1.4657730052187203,259.43799050790744
2835.8000000008074,1.529926631676546,2.8001684732032768,256.7809357914807,-2410.049129004966,-5523.065595929989,6244.8767398049085,-2317.8145086152185,-5674.661949749153,6178.825188528094,76.56136979529906,-1.4651017560610817,260.07403635847123
2835.900000000806,1.4629923951126191,2.6770998190578528,257.79696159466044,-2420.1397288473863,-5553.758611614855,6244.806352540586,-2324.4088958366356,-5703.891595450419,6176.751631698382,76.56160767029223,-1.4644299668488545,260.71006542208045
2836.0000000008044,1.4458158038149254,2.531863909799182,258.8383127270706,-2429.6480954358135,-5584.589013996401,6244.731458331612,-2330.675470619933,-5733.192437276475,6174.678623466862,76.56184499588994,-1.463757640275959,261.34607732217654
2836.100000000803,1.4608788310616239,2.484303251449648,259.8630840447973,-2438.6384346040772,-5615.551679628284,6244.645283841652,-2336.613462516594,-5762.560846492844,6172.6061647419065,76.56208177620037,-1.4630847618394134,261.9820717337361
2836.2000000008015,1.4698085290740968,2.382635659304894,260.87214441101304,-2447.072087639852,-5646.641142952111,6244.555757180759,-2342.222141972576,-5791.993186212318,6170.534256437571,76.56231801591636,-1.4624113319119758,262.61804828720125
2836.3000000008,1.4948801123340645,2.316437471573231,261.88396747251676,-2454.982085878539,-5677.84537548438,6244.445051684511,-2347.500820412991,-5821.4858118448565,6168.462899472445,76.56255372390899,-1.4617373302939822,263.25400667613076
2836.4000000007986,1.5087272053645737,2.1763805312554534,262.89200307834153,-2462.3310588317763,-5709.157979775606,6244.313177138373,-2352.4488503264947,-5851.035071564632,6166.39209478443,76.56278887906774,-1.4610627562980614,263.8899465322766
2836.500000000797,1.53619071534233,2.062315647427362,263.90938730058775,-2469.15331637441,-5740.5680589839485,6244.140739536274,-2357.0656253437096,-5880.637306772748,6164.321843305743,76.56302348348919,-1.4603875983634191,264.52586751134055
2836.6000000007957,1.5518661033799463,1.8713663637650189,264.9208612448454,-2475.411753255499,-5772.068051678823,6243.924747892991,-2361.3505803082685,-5910.288852553022,6162.252145979959,76.56325753539473,-1.4597118440462316,265.16176929494526
2836.7000000007943,1.5806324811463297,1.7031990799018033,265.9424160222149,-2481.141523858589,-5803.6481003965755,6243.646364703503,-2365.3031913441173,-5939.986038135948,6160.1830037586005,76.56349106849993,-1.459035491867193,265.797651495218
2836.800000000793,1.5976008183449912,1.457716263429596,266.95370651350606,-2486.305881289663,-5835.299331062597,6243.300217208004,-2368.922975916302,-5969.725187362158,6158.1144176011385,76.56372404496652,-1.4583585349159227,266.43351376063845
2836.9000000007914,1.627428546161215,1.2328166806850445,267.9755236633867,-2490.9408753429007,-5867.012904721754,6242.868440024865,-2372.209492888557,-5999.502619141627,6156.046388472721,76.56395647993659,-1.4576809610134422,267.069355752337
2837.00000000079,1.6455100161442864,0.9308282078248156,268.98288164249976,-2495.0103619365727,-5898.778607047243,6242.343361122832,-2375.16234257384,-6029.314647918722,6153.978917346445,76.56418836192182,-1.4570027708328808,267.70517708384574
2837.1000000007884,1.6762627311627265,0.6474583175296856,270.0013687750657,-2498.551314151409,-5930.5886359895785,6241.708286966899,-2377.7811667807373,-6059.157584138134,6151.912005194271,76.56441970905817,-1.4563239501241567,268.3409774245312
2837.200000000787,1.6304317828524373,0.4209320908676912,271.0065673634797,-2501.4953428066137,-5962.426712821322,6240.949242945627,-2380.065648850848,-6089.0277347118035,6149.845653007463,76.56465051294116,-1.455644488285685,268.9767564309698
2837.3000000007855,1.5523709440140971,0.22681565298245485,272.0061126021889,-2503.7790712645487,-5994.261513242761,6240.085665688303,-2382.0155136969975,-6118.921403480111,6147.779861764795,76.56488078964088,-1.4549643918271513,269.6125136874092
2837.400000000784,1.5286846537971621,0.032230389891017085,273.0285620972063,-2505.475861917994,-6026.093159338608,6239.15534285253,-2383.63052782994,-6148.83489168009,6145.714632471157,76.56511051207295,-1.454283645314346,270.2482488627686
2837.5000000007826,1.5375874801389589,-0.06220026154409127,274.0420512441614,-2506.6501843365263,-6057.9327542534575,6238.161209383617,-2384.910499383613,-6178.764498412409,6143.649966121218,76.5653396815947,-1.4536022353184197,270.88396162832214
2837.600000000781,1.5414056774169471,-0.20141140721853823,275.03013707005687,-2507.265081813906,-6089.766122013143,6237.111421079162,-2385.8552781337976,-6208.7065211048775,6141.58586372214,76.56556832076333,-1.452920167136437,271.5196515676372
2837.7000000007797,1.5617105744389068,-0.3061380660559946,276.018918063266,-2507.355505976084,-6121.588995686076,6235.994630606497,-2386.464755511904,-6238.6572559771475,6139.52232628676,76.56579642285092,-1.4522374343476263,272.15531831624435
2837.8000000007783,1.5711550024651089,-0.4775607749874218,276.9979678916579,-2506.8871208491105,-6153.386472361882,6234.811076467368,-2386.7388646124327,-6268.612998508435,6137.459354827917,76.56602398145402,-1.4515540302831662,272.7909615059529
2837.900000000777,1.5944042053703362,-0.6247934894131613,277.9881357001129,-2505.89619568298,-6185.155826864576,6233.547094713378,-2386.6775801961885,-6298.570043906169,6135.396950369803,76.56625098228314,-1.4508699463472177,273.42658078104205
2838.0000000007753,1.6061403295743366,-0.8421838106601637,278.9695655410442,-2504.349185877158,-6216.8811537882675,6232.199973767441,-2386.2809186866953,-6328.524687574193,6133.3351139320675,76.5664774391822,-1.4501851763149083,274.06217577384035
2838.100000000774,1.631152186227885,-1.0383877728019164,279.96144333883814,-2502.2818840602763,-6248.566185069413,6230.75588618846,-2385.548938162351,-6358.4732255714225,6131.273846547989,76.56670336912904,-1.4494997111334802,274.6977461303288
2838.2000000007724,1.6445909546745292,-1.3055446080091873,280.9429111780182,-2499.6611200072307,-6280.194757146678,6229.209792658299,-2384.48173834064,-6388.411955081361,6129.213149251977,76.56692874982484,-1.4488135531310127,275.3332914387332
2838.300000000771,1.6710458769754362,-1.553613887050777,281.9376993849395,-2496.5239682267206,-6311.765476267981,6227.548332165877,-2383.0794605645638,-6418.337174881886,6127.153023072768,76.56715358236336,-1.4481267034429441,275.96881130824227
2838.4000000007695,1.6212824912861294,-1.7446531664642708,282.92284720970434,-2492.807057044201,-6343.249614216858,6225.760359472606,-2381.3422877737667,-6448.24518581041,6125.093469059533,76.56737789281013,-1.447439141718407,276.6043054233685
2838.500000000768,1.5397857762499136,-1.901227578735953,283.9087546612583,-2488.454514054752,-6374.597667928123,6223.868875326392,-2379.2704444741553,-6478.132291226776,6123.034488252363,76.56760164943498,-1.446750868294423,277.23977338742327
2838.6000000007666,1.5125273480069477,-2.051640026705615,284.9254448294673,-2483.535762824619,-6405.825630572588,6221.912625985936,-2376.8641967070544,-6507.994797477992,6120.976081702701,76.56782488494359,-1.4460618845024895,277.8752148049513
2838.700000000765,1.5174109784842675,-2.1035320799052846,285.9346981321152,-2478.110752958487,-6436.957902753661,6219.8955299166355,-2374.123852005351,-6537.829014362615,6118.918250460854,76.56804758303318,-1.4453721888456472,278.51062927833135
2838.8000000007637,1.5177612624303274,-2.196250711465823,286.917308552663,-2472.1461850993774,-6467.97359316416,6217.828319784603,-2371.0497593509394,-6567.631255594578,6116.860995577133,76.56826974617422,-1.4446817702669763,279.14601646726913
2838.9000000007622,1.5346661852842824,-2.254629732953685,287.89529724323705,-2465.6746286299294,-6498.880247138981,6215.701157499165,-2367.6423091195247,-6597.397839270375,6114.804318108658,76.5684913804126,-1.4439906277265495,279.7813759719324
2839.000000000761,1.5409522505769266,-2.375750358080893,288.8653162481193,-2458.6651602865977,-6529.657406130981,6213.516947498998,-2363.9019330274914,-6627.125088328479,6112.748219119361,76.56871246880574,-1.443298759507687,280.4167074110513
2839.1000000007593,1.5612047950837915,-2.472239738656988,289.8478534767227,-2451.1549601150177,-6560.303219307892,6211.263478108978,-2359.829104067626,-6656.809331007586,6110.692699664095,76.56893301145298,-1.4426061533514205,281.05201043205994
2839.200000000758,1.5701448110241367,-2.635393813864314,290.8206126833725,-2443.111182472095,-6590.804054105748,6208.94035660235,-2355.424336443995,-6686.446901311706,6108.637760809064,76.56915301259065,-1.4419128092348497,281.68728465063145
2839.3000000007564,1.592461206135573,-2.776759563077234,291.8069575196694,-2434.5684132074084,-6621.166853482932,6206.534499144968,-2350.6881854982084,-6716.034139474123,6106.583403615931,76.5693725067686,-1.441218736437192,282.3225296253493
2839.400000000755,1.6033660438058273,-2.9860867399067246,292.7858482484696,-2425.498144268237,-6651.3664603826055,6204.043705087638,-2345.621247632024,-6745.567392412344,6104.529629155442,76.56959146272413,-1.4405239207139737,282.9577450236068
2839.5000000007535,1.6277877583971143,-3.153408166137732,293.38241447284275,-2415.9430514290675,-6681.422402604437,6201.454932373506,-2340.2241602240874,-6775.043014188081,6102.4764384960745,76.56980989749273,-1.4398283626317019,283.59293044806714
2839.600000000752,1.577015462157763,-3.214013216530785,292.6461876053684,-2405.909102205653,-6711.3324229556565,6198.763809461403,-2334.4976015414204,-6804.457366463528,6100.423832707438,76.57002778425839,-1.4391320565188912,284.22808552616857
2839.7000000007506,1.4673928237463336,-3.3290971146838144,290.8202352033153,-2395.454296232444,-6741.103801255077,6195.995059420977,-2328.4422906463437,-6833.806818958927,6098.371812856874,76.57024513404808,-1.4384350049421197,284.86320985736955
2839.800000000749,1.313535523424223,-3.5992847161891786,289.133887371742,-2384.7153899183704,-6770.784924942558,6193.180298763523,-2322.058987298667,-6863.087749907289,6096.320380012859,76.57046197228455,-1.4377372026635002,285.4983030703841
2839.9000000007477,1.1420592528280529,-3.8571750778302683,288.5619498877581,-2373.8013590915616,-6800.422297823969,6190.334723581839,-2315.3484917864007,-6892.296546717214,6094.269535251815,76.57067828008006,-1.4370386608886039,286.13336471923884
2840.0000000007462,0.9698763383264983,-4.12225894576607,288.30059877975395,-2362.7666949067543,-6830.043233212352,6187.466345216954,-2308.3116444695515,-6921.42960759162,6092.219279600206,76.5708940686674,-1.4363394837471202,286.76839395335406
2840.100000000745,0.7994985485466948,-4.403426687675122,288.1521989818908,-2351.6347754281455,-6859.656823654652,6184.589621835458,-2300.949325893131,-6950.483341061373,6090.169614086768,76.57110931692509,-1.4356396498244384,287.40339040161257
2840.2000000007433,0.6308114932779536,-4.703518022711892,288.0724961080561,-2340.42331052279,-6889.26946637296,6181.720307196191,-2293.2624568372557,-6979.454165865888,6088.120539740235,76.57132402036662,-1.4349391561767184,288.03835363326664
2840.300000000742,0.46342993905900715,-5.020234184391663,288.04973357676135,-2329.14988576806,-6918.888103785152,6178.8727752650775,-2285.251998193207,-7008.3385114053735,6086.07205758934,76.57153815828659,-1.4342379871881763,288.6732832495394
2840.4000000007404,0.2970827098385116,-5.690980200763626,287.9514772523478,-2317.838959129312,-6948.5178226315875,6176.048848899373,-2276.9189508346835,-7037.13281819424,6084.02416867531,76.57175169830442,-1.4335361298250342,289.3081788695017
2840.500000000739,0.1301471321472829,-6.9802996227172756,287.7874349315306,-2306.5278384463836,-6978.163484708217,6173.210800200051,-2268.2643554873234,-7065.83353830667,6081.976874037096,76.57196468764691,-1.432833571788233,289.9430400968186
2840.6000000007375,0.023894567079767278,-8.164593574034468,287.94789051262774,-2295.244359829398,-7007.831916819547,6170.291896652225,-2259.2892925833776,-7094.4371358288945,6079.930174719331,76.57217707903942,-1.4321303080829944,290.57786650922714
2840.700000000736,-0.0333010650226902,-9.129627583079696,288.1195672151859,-2283.987708516996,-7037.52207184402,6167.193780979398,-2249.994882125071,-7122.940087308879,6077.884071770051,76.5723889051253,-1.4314263407713714,291.2126576689401
2840.8000000007346,-0.08993152283740795,-9.93707125411076,288.37842717721213,-2272.762172299392,-7067.223393944703,6163.917609584686,-2240.3822835321766,-7151.338882194645,6075.838566232753,76.57260015878805,-1.430721660906344,291.8474131704749
2840.900000000733,-0.13424887097980787,-10.297169689227701,288.56582501576736,-2261.554396022328,-7096.933739123808,6160.416197588164,-2230.4526954898506,-7179.630023277862,6073.793659167964,76.57281080753883,-1.4300162581897262,292.482132629668
2841.0000000007317,-0.23255927955032502,-9.690456555946154,288.57252294925365,-2250.3796796292236,-7126.640615526957,6156.791845709762,-2220.2073557886274,-7207.810027138175,6071.749351619178,76.57302089828345,-1.4293101266511077,293.1168156491426
2841.1000000007302,-0.3096052940023378,-8.509293009234089,288.5159797559637,-2239.2626351564977,-7156.337272997782,6153.149236417884,-2209.647541155472,-7235.875424579432,6069.705644641248,76.57323040564286,-1.4286032552613674,293.7514618410869
2841.200000000729,-0.2854662198067994,-8.917660889060436,288.95065533190416,-2228.1848319581372,-7186.026453551266,6149.433279849771,-2198.7745670890745,-7263.822761062008,6067.662539291293,76.57343931981487,-1.4278956398353797,294.38607081079374
2841.3000000007273,-0.22378020969457724,-10.021653486669273,289.3865770784315,-2217.1075855352005,-7215.708020297146,6145.541745398399,-2187.5897876861886,-7291.648597140904,6065.620036618487,76.57364768225248,-1.4271872935765237,295.0206420836619
2841.400000000726,-0.1672863569111569,-10.976069509027722,289.76884585984317,-2206.031214601785,-7245.389472098846,6141.450042329568,-2176.0945954582726,-7319.349508899018,6063.578137685627,76.5738554865799,-1.4264781976270355,295.6551753239899
2841.5000000007244,-0.09662447328197554,-11.771300385926496,289.9329430333448,-2194.939118717655,-7275.062494091836,6137.080671875123,-2164.2904211456957,-7346.922088375047,6061.536843545294,76.5740627231089,-1.4257683466664228,296.28967013964314
2841.600000000723,-0.04459886088268717,-12.46564884374941,290.09541945417794,-2183.8486983694515,-7304.723127128451,6132.442069129524,-2152.178733533696,-7374.362943990149,6059.496155247796,76.57426940002902,-1.4250577550168058,296.9241260686094
2841.7000000007215,0.016934008003955295,-12.843437793096053,290.0992770605187,-2172.751780174645,-7334.383612116765,6127.488105186046,-2139.761039255537,-7401.668700971164,6057.456073850253,76.574475541938,-1.4243464058468263,297.5585427733571
2841.80000000072,0.05753458394011809,-12.483109846397255,290.16734561678925,-2161.6683648215626,-7364.033175523085,6122.290017351374,-2127.038882591458,-7428.836001775056,6055.416600404111,76.57468114603492,-1.4236343056776073,298.19291982642676
2841.9000000007186,0.18325063878011777,-10.733700286363732,290.43049686081986,-2150.5989651476893,-7393.673570310923,6116.884973143593,-2114.0138452663446,-7455.861506509332,6053.377735959676,76.5748862118992,-1.4229214576711986,298.8272568131262
2842.000000000717,0.36123270894391046,-7.996755569708271,291.1268378820898,-2139.5264869811826,-7423.338631745383,6111.372563577936,-2100.687546239432,-7482.74189334698,6051.339481564987,76.57509073237773,-1.4222078482535985,299.46155339661846
2842.1000000007157,0.568462032805313,-5.782229965720664,292.14200737070917,-2128.3918899882146,-7453.031167740717,6105.918334327296,-2087.061641491539,-7509.473858939547,6049.30183826808,76.57529470863167,-1.4214934835299262,300.0958091556509
2842.200000000714,0.7416142504825339,-4.403361409213295,293.1508575369375,-2117.09592386656,-7482.712174166247,6100.633878550628,-2073.1378238083153,-7536.054118831456,6047.264807110182,76.57549816106032,-1.4207783719296805,300.73002367101986
2842.3000000007128,0.8164181362337015,-3.504970763781741,294.0939614523487,-2105.5174806016257,-7512.312542926978,6095.610011429376,-2058.9178225545274,-7562.479407868838,6045.22838913365,76.57570110525965,-1.420062509638373,301.36419656538817
2842.4000000007113,0.7920529175646812,-2.798139961957086,294.9568697099741,-2093.558905129411,-7541.765727757355,6090.918293363241,-2044.4034034462368,-7588.746480604773,6043.192585371763,76.57590351824234,-1.419345894369311,301.9983274656661
2842.50000000071,0.727489405916922,-2.159351517644491,295.7645070283042,-2081.183730033191,-7571.035007574052,6086.620164928812,-2029.596368318586,-7614.852111704481,6041.157396864608,76.57610542534955,-1.4186285257919296,302.63241599450987
2842.6000000007084,0.7161444200143581,-1.5463222918914146,296.5749867736157,-2068.454451102163,-7600.146069981825,6082.685556902933,-2014.4985548865695,-7640.793096343612,6039.122824644328,76.57630681660949,-1.4179104034945489,303.26646177122666
2842.700000000707,0.7353604605065948,-0.8995717689814419,297.3011832640527,-2055.408871114992,-7629.114684159277,6079.065619347883,-1999.1118365071031,-7666.56625060587,6037.088869729436,76.57650769377696,-1.4171915403650006,303.90046437024296
2842.8000000007055,0.7495258818938346,-0.3296441255732586,298.0392395904374,-2042.0299970495482,-7657.9176005204745,6075.791111048878,-1983.4381219297647,-7692.168411881767,6035.055533149803,76.5767080925981,-1.4164719268388968,304.534423460748
2842.900000000704,0.8480537726494427,0.16205272570233623,298.8502987176081,-2028.351240582975,-7686.571164910475,6072.801982491767,-1967.4793550440827,-7717.596439254554,6033.022815919402,76.57690798708565,-1.4157515667203693,305.16833864968123
2843.0000000007026,1.0164934578424907,0.5216833176530833,299.75152326808967,-2014.3989541005315,-7715.09370802215,6070.012167325205,-1951.237514631015,-7742.847213890847,6030.990719052208,76.57710737494477,-1.4150304737295822,305.8022095205349
2843.100000000701,1.186319309031835,0.7530932374865782,300.7265332941,-2000.1440902356599,-7743.462194727658,6067.371488399828,-1934.7146140995887,-7767.917639426104,6028.959243557651,76.57730627672528,-1.414308642301064,306.4360357278459
2843.2000000006997,1.2789915067191393,0.870823660503787,301.7932363487202,-1985.5106660705392,-7771.613015235522,6064.86095331341,-1917.9127012225129,-7792.8046423499045,6026.928390438348,76.57750468317485,-1.413586088667643,307.0698168444523
2843.300000000698,1.2846562213909254,0.9226011215183902,302.905985148075,-1970.4203161683633,-7799.47341613142,6062.473581051297,-1900.8338578692244,-7817.505172384026,6024.898160688973,76.57770261144873,-1.4128628067110172,307.7035525362412
2843.4000000006968,1.2288828063927313,0.9839931759984883,303.99452352593426,-1954.8164950363073,-7826.980653248145,6060.226472887275,-1883.4801997335976,-7842.016202854004,6022.8685553076,76.5779000791185,-1.4121387959282976,308.33724245387964
2843.5000000006953,1.128102888212441,1.138080845049176,305.02024450646064,-1938.7026832622626,-7854.119008657039,6058.150862837595,-1865.8538760535735,-7866.33473106432,6020.839575276411,76.57809706724845,-1.411414062565775,308.9708862103513
2843.600000000694,1.0270579310772912,1.3810630204650338,305.98833407947484,-1922.1146380904574,-7880.900061499464,6056.292938387803,-1847.9570693326234,-7890.457778670985,6018.811221573043,76.57829357975619,-1.41068862127345,309.60448340571264
2843.7000000006924,0.9990298852842343,1.679686243147801,306.943877902981,-1905.1300599203787,-7907.382395088731,6054.6579102743,-1829.7919950569385,-7914.382392040767,6016.783495172865,76.57848962785506,-1.409962468406692,310.23803369798355
2843.800000000691,1.0733809601259345,1.9661314403383254,307.9044488313548,-1887.8065218673405,-7933.6378461023205,6053.203667696527,-1811.3609014036542,-7938.105642616799,6014.756397038752,76.57868519853528,-1.4092356096279801,310.87153672837195
2843.9000000006895,1.2242513395558077,2.1280351845496526,308.88411412407135,-1870.1733957951658,-7959.717945871975,6051.867824938909,-1792.666068946746,-7961.624627278695,6012.72992813699,76.57888032305314,-1.40850804560876,311.50499214777756
2844.000000000688,1.3851710581581558,2.1540385331992615,309.8828671736407,-1852.213379051635,-7985.604776808057,6050.602725039143,-1773.7098103585142,-7984.936468697621,6010.7040894156935,76.57907497828566,-1.407779795255697,312.13839954106635
2844.1000000006866,1.4760208694316117,2.06215796072925,310.9365705554461,-1833.8638948014295,-8011.2286279987475,6049.3744336336795,-1754.494470115082,-8008.038315686529,6008.678881820709,76.57926918859204,-1.407050860866595,312.77175856403454
2844.200000000685,1.4812610150409125,1.903894500235002,312.03497556201006,-1815.0597853135093,-8036.509363486766,6048.157424298701,-1735.0224241843084,-8030.927343546053,6006.654306288797,76.57946293727335,-1.406321230332767,313.4050689320341
2844.3000000006837,1.4436009311028735,1.7269190541007169,313.1448588242201,-1795.7695149661515,-8061.380790467074,6046.951347861752,-1715.2960797193955,-8053.600754412753,6004.630363755584,76.57965624484494,-1.4055909241862345,314.0383302367441
2844.400000000682,1.4516374132287346,1.4996646559162772,314.2700348690227,-1776.0474251021692,-8085.873198684944,6045.761987698701,-1695.3178747442673,-8076.055777598755,6002.607055139664,76.57984910547471,-1.404859951916672,314.6715421042571
2844.5000000006808,1.4915301903092701,1.3352934893866764,315.37861326193723,-1755.9296617328762,-8110.031439548154,6044.568149416003,-1675.0902778376067,-8098.289669931058,6000.584381356225,76.58004151452879,-1.4041283162628064,315.30470420741335
2844.6000000006793,1.5255935928173272,1.093377224787474,316.47163515823024,-1735.3968632467274,-8133.819108623328,6043.363750758639,-1654.6157878149827,-8120.299716081206,5998.562343310235,76.58023348926258,-1.4033960288757321,315.93781617106475
2844.700000000678,1.5754191994494362,0.8527325660760842,317.57500961731273,-1714.4778132764359,-8157.255934030715,6042.119636717955,-1633.8969334014232,-8142.083228899303,5996.540941898713,76.5804250340265,-1.4026630941053015,316.570877667029
2844.8000000006764,1.550502986574294,0.6463925047507425,318.65706188353306,-1693.1292150325028,-8180.28374300203,6040.819270849872,-1612.936272902641,-8163.63754973441,5994.520178015274,76.580616145992,-1.4019295059622887,317.20388839672574
2844.900000000675,1.4940711958244157,0.4513653963535467,319.7331361473711,-1671.3318031914962,-8202.837461425865,6039.475652938888,-1591.7363938790759,-8184.960048756427,5992.500052536499,76.58080682302698,-1.4011952851709482,317.83684797401656
2845.0000000006735,1.4913990538036856,0.2332870992113788,320.83064221130746,-1649.1453620126572,-8224.96693387303,6038.108355088171,-1570.2999128067888,-8206.0481252768,5990.4805663355655,76.58099709148841,-1.4004604387132744,318.4697560538335
2845.100000000672,1.5213078114453613,0.09193143507082309,321.9104916615722,-1626.6048951716436,-8246.72709426103,6036.705390210316,-1548.6294747379588,-8226.899208061981,5988.461720277697,76.58118693604209,-1.3997249689110782,319.10261232853543
2845.2000000006706,1.546261423744965,-0.11951837477556326,322.96412100087065,-1603.6943888632659,-8268.078579259369,6035.265588192558,-1526.7277529595074,-8247.5107556424,5986.443515217904,76.58137635512733,-1.3989888861264272,319.73541644502825
2845.300000000669,1.5878986941444604,-0.32130936705324686,324.02317403918494,-1580.4408450361868,-8289.044678199845,6033.766121373269,-1504.5974486496511,-8267.88025662093,5984.425951989619,76.5815653529434,-1.3982522068025809,320.36816804743216
2845.4000000006677,1.5543093695894392,-0.4800326845597266,325.06390074912935,-1556.8148050083716,-8309.556788794043,6032.19466373224,-1482.2412905285462,-8288.00522997076,5982.40903143763,76.58175396151786,-1.3975149226934873,321.0008668671378
2845.500000000666,1.4900797603466034,-0.6243688216812434,326.10832656380336,-1532.8019806516033,-8329.540865895595,6030.569841874847,-1459.6620345046153,-8307.883225333484,5980.392754379475,76.58194215004833,-1.396777054305813,321.6335125300461
2845.6000000006647,1.4806381255563437,-0.7846243387854651,327.18894785662445,-1508.4461445779643,-8349.05782663699,6028.91612180408,-1436.8624633260026,-8327.51182331182,5978.377121633828,76.58212993714778,-1.3960386067360278,322.2661047256837
2845.7000000006633,1.5033078099044204,-0.8623270814698413,328.2577358219669,-1483.7771173961523,-8368.167945453797,6027.22502592262,-1413.8453862144002,-8346.888635760106,5976.362134003463,76.58231732135773,-1.3952995835733297,322.89864315581315
2845.800000000662,1.5217119180283987,-1.0060925153997287,329.30132533857073,-1458.7830673023846,-8386.829919457907,6025.500038428,-1390.6136385047223,-8366.011306071916,5974.347792285482,76.5825043057285,-1.3945600052422928,323.5311274504928
2845.9000000006604,1.5572224859341859,-1.134531133662811,330.34893184870657,-1433.4884993703586,-8405.06981969743,6023.721276149779,-1367.1700812837591,-8384.87750945598,5972.334097258812,76.58269088650997,-1.3938198653435285,324.16355736055914
2846.000000000659,1.5822287025048098,-1.352483832888036,331.3859607458934,-1407.884288202078,-8422.847890399607,6021.882400102383,-1343.5176010183845,-8403.484953215453,5970.321049697846,76.58287706835232,-1.3930791810940206,324.7959325363163
2846.1000000006575,1.6218164350462831,-1.5667207914801293,332.4348797298825,-1381.9904506223484,-8440.195689433322,6019.9614251565545,-1319.6591091872106,-8421.831377020011,5968.308650369025,76.58306285108229,-1.3923379584423208,325.4282526837983
2846.200000000656,1.585695595886472,-1.7360473923157222,333.46917291898245,-1355.7871096242793,-8457.040846332313,6017.944853596482,-1295.597541905719,-8439.914553173718,5966.296900022891,76.5832482657775,-1.3915962102923862,326.060517482133
2846.3000000006546,1.518831898725776,-1.891556076407917,334.5148178279166,-1329.2762583221938,-8473.304298050221,6015.851457764921,-1271.3358595509508,-8457.73228687715,5964.285799402043,76.58343330312371,-1.3908539441846923,326.6927266310183
2846.400000000653,1.50664849340043,-2.0633494485059622,335.60215469850465,-1302.4921860325624,-8489.054049541344,6013.709318142638,-1246.8770463819792,-8475.282416487964,5962.275349235451,76.58361796460406,-1.3901111770314079,327.3248798026213
2846.5000000006517,1.5264352685603686,-2.1494194208043944,336.67995974286566,-1275.4560682346428,-8504.355165171028,6011.512995645976,-1222.2241101590278,-8492.56281377395,5960.265550237325,76.58380223991715,-1.389367908158803,327.95697673601046
2846.60000000065,1.5422029171299136,-2.2994492458232845,337.7285926293679,-1248.1618939823888,-8519.16403847949,6009.266768083182,-1197.38008175707,-8509.571384163457,5958.2564031230095,76.58398612852419,-1.3886241490601783,328.58901713535806
2846.7000000006487,1.5752040748688765,-2.432080742140702,338.77982254522226,-1220.6307521805186,-8533.510536868627,6006.952912016407,-1172.3480147807984,-8526.30606699264,5956.247908579463,76.58416967269143,-1.3878799157567492,329.22100068216383
2846.8000000006473,1.597725383734494,-2.652762832414507,339.81338355143674,-1192.8506947656267,-8547.35653161868,6004.565540342465,-1147.1309851697408,-8542.764835743501,5954.240067301593,76.58435284573902,-1.387135209698497,329.85292711830084
2846.900000000646,1.6353152271096238,-2.8449606475046023,340.46794025380035,-1164.8383342831507,-8560.748834264472,6002.084729895178,-1121.732090807212,-8558.945698285805,5952.232879954782,76.58453565198424,-1.3863900545420202,330.4847961065383
2847.0000000006444,1.598244607149946,-2.9183729471622133,339.7911097563167,-1136.5984550990495,-8573.6825610547,5999.5006209293515,-1096.154451128882,-8574.846697105302,5950.226347199876,76.58471811243842,-1.3856444527796044,331.1166073947198
2847.100000000643,1.5017037376885032,-3.007085173964084,337.9960624717211,-1108.1633379664645,-8586.195769544689,5996.833316267262,-1070.4012067233311,-8590.465909528608,5948.22046968863,76.58490019957593,-1.3848984104926096,331.7483607170204
2847.2000000006415,1.3599600804338707,-3.2587556535160793,336.11795309965834,-1079.5908639079375,-8598.419884735842,5994.115262956354,-1044.4755189313817,-8605.80144795094,5946.215248054639,76.5850819433198,-1.3841519369709347,332.3800558114819
2847.30000000064,1.1939225685493047,-3.5781378092847196,335.1636723492338,-1050.9290372110258,-8610.477847823619,5991.364281848591,-1018.3805694414921,-8620.8514600507,5944.210682925815,76.58526333394613,-1.383405053468339,333.01169234764274
2847.4000000006386,1.0246251524369951,-3.8400048396433375,334.8931251777457,-1022.2018994803021,-8622.43886344501,5988.587478521795,-992.1195598891512,-8635.614129006606,5942.206774909634,76.58544437446001,-1.3826577616930829,333.6432701065875
2847.500000000637,0.8581522186461904,-4.323528331684567,334.4924991705818,-993.4232021406167,-8634.33220940926,5985.792591536585,-965.695711446118,-8650.087673703076,5940.203524610165,76.58562508144841,-1.3819100778890345,334.2747887855533
2847.6000000006356,0.6931825591925656,-5.076985741178134,333.9162767015165,-964.6144452270734,-8646.194626474231,5982.974906238199,-939.1122644186922,-8664.270348936618,5938.200932608768,76.5858054421233,-1.3811620165750478,334.9062481179318
2847.700000000634,0.529365090763621,-5.343433820574156,333.9442839414234,-935.7794393825492,-8658.042684534625,5980.142354342937,-912.3724778283135,-8678.160445613203,5936.1989994822625,76.5859854708,-1.3804135767782266,335.53764788133503
2847.8000000006327,0.36897694798071673,-5.629088588583314,334.0356783596649,-906.9193451495898,-8669.882881240837,5977.31153044222,-885.4796290018995,-8691.756290945958,5934.197725792704,76.5861651572057,-1.379664780232091,336.1689877867918
2847.9000000006313,0.21011902327766657,-5.639064905208864,334.2350937994548,-878.0363242523819,-8681.72282151059,5974.511167854416,-858.4370131610506,-8705.056248640354,5932.197112083981,76.58634454214322,-1.378915628621608,336.8002676127998
2848.00000000063,0.052822827832467535,-4.094441692919986,334.6805829036284,-849.1441722466418,-8693.557830900016,5971.831336092005,-831.2479429975828,-8718.058719081135,5930.197158896578,76.58652358252216,-1.378166138423518,337.4314870894139
2848.1000000006284,-0.10240490993990661,-1.4200220838884252,334.9192445886006,-820.265843151873,-8705.396307189814,5969.430724250346,-803.9157482563893,-8730.762139515364,5928.197866752809,76.58670230232232,-1.3774163165992321,338.0626459904897
2848.200000000627,-0.26188931157283823,0.8251872729479626,334.7713586787063,-791.4322438466954,-8717.292910841054,5967.445961440927,-776.4437753165743,-8743.164984225636,5926.199236161367,76.58688071557823,-1.3766661856099942,338.6937440281907
2848.3000000006255,-0.4126873154051914,2.521084285357337,334.35971418309106,-762.6757898370665,-8729.331552590264,5965.933080760173,-748.8353867713917,-8755.265764700454,5924.201267619584,76.58705881496374,-1.37591575299643,339.3247809751053
2848.400000000624,-0.5434726418005672,3.849153878052835,333.74967024881306,-734.0186376533981,-8741.585108520554,5964.872080511767,-721.0939610023648,-8767.063029800129,5922.203961607764,76.5872366044642,-1.3751650251388001,339.9557566230196
2848.5000000006225,-0.6689414532347737,4.883129431263683,332.98910445330364,-705.5032897729083,-8754.11475576828,5964.250811935759,-693.2228917516175,-8778.555365917537,5920.207318598262,76.58741408115031,-1.374414015235118,340.58667072652935
2848.600000000621,-0.7979157651609106,5.712108759419638,332.0786643075038,-677.1667208777607,-8766.973284163098,5964.039270572707,-665.2255876938294,-8789.741397137102,5918.211339039588,76.58759125054222,-1.3736627455566437,341.2175230213339
2848.7000000006196,-0.9318500821925318,6.3691910490433115,331.0096288796107,-649.0369181003516,-8780.202991725306,5964.186496862796,-637.1054720124538,-8800.61978538363,5916.216023376846,76.5877681404571,-1.3729112224731352,341.8483132993641
2848.800000000618,-1.0707551746721928,6.848213691475401,329.7833602910977,-621.136345489453,-8793.838491640781,5964.630984402922,-608.8659819644524,-8811.189230566506,5914.221372041515,76.58794471991266,-1.3721594493707687,342.4790413752611
2848.9000000006167,-1.2143816064502295,7.126508809300367,328.4142240043444,-593.4839755726385,-8807.90624076622,5965.304204415885,-580.5105684522467,-8821.448470722757,5912.227385441226,76.58812100202687,-1.3714074407844918,343.10970702246317
2849.0000000006153,-1.321610760412356,7.201280598546962,327.13785461897805,-566.0714372850508,-8822.414122858581,5966.126540805012,-552.0426955884348,-8831.396282154048,5910.234063981343,76.58829701018854,-1.3706552165444534,343.74030999751517
2849.100000000614,-1.343619102944324,7.133054601517111,326.03924715952996,-538.8358799846733,-8837.305726276485,5967.0243850046045,-523.4658402609106,-8841.03147955638,5908.241408042247,76.58847272864391,-1.369902783187232,344.3708501059172
2849.2000000006124,-1.3044112746616867,7.042810071385463,325.0195110615607,-511.7554707521222,-8852.52113845697,5967.96503520442,-494.78349169803056,-8850.352916148173,5906.2494179997775,76.58864814535305,-1.3691501550204164,345.0013271383723
2849.300000000611,-1.2196565428080293,7.055232127611785,323.98861286728936,-484.8742184641232,-8868.049119171346,5968.955736727792,-465.9991510316058,-8859.359483795122,5904.258094212744,76.58882331365058,-1.3683973560308411,345.63174084520637
2849.4000000006095,-1.098447527916376,7.2409477583208455,322.96066863628874,-458.22077061657177,-8883.900428325203,5970.029995054793,-437.1163308633659,-8868.050113118572,5902.2674370206505,76.58899820281007,-1.367644378068237,346.2620911039077
2849.500000000608,-0.9457198600886925,7.355992959175558,322.48629228745335,-431.80023767314174,-8900.068250085178,5971.231499160004,-408.1385548210874,-8876.423773612181,5900.27744675619,76.5891728018108,-1.3668912439177052,346.89237768341985
2849.6000000006065,-0.764129793293978,6.823810394769737,323.13949920540705,-405.5540160626753,-8916.513868238944,5972.5840024263925,-379.06935711778806,-8884.479473750951,5898.288123731616,76.589347145683,-1.3661379724139946,347.52260036442
2849.700000000605,-0.5438991189225618,5.44440195988227,324.4849413580686,-379.36751942168013,-8933.152957961358,5974.044983798415,-349.9122821125838,-8892.21626108912,5896.299468251234,76.58952124718381,-1.365384568470557,348.15275899350905
2849.8000000006036,-0.2836228353303663,3.4432343675039903,325.7735131141741,-353.1613642426298,-8949.88348553619,5975.509397067154,-320.6708838732399,-8899.633222354638,5894.311480590964,76.58969507617435,-1.3646310440199414,348.78285338027115
2849.900000000602,-0.008538376647856047,1.526053744790708,326.3785084952127,-326.90830243550056,-8966.654312076922,5976.877465697721,-291.34872572727824,-8906.729483547375,5892.324161032399,76.58986864877976,-1.3638774214108556,349.41288331898744
2850.0000000006007,0.20517173600998728,0.22148485023933115,326.359302305595,-300.60953136899525,-8983.460739977801,5978.078160286573,-261.9493798187192,-8913.504210022145,5890.337509823075,76.59004199736002,-1.363123707134213,350.0428486488184
2850.1000000005993,0.3711473793148913,0.0023109854962237906,326.4025599066464,-274.2899661897375,-9000.307984398578,5979.121465704123,-232.47642667030277,-8919.956606566888,5888.351527210522,76.59021508204958,-1.3623699045608257,350.67274924158795
2850.200000000598,0.5302369980604429,1.328093093277921,327.01216030304323,-247.95438600642632,-9017.187709992399,5980.026827787173,-202.93345473619354,-8926.08591748297,5886.366213416157,76.59038791669231,-1.3616160396117947,351.3025848719766
2850.3000000005964,0.6635619596771224,3.567143109415966,328.4605761527188,-221.58574193156576,-9034.022305538636,5980.952557263467,-173.32405995094413,-8931.891426658109,5884.381568655717,76.59056051511648,-1.360862119890259,351.9323554044613
2850.400000000595,0.8423922768617842,5.356698200197698,330.09894855432606,-195.14145442185,-9050.767752781194,5981.954613664699,-143.6518452886073,-8937.37245762998,5882.397593122235,76.59073288517199,-1.3601081664199093,352.56206063659675
2850.5000000005934,1.0058956531496592,6.423586972706993,331.5090355446662,-168.56681315756484,-9067.3495259142,5983.06944918311,-113.92042031966194,-8942.528373650483,5880.414287003062,76.59090501571411,-1.359354188370353,353.19170043465766
2850.600000000592,1.152209329744978,6.927536007972774,332.78397937946636,-141.80592648380104,-9083.660197307081,5984.336408722499,-84.1334007616984,-8947.358577739535,5878.431650459433,76.59107693386427,-1.358600191996049,353.8212746717326
2850.7000000005905,1.3094900498874844,7.13173393127375,333.9982331767302,-114.84685943876976,-9099.682419008865,5985.700911459715,-54.2944080315924,-8951.862512736649,5876.449683643502,76.59124861696701,-1.357846192260265,354.4507831916686
2850.800000000589,1.3986418110521124,7.169780674641795,335.17012915408696,-87.65879113449739,-9115.321584135025,5987.135890944118,-24.40706879588703,-8956.039661350009,5874.468386693797,76.59142008599966,-1.3570922127575225,355.0802258098822
2850.9000000005876,1.4602640916172693,7.004102039038672,336.3520974852045,-60.22209554804226,-9130.498095954668,5988.62227214317,5.524985470202063,-8959.88954619715,5872.487759731812,76.59159135150698,-1.356338261437131,355.709602406174
2851.000000000586,1.524324007703203,6.789946385497847,337.5436479245248,-32.54882813744952,-9145.238603485335,5990.114465573753,35.49811893574583,-8963.41172983853,5870.507802864281,76.59176239494849,-1.3555843437876296,356.33891287468435
2851.1000000005847,1.513282454739002,6.583146453031685,338.6988612493566,-4.62459342432867,-9159.46458174239,5991.591352883506,65.50869185798022,-8966.605814812856,5868.528516180906,76.59193321686094,-1.3548304864232048,356.9681570301554
2851.2000000005833,1.4680867909266384,6.375240073055927,339.8261144367585,23.548856076872735,-9173.09568841995,5993.05883131308,95.55306103241332,-8969.471443663697,5866.549899755493,76.59210385088357,-1.3540766985705206,357.5973347644175
2851.300000000582,1.4739729291427166,6.127444347158378,340.96326014568155,51.9335298457497,-9186.188986306825,5994.527489065201,125.62758024150648,-8972.008298957868,5864.571953648222,76.59227429392384,-1.3533229907170878,358.2264459601723
2851.4000000005803,1.5127440012457312,5.950833100733492,342.0832853773119,80.51730226687211,-9198.806621222951,5995.980079669181,155.72860070149852,-8974.216103303303,5862.594677905647,76.59244452759165,-1.3525693764181452,358.85549049906166
2851.500000000579,1.5459050708962938,5.696547042275902,343.1819236768328,109.30176930847105,-9210.906102058227,5997.410915277252,185.85247151089487,-8976.094619361418,5860.6180725550175,76.59261456284591,-1.3518158732063186,359.4844682483929
2851.6000000005774,1.5953546598504604,5.444638362344396,344.28914424108564,138.27167042805712,-9222.52053043119,5998.792188554675,215.9955400968853,-8977.64364985477,5858.6421376133685,76.59278441654752,-1.3510624995753044,0.11337907750602516
2851.700000000576,1.6341173075181379,5.091588123496385,345.377571105827,167.4363148009866,-9233.612161536435,6000.108964228034,246.15415266246742,-8978.863037565368,5856.666873078427,76.59295408738058,-1.3503092542630597,0.7422229362575198
2851.8000000005745,1.6864052041061623,4.7289960943751135,346.4773753515074,196.78242956624595,-9244.217635585323,6001.333568619722,276.3246546342963,-8979.752665333648,5854.692278925214,76.59312358847384,-1.3495561647657608,1.37099966948729
2851.900000000573,1.6640268743513948,4.402250581082426,347.56028768425347,226.3104593360841,-9254.262008347096,6002.439784061095,306.50339110792765,-8980.312456050002,5852.718355133289,76.59329292623116,-1.3488032431855579,1.9997091777076716
2852.0000000005716,1.609676783569271,4.082996900224329,348.638369045418,256.00608592268975,-9263.671470567913,6003.430466551746,336.68670729374617,-8980.54237263842,5850.745101645881,76.59346206746217,-1.348050489051262,2.6283514262631296
2852.10000000057,1.6081078808475104,3.7303189471938594,349.7405456287657,285.8391955903054,-9272.516610608498,6004.332162041286,366.8709489648447,-8980.442418043605,5848.772518401674,76.59363105374176,-1.3472979358353592,3.2569262470119513
2852.2000000005687,1.639269356577976,3.4573612512324994,350.8366747790226,315.8053764114135,-9280.866360158443,6005.140674671638,397.05246289868836,-8980.012635203326,5846.800605321184,76.59379987589749,-1.3465455824632493,3.8854336063979993
2852.3000000005673,1.6652680404148603,3.1153955195481156,351.89628346685714,345.89971600700045,-9288.67731428044,6005.8496242260935,427.2275973279063,-8979.253107021577,5844.829362305627,76.59396852621327,-1.3457934499158049,4.513873397663922
2852.400000000566,1.708088230749214,2.781087501596212,352.96136837482055,376.1101893148676,-9295.98686691532,6006.439875285629,457.3927023797748,-8978.163956338221,5842.858789250538,76.59413703762571,-1.345041552666182,5.142245537763377
2852.5000000005643,1.676435890902048,2.4962318636398573,354.00725102962747,406.43924873686524,-9302.720903093967,6006.890102159071,487.54413051921824,-8976.745345887397,5840.888886024204,76.5943053973138,-1.3442899042327612,5.770549951809471
2852.600000000563,1.6139137485385173,2.222119354235254,355.0582035893555,436.86429683790783,-9308.803685866409,6007.20829142856,517.6782369916536,-8974.997478257905,5838.919652488098,76.5944736090587,-1.3435385143886907,6.398786587874527
2852.7000000005614,1.6051862406710669,1.9204083287050873,356.15020094851724,467.36369092719485,-9314.308169731083,6007.426798953205,547.7913802681022,-8972.92059584353,5836.951088480982,76.5946416835397,-1.34278740262173,7.0269553570373855
2852.80000000056,1.628726780370347,1.7042673540103068,357.2423815495713,497.9406221475356,-9319.304678329014,6007.545662724648,577.8799224862074,-8970.514980792019,5834.983193833673,76.59480961142864,-1.3420365833553445,7.65505619162084
2852.9000000005585,1.6478409656265025,1.4241941662347242,358.2985334040468,528.5850599490924,-9323.749451912816,6007.562964963869,607.9402298838125,-8967.780954948465,5833.015968357682,76.59497739961736,-1.341286069573078,8.283089041688866
2853.000000000557,1.6842044380529069,1.157935082907323,359.359286879725,559.288662457633,-9327.680634481076,6007.46290119179,637.9686732436396,-8964.718879792588,5831.049411838407,76.5951450679731,-1.3405358710558786,8.911053869040984
2853.1000000005556,1.646223390332918,0.9475933193286848,0.39947765455180717,590.0449138971622,-9331.0224152378,6007.2293647448305,667.9616283360592,-8961.329156369551,5829.083524062377,76.5953126107936,-1.339786006267779,9.53895060530833
2853.200000000554,1.577837828861137,0.7499268894929457,1.451168215098187,620.8229658566905,-9333.702269511854,6006.877152929038,697.915476349171,-8957.61222522243,5827.118304795688,76.59548004491018,-1.3390364911303898,10.166779199180654
2853.3000000005527,1.5637148612637224,0.5302303251291751,2.553945370309861,651.6103620006865,-9335.798236047689,6006.440059219033,727.8266043229994,-8953.568566310973,5825.153753781724,76.59564734668375,-1.3382873247798863,10.79453966536241
2853.4000000005512,1.581401410378618,0.40059878080068206,3.654116200271866,682.418314617565,-9337.380447255237,6005.918524989582,757.6914055900595,-8949.198698933886,5823.189870749107,76.59581452431338,-1.3375385331580338,11.422231925699673
2853.50000000055,1.5953275854554392,0.2096078765607126,4.718096132342483,713.2317384872144,-9338.405267128872,6005.31577387999,787.5062802075437,-8944.503181642594,5821.22665542419,76.59598161062141,-1.3367901302106948,12.049855943479766
2853.6000000005483,1.6267298076801544,0.037022903126876644,5.783221427130275,744.0462383952347,-9338.910623777532,6004.6170739588115,817.2676353898833,-8939.482612149652,5819.264107503802,76.59614858534725,-1.3360421349922074,12.677411668317708
2853.700000000547,1.6476178704572155,-0.22318410133697908,6.827389708013115,774.8456066951144,-9338.856858461326,6003.815910662976,846.9718859365057,-8934.137627236025,5817.302226671148,76.59631544666388,-1.335294553893315,13.304899106949277
2853.8000000005454,1.6835557516566084,-0.4781794229139374,7.882985657476456,805.6325710942784,-9338.28420058904,6002.895145753518,876.6154546649557,-8928.468902649764,5815.34101259467,76.59648221929649,-1.334547402483551,13.932318238212822
2853.900000000544,1.645002282562144,-0.6772121479236637,8.921122471458645,836.3898711301086,-9337.117851076093,6001.838803904227,906.1947728416427,-8922.477152998914,5813.380464934865,76.59664889630811,-1.33380069185646,14.559669049728726
2854.0000000005425,1.57573966152606,-0.8652844951513666,9.97596100734532,867.0698663675089,-9335.29102612427,6000.662879802186,935.7062806035577,-8916.163131645768,5811.420583321568,76.5968154738333,-1.3330544435215779,15.186951506567658
2854.100000000541,1.560111802413215,-1.0769214717481914,11.08571596911412,897.6730172901256,-9332.884068698315,5999.401691064486,965.1464273849991,-8909.527630593244,5809.461367383484,76.59698199185311,-1.332308663205805,15.814165633453575
2854.2000000005396,1.5762073098301088,-1.1962858538718846,12.193639668955027,928.221054753227,-9329.965548423896,5998.055693547661,994.5116723449878,-8902.571480360757,5807.502816723195,76.59714841816816,-1.3315633657337445,16.44131142025364
2854.300000000538,1.5886879034155232,-1.3757198831255837,13.264646108441184,958.6924181387207,-9326.493740523387,5996.629312622032,1023.7984847871223,-8895.295549868228,5805.544930938748,76.59731475547018,-1.3308185744332095,17.06838883258147
2854.4000000005367,1.6187251142349994,-1.5353245479733604,14.333470096518898,989.0933606377096,-9322.50576893583,5995.1081199429545,1053.0033445795939,-8887.700746307142,5803.587709596392,76.59748104388298,-1.330074297388569,17.695397903440988
2854.5000000005352,1.6383108857894724,-1.781602477385697,15.380529972428421,1019.4024917944039,-9317.963790307218,5993.486757670677,1082.122742572967,-8879.788015006217,5801.631152264652,76.59764726446274,-1.3293305512567206,18.322338621967578
2854.600000000534,1.673020552692567,-2.021638140302231,16.441188816184543,1049.6216528782907,-9312.909160476605,5991.748358546922,1111.153181017073,-8871.558339296178,5799.675258487067,76.59781339595114,-1.3285873366473118,18.949211063560476
2854.7000000005323,1.6335776975508411,-2.2028700205263623,17.481379934840877,1079.7271377448662,-9307.26786788656,5989.878172487506,1140.0911739782034,-8863.012740369402,5797.7200277935535,76.59797948171406,-1.327844681703021,19.576015188347213
2854.800000000531,1.563395839792585,-2.3729790202225285,18.538510573113513,1109.662993053493,-9300.980015267016,5987.894345246208,1168.933247752666,-8854.15227713319,5795.765459692455,76.59814550492099,-1.3271025982657034,20.202751020867666
2854.9000000005294,1.5465810859564506,-2.5666634113390008,19.655185127987664,1139.4366083273394,-9294.128126917169,5985.831157128623,1197.6759412778285,-8844.978046061484,5793.811553688705,76.59831147822521,-1.3263610989987675,20.829418599492712
2855.000000000528,1.5614583051894235,-2.6662977822826486,20.767255730710648,1169.0851732875142,-9286.775542796173,5983.687997938532,1226.3158065386958,-8835.491181040006,5791.85830925999,76.59847741067584,-1.325620189716441,21.456017982033682
2855.1000000005265,1.5728491134968643,-2.8253701181444835,21.84185685183484,1198.581956499607,-9278.883196503939,5981.470673652167,1254.8494089827561,-8825.692853203416,5789.905725880587,76.59864327403531,-1.3248798883837036,22.08254918760615
2855.200000000525,1.6018395910663727,-2.963466183058711,22.9156634650141,1227.9321112548946,-9270.489353928646,5979.164840278834,1283.2733279215627,-8815.58427078049,5787.953802996389,76.5988091149833,-1.3241402201817452,22.709012213036473
2855.3000000005236,1.6204120898645384,-3.187971211444332,23.96887299564337,1257.1084872699685,-9261.559262571196,5976.766479295653,1311.5841569286638,-8805.166678920756,5786.002540049878,76.59897490520983,-1.3234011798327618,23.335407168585387
2855.400000000522,1.6541546577884327,-3.4049770815691347,25.03558037400994,1286.1186426050765,-9252.13368494601,5974.258486960325,1339.7785042491225,-8794.441359525792,5784.051936459697,76.59914065571513,-1.322662792148725,23.9617340693762
2855.5000000005207,1.6138708553641181,-3.5616218111121722,26.080348423953218,1314.9272940396236,-9242.142128060088,5971.627929953001,1367.8529931921673,-8783.409631073391,5782.101991635401,76.5993063910941,-1.3219250655491606,24.587992977054217
2855.6000000005192,1.5428501960120447,-3.7066087364420928,27.142443601170353,1343.4703931245208,-9231.533304792967,5968.8955916162795,1395.8042625319913,-8772.07284843606,5780.152704971784,76.59947208864367,-1.3211880193475292,25.214183931468913
2855.700000000518,1.5251269931003237,-3.8740323910070757,28.266151156430215,1371.7689126323953,-9220.388758892574,5966.094864853076,1423.628966903461,-8760.432402699647,5778.204075840936,76.5996377882559,-1.3204516677496296,25.840306986678637
2855.8000000005163,1.5390813451974492,-3.9459706329324304,29.383583599148913,1399.8693382671022,-9208.766116650882,5963.223539153785,1451.3237771918589,-8748.489720971418,5776.25610360699,76.59980345845715,-1.3197160210680678,26.466362218042928
2855.900000000515,1.5496118168035364,-4.077573341660657,30.46419367111683,1427.7393091558802,-9196.63030762067,5960.2890199325775,1478.8853809247735,-8736.246266190252,5774.308787614784,76.59996910512096,-1.3189810894354814,27.092349710040576
2856.0000000005134,1.5777765543069935,-4.187163613696209,31.543120910902548,1455.389260031189,-9184.01847377474,5957.276491108436,1506.310482655845,-8723.703536930198,5772.362127201202,76.60013474569651,-1.3182468888487755,27.718269525085134
2856.100000000512,1.5955689445054526,-4.383088605704813,32.59614393113946,1482.7994404592637,-9170.89193211357,5954.182367929012,1533.5958043520227,-8710.863067199134,5770.416121680424,76.60030037842668,-1.3175134336994239,28.344121732348505
2856.2000000005105,1.6285386990556319,-4.5699849713477505,33.66068099860448,1509.9851988403,-9157.288233716941,5950.988674564523,1560.7380857782805,-8697.726426235247,5768.470770356405,76.60046601921071,-1.3167807452480573,28.96990638390614
2856.300000000509,1.5873720729135117,-4.696107425036654,34.707605727304134,1536.88534387743,-9143.152058500422,5947.68612460869,1587.7340848755007,-8684.295218298206,5766.5260725149365,76.60063167338983,-1.3160488297496569,29.595623588359448
2856.4000000005076,1.5155070939391433,-4.809667756483476,35.77315961940902,1563.429470646351,-9128.442102536646,5944.2985272470805,1614.5805781410154,-8670.571082452801,5764.582027428183,76.60079733328587,-1.3153176919566663,30.22127347430626
2856.500000000506,1.4971582026004036,-4.943277442535873,36.90205121485704,1589.6518105393332,-9113.236719422324,5940.857772192658,1641.2743610015048,-8656.555692354965,5762.638634353549,76.60096300176242,-1.3145873567766724,30.846856081271092
2856.6000000005047,1.510473428849174,-4.980544349578936,38.021903495960835,1615.6070536861346,-9097.586279051337,5937.359564994613,1667.812248181318,-8642.25075603429,5760.695892538217,76.60112867431161,-1.3138578307575812,31.472371537685554
2856.700000000503,1.520379039297231,-5.078432891308878,39.106122274740656,1641.2579930277095,-9081.460698125242,5933.813038346315,1694.1910740744686,-8627.658015666026,5758.75380121007,76.601294356853,-1.313129123694922,32.09781995354303
2856.8000000005018,1.5479287966649637,-5.153392042912793,40.18768498651518,1666.6200531125446,-9064.895106234626,5930.202566506184,1720.4076931165014,-8612.779247343913,5756.812359583363,76.60146007297953,-1.3124012590511975,32.72320139829112
2856.9000000005003,1.565111720570604,-5.3153436302204105,41.24557077174307,1691.667641174962,-9047.853894958223,5926.525971450368,1746.4589801450254,-8597.616260845049,5754.87156685532,76.60162581849495,-1.3116742376298713,33.34851601990598
2857.000000000499,1.5974989227538474,-5.466904367300417,42.317156652342796,1716.416912364239,-9030.375508446896,5922.764795929751,1772.3418307611612,-8582.17089939763,5752.931422217489,76.60179158639026,-1.3109480793593538,33.97376391328046
2857.1000000004974,1.5555647425903198,-5.557641672675383,43.36958021339795,1740.7977658297186,-9012.414531202072,5918.912816783354,1798.053161686501,-8566.445039442246,5750.991924843246,76.60195739648165,-1.3102227992277804,34.59894517660212
2857.200000000496,1.4829836543889767,-5.634793641152731,44.438371095847806,1764.7398035471074,-8993.936078034798,5914.9964277001445,1823.5899111192612,-8550.440590388127,5749.053073886669,76.60212322779253,-1.3094984091387052,35.22405994069376
2857.3000000004945,1.4641816323856824,-5.729325556962126,45.5716157897922,1788.2899049709997,-8975.013465247044,5911.045423294768,1848.9490390873111,-8534.159494367736,5747.114868492749,76.60228911931958,-1.308774919458533,35.849108338149115
2857.400000000493,1.5399934027021422,-5.87704136353142,46.715479341649825,1811.5367330343815,-8955.715969192954,5907.050883329094,1874.1275277976736,-8517.603725980649,5745.177307789449,76.60245504049526,-1.3080523337271852,36.474090532320616
2857.5000000004916,1.6562123772641542,-6.094005512863579,47.80369446940655,1834.5333369578036,-8936.082027321505,5902.977660760367,1899.1223819870784,-8500.775292042525,5743.240390899047,76.60262099727197,-1.3073306819089943,37.09900658668176
2857.60000000049,1.7258060526929808,-6.3615566472739635,48.83039063303962,1857.2018102750317,-8916.070463002088,5898.78465909521,1923.9306292617027,-8483.676231330652,5741.304116915444,76.60278700950099,-1.3066099688611723,37.72385666854614
2857.7000000004887,1.7101275286915891,-6.661066634594203,49.856359938255395,1879.4411995080707,-8895.629910819838,5894.435639527703,1948.5493204387649,-8466.308614317797,5739.368484932534,76.60295309698867,-1.3058901973244543,38.34864096131487
2857.800000000487,1.655054849018458,-6.981636958422581,50.913777662012016,1901.1827960574449,-8874.730908887033,5889.929237976408,1972.9755298845512,-8448.674542906936,5737.433494026044,76.60311923835097,-1.305171388312991,38.97335956531065
2857.9000000004858,1.6472099272737355,-7.356753945416296,52.02275623192473,1922.489831449359,-8853.423764581663,5885.295758093307,1997.2063558480409,-8430.776150169258,5735.499143252403,76.60328544062696,-1.3044535593119315,39.5980126170718
2858.0000000004843,1.6710940883607632,-7.645797928730519,53.14411118617259,1943.4224293503682,-8831.752691051452,5880.5340722980145,2021.2389207926128,-8412.615600068024,5733.565431664628,76.60345171340165,-1.303736713423622,40.22260029650043
2858.100000000483,1.626311863481731,-7.843289439995228,54.23016178814004,1963.9031615637186,-8809.680016696864,5875.637146452981,2045.070371723708,-8394.195087186654,5731.632358294165,76.60361804725082,-1.3030208722376104,40.847122727902935
2858.2000000004814,1.5247548997242455,-7.948149211098489,54.91760790785767,1983.8516679986192,-8787.170411030438,5870.6268573138095,2068.6978805143403,-8375.516836449255,5729.699922165648,76.6037844507272,-1.302306041626716,41.47158008727603
2858.30000000048,1.3809885796184893,-8.04223976896728,54.320657203069985,2003.3164215207444,-8764.257545124683,5865.559510582469,2092.1186442298094,-8356.583102834831,5727.768122278726,76.6039509159248,-1.3015922270773919,42.09597257314624
2858.4000000004785,1.2097414029624294,-8.329038151285625,53.006106275472995,2022.4276423038498,-8741.030321594752,5860.490500454522,2115.3298854421237,-8337.396171098184,5725.836957639867,76.60411747850706,-1.3008794525300895,42.7203002969553
2858.500000000477,1.0282165241927368,-8.724294986054364,51.993141224143486,2041.3135798987653,-8717.57919803189,5855.444781848654,2138.3288525449093,-8317.95835548012,5723.906427221471,76.6042841206135,-1.3001677230719786,43.344563458558
2858.6000000004756,0.8448427416999725,-9.14144522354896,51.331311771123694,2060.0634770091015,-8693.96529649968,5850.424925744838,2161.1128200667285,-8298.271999414608,5721.976529994804,76.60445084678602,-1.2994570476558704,43.96876224189354
2858.700000000474,0.6623402984375235,-9.537821865422176,50.92706538924677,2078.734762719389,-8670.231020662442,5845.427062564132,2183.6790889795598,-8278.339475236895,5720.047264917505,76.60461766252399,-1.2987474467234352,44.5928967913
2858.8000000004727,0.4809924027566707,-9.897581153867078,50.70401810806066,2097.365620181029,-8646.409097822709,5840.446512004236,2206.0249870050375,-8258.163183882198,5718.118630932454,76.6047845807426,-1.298038920955948,45.21696733112888
2858.900000000471,0.35860614351997583,-10.259938724917214,50.709290685510226,2115.9909769358915,-8622.527823318876,5835.463108629737,2228.1478689121577,-8237.745554589652,5716.1906269711735,76.60495158841401,-1.2973314965119094,45.84097398440466
2859.0000000004698,0.35435875419689145,-10.571790972927657,50.81984189470784,2134.65055943302,-8598.615977122363,5830.379564580148,2250.0451168182435,-8217.089044600256,5714.263251949293,76.60511871747023,-1.2966251754919544,46.46491698407451
2859.1000000004683,0.39040218286720463,-10.800338620309711,50.80399727033416,2153.364706816736,-8574.688029528677,5825.121334947262,2271.7141404822682,-8196.19613884181,5712.336504773355,76.60528594494512,-1.2959199668476034,47.08879652141142
2859.200000000467,0.3547184704087027,-11.010230128344151,50.70053776188281,2172.1117278168135,-8550.734088807569,5819.765288901258,2293.1523775966352,-8175.069349626546,5710.410384334007,76.60545326780198,-1.2952158779233658,47.71261281976647
2859.3000000004654,0.29328415144491893,-11.24433753911907,50.699111544837585,2190.8656847448565,-8526.754358943796,5814.381355395046,2314.3572940723,-8153.7112163353295,5708.484889517355,76.60562071145148,-1.2945129233974537,48.33636605564575
2859.400000000464,0.3056451501784589,-11.47468447174058,50.814090020118584,2209.647335565489,-8502.763280259947,5808.891445290667,2335.3263843250134,-8132.124305106179,5706.560019191337,76.60578826532624,-1.2938111246727055,48.96005639406462
2859.5000000004625,0.34927674817825055,-11.270828216852648,50.947152711668714,2228.475996606793,-8478.75586217653,5803.234555618814,2356.0571715559327,-8110.311208512196,5704.635772212536,76.60595592883891,-1.2931104859536526,49.58368406084616
2859.600000000461,0.3857337639696942,-9.612753559339662,51.69578717152325,2247.3214319002946,-8454.715700324114,5797.536825045267,2376.547208030243,-8088.27454524145,5702.712147422773,76.60612371054756,-1.292411012967848,50.2072492974081
2859.7000000004596,0.5046415888327394,-7.179832669146708,52.94683152843003,2266.163502848828,-8430.614254969945,5791.870432072216,2396.7940753421676,-8066.016959775891,5700.78914365933,76.60629161959736,-1.2917127129409096,50.830752319862476
2859.800000000458,0.639949302061465,-5.800466592671571,53.85051823815235,2284.9767043520555,-8406.39256850795,5786.303182666013,2416.7953846910996,-8043.541122063296,5698.866759744725,76.6064596427608,-1.2910156079850685,51.4541933065778
2859.9000000004567,0.7776614368271032,-5.629574962127971,54.24376579331856,2303.708667092556,-8382.00189564148,5780.896466266287,2436.5487771480657,-8020.849727187236,5696.9449944878525,76.60662781151134,-1.2903197084592974,52.077572471005226
2860.000000000455,0.9288577846097618,-4.874089305468564,55.38255223462077,2322.3246459591874,-8357.431774807592,5775.620756987447,2456.0519239114556,-7997.945495041412,5695.023846683979,76.60679612370744,-1.289625016451735,52.70089007773198
2860.1000000004537,1.006953871432301,-4.125554819396819,56.70877782305826,2340.7289385754893,-8332.613405456177,5770.519976545591,2475.302526568204,-7974.831169988629,5693.1033151226975,76.60696456468732,-1.288931546070808,53.3241463262796
2860.2000000004523,0.9921940838772435,-3.5487944496378607,57.914518674073605,2358.796201175696,-8307.484128777314,5765.654922167677,2494.298317353433,-7951.50952052419,5691.183398583376,76.60713314377558,-1.2882393047035021,53.947341473469706
2860.300000000451,0.9131347614235545,-3.26656407897939,58.62627486643114,2376.445612571538,-8282.01513593571,5761.0850723316735,2513.037059393624,-7927.983338938446,5689.264095826086,76.60730185933606,-1.287548310173961,54.570475701532146
2860.4000000004494,0.7868286344340016,-3.7934886730564426,58.195377009503936,2393.7278538955893,-8256.246094532182,5756.813691289187,2531.5165469578396,-7904.255440981295,5687.345405608625,76.60747071970295,-1.2868585713453649,55.193549272185315
2860.500000000448,0.6246111406870339,-4.8612973159769295,57.28484323777272,2410.757853757861,-8230.25973843232,5752.80036058276,2549.7346056987985,-7880.328665506852,5685.4273266694845,76.60763975503355,-1.2861700881130225,55.81656244682094
2860.6000000004465,0.4484685264186003,-5.798544533766561,56.71571886286388,2427.6522534490086,-8204.133898404947,5748.976078691974,2567.6890928901453,-7856.205874134548,5683.509857744891,76.60780890826152,-1.2854828726998229,56.439515469686214
2860.700000000445,0.32857618471258465,-6.645615472311688,56.50228586713608,2444.496866698825,-8177.919195475791,5745.26438469185,2585.3778976633325,-7831.88995090187,5681.592997554034,76.60797823709535,-1.284796941920688,57.06240855316891
2860.8000000004436,0.32548867751618626,-6.9273297047684315,56.592318065882935,2461.3510408477023,-8151.650766107042,5741.540178246894,2602.798941239324,-7807.383801906932,5679.676744808158,76.60814770825958,-1.284112297596223,57.68524197659608
2860.900000000442,0.428561667993811,-5.493395013894481,57.32091137965182,2478.2343481236458,-8125.334022908778,5737.752818744713,2619.950177155813,-7782.690354957318,5677.761098213965,76.60831732488818,-1.2834289502188325,58.308015987576475
2861.0000000004407,0.59914365760835,-3.333986362308671,58.5832001624407,2495.1273022423543,-8098.93295610158,5733.979361540526,2636.8295914910545,-7757.812559220082,5675.846056455445,76.6084871217149,-1.282746917261165,58.930730812755314
2861.100000000439,0.7592601954915861,-2.182921332129308,59.50525245722552,2511.959837025643,-8072.392225363448,5730.324533467761,2653.43520307929,-7732.75338485934,5673.931618215457,76.60865707676636,-1.2820661965822095,59.553386744803596
2861.2000000004377,0.8338015373063442,-2.5470826778348297,59.2353457058552,2528.6523181857942,-8045.676188230568,5726.833966105896,2669.7650637343745,-7707.515822675294,5672.017782170043,76.60882718682365,-1.2813868131992925,60.175983990429614
2861.3000000004363,0.8126124354892341,-3.734149079153423,58.072477010188805,2545.1793878884655,-8018.798462783617,5723.49038131603,2685.817258456519,-7682.102883745648,5670.104546969131,76.60899747829396,-1.2807087646434971,60.798522851182554
2861.400000000435,0.766978272015346,-4.91316102111984,57.07578927858136,2561.581841322524,-7991.801924234626,5720.25010226174,2701.5899056369167,-7656.517599063396,5668.191911272869,76.60916793673968,-1.2800320579057163,61.42100360876636
2861.5000000004334,0.7168948244810618,-4.545422328756537,57.56740720868106,2577.9073913809357,-7964.725455248968,5717.059559217087,2717.081157264093,-7630.763019169713,5666.279873713017,76.60933858418618,-1.279356705982033,62.04342650953597
2861.600000000432,0.6577283667306161,-2.9548657960157225,59.111274338106384,2594.0885249391104,-7937.547978907433,5714.014582850433,2732.2891991241086,-7604.842213782841,5664.368432931555,76.60950941143783,-1.2786827180164084,62.665791828473104
2861.7000000004305,0.6796048552343481,-1.165181668791597,60.8003600390498,2610.1056900916096,-7910.239721978594,5711.173051862303,2747.212250994099,-7578.758271431599,5662.457587546617,76.60968041648826,-1.278010099483783,63.28809984695723
2861.800000000429,0.7311981999922407,-0.1834351606574557,61.78528251730342,2625.9484902221957,-7882.766268119972,5708.55006427508,2761.8485668339604,-7552.514299084658,5660.547336168391,76.60985158641004,-1.2773388616151056,63.91035083627701
2861.9000000004276,0.7778781272717622,-0.09134889988258968,62.15759122416096,2641.5756330053814,-7855.122617888263,5706.175783673894,2776.196434973881,-7526.113421777549,5658.637677405927,76.61002296703283,-1.2766690033492003,64.53254511764175
2862.000000000426,0.9144127237991844,0.6535523189758605,63.359388590878744,2656.9917117246778,-7827.327451627364,5704.001703483287,2790.2541782925364,-7499.558782235962,5656.728609854651,76.61019451769255,-1.276000537836298,65.15468294378691
2862.1000000004246,1.0686068588267528,1.1243018388072465,64.37162339161341,2672.210411071743,-7799.359421949006,5701.965603841022,2804.0201544053534,-7472.853540499685,5654.820132096363,76.61036626634325,-1.2753334797711569,65.77676458811418
2862.200000000423,1.1499008920073888,0.7484326669884895,64.01767699132844,2687.184781387037,-7771.200833510473,5700.046465801603,2817.4927558309773,-7446.000873544622,5652.912242711726,76.61053820842515,-1.2746678312750912,66.39879034545942
2862.3000000004217,1.1406644532222388,0.2258919291613516,63.29273991451512,2701.888159644656,-7742.871879317046,5698.222253098816,2830.6704101674477,-7419.003974905553,5651.0049402711875,76.6107103249892,-1.2740036096205918,67.02076048250363
2862.4000000004203,1.068767137921751,0.5469159703972025,64.31814811687047,2716.252029033685,-7714.381913594705,5696.522536664558,2843.551580256938,-7391.866054293908,5649.0982233361065,76.61088265351721,-1.2733408182859227,67.64267529880081
2862.500000000419,0.9859994781724286,1.4302298042369428,66.28025196237596,2730.226904338304,-7685.720832559961,5695.000542712623,2856.134764347867,-7364.590337212065,5647.192090457627,76.61105518931687,-1.2726794553202012,68.26453514160995
2862.6000000004174,0.9018202953994935,1.9970006555500956,67.41876025052082,2743.8204530322796,-7656.8762543239845,5693.691110003802,2868.418496250395,-7337.180064566382,5645.286540181214,76.61122792236118,-1.272019528543911,68.88634029241766
2862.700000000416,0.7681130386181694,1.5513654571954076,67.07551475042602,2757.0369434184763,-7627.847959620078,5692.646422295308,2880.4013454956817,-7309.638492287892,5643.381571039841,76.6114008602586,-1.2713610623534217,69.50809100092253
2862.8000000004145,0.5993923695529028,0.5423010752200568,66.25111755142892,2769.985196233117,-7598.691490431997,5691.837874223578,2892.081917479749,-7281.968890943929,5641.477181567619,76.61157400576764,-1.270704051375179,70.12978760011907
2862.900000000413,0.48140280144812325,-0.35430835056775045,65.84547341970341,2782.7980743906915,-7569.454854609439,5691.185217238266,2903.4588536135043,-7254.174545346859,5639.573370278219,76.61174733913566,-1.2700485019125034,70.75143042089783
2863.0000000004115,0.4028862558731024,-1.3007700513381348,65.43438834494553,2795.5658712769214,-7540.158416372683,5690.574163025612,2914.530831462463,-7226.258754162905,5637.670135692126,76.61192090911453,-1.2693944240831085,71.37301974117226
2863.10000000041,0.2608758369638815,-2.5196632010379907,64.96653700732695,2808.307640300218,-7510.829329964502,5689.986733241907,2925.2965648813934,-7198.224829525536,5635.767476311657,76.61209466447983,-1.2687418229486156,71.9945558882873
2863.2000000004086,0.1509146839527898,-3.541904377229853,64.89468153986537,2821.0547473840757,-7481.49089780631,5689.365108094731,2935.7548041509185,-7170.07609663949,5633.865390635723,76.61226866083808,-1.268090703962718,72.61603917807759
2863.300000000407,0.07856974168853027,-4.557526535274334,64.83245907493077,2833.8306952672197,-7452.146746507375,5688.5862713941815,2945.9043361016024,-7141.815893386926,5631.963877156421,76.61244286411676,-1.267441071953557,73.23746992993615
2863.4000000004057,0.0039574155356432725,-5.421758478478182,64.92836054327101,2846.6345263267513,-7422.809252470041,5687.644156945306,2955.743984241846,-7113.447569936075,5630.062934359038,76.6126172749204,-1.2667929464658716,73.85884840791606
2863.5000000004043,0.028084869217592547,-6.151190082137482,65.14016759834875,2859.4664926364585,-7393.467865535551,5686.435495289612,2965.2726088777013,-7084.974488347583,5628.162560719774,76.61279192630258,-1.2661463216253896,74.48017498668766
2863.600000000403,0.08768473183657806,-6.735191423257192,65.17374738428717,2872.3282853780725,-7364.111965527774,5684.8751056162655,2974.4891072245177,-7056.400022171257,5626.2627547057455,76.61296679171565,-1.265501207784049,75.10144995895165
2863.7000000004014,0.05250363037245245,-7.326090258238565,65.11489801761863,2885.219863458917,-7334.760379978157,5683.032919188854,2983.3924135254247,-7027.727556048018,5624.363514788613,76.61314186481084,-1.2648576126089888,75.7226736525321
2863.8000000004,-0.010793383796295904,-7.954878206029862,65.18874843247058,2898.130855779138,-7305.425786448818,5680.97110100491,2991.981499154185,-6998.960485311805,5622.464839421868,76.61331718948,-1.2642155388495993,76.34384640145726
2863.9000000003984,0.011880384742190636,-8.538920835412846,65.37653353032013,2911.0577053179763,-7276.0961508138535,5678.605996358443,3000.2553727139475,-6970.1022155980745,5620.566727059004,76.61349273187079,-1.2635749828350435,76.96496857113162
2864.000000000397,0.15160924300117892,-8.761385311810143,65.54020203633279,2924.010803884368,-7246.754435120538,5675.838530110475,3008.213080139751,-6941.1561624360265,5618.669176144427,76.61366849608393,-1.262935962709434,77.58604044140768
2864.1000000003955,0.36711755905690546,-8.125998017352028,65.79066308378852,2937.028848948034,-7217.394327584724,5672.664402006823,3015.8537047960513,-6912.1257508449735,5616.77218511687,76.61384449691245,-1.2622984877729495,78.20706232840077
2864.200000000394,0.5488710218934847,-6.29110948143073,66.56630737456442,2950.1062255236293,-7188.016455045059,5669.251109587294,3023.176367561423,-6883.014414934785,5614.8757524127905,76.61402072692869,-1.2616625524869136,78.82803460751178
2864.3000000003926,0.6872420425883614,-3.9308446319976893,68.11227626645055,2963.142805118448,-7158.590682014731,5665.847963613072,3030.1802269160785,-6853.82559750619,5612.979876460701,76.61419717124987,-1.261028169700204,79.44895758244843
2864.400000000391,0.8710759188808501,-2.340811094884684,69.62208330129891,2976.0612123934907,-7129.06950092108,5662.538885582096,3036.8644790252065,-6824.562749645244,5611.0845556800305,76.61437386523332,-1.260395345589605,80.06983159100886
2864.5000000003897,1.033911497128601,-1.4315187391258184,70.88980929958207,2988.746851558887,-7099.418770125663,5659.37158870664,3043.2283578109373,-6795.229330314535,5609.189788490206,76.61455078715802,-1.2597640718771623,80.69065701627294
2864.6000000003883,1.1022068197123163,-0.8773139434218566,72.0084859589164,3001.0433252485227,-7069.616471762024,5656.38839898693,3049.2711350289624,-6765.828805954634,5607.295573302707,76.61472793740279,-1.2591343702406272,81.31143413973167
2864.700000000387,1.1400865060596235,-0.5638353543585936,73.10327129393063,3012.8563306896863,-7039.639091546531,5653.609578272143,3054.992120335233,-6736.364650077956,5605.401908524472,76.614905342102,-1.2585062312290873,81.93216335459171
2864.8000000003854,1.2580862826688244,-0.4087028535513475,74.23682715713913,3024.2334857171786,-7009.499053912254,5650.978482215917,3060.39066134931,-6706.8403428563515,5603.5087925556245,76.6150829898648,-1.2578796692949619,82.55284496953172
2864.900000000384,1.4041615279141548,-0.37660312412760205,75.38267159763714,3035.216798908571,-6979.212563780666,5648.419971671695,3065.466143714913,-6677.259370724016,5601.616223792884,76.61526087789011,-1.2572546852443087,83.17347933704234
2865.0000000003824,1.4829315754556276,-0.4529118921614563,76.52707778969068,3045.7213029787963,-6948.754512989927,5645.896951802731,3070.217991154,-6647.625225966572,5599.72420063524,76.6154389888912,-1.2566312831909956,83.79406681170641
2865.100000000381,1.468350363236515,-0.5768563638827399,77.67044934941511,3055.6305612486813,-6918.120576371994,5643.388906763497,3074.6456655228835,-6617.9414063102695,5597.83272146692,76.61561736875886,-1.2560094798410664,84.41460768884924
2865.2000000003795,1.4153611145251204,-0.7059872279134519,78.79588930144645,3064.868330310579,-6887.314642575361,5640.907506983087,3078.748666852059,-6588.211414518914,5595.941784673289,76.6157959949138,-1.2553892626311487,85.03510238310272
2865.300000000378,1.4205607280453856,-0.8649313393499821,79.93195816277833,3073.507859970453,-6856.352218448923,5638.464230073282,3082.5265333911016,-6558.438757984786,5594.051388632897,76.61597485338554,-1.2547706431707744,85.65555121544485
2865.4000000003766,1.4572503265191585,-0.9448673999671037,81.05450773180846,3081.6148185251327,-6825.245623142533,5636.036311355755,3085.978841647256,-6528.626948321857,5592.161531718618,76.61615395979948,-1.2541536197472374,86.27595456345486
2865.500000000375,1.4870558480898464,-1.1156693492039107,82.16436740907048,3089.1447816118907,-6794.002678095109,5633.6215328881235,3089.1052064158403,-6498.7795009566935,5590.272212306732,76.61633331280476,-1.2535381954786233,86.89631278038993
2865.6000000003737,1.5322973204701191,-1.2689258291516343,83.28455905638987,3096.1317130946154,-6762.635072866761,5631.189040584165,3091.905280812395,-6468.899934720776,5588.383428762165,76.61651290443714,-1.2529243806971893,87.51662619389312
2865.7000000003723,1.566251795806901,-1.5303178413834682,84.39652372707089,3102.5327779395184,-6731.153251820227,5628.727251088188,3094.378756298014,-6438.991771438595,5586.495179453248,76.6166927531597,-1.252312178655811,88.13689516272868
2865.800000000371,1.6136122746687103,-1.7827819460156287,85.52259977313682,3108.3847803931762,-6699.568068363963,5626.205505998335,3096.5253626984336,-6409.058535522086,5584.6074627415,76.61687285964801,-1.2517015891947763,88.75712005601818
2865.9000000003693,1.5769360096038774,-2.0019577413904788,86.627006684337,3113.6092376271927,-6667.894707132799,5623.6060686042665,3098.3448682201424,-6379.103753562791,5582.720276980493,76.61705321705483,-1.251092615637631,89.37730123316648
2866.000000000368,1.5103490199097362,-2.2008044989270847,87.71385888629071,3118.1317874478495,-6636.15030927888,5620.9471758571835,3099.8370794624507,-6349.130953922461,5580.833620524932,76.61723382047099,-1.250485259320058,89.99743905932253
2866.1000000003664,1.5079130175728641,-2.407789693072366,88.82262895337793,3122.0302049377296,-6604.339960439906,5618.256580359972,3101.0018414249535,-6319.143666325692,5578.947491731793,76.6174146623662,-1.2498795244854224,90.61753389077424
2866.200000000365,1.5370540512346746,-2.5294011890236705,89.92745805568437,3125.3745603146344,-6572.467582914832,5615.523596112004,3101.8390375136146,-6289.145421446524,5577.0618889478355,76.61759576328784,-1.2492754253345935,91.23758604311443
2866.3000000003635,1.5600872399657446,-2.735233938433743,91.01056177904304,3128.1221817938285,-6540.5482925466595,5612.747210715956,3102.3485895372514,-6259.139750502291,5575.176810519818,76.6177771254062,-1.2486729519937012,91.85759592855479
2866.400000000362,1.5989985669578513,-2.9195880504547684,92.10377410643122,3130.3105119260294,-6508.588813003092,5609.903846762628,3102.530457701629,-6229.130184846496,5573.292254792225,76.61795874337969,-1.2480721103422845,92.47756389810023
2866.5000000003606,1.6267397824774659,-3.206321370457299,93.18257875098234,3131.8997326586796,-6476.606211774454,5606.983220152733,3102.384640600933,-6199.12025556344,5571.408220105004,76.61814061372802,-1.2474729011738779,93.09749032153057
2866.600000000359,1.6688184864534177,-3.440519044436029,93.8428087806557,3132.9429566854847,-6444.5974561256335,5603.961633002731,3101.9111752017066,-6169.113493058876,5569.524704798099,76.61832272941575,-1.2468753203015421,93.71737559265749
2866.7000000003577,1.6268614078587063,-3.5864628562246863,93.96392254736742,3133.422702171986,-6412.585170815678,5600.826094259879,3101.1101368274635,-6139.1134266503395,5567.64170721032,76.61850511135049,-1.2462793834751495,94.33722002301937
2866.8000000003562,1.5552167029272879,-3.800472916599282,95.2093155462047,3133.2743484808066,-6380.610918116983,5597.596023711062,3099.981639134091,-6109.123584159717,5565.75922567707,76.61868776207749,-1.2456850826835306,94.95702401905857
2866.900000000355,1.4754715491041213,-3.900175088607868,96.18583718509608,3132.5320782615127,-6348.653233502768,5594.299663659472,3098.525834082538,-6079.147491514055,5563.877258531481,76.61887065291921,-1.2450924238899506,95.57678792895132
2867.0000000003533,1.3973149554455855,-4.007886902003566,96.46567241041451,3131.1957603854667,-6316.73418262571,5590.985510327367,3096.7429119114263,-6049.188672332582,5561.995804105551,76.6190537963222,-1.2445014102524772,96.19651212129637
2867.100000000352,1.4057836055787087,-3.957712476242024,97.84977486476774,3129.3386169106175,-6284.8614046665025,5587.679527471063,3094.633101097021,-6019.250647520929,5560.114860736951,76.61923719650875,-1.243912036618656,96.81619698750883
2867.2000000003504,1.4456319760959626,-3.8964959387619427,98.8891483020437,3127.0108074518253,-6252.994496518714,5584.362480718866,3092.19666831694,-5989.336934869204,5558.234426745192,76.6194208694105,-1.2433243084436718,97.43584288928923
2867.300000000349,1.4099130459438656,-4.025565625880928,98.34017081834693,3124.18835363418,-6221.14496544907,5581.030247774023,3089.4339184031483,-5959.451048648638,5556.3545004690795,76.61960479983351,-1.2427382290734978,98.05545017614752
2867.4000000003475,1.3013507141212237,-4.390841887069614,96.6544000303913,3120.924639052477,-6189.326875031558,5577.69386777013,3086.3451942980173,-5929.596499203414,5554.475080230394,76.61978896950484,-1.2421538043105516,98.6750192110607
2867.500000000346,1.1418619444718021,-4.88083794925252,95.16510794289354,3117.3782699048693,-6157.525023830982,5574.3582687846065,3082.9308769994814,-5899.77679254744,5552.596164361132,76.61997340654472,-1.241571026232666,99.29455039560324
2867.6000000003446,0.9657744341873677,-4.884438474831218,95.2403009260087,3113.6603761502633,-6125.725586503357,5571.025714506724,3079.1913855048165,-5869.995429965198,5550.717751184205,76.62015810545525,-1.2409899011791323,99.91404408567766
2867.700000000343,0.8549395028802954,-3.8958383898886075,96.86392109264041,3109.758691891603,-6093.935431888211,5567.7467547818005,3075.127176747721,-5840.255907611384,5548.839839025933,76.6203430445511,-1.2404104187447629,100.5335006885392
2867.8000000003417,0.8673122991315473,-2.343079806136865,99.00213974050529,3105.6356708516028,-6062.140695557982,5564.575644468373,3070.738745536909,-5810.561716104224,5546.962426217177,76.62052825121717,-1.2398325906532537,101.15292055018159
2867.9000000003402,0.9137481225618598,-1.4777380633524282,100.21337087439383,3101.251189804483,-6030.3172263073275,5561.539380938584,3066.026624482516,-5780.916340127503,5545.0855110785815,76.62071372238832,-1.2392564141288265,101.7723040344321
2868.000000000339,0.8795845928702823,-1.8322553884879604,99.86385673097183,3096.5479251446523,-5998.485220123515,5558.67821475952,3060.9913839279475,-5751.323258032524,5543.209091937599,76.62089943181965,-1.2386818997645315,102.39165149237903
2868.1000000003373,0.7715017314042094,-2.972028526730955,98.64151512573125,3091.545547546132,-5966.666442558101,5555.997213546324,3055.6336318697786,-5721.785941438412,5541.333167119414,76.62108541499629,-1.2381090329714224,103.01096334304795
2868.200000000336,0.6122315030478639,-4.143060323774848,97.61673868244493,3086.350981589822,-5934.856657452556,5553.4462287600345,3049.95401387421,-5692.307854832686,5539.457734951481,76.62127163332859,-1.23753782419252,103.63023992873383
2868.3000000003344,0.4366821403322293,-4.607720958220858,97.40897363468999,3081.0647561229766,-5903.038753179877,5550.959873956401,3043.9532129952904,-5662.892455179266,5537.582793760121,76.62145811227902,-1.2369682697323072,104.24948162886164
2868.400000000333,0.2613317837044852,-5.0236495191322454,97.3544420375195,3075.7341850663606,-5871.201849011427,5548.510428976277,3037.631949681899,-5633.543191522604,5535.708341871652,76.62164484097191,-1.2364003674629003,104.8686888353064
2868.5000000003315,0.08698150847059462,-5.46646790147214,97.37481165462209,3070.389393447984,-5839.343298832727,5546.089101480702,3030.990981684143,-5604.263504590471,5533.83437761353,76.62183184701713,-1.2358341158220956,105.4878619205518
2868.60000000033,-0.0864887411913981,-5.407588179847449,97.46970448225554,3065.055623210681,-5807.462295578637,5543.701684677565,3024.031103953082,-5575.056826400153,5531.96089931548,76.62201909911813,-1.2352695211757156,106.10700123327744
2868.7000000003286,-0.19151617678656366,-4.559228081836623,97.60959002051356,3059.75860292002,-5775.562362487685,5541.38864965556,3016.7531485418526,-5545.926579870163,5530.087905307228,76.62220661252952,-1.2347065710267133,106.72610719776858
2868.800000000327,-0.25381402462257,-5.418398540656824,97.91205080077171,3054.4963221460976,-5743.6444144356055,5539.086368344439,3009.157984493989,-5516.876178426124,5528.215393921906,76.62239435891075,-1.234145271473183,107.34518015614624
2868.9000000003257,-0.2938854627406172,-6.376275653921647,98.35922716057016,3049.278480946587,-5711.703797965055,5536.764224065134,3001.2465177404447,-5487.90902560868,5526.343363494918,76.62258237247813,-1.2335856329918524,107.9642204447269
2869.0000000003242,-0.22104254702138518,-6.46378160969243,98.59123080628731,3044.0709017990725,-5679.7288683655215,5534.317942718214,2993.019690977907,-5459.028514692347,5524.471812351448,76.62277063772541,-1.2330276330136438,108.58322851384108
2869.100000000323,-0.04540195847273569,-7.188742111553811,98.89921078725023,3038.838270613523,-5647.707944174251,5531.602773663032,2984.478483553237,-5430.238028291806,5522.600738833711,76.62295913212654,-1.2324712864046916,109.20220468166178
2869.2000000003213,0.196255234837329,-6.3991893001448865,99.07696633671077,3033.596342121311,-5615.6339491234085,5528.591221481449,2975.6239113422994,-5401.540937976517,5520.730141277111,76.6231479032129,-1.2319165902438902,109.821149325138
2869.30000000032,0.45015507369457974,-4.237357820622193,99.73534031405309,3028.3598459762843,-5583.513784944635,5525.44863610181,2966.4570266194355,-5372.940603891363,5518.860018026135,76.62333692417778,-1.2313635345771332,110.44006285219933
2869.4000000003184,0.6275777454501396,-1.9663000313566568,100.90854825580455,3023.0482078763716,-5551.37085886721,5522.388734945521,2956.9789179300283,-5344.440374371853,5516.990367417321,76.62352618218729,-1.2308121283220175,111.05894559112411
2869.500000000317,0.7655405629797337,-0.5338026705967955,102.14891843459591,3017.5273394193246,-5519.242165084991,5519.563742089909,2947.1907099548935,-5316.043585560381,5515.121187799698,76.62371568746643,-1.2302623588807862,111.67779796552281
2869.6000000003155,0.9121241059979134,0.39248140510187524,103.30264810863659,3011.725177014447,-5487.1555335239445,5516.967310186673,2937.0935633679014,-5287.753561022087,5513.2524775166185,76.62390543854266,-1.2297142374378247,112.29662028693386
2869.700000000314,1.0568978293902291,0.9188522565139061,104.46741353869399,3005.5493924643297,-5455.150452018568,5514.614985923803,2926.6886747000644,-5259.573611372233,5511.384234918246,76.62409544423596,-1.2291677578811238,112.91541295267749
2869.8000000003126,1.2149453493001678,1.2322321857805698,105.66553002913729,2998.9833217942787,-5423.236150969465,5512.434313114617,2915.977276186424,-5231.5070339025415,5509.516458354745,76.62428567955862,-1.2286229067876273,113.53417636846658
2869.900000000311,1.294289256784416,1.4020189730772017,106.87264417029215,2991.9272736421754,-5391.443183416739,5510.399286225504,2904.960635620608,-5203.557112198154,5507.649146184227,76.62447616418936,-1.2280796931150244,114.15291087794539
2870.0000000003097,1.3481177375298472,1.3748182120779768,108.11598829117058,2984.298297975194,-5359.795969598692,5508.498814219469,2893.640056195168,-5175.72711576812,5505.78229676367,76.624666909276,-1.227538110215902,114.77161685012139
2870.1000000003082,1.4064875053607138,1.3340175651551442,109.37038187675488,2976.121344486317,-5328.283435660816,5506.679734037474,2882.016876346598,-5148.020299670649,5503.9159084545945,76.62485786319176,-1.226998165665337,115.3902946251355
2870.2000000003068,1.4516397899807283,1.1569438603376334,110.62136832621155,2967.3555478355224,-5296.933765899323,5504.926541544342,2870.0924695957415,-5120.439904146198,5502.049979617382,76.62504906500958,-1.2264598504469175,116.00894459237175
2870.3000000003053,1.5081703747896273,0.9817168580840712,111.87358547770187,2958.033083777481,-5265.742379488701,5503.195141715151,2857.868244377494,-5092.9891542471105,5500.184508626041,76.62524050200904,-1.2259231592636348,116.62756713621664
2870.400000000304,1.5526123816677204,0.6768327967517428,113.10863660952101,2948.1164027301224,-5234.738916214044,5501.4669887410555,2845.3456438720495,-5065.671259473629,5498.319493848905,76.62543218835518,-1.2253880827476697,117.24616264724753
2870.5000000003024,1.6089641179782985,0.3746891420356217,114.35033960131429,2937.645350792305,-5203.924075377133,5499.701838437435,2832.5261458298432,-5038.489413407031,5496.454933663389,76.62562410752693,-1.2248546268354468,117.86473145877939
2870.600000000301,1.5792180565504732,0.0980064618396376,115.55703147677222,2926.5553449766307,-5173.352283153994,5497.87572524314,2819.411262395905,-5011.446793344363,5494.590826444638,76.62581626976983,-1.2243227913820527,118.48327392309598
2870.7000000002995,1.5189103888738102,-0.16052588810397553,116.72534742959036,2914.797451145096,-5143.068194344862,5496.001492417198,2806.002539928844,-4984.546559943009,5492.727170580286,76.62600865966377,-1.2237925670587788,119.10179043097605
2870.800000000298,1.5245159069973973,-0.43670225169816845,117.88920806178227,2902.4490116554084,-5113.036026018683,5494.102956671065,2792.3015588149474,-4957.7918568565765,5490.863964454562,76.62620128271786,-1.2232639537962038,119.72028133457893
2870.9000000002966,1.5617476506893793,-0.6265983784102982,119.04077739780176,2889.5741824090255,-5083.225193746174,5492.164628471688,2778.309933278962,-4931.18581037918,5489.001206463048,76.62639412463216,-1.2227369500468024,120.33874698563285
2871.000000000295,1.5916915477534508,-0.9135008164667782,120.16514473656817,2876.1419542542685,-5053.671125656639,5490.1799920524,2764.0293111929977,-4904.731529088681,5487.138895001328,76.62658718675466,-1.2222115544170573,120.95718774127468
2871.1000000002937,1.6368273112892546,-1.179581059765119,121.29975570096711,2862.189952561056,-5024.360517726578,5488.12087949228,2749.461373880477,-4878.432103498642,5485.277028468392,76.62678047878916,-1.2216877513682372,121.57560400945275
2871.200000000292,1.595302146359774,-1.4081556421456412,122.4115059734388,2847.6619090908966,-4995.352963729997,5485.969280693105,2734.6078359148014,-4852.290605703218,5483.415605273447,76.62697400598393,-1.2211655515845607,122.19399609339612
2871.3000000002908,1.5248477510314251,-1.6130509736830188,123.51093378724761,2832.5103661115027,-4966.716522338494,5483.745279252533,2719.4704449183105,-4826.310089032126,5481.554623824567,76.62716775387878,-1.2206449449377206,122.8123643714493
2871.4000000002893,1.5222903380626516,-1.8229299106403738,124.63470801629795,2816.8046056295566,-4938.410817962252,5481.480828092784,2704.050981352453,-4800.493587702013,5479.694082534367,76.62736171625899,-1.2201259194053642,123.43070924275689
2871.500000000288,1.550853231624628,-1.943582643970415,125.754422557904,2800.599995022003,-4910.387032148025,5479.166414581383,2688.351258307401,-4774.844116469342,5477.833979830224,76.62755590279494,-1.2196084883526879,124.04903098449114
2871.6000000002864,1.5729594115797871,-2.154205251264322,126.85155013490251,2783.8703928033724,-4882.6834340841,5476.8010134481965,2672.3731212912803,-4749.364670294073,5475.974314130429,76.62775031114143,-1.2190926319821849,124.6673300237875
2871.700000000285,1.6110839398395587,-2.3224786434006552,127.51269902562247,2766.6581723439194,-4855.268020106323,5474.361197993624,2656.118448006292,-4724.0582239961295,5474.115083873713,76.62794492514686,-1.2185783543991213,125.28560666904441
2871.8000000002835,1.5631291573974808,-2.416728452207209,126.79127885019862,2748.974865964995,-4828.14256999719,5471.837298614619,2639.589148134752,-4698.927731919646,5472.256287497673,76.62813975568554,-1.2180656430351247,125.90386132163843
2871.900000000282,1.4481697761519743,-2.5185733497912066,125.83349073830236,2730.869241737581,-4801.305607399225,5469.255015025655,2622.787163105882,-4673.9761275976825,5470.397923442173,76.62833479442085,-1.2175545011631073,126.52209428243748
2872.0000000002806,1.3344973563691134,-2.4636328733928785,126.92585869633635,2712.394701422114,-4774.755622930689,5466.6640014179175,2605.714465874334,-4649.206323415874,5468.539990156165,76.62853002198841,-1.217044923847187,127.14030591882425
2872.100000000279,1.313924867149582,-2.155162100460332,129.05819341092698,2693.573774451453,-4748.466544060411,5464.097452834395,2588.3730606850813,-4624.621210287386,5466.682486095411,76.62872547256914,-1.21653690100059,127.7584965890848
2872.2000000002777,1.3278407341373506,-1.942197093513862,130.29432908553284,2674.3927561311702,-4722.409233995048,5461.557530245337,2570.7649828411513,-4600.223657324311,5464.825409724757,76.62892113717078,-1.2160304262194372,128.3766666588162
2872.300000000276,1.257870564556205,-2.1351231918816858,129.7834107001494,2654.8179476223586,-4696.610296976408,5459.06123053524,2552.892298458758,-4576.016511511791,5462.968759503374,76.62911699828305,-1.2155254969826823,128.99481644652082
2872.4000000002748,1.1211622176695157,-2.424094948046682,128.9963504136396,2634.885623128683,-4671.078504523305,5456.636877637258,2534.7571042318045,-4552.002597379883,5461.112533913139,76.62931305572698,-1.2150221182326253,129.61294627461703
2872.5000000002733,0.948840097332782,-2.272464839757173,129.3646586128231,2614.6539104244052,-4645.773885278206,5454.314240914357,2516.36152718103,-4528.184716688618,5459.256731427983,76.6295093228966,-1.2145202697340842,130.23105652775382
2872.600000000272,0.7711112222500602,-3.084247648941713,128.4929433136307,2594.206587250669,-4620.613166893841,5452.085854489804,2497.7077244098605,-4504.5656481089245,5457.4013505400035,76.6297057761731,-1.214019956755167,130.84914752108548
2872.7000000002704,0.5890693658522274,-4.086063884657061,127.61268930350822,2573.642030809301,-4595.517172493758,5449.910670339963,2478.797882851287,-4481.148146911329,5455.546389741299,76.62990242137641,-1.2135211646444282,131.46721961250546
2872.800000000269,0.40667943704483367,-3.429812456737126,128.0203576657646,2553.0011511158373,-4570.462458966589,5447.794463751627,2459.634219011877,-4457.934944646268,5453.691847535321,76.63009925584595,-1.213023899524346,132.08527311304317
2872.9000000002675,0.29586097361768393,-2.226443464163156,128.70334142511362,2532.2811083577676,-4545.449951179467,5445.80936184817,2440.218978711164,-4434.928748839459,5451.837722424389,76.63029629094721,-1.212528141276199,132.7033083949535
2873.000000000266,0.2253553833338112,-2.961431010898023,128.56777090297226,2511.5054838517194,-4520.454119085837,5443.915518786622,2420.554436822347,-4412.132242683372,5449.984012930119,76.63049349491664,-1.2120338951020317,133.32132576797036
2873.1000000002646,0.08536526384271699,-4.315973029347711,128.28925054894913,2490.6956578303166,-4495.456938991154,5442.1077534742535,2400.6428970088864,-4389.548084735475,5448.130717574135,76.63069089508735,-1.211541148759914,133.93932557159982
2873.200000000263,-0.09023844389510353,-3.529350844259602,128.3118713413168,2469.8855549985315,-4470.4572203331045,5440.398253164536,2380.4866914524623,-4367.178908612179,5446.277834883732,76.63088846481311,-1.2110499040916685,134.55730812071246
2873.3000000002617,-0.1997717579255894,-2.0093997538696873,128.31544534502788,2449.0956993237255,-4445.431759050635,5438.831408123499,2360.088180582838,-4345.027322691722,5444.425363399834,76.63108622677781,-1.2105601464548148,135.17527376318358
2873.40000000026,-0.2693854045509048,-1.92164533007045,128.3489652322207,2428.330780156604,-4420.361679649737,5437.3847103477365,2339.4497528037455,-4323.095909819792,5442.573301659957,76.63128415374459,-1.21007187403193,135.7932228213701
2873.5000000002588,-0.31744505669645756,-1.0810867548786316,128.21947417235134,2407.6209035997485,-4395.214039258064,5436.122939455346,2318.573824217863,-4301.387227017227,5440.721648227734,76.63148226313848,-1.209585081572525,136.41115560217492
2873.6000000002573,-0.25867879051453313,-1.7108505760265382,128.55296108619333,2386.9309620450176,-4369.9842677605675,5434.9458888527515,2297.4628383420827,-4279.9038051868265,5438.870401657713,76.63168052763909,-1.2090997618288957,137.02907244226148
2873.700000000256,-0.10517910653584983,-3.3290161117313097,129.06394000008288,2366.1988180559633,-4344.696235411604,5433.647733974576,2276.119265827091,-4258.648148828735,5437.019560518068,76.63187895892732,-1.2086159087029202,137.64697364980887
2873.8000000002544,0.11443747701394959,-2.6155288540248294,129.1955164955171,2345.4208074475814,-4319.361575624554,5432.163327824163,2254.5456041706566,-4237.622735756416,5435.169123389465,76.63207755288926,-1.208133509991589,138.26485957802342
2873.900000000253,0.3587597352221411,-0.3068473195276309,129.69411878598314,2324.6131756571363,-4293.987283831248,5430.632230802098,2232.7443774239628,-4216.830016814624,5433.319088855973,76.6322763232012,-1.2076525595469865,138.88273052991124
2874.0000000002515,0.6047251402154155,1.7198467579102494,130.68270711046867,2303.7378948119285,-4268.630913636401,5429.2325274257455,2210.718135899757,-4196.272415600295,5431.469455514154,76.63247523927977,-1.2071730519418613,139.50058682140204
2874.10000000025,0.7913168077341144,3.0170359217606912,131.7642308430559,2282.7057770574047,-4243.384324692681,5428.059658990887,2188.4694558817796,-4175.952328192249,5429.620221961704,76.63267430314524,-1.2066949783602716,140.11842876506114
2874.2000000002486,0.9448304056927245,3.772854108397736,132.95220549859314,2261.4336327866786,-4218.347502020576,5427.166594428921,2166.000939326341,-4155.872122874634,5427.771386814487,76.63287353213012,-1.2062183420522903,140.736256639585
2874.300000000247,1.107669519296096,4.263482295085983,134.18141477320464,2239.8992027115496,-4193.555732838185,5426.485503032774,2143.3152135531714,-4136.034139867229,5425.922948692909,76.63307291565198,-1.2057431273632984,141.35407077175847
2874.4000000002457,1.187877136648976,4.583299848731646,135.41712787363502,2218.037323465394,-4169.106320139637,5426.003363367972,2120.414930947177,-4116.440691061314,5424.074906218511,76.63327243336452,-1.2052693248302404,141.97187149146578
2874.500000000244,1.2427173402091358,4.695899345335215,136.69021056088522,2195.799181850021,-4145.0795502145,5425.717785258597,2097.30276865402,-4097.094059761835,5422.227258040086,76.63347209092032,-1.2047969273214423,142.5896590859669
2874.6000000002427,1.3025284034088378,4.788919457445202,137.96092858736705,2173.201751041009,-4121.462310723284,5425.572052711362,2073.9814282665184,-4077.9965004214723,5420.380002797342,76.63367186957001,-1.2043259326785933,143.20743384757455
2874.7000000002413,1.3492359821902433,4.738979451553729,139.22977903781262,2150.2244279354613,-4098.301303393761,5425.554088304391,2050.453635513908,-4059.150238387014,5418.533139151562,76.63387179707958,-1.2038563311175101,143.82519607237876
2874.80000000024,1.4076334371848216,4.685813276194793,140.49356253267436,2126.8893420802992,-4075.5768856234936,5425.61551415509,2026.7221399480045,-4040.5574696469776,5416.6866657640285,76.6340718600335,-1.2033881154309214,144.44294606442094
2874.9000000002384,1.4541999241488794,4.499257807915866,141.747159342719,2103.1798675607397,-4053.3335554644495,5425.740314565664,2002.789714620877,-4022.2203605811783,5414.840581315327,76.63427205644584,-1.202921272671727,145.0606841271544
2875.000000000237,1.5129417866130632,4.309605201344239,143.00162104770595,2079.1211497411773,-4031.5464170509313,5425.883970995074,1978.6591557686274,-4004.1410477147538,5412.994884482638,76.63447238713634,-1.2024557940181457,145.6784105709708
2875.1000000002355,1.4867165028574991,4.135194858370515,144.2175426919078,2054.6820405807166,-4010.2916208879114,5426.027590151596,1954.3332824865124,-3986.321637479062,5411.149573969255,76.63467282945116,-1.2019916736102365,146.29612565557548
2875.200000000234,1.430061074241945,3.9727261292876674,145.3918452350989,2029.8446227590932,-3989.628212430705,5426.186835811597,1929.8149364075416,-3968.7642059650198,5409.304648476202,76.63487339554992,-1.201528911072158,146.91382966073016
2875.3000000002326,1.438258960954513,3.7917998507846886,146.55953893398697,2004.657197594313,-3969.4823727031758,5426.376934640363,1905.1069813713218,-3951.470798693116,5407.460106716993,76.63507409727666,-1.2010674946726108,147.5315228577675
2875.400000000231,1.4782092929443449,3.6859223281706646,147.7020021903835,1979.145696352845,-3949.786986162032,5426.576815521026,1880.2123030956704,-3934.443430377382,5405.615947417635,76.63527487186398,-1.200607417826652,148.14920553965354
2875.5000000002296,1.5112848116626547,3.4842656017267544,148.82770784572904,1953.2951183131522,-3930.5821604746084,5426.78146653885,1855.133808842704,-3917.6840846968585,5403.7721693154845,76.63547577991366,-1.2001486573278102,148.7668780375034
2875.600000000228,1.5595563077133772,3.294888187162283,149.96117336614256,1927.1285085225732,-3911.8378528261305,5426.959158511136,1829.8744270816755,-3901.1947140725724,5401.928771151307,76.63567677889024,-1.1996912150350352,149.38454058761144
2875.7000000002267,1.596747061939944,2.9939783891433596,151.08275200431493,1900.633347008445,-3893.593216607665,5427.0951692771405,1804.4371071544258,-3884.977239440946,5400.085751681766,76.63587789427625,-1.199235086346279,150.00219344594225
2875.8000000002253,1.6471331415834007,2.696466478055655,152.21660285809824,1873.8345562738168,-3875.816356828548,5427.158451328129,1778.824818933525,-3869.033550038324,5398.243109670335,76.6360791070507,-1.1987802561142162,150.61983690881743
2875.900000000224,1.612773513256838,2.42550134878055,153.32919593864574,1846.7126798832571,-3858.582767980389,5427.125932884694,1753.0405524779353,-3853.3655031808817,5396.4008438986575,76.6362804151358,-1.1983267289654387,151.23747118860751
2876.0000000002224,1.548938857321995,2.1762995122114828,154.42215754137274,1819.2567269454705,-3841.9700430716107,5427.010569519594,1727.0873176913863,-3837.9749240558276,5394.558953144968,76.6364818177056,-1.197874481903183,151.8550966093252
2876.100000000221,1.5503528722677427,1.9205490751680119,155.5381698962647,1791.5025224621327,-3825.909354943114,5426.842526660827,1700.9681439769474,-3822.863605516667,5392.717436212483,76.63668331236454,-1.1974235076220818,152.47271342632587
2876.2000000002195,1.5829628816595207,1.742471970633647,156.65224658638616,1763.4832366485666,-3810.3369232705254,5426.612766963718,1674.6860798862313,-3808.033307876248,5390.876291906691,76.6368848707045,-1.1969738005423491,153.09032188016593
2876.300000000218,1.609363137342484,1.4781252757627388,157.74118573302616,1735.194548211072,-3795.2961843906064,5426.315830399758,1648.2441927712052,-3793.4857587050383,5389.0355190501095,76.63708652700231,-1.1965253506688884,153.70792224276917
2876.4000000002166,1.6513072110418006,1.2281117000674155,158.83703576625334,1706.6532691592863,-3780.7515828539863,5425.92875278767,1621.6455684272287,-3779.2226526371055,5387.19511646753,76.63728826748105,-1.196078147808847,154.3255147561681
2876.500000000215,1.6086640576110842,1.0109907445008097,159.9168570065231,1677.848385032544,-3766.7794895349493,5425.433355606329,1594.8933107342762,-3765.245651172239,5385.3550830064505,76.63749006700007,-1.1956321769904432,154.9430997086103
2876.6000000002136,1.5375492626846068,0.820569438255603,161.00040095755412,1648.784117846151,-3753.4592715284716,5424.848710328579,1567.9905413021074,-3751.556382488039,5383.515417515508,76.63769194779552,-1.1951874397580464,155.56067729248218
2876.700000000212,1.5326717835682095,0.6323170159067616,162.12494464800886,1619.487433139624,-3740.7174399536216,5424.209331051841,1540.9403991151976,-3738.156441255434,5381.676118856961,76.63789386922798,-1.194743922178595,156.1782477751503
2876.8000000002107,1.5586268584004843,0.5247607859709995,163.2452843440172,1589.9835790130733,-3728.487755906961,5423.509718828291,1513.746040167583,-3725.047388453999,5379.8371859089675,76.63809586417152,-1.1943016137625528,156.79581140358323
2876.9000000002093,1.5788629693461729,0.33437344240305367,164.33748705692,1560.2729400167266,-3716.815840064448,5422.749412351147,1486.4106370985614,-3712.2307511945614,5377.998617555362,76.63829792515838,-1.1938605070512682,157.41336840489137
2877.000000000208,1.6150070512259878,0.16337517316586325,165.43610694483158,1530.37351941409,-3705.6673008873972,5421.9081993037735,1458.9373788309751,-3699.7080225471877,5376.160412698147,76.63850003306301,-1.1934205854251771,158.0309190429811
2877.1000000002064,1.6403809638135767,-0.10853601278960856,166.5178411606261,1500.2880374262493,-3695.0849019388993,5420.976419832256,1431.3294702003905,-3687.480661367197,5374.322570241595,76.6387021894882,-1.1929818410350035,158.648463545642
2877.200000000205,1.6798536506268245,-0.36961516923682575,167.61493574073998,1470.0339063244428,-3685.0310183500446,5419.932724908141,1403.5901315857907,-3675.5500921303637,5372.485089111552,76.63890437741222,-1.1925442628064968,159.26600214203273
2877.3000000002035,1.7079525425841835,-0.7337349686905009,168.68675460242554,1439.6064290779002,-3675.5452606699628,5418.762800839573,1375.7225985424614,-3663.917704766261,5370.647968240679,76.63910661747785,-1.1921078518159198,159.88353502216742
2877.400000000202,1.7498780666412614,-1.0160635641572726,169.34770867751405,1409.0154175378887,-3666.572921363489,5417.448169115791,1347.730121429933,-3652.5848545034582,5368.811206572989,76.63930890022164,-1.1916725880811918,160.50106243804623
2877.5000000002005,1.707429592403904,-1.1685791167315163,169.46785146213003,1378.274428199449,-3658.1358518094494,5415.973310655445,1319.6159650332618,-3641.552861709416,5366.974803066123,76.63951121373941,-1.1912384705418877,161.11858458440153
2877.600000000199,1.601329163396757,-1.3960289211482353,170.49747065682593,1347.402895121029,-3650.320008630071,5414.349120693076,1291.3834081880245,-3630.823011740107,5365.138756691345,76.63971356619705,-1.1908054850770187,161.73610168309006
2877.7000000001976,1.450888446188884,-1.5209841426169004,170.0533728595248,1316.3986816915535,-3643.080200241947,5412.630823527504,1263.0357434013554,-3620.396554794363,5363.303066424465,76.63991592063724,-1.1903736138848156,162.35361398665577
2877.800000000196,1.2770628782619455,-1.7817731508417924,168.76682518450949,1285.291750329424,-3636.2641148934113,5410.882840903277,1234.5762764759977,-3610.2747057688475,5361.467731261728,76.6401182969204,-1.189942854246186,162.97112166970592
2877.9000000001947,1.0974687436393025,-2.1296323227448295,167.90641937462914,1254.1053996170785,-3629.72864278412,5409.137449248943,1206.008326130612,-3600.458644119864,5359.632750210732,76.64032068827004,-1.189513191639749,163.5886249601987
2878.0000000001933,0.9184243066579366,-2.490422382931307,167.38631120093618,1222.8523144383184,-3623.3787246700326,5407.404695014778,1177.3352236128342,-3590.9495137272916,5357.798122285893,76.64052311343332,-1.1890846105521413,164.20612408210073
2878.100000000192,0.7406503299402792,-3.090343223911145,166.82009922356463,1191.5495285137104,-3617.144842827429,5405.681115682752,1148.5603123185956,-3581.7484227636937,5355.963846523199,76.6407255411431,-1.18865711420542,164.8236191748781
2878.2000000001904,0.5631267404855257,-4.180745037206089,166.02996016323058,1160.220668989992,-3610.950584668746,5403.931009229449,1119.6869474090718,-3572.8564435644807,5354.1299219620405,76.64092797551663,-1.188230679849553,165.44111049277873
2878.300000000189,0.38618950488357706,-4.907429956750671,165.7240029545596,1128.8798456778945,-3604.7460442056754,5402.116763734863,1090.7184954178394,-3564.2746125056387,5352.296347657711,76.64113040978853,-1.1878053093718441,166.05859817033425
2878.4000000001874,0.21365254408369574,-4.608755747527722,165.9561137109049,1097.529038597742,-3598.52738654145,5400.255532380725,1061.6583338688456,-3556.003929882508,5350.463122680259,76.64133282233928,-1.1873809823682235,166.67608244220264
2878.500000000186,0.04765780172251436,-2.818984507192713,166.40030255601113,1066.1778759491435,-3592.3147054937604,5398.465830378038,1032.5098508848876,-3548.0453597963465,5348.630246106551,76.6415352450003,-1.1869576885742519,167.29356349523886
2878.6000000001845,-0.1134999063895203,-0.011033599985975156,166.57466322417014,1034.849823400443,-3586.1026374954195,5396.9481889061635,1003.2764447949695,-3540.399830042089,5346.797717035022,76.64173764344828,-1.18653542468299,167.91104147276607
2878.700000000183,-0.2782122636600897,2.349571135099975,166.33018071284468,1003.5723255262097,-3579.8261573996706,5395.868934349787,973.9615237453377,-3533.068231999149,5344.965534568656,76.64194003366049,-1.1861141742384158,168.52851659070186
2878.8000000001816,-0.42571857276559294,4.106578267728832,165.83693695346358,972.3653884708538,-3573.3865921527063,5395.295158908418,944.5685053067083,-3526.0514205330137,5343.133697829732,76.6421424073325,-1.1856939201721324,169.1459890368911
2878.90000000018,-0.5509671919406591,5.423177773754362,165.16904010019007,941.2368270059407,-3566.702190744172,5395.209404503191,915.1008160793021,-3519.350213892961,5341.302205946214,76.64234472737554,-1.1852746628698254,169.76345894662595
2879.0000000001787,-0.6778593617270853,6.464373854226983,164.35691666179892,910.2200894974953,-3559.6995677282534,5395.602604120776,885.5618912993853,-3512.965393615528,5339.47105806309,76.64254704395394,-1.1848563821366005,170.3809265265889
2879.1000000001773,-0.809571741508542,7.315426694938267,163.39056181734085,879.3397431313157,-3552.319423079874,5396.434605680081,855.9551941919891,-3506.898641101985,5337.64047676625,76.62073809436198,-1.1835707056471798,170.99807721408433
2879.200000000176,-0.9462678109994854,7.994825036107729,162.26028868987785,848.6145493474066,-3544.511913428477,5397.648542915377,826.2845872599711,-3501.162763941754,5335.813513568196,76.18565121262799,-1.1668140529130997,171.61005149179618
2879.3000000001744,-1.0877623158195227,8.491867774919998,160.96774403994755,818.0590595782786,-3536.23539819946,5399.177580027294,796.553731135333,-3495.7550154099945,5333.992617195278,75.54924642925344,-1.1574454036826936,172.22737351867738
2879.400000000173,-1.2337481907429517,8.779325526188357,159.5329239463206,787.6860923868119,-3527.4573848277446,5400.947709370432,766.765483085249,-3490.663652282648,5332.176977783686,75.12755347877747,-1.1417137963832753,172.83815494071055
2879.5000000001714,-1.3838380626187532,8.8280027081097,157.98724263455182,757.5054773110985,-3518.1548411308,5402.879882425663,736.9228295852027,-3485.8821394580405,5330.3675117972825,75.10545298615986,-1.1362848157536338,173.45054575903737
2879.60000000017,-1.5375634461158332,8.612030801610976,156.3718158093111,727.5233306441027,-3508.314610564404,5404.891836969907,707.0286996704042,-3481.40744122512,5328.562337602419,75.42012830267407,-1.1212479841364176,174.05276130980312
2879.7000000001685,-1.69438223568458,8.112416011659729,154.73619914700436,697.7416232119165,-3497.9349918057374,5406.899821003416,677.0874207586521,-3477.250622211469,5326.764001232824,75.61677544130117,-1.1096827604911028,174.6550319699191
2879.800000000167,-1.8115091872844398,7.434568470928396,153.33038596184335,668.1366752833839,-3487.040887200497,5408.825252862883,647.1023776775313,-3473.4106493662143,5324.970673891604,75.81156780332654,-1.09945181269833,175.25475917265607
2879.9000000001656,-1.8407354332491253,6.694982973892907,152.20060279235028,638.6444621897265,-3475.7202524748586,5410.633977238485,617.0772078850731,-3469.8881626296825,5323.18171622825,75.95105540766353,-1.0941086516146834,175.85555099788448
2880.000000000164,-1.8083002235043648,5.995608655104285,151.21131376463674,609.2407405317462,-3464.0170519368185,5412.317746418721,587.0153906146593,-3466.683391402971,5321.396037273288,76.08523347826163,-1.0891514542710237,176.45505238666894
2880.1000000001627,-1.729966547306306,5.397811159154265,150.19314626061652,579.9712624025717,-3451.9168877242732,5413.869023296648,556.9204672058665,-3463.796382420878,5319.613071335185,76.18158636034238,-1.0873910656476677,177.05580370325984
2880.2000000001613,-1.6146995055391737,4.963624227911176,149.11397204692088,550.8995900598773,-3439.4005713180186,5415.298005154771,526.7958879204981,-3461.227228341359,5317.832029566514,76.27405779132033,-1.0856989115044982,177.65603098553183
2880.30000000016,-1.467581613481862,4.766309830397628,148.19664033638392,522.0592776920422,-3426.447071719904,5416.642545451087,496.64514011285087,-3458.9759129419276,5316.052493717462,76.34030211908336,-1.0860630032795242,178.25748085916652
2880.4000000001583,-1.299702337970762,4.714683643259172,147.80179024211733,493.4708090766582,-3413.047453060551,5417.962429234377,466.47164983229356,-3457.042482467727,5314.273903057355,76.40381142615252,-1.0863278711424749,178.85885231746272
2880.500000000157,-1.1079831373243871,4.457907776362698,148.62510968920515,465.06949437548747,-3399.25804150776,5419.310067458877,436.2788664525623,-3455.426916820158,5312.495958696824,76.44912601448783,-1.0878991525096773,179.46134056625922
2880.6000000001554,-0.8729395282619897,3.6290838439336532,150.32347542386495,436.7252356424835,-3385.213292827683,5420.685061644414,406.07019958027837,-3454.129253420736,5310.718269486281,76.49254943445276,-1.089288293923413,180.0639969879952
2880.700000000154,-0.6001234379331706,2.180876112521121,152.10386184517444,408.3614378788025,-3371.0626683145265,5422.025155425713,375.84907470293143,-3453.149484523524,5308.9406292871,76.52335156354738,-1.0914916033624382,180.66763806482618
2880.8000000001525,-0.31623368182121064,0.6448130197044447,153.17293324628642,379.9460191724765,-3356.8917540992943,5423.238040485951,345.61889276534095,-3452.4876471502243,5307.162771601421,76.55287219519874,-1.0934789258846593,181.2715742782919
2880.900000000151,-0.09702026237172472,-0.7212672512809477,153.52055207229765,351.46215924994027,-3342.7249206235547,5424.233633791495,315.3830663662908,-3452.143742474335,5305.384560567034,76.57364138801755,-1.095958185512488,181.87636293473201
2881.0000000001496,0.07479194769361383,-1.818909111522468,153.6188314913217,322.9359816176128,-3328.5455005848717,5424.986458446524,285.1449939468273,-3452.117801360769,5303.605820362321,76.59356259511704,-1.098215336231702,182.48150340991702
2881.100000000148,0.23509684070558753,-2.715648759444935,153.4387700281789,294.37210152101505,-3314.3353212926754,5425.4155745525395,254.90808297321075,-3452.4098219267407,5301.8264672919,76.60742056847057,-1.1007546458469157,183.08737592172332
2881.2000000001467,0.3695435974370852,-3.2534837611818426,153.26429315110414,265.80511644390106,-3300.0788694295957,5425.547756608522,224.67573351140982,-3453.019817390116,5300.046390838355,76.62073413964724,-1.10308062022945,183.6936168653746
2881.3000000001452,0.5562094325195066,-3.055427295703642,153.33773975045125,237.25451649255555,-3285.7439318451848,5425.353229611638,194.4513527843364,-3453.9477682641127,5298.265545309297,76.62985223593579,-1.1055533900699253,184.30048544426123
2881.400000000144,0.707387118704533,-1.6579477548938926,154.14059865408925,208.70403370926346,-3271.3472030169437,5424.934039446357,164.23834477671716,-3455.1936573292683,5296.483866697231,76.63863521659707,-1.107828854309517,184.90771726114096
2881.5000000001423,0.8218115371691637,0.3512926980703524,155.8453114542381,180.10120866624317,-3257.013784689487,5424.5017996529195,134.04011910726237,-3456.7574333826656,5294.701336473585,76.64452041689356,-1.1101649341187008,185.51548866015503
2881.600000000141,0.9819006396678728,1.8037170104162452,157.50134896957175,151.3976705054035,-3242.825581407498,5424.1323410882505,103.86008447832334,-3458.639036831365,5292.917923328948,76.6502123888563,-1.1123225549827243,186.12360704408948
2881.7000000001394,1.1288040889237312,2.609602297839341,158.7953553872186,122.53434389459444,-3228.890582912183,5423.868912618211,73.70165385592405,-3460.8383724240134,5291.133627730001,76.65390785668463,-1.1144870170420162,186.73219188245417
2881.800000000138,1.2643896054628734,2.9613963260475376,159.9320512158651,93.46580137852243,-3215.3236351858855,5423.730765689671,43.56824035090874,-3463.3553279992357,5289.348441010845,76.65750435308013,-1.1164922413840042,187.34110236018958
2881.9000000001365,1.4117307348413284,3.0840102860000758,161.02883522092137,64.19264647936687,-3202.1313713449867,5423.656123936218,13.463260010678049,-3466.189754121961,5287.562376554114,76.65972988906607,-1.118471760041674,187.95041908639155
2882.000000000135,1.4841208428514385,3.0725321840765623,162.10971406490282,34.69813755391109,-3189.408135168306,5423.605930670017,-16.60987076423527,-3469.341477842679,5285.775441049987,76.66191759586643,-1.1203102971094907,188.56003853706648
2882.1000000001336,1.5304384412166099,2.882781151029426,163.21566300855005,4.982297124263775,-3177.234732875972,5423.558149263776,-46.64773391583659,-3472.8102875782924,5283.987656348286,76.66316808225505,-1.1221044215346283,189.17001463641506
2882.200000000132,1.5821083760378993,2.677526714419607,164.35174589722283,-24.93967480615539,-3165.575106176577,5423.47353198368,-76.64691137591893,-3476.595943243891,5282.199039233503,76.66441903028763,-1.1237742042105199,189.7802709010847
2882.3000000001307,1.5475082940145999,2.4902632814396117,165.47004969356,-55.06015657370313,-3154.5116122875493,5423.332090036878,-106.60398469196629,-3480.698165081833,5280.409616814951,76.6650329765232,-1.1253897919739115,190.39084278875785
2882.4000000001292,1.4830356467911125,2.3225513174362495,166.57207922452477,-85.36383979708701,-3144.1239322635843,5423.151283546078,-136.51553609518064,-3485.1166411407803,5278.619412241424,76.66567030173299,-1.1268958977001176,191.00167330868638
2882.500000000128,1.4836672079136684,2.15068259760925,167.7027008159523,-115.82839494893081,-3134.336295643472,5422.956661678532,-166.37814868743823,-3489.8510190811594,5276.828455569908,76.6658780558667,-1.1283436625501864,191.61278539485764
2882.6000000001263,1.515346142604234,2.056174074710607,168.82509677732784,-146.446800249818,-3125.077767038348,5422.735660828605,-196.1884071603505,-3494.900911714699,5275.036773676944,76.66612176249942,-1.1296949796373692,192.22413616461884
2882.700000000125,1.5408590521674888,1.8739077928704304,169.9273542007221,-177.21417704707483,-3116.3929690070695,5422.486267533624,-225.9428982923892,-3500.2658910176324,5273.244397943473,76.66607887154404,-1.1309873450429855,192.83573983491604
2882.8000000001234,1.5819939896278021,1.7075431824381642,171.03870017610765,-208.11675298956285,-3108.24627782634,5422.183348423541,-255.6382114807558,-3505.9454922692307,5271.451357134319,76.66607779484902,-1.1321945917750524,193.4475638930634
2882.900000000122,1.612151362749114,1.4361344807772158,172.13718880182847,-239.14797608618824,-3100.6799984236554,5421.8155294708195,-285.2709394040256,-3511.9392096988454,5269.657682833672,76.66588826724681,-1.1333443829128573,194.05961653980643
2883.0000000001205,1.6560742149598857,1.1722460746274994,173.24821630976916,-270.30052591285306,-3093.6547984903477,5421.357380696065,-314.83767844356925,-3518.2464995940704,5267.863404427457,76.66574220401732,-1.1344188888139837,194.67187272647377
2883.100000000119,1.6153424926082829,0.9402310884227084,174.3414390061581,-301.56595636880087,-3087.249020971723,5420.789242319772,-344.33502942090627,-3524.86677716318,5266.068552954841,76.66547477030744,-1.13543863468011,195.28433662492165
2883.2000000001176,1.545747519828864,0.7328810136757342,175.4410332927593,-332.91057009372736,-3081.541386700102,5420.128326041177,-373.75959797077974,-3531.79941889023,5264.273157568977,76.66524988168547,-1.13639157834343,195.89698872068396
2883.300000000116,1.5417646567108454,0.523414506501233,176.58013031788548,-364.32483010812933,-3076.453407250326,5419.408500291717,-403.10799529742764,-3539.0437602996194,5262.477248271212,76.6649492131234,-1.1372930621456077,196.50983043978974
2883.4000000001147,1.5688019630668366,0.3962278229399182,177.71177822936963,-395.81240607961877,-3071.912601897068,5418.624108500102,-432.376838519759,-3546.5990977484594,5260.680853418738,76.66468869281594,-1.1381350994270039,197.12284620484238
2883.5000000001132,1.58993029274186,0.1847849877269741,178.81290952029755,-427.36129094995493,-3067.9640495364742,5417.773920824522,-461.56275141552294,-3554.464686855508,5258.884001676455,76.66438313803577,-1.1389292386509227,197.7360356532589
2883.600000000112,1.627011643528129,-0.0073423311641641915,179.91824787222868,-458.96819792142946,-3064.569012773587,5416.83733613441,-490.6623647691446,-3562.639743891388,5257.086720246783,76.66411457204842,-1.1396702636283573,198.3493863117352
2883.7000000001103,1.5798824976362884,-0.16007518976213528,181.0028067351078,-490.61509586482407,-3061.806539123311,5415.801402429191,-519.6723170831714,-3571.12344469384,5255.289036293534,76.66382154075501,-1.1403669690601856,198.9628965425492
2883.800000000109,1.5044961702215882,-0.2857225427447248,182.10164524568833,-522.2596164236219,-3059.750040563959,5414.691067343519,-548.5892549346577,-3579.914925760109,5253.490975673595,76.66356204172445,-1.1410160794576065,199.5765560629986
2883.9000000001074,1.4953341248589211,-0.40717380427094957,183.2494852430621,-553.9023080518667,-3058.3164123441757,5413.540874903494,-577.4098336511905,-3589.01328351457,5251.692563953176,76.66329157971965,-1.1416243531956272,200.19036246269275
2884.000000000106,1.5169675097720117,-0.4426417347650024,184.38160079850624,-585.5610471016421,-3057.4338773365866,5412.345250860429,-606.1307176681556,-3598.4175751824187,5249.893825528953,76.66305122438926,-1.142189817882216,200.8043072517641
2884.1000000001045,1.5332730036366682,-0.560557997596437,185.4826069443443,-617.219500580904,-3057.14732805402,5411.108601826707,-634.7485811771172,-3608.1268183278103,5248.0947843717995,76.66280865562445,-1.1427177341297132,201.4183875053494
2884.200000000103,1.565879576206293,-0.6547352959048948,186.58552417262112,-648.8718464888109,-3057.418339236937,5409.8111976181,-663.260108486006,-3618.1399915592033,5246.2954633886575,76.66259290071173,-1.1432070401479881,202.03259600445665
2884.3000000001016,1.5876810518332563,-0.8496879677040672,187.67410667329838,-680.5005830890278,-3058.2880905995453,5408.447882788709,-691.6619946332386,-3628.456034263824,5244.4958849709665,76.66238039519973,-1.1436618532663874,202.64692965446616
2884.4000000001,1.6239907563033213,-1.0293104632184495,188.77704356654564,-712.1017055473609,-3059.7151792377595,5406.997115321312,-719.9509457628742,-3639.073847193525,5242.696070539338,76.6621916886292,-1.1440817482688581,203.26138213844516
2884.5000000000987,1.5760795368466067,-1.1683373362552656,189.86207992357086,-743.6447867970518,-3061.775803172491,5405.446852132872,-748.1236796923545,-3649.992292338296,5240.896040964818,76.662009543048,-1.14446997830242,203.87595033706384
2884.600000000097,1.4997162774213586,-1.2813554267711096,190.96475451000015,-775.0767677773852,-3064.5365951781314,5403.823552020121,-776.1769263000352,-3661.2101934302336,5239.09581623506,76.66184845021563,-1.1448265313610713,204.4906286988604
2884.7000000000958,1.4891430526636267,-1.3909131893052287,192.12004602910844,-806.4120063704826,-3067.9137779512175,5402.161764771661,-804.1074280702785,-3672.7263359173785,5237.2954157597605,76.66169576143194,-1.1451540288913944,205.10541407449267
2884.8000000000943,1.5094214772295693,-1.4119442368103237,193.25910227681155,-837.6794821812435,-3071.838147271343,5400.455774788875,-831.9119404812192,-3684.539467408623,5235.494858156061,76.6615616834399,-1.1454527168000779,205.72030157076608
2884.900000000093,1.524447017615049,-1.5151464030998714,194.3659893095237,-868.855884025615,-3076.352436256368,5398.7113698259955,-859.5872325213601,-3696.648297719218,5233.694161452931,76.66143687120544,-1.1457247384120968,206.33528806302732
2885.0000000000914,1.555918213283739,-1.593146125826985,195.47363847688942,-899.9411290930406,-3081.4174506502004,5396.909115903917,-887.1300870787331,-3709.05149927098,5231.89334295491,76.66132850408542,-1.1459704908184152,206.95036923885147
2885.10000000009,1.5765897178226616,-1.7720094447584023,196.5670005602082,-930.9111501456124,-3087.0719623984887,5395.045147512084,-914.5373014398443,-3721.7477071959697,5230.092419409022,76.66122965789596,-1.1461917663229564,207.56554197571063
2885.2000000000885,1.611906290370812,-1.9340884588816591,197.6745444131184,-961.7681386303155,-3093.2740433070703,5393.09800249191,-941.8056876752303,-3734.7355196997105,5228.2914068878235,76.66114536973411,-1.1463890416167677,208.1808024705093
2885.300000000087,1.5633433427835168,-2.0531935543492525,198.76324400252085,-992.4694972596544,-3100.095574979896,5391.057494555632,-968.9320731144804,-3748.0134982114114,5226.490320929066,76.66107046498111,-1.146563819078513,208.79614771899915
2885.4000000000856,1.4862695677993834,-2.1466708052648356,199.870762375621,-1022.9525017533914,-3107.5948153236204,5388.952111182475,-995.9133007407833,-3761.580167719003,5224.689176451669,76.66100843637173,-1.1467166559985091,209.41157416190788
2885.500000000084,1.474653357708812,-2.236942502679593,201.03340794746848,-1053.245475033426,-3115.6895207938987,5386.815492332858,-1022.7462296479522,-3775.434016952233,5222.887987872676,76.66095543066164,-1.1468488050282786,210.02707902777647
2885.6000000000827,1.4939630118102116,-2.2365502478497814,202.17855444106416,-1083.3881015744396,-3124.314890906037,5384.640960007784,-1049.4277354275262,-3789.573498705704,5221.086769034583,76.66091385227907,-1.146960832125827,210.64265911223833
2885.700000000081,1.508061735484114,-2.3185814692662388,203.29142034138272,-1113.3504423178829,-3133.51027583914,5382.435826558426,-1075.9547106068974,-3803.997030040124,5219.285533306396,76.66088079879239,-1.1470538196569722,211.25831175120285
2885.8000000000798,1.5387270892154243,-2.374190539330536,204.40388880999495,-1143.1382591290492,-3143.2367234497538,5380.180429942292,-1102.3240650352545,-3818.7029925944366,5217.48429354389,76.6608579123177,-1.147128342048902,211.87403396780147
2885.9000000000783,1.5585842166579382,-2.531063705664092,205.50294109470153,-1172.7213033802068,-3153.5295172709643,5377.872311923484,-1128.5327263123968,-3833.68973280821,5215.683062138432,76.66084295083749,-1.1471853295697925,212.48982327269022
2886.000000000077,1.5932009021889966,-2.669830882750385,206.61584414899517,-1202.1080218190007,-3164.3473076335895,5375.489595358068,-1154.5776401755584,-3848.955562227081,5213.881851018119,76.66083705207191,-1.147225342765277,213.10567693339854
2886.1000000000754,1.6164229576106472,-2.9133382655013467,207.71546624217774,-1231.2671290192202,-3175.7231407049144,5373.024976003254,-1180.4557709078467,-3864.498757736571,5212.08067168184,76.66083849946124,-1.1472492062615545,213.72159254422544
2886.200000000074,1.654030962373689,-3.1426051647438364,208.83258804970563,-1260.2092692882854,-3187.6144370196384,5370.456699109528,-1206.164101716519,-3880.317561857599,5210.279535207224,76.66084805446759,-1.1472574523039165,214.33756761588194
2886.3000000000725,1.608099838752533,-3.327479142551313,209.92616985890123,-1288.8911450573605,-3200.091239827078,5367.769279779956,-1231.6996351367081,-3896.410183001165,5208.478452258593,76.66086435511326,-1.1472508090935556,214.95359986556468
2886.400000000071,1.5332828174780373,-3.489296518771807,211.03657803019482,-1317.241040463022,-3213.202364434399,5364.986574310694,-1257.0593934075018,-3912.77479575714,5206.677433118749,76.66088790433515,-1.1472297763680313,215.56968703202836
2886.5000000000696,1.5232130710388612,-3.6544666207934045,212.2064179454558,-1345.2869417310642,-3226.8645706158127,5362.145299580768,-1282.2404188572057,-3929.409541161506,5204.876487693518,76.66091766753036,-1.1471949925016558,216.18582699119492
2886.600000000068,1.5442811945690444,-3.7273292690247626,213.36511008858696,-1373.0810421305828,-3241.0209082628535,5359.2402690392555,-1307.2397742755923,-3946.3125269815546,5203.075625523108,76.66095389916724,-1.1471469560621443,216.80201753250594
2886.7000000000667,1.5598523095892667,-3.8827183903645968,214.48847183099636,-1400.5857713515961,-3255.704697715845,5356.275640660465,-1332.0545432907516,-3963.4818279858023,5201.274855815032,76.660995815348,-1.147086222982487,217.41825672321053
2886.800000000065,1.5919476069823262,-4.01215142908552,215.6140421645555,-1427.8147013816535,-3270.877268552743,5353.2325114523655,-1356.681830736259,-3980.9154862408664,5199.474187428215,76.66104354114623,-1.1470132477452035,218.0345425566508
2886.9000000000638,1.5407865669059109,-4.092760040226474,216.70682810681114,-1454.7152729817578,-3286.605243938846,5350.10387757057,-1381.1187630213788,-3998.611511386302,5197.673628919548,76.66109644866525,-1.1469285409052368,218.65087316948512
2887.0000000000623,1.4613059955438468,-4.146540768404674,217.8179130815912,-1481.212182663988,-3302.9278270397654,5346.922778957614,-1405.3624884852386,-4016.5678809268347,5195.8731885325315,76.6611546028584,-1.1468325234941843,219.2672467079689
2887.100000000061,1.4474373051070317,-4.194388153816347,218.99315612453682,-1507.3457765305427,-3319.7626055855935,5343.723179198331,-1429.4101777625858,-4034.782540518679,5194.072874213174,76.66121747072988,-1.1467256703835795,219.88366135280106
2887.2000000000594,1.464478752111437,-4.1475046898888275,220.15634697271545,-1533.1596490238705,-3337.0468661783357,5340.498268030948,-1453.259024130646,-4053.253404259223,5192.272693629295,76.6612850419652,-1.1466083554312798,220.50011545582493
2887.300000000058,1.4763313320925069,-4.183511443902468,221.29137363455607,-1558.6036170956775,-3354.801977299036,5337.259250746706,-1476.9062438642059,-4071.9783549817803,5190.472654184148,76.66135692468862,-1.146481010157232,221.11660730418214
2887.4000000000565,1.5049765428016857,-4.190484412476222,222.4256776849896,-1583.6967030296983,-3372.9929182142396,5333.9862252877865,-1500.3490765818701,-4090.955244551281,5188.672763014153,76.66143304881676,-1.1463439983872268,221.7331352797318
2887.500000000055,1.5227266749941806,-4.299836633920557,223.55190905895014,-1608.3905633909949,-3391.637471905047,5330.6805204112,-1523.5847855873683,-4110.181894158437,5186.873027000249,76.66151308321233,-1.1461976993885712,222.34969783200057
2887.6000000000536,1.5555495774416823,-4.3882619677934,224.69343846927643,-1632.7083229518148,-3410.699372235731,5327.319549159873,-1546.6106582083592,-4129.6560946202335,5185.073452791738,76.66159692821971,-1.1460424536636435,222.9662934265264
2887.700000000052,1.5767741004908669,-4.583487298052076,225.82749805640242,-1656.6035736106946,-3430.195828806392,5323.899630221218,-1569.4240061346063,-4149.375606682445,5183.274046808562,76.66168432006289,-1.1458785943652205,223.58292066410056
2887.8000000000507,1.61278121358384,-4.7619353667493876,226.981359048108,-1680.1024384484956,-3450.0901780822537,5320.397980439428,-1592.0221657497955,-4169.338161326794,5181.474815245834,76.66177517310778,-1.145706449956959,224.19957804521
2887.900000000049,1.5663518992229495,-4.890914129017469,228.11681180331263,-1703.126632386693,-3470.4243089094903,5316.805293170768,-1614.4024984540624,-4189.54146006743,5179.675764085204,76.66186925412588,-1.1455263217948577,224.81626426472286
2888.0000000000477,1.490833649567293,-4.997900501576358,229.26527224967555,-1725.6042704919855,-3491.2372445339147,5313.1487795802,-1636.5623909908877,-4209.983175269057,5177.876899114153,76.6619664422348,-1.1453385079400822,225.432977932981
2888.1000000000463,1.4784986372758795,-5.111163732492372,230.47238990128912,-1747.6093187884806,-3512.472815338972,5309.459793465677,-1658.499255773962,-4230.660950449685,5176.078225914645,76.6620665532583,-1.145143302794826,226.04971775011745
2888.200000000045,1.4977291964073707,-5.124396553168283,231.67311100614128,-1769.2018929614776,-3534.0780618786475,5305.7311529458975,-1680.2105311944836,-4251.572400596573,5174.279749888105,76.66216950129495,-1.1449409622482491,226.66648248526386
2888.3000000000434,1.511371127883334,-5.222090821887392,232.84279049309544,-1790.3295467478415,-3556.0683427923677,5301.971760622895,-1701.6936819385419,-4272.715112480448,5172.481476255414,76.66227506703008,-1.1447317497457457,227.28327093399417
2888.400000000042,1.542076668312571,-5.291558413961043,234.00602514503572,-1811.0315088490318,-3578.426969205832,5298.15931427081,-1722.9461992989168,-4294.086644975807,5170.6834100625965,76.66238317964836,-1.1445159142283703,227.90008189325914
2888.5000000000405,1.5615936629175722,-5.466427458659959,235.15313995891577,-1831.260283398728,-3601.170091105841,5294.292200466139,-1743.9656014783825,-4315.6845293757,5168.8855561898945,76.66249367324941,-1.1442937053720645,228.51691418490063
2888.600000000039,1.59630927540334,-5.622181673112371,236.31701806632648,-1851.043644599109,-3624.260189058064,5290.3481514717405,-1764.7494338883596,-4337.506269709767,5167.087919364265,76.66260646704991,-1.1440653444132733,229.13376671209699
2888.7000000000376,1.6193146632016124,-5.886883708409006,237.45788442850622,-1870.3450057742311,-3647.7267510959905,5286.318602350062,-1785.2952694504543,-4359.5493430729,5165.290504154831,76.66272141667793,-1.1438310544164276,229.7506383850016
2888.800000000036,1.6570651249774797,-6.136493398758168,238.61636799183213,-1889.1993369600418,-3671.5391530959323,5282.180678675205,-1805.6007088909973,-4381.811199951166,5163.4933149842445,76.66283843247513,-1.143591039872452,230.36752816725917
2888.9000000000347,1.613373412395899,-6.331713085661164,239.75486573561932,-1907.5194963641052,-3695.725101127618,5277.920524880514,-1825.6633810310523,-4404.289264548382,5161.6963561388975,76.66295739494804,-1.1433455177326042,230.98443497610404
2889.000000000033,1.540084867024758,-6.508862363663166,240.90875622017955,-1925.217949633798,-3720.3005694599565,5273.561402862561,-1845.4809430728828,-4426.980935115151,5159.899631773469,76.66307821480913,-1.1430946685825587,231.60135786323866
2889.1000000000317,1.5287094116012991,-6.701417810204476,242.12631225793294,-1942.3714938523815,-3745.2128356420367,5269.13855503664,-1865.0510808811637,-4449.883584282105,5158.103145905247,76.66320077526575,-1.1428386895223757,232.21829581158758
2889.2000000000303,1.5491496338163409,-6.791389738065101,243.33886663417732,-1959.0564076788369,-3770.4310305195813,5264.645849986491,-1884.3715092681225,-4472.994559396579,5156.306902433432,76.66332501180027,-1.1425777486731425,232.8352479196474
2889.300000000029,1.5638861809816844,-6.964901187339202,244.5080482120955,-1975.2235934164453,-3795.974787757003,5260.087580608463,-1903.4399722613455,-4496.311182857787,5154.510905139131,76.66345082277867,-1.1423120305028043,233.45221320295653
2889.4000000000274,1.59563845732286,-7.109765870457903,245.67842956608555,-1990.9071972246986,-3821.8174509738833,5255.444193304119,-1922.2542433784977,-4519.830752451696,5152.715157688773,76.66357812214655,-1.1420416861109859,234.06919082276838
2889.500000000026,1.616174931429604,-7.359966419364581,246.8256955460585,-2006.0554250693324,-3847.963472503189,5250.711301538426,-1940.8121258947556,-4543.550541700842,5150.919663638646,76.66370681485357,-1.1417668860198489,234.6861798389027
2889.6000000000245,1.6517298878575286,-7.591710019121614,247.98911423161263,-2020.7064491704755,-3874.3860347469263,5245.867501622612,-1959.1114531082276,-4567.467800196606,5149.124426439437,76.6638368488287,-1.141487775217721,235.30317943471954
2889.700000000023,1.6055792829790017,-7.7667632235159685,249.13147899579363,-2034.767616970578,-3901.0964408872824,5240.901257636315,-1977.150088592853,-4591.579753954798,5147.329449448729,76.66396812701673,-1.1412044917647926,235.92018878427044
2889.8000000000216,1.530026923638575,-7.922082907822255,250.2911781964232,-2048.149295486843,-3928.095481278553,5235.838820637766,-1994.9259264639672,-4615.883605755152,5145.534735917366,76.66410060169457,-1.1409171906647695,236.53720703103247
2889.90000000002,1.5170332519540508,-8.089559192717784,251.51361769026119,-2060.9398139809186,-3955.3508934210463,5230.71509293879,-2012.4368916200337,-4640.376535495499,5143.740289013305,76.6642342008245,-1.140625992991328,237.15423340076828
2890.0000000000186,1.535689209570579,-8.152768901849548,252.72689305451829,-2073.221195084191,-3982.849135454161,5225.523060072694,-2029.6809399988558,-4665.05570054197,5141.946111812532,76.66436881423199,-1.140331036273966,237.77126709950969
2890.100000000017,1.4778454783770765,-8.134194873272925,253.87984458115054,-2084.896446383024,-4010.6028863526244,5220.272410391379,-2046.6560588203786,-4689.918236083124,5140.1522073058695,76.66450445048338,-1.1400324417176053,238.3883073585498
2890.2000000000157,1.3566602426822398,-8.067715613900853,254.59851742471457,-2095.8742843352243,-4038.61965275572,5215.007934483916,-2063.360266823358,-4714.961255485298,5138.358578403524,76.66464099414586,-1.139730331445882,239.00535341914903
2890.3000000000143,1.1929253277375407,-8.204733506817135,254.03324697762937,-2106.241332282631,-4066.8757865875054,5209.789245486885,-2079.7916145045037,-4740.181850652161,5136.5652279362175,76.66477840692342,-1.1394248027341745,239.62240461693767
2890.400000000013,1.0113137041271587,-8.671755997445565,252.82951081647053,-2116.1923546398593,-4095.317043204228,5204.646421819603,-2095.948184348755,-4765.577092385796,5134.77215866541,76.6649166188519,-1.139115979528453,240.2394601734947
2890.5000000000114,0.8806917796666066,-8.974222149974254,252.40333336381647,-2125.8874142320046,-4123.892201346368,5199.57570866493,-2111.828091057896,-4791.144030741573,5132.979373281026,76.66505559417128,-1.138803963465095,240.85651940086922
2890.60000000001,0.8628331171245004,-8.130941178704301,253.55620995834627,-2135.426944344819,-4152.575165614625,5194.5388679623875,-2127.4294817725217,-4816.8796953960555,5131.18687439805,76.6651952899058,-1.1384888512991767,241.4735816257422
2890.7000000000085,0.8799293728075448,-6.7649348791215305,255.1647088570166,-2144.808014056875,-4181.390718092405,5189.546175179431,-2142.7505362937673,-4842.781096015234,5129.394664565608,76.66533562266729,-1.1381707399723755,242.0906461652774
2890.800000000007,0.8278795949583205,-6.773525478696315,255.04459565866497,-2153.947691099445,-4210.363975696321,5184.677527535427,-2157.789467299103,-4868.845222617614,5127.602746281731,76.66547656000982,-1.1378497205243205,242.70771237354046
2890.9000000000055,0.6975856442234752,-7.8832822590110165,253.78459712610967,-2162.833305211343,-4239.476171810719,5179.971310141969,-2172.544520553755,-4895.069045945989,5125.811121970645,76.66561807928412,-1.137525885387415,243.32477957780188
2891.000000000004,0.5838425089874401,-9.117297128536604,252.8483245735514,-2171.5653702827753,-4268.681562354492,5175.375596419779,-2187.0139751171,-4921.44951783891,5124.019794007749,76.66576011028003,-1.1371993142207018,243.9418471651107
2891.1000000000026,0.578088760491739,-9.147439304406438,252.9689148807493,-2180.260726171849,-4297.941249983557,5170.755053276557,-2201.1961435460207,-4947.983571602749,5122.228764710534,76.66590261977576,-1.1368700833517136,244.5589145312091
2891.200000000001,0.6763815159546434,-7.676115582336338,254.16945240961425,-2188.9568158810075,-4327.260730778284,5166.05848379302,-2215.0893720953195,-4974.66812238964,5120.438036339719,76.66604556850157,-1.1365382766132528,245.17598103822547
2891.2999999999997,0.7983260543472326,-5.892153890384658,255.73461461199526,-2197.60137749996,-4356.6693045939055,5161.357256597328,-2228.692040912618,-5001.500067572982,5118.647611117414,76.66618890806335,-1.1362039708003533,245.79304607007197
2891.3999999999983,0.8498090877896719,-5.870265744875315,255.68616183502544,-2206.079617590645,-4386.188703109874,5156.757052464044,-2242.0025642304277,-5028.476287124904,5116.857491205553,76.66633260041989,-1.135867239501501,246.41010902783754
2891.499999999997,0.8000385222562064,-6.955039266175289,254.44485337572922,-2214.354720975144,-4415.82815274663,5152.277195633787,-2255.019390551197,-5055.593643995922,5115.067678722919,76.6664766050321,-1.135528147779819,247.02716933665752
2891.5999999999954,0.7320438957807517,-8.040687169659078,253.4704352144723,-2222.4707529485986,-4445.557854426092,5147.893418648181,-2267.7410028300205,-5082.848984496426,5113.278175745148,76.66662089004107,-1.1351867588657334,247.644226437314
2891.699999999994,0.7473997178540459,-7.667469746307936,254.0487027763664,-2230.5185328345538,-4475.347543944015,5143.521175708276,-2280.165918653884,-5110.239138682773,5111.4889843047295,76.66676545005807,-1.1348431402376586,248.2612797423886
2891.7999999999925,0.7919324604932982,-6.627876797795795,255.11669862550426,-2238.5083467745158,-4505.213681798975,5139.14261612995,-2292.292690413599,-5137.760920742128,5109.700106394411,76.66691022012184,-1.1344973515662184,248.87832869205215
2891.899999999991,0.7532811668369536,-7.060141876250339,254.68947239797038,-2246.376129787047,-4535.1648348621875,5134.824971161044,-2304.119905476505,-5165.411129377619,5107.911543966061,76.6670551898845,-1.1341494500970801,249.49537274770066
2891.9999999999895,0.6385077104591611,-8.052480970086574,253.79287676444693,-2254.1122215416885,-4565.183262197652,5130.588222685084,-2315.6461863477966,-5193.186548197335,5106.123298937488,76.6672003104231,-1.1337994929494772,250.11241134637285
2892.099999999988,0.5416811836562484,-7.9797716414998785,253.998893441962,-2261.759780860003,-4595.2305619715,5126.414895177868,-2326.8701908356484,-5221.08394610165,5104.3353731833495,76.66734555283611,-1.1334475350375304,250.72944395902445
2892.1999999999866,0.55709184640862,-6.415337651329766,255.1991205499007,-2269.3472601325248,-4625.30560886182,5122.28221083051,-2337.790612206072,-5249.100077678594,5102.547768553322,76.6674909293199,-1.1330936213376257,251.34647007324244
2892.299999999985,0.6042513972803907,-4.401311151560813,256.5906219705789,-2276.846757068505,-4655.469080582694,5118.2447834651475,-2348.4061793317965,-5277.231683593117,5100.760486860752,76.66763636013745,-1.1327378023116415,251.96348915922465
2892.3999999999837,0.5670890163812978,-4.376752699544861,256.6463363832055,-2284.179039042408,-4685.736869871609,5114.417684105757,-2358.715656845418,-5305.47549098197,5098.973529882646,76.66778184878252,-1.1323801224594048,252.5805007178216
2892.4999999999823,0.4552671064087482,-5.741181579137389,255.8641741474305,-2291.3395906754727,-4716.091381732488,5110.821769504112,-2368.7178452788576,-5333.828213851251,5097.186899373302,76.66792736173068,-1.1320206289303245,253.1975042206253
2892.599999999981,0.2930745518738782,-6.989126142471813,255.31469329169468,-2298.412706863829,-4746.499719573679,5107.366604803938,-2378.411581206447,-5362.286553469662,5095.400597058633,76.66807286834819,-1.1316593729150686,253.81449913600392
2892.6999999999794,0.11675187287957313,-6.302746341457086,255.51483807064463,-2305.454609273621,-4776.940402837424,5104.007312104315,-2387.7957373790373,-5390.847198770819,5093.614624632758,76.66821836823682,-1.1312963846674862,254.43148500681397
2892.799999999978,0.009650036947659145,-4.929953641008878,255.84610300368996,-2312.4875358301006,-4807.415318048525,5100.799286908865,-2396.8692228525993,-5419.506826749106,5091.828983767086,76.66836382768753,-1.1309317128411436,255.0484613023117
2892.8999999999764,-0.05717645483236988,-5.599447299866478,255.9377354204752,-2319.5321138455142,-4837.9235544397225,5097.69052979233,-2405.6309831158933,-5448.262102857864,5090.043676097828,76.66850923110407,-1.1305653919882512,255.66542754656493
2892.999999999975,-0.178743772286314,-6.989439032225089,256.07948626147095,-2326.6104945140773,-4868.460337293252,5094.655843205712,-2414.080000211472,-5477.109681418579,5088.258703254381,76.66865455789753,-1.1301974555281706,256.28238326905955
2893.0999999999735,-0.3096287957496978,-6.294553354820493,255.95283331106475,-2333.736463232197,-4899.005716823944,5091.671111910403,-2422.2152928518467,-5506.046206020282,5086.474066827536,76.6687997830098,-1.1298279341968702,256.8993280048079
2893.199999999972,-0.3753881140662232,-4.818970955785589,255.6341962349223,-2340.9409571424276,-4929.55711915115,5088.78521200532,-2430.0359165305904,-5535.068309918477,5084.689768396729,76.66894487286922,-1.1294568670214553,257.5162612552853
2893.2999999999706,-0.32639307013948476,-5.357612671335535,256.01669491884826,-2348.207414002735,-4960.140497852569,5085.910835695088,-2437.540963635074,-5564.17261644608,5082.905809518689,76.66908981586725,-1.1290842907224918,258.13318252949097
2893.399999999969,-0.24981412588669194,-6.780798900806355,256.5114010825942,-2355.4866986770994,-4990.796256096995,5082.897350969992,-2444.7295635492983,-5593.355739415798,5081.122191718349,76.66923462529829,-1.1287102368990518,258.7500913593478
2893.4999999999677,-0.25838220723364064,-6.074043778251715,256.29703899484565,-2362.791708866193,-5021.489404268103,5079.821224273387,-2451.600882747584,-5622.614283525768,5079.3389165172375,76.66937924066055,-1.1283347213068045,259.3669873249883
2893.5999999999663,-0.28562159491896905,-4.480149021722741,255.92889165642103,-2370.1647741374036,-5052.194909114471,5076.845998765952,-2458.154124896801,-5651.944844771569,5077.555985408494,76.66952367259866,-1.1279577865542085,259.9838699255317
2893.699999999965,-0.22444437640599166,-5.136928083023357,256.21125604437094,-2377.591101544362,-5082.933859818968,5073.902527349988,-2464.3885309402744,-5681.344010849392,5075.773399873907,76.66966791359928,-1.1275794496478009,260.6007387253214
2893.7999999999633,-0.07341847408832053,-6.639084206993717,256.6166383225402,-2385.0303027150508,-5113.749490192474,5070.799911410201,-2470.303379184794,-5710.808361569036,5073.991161369145,76.66981191937614,-1.1271997350393337,261.2175932938524
2893.899999999962,0.13925889742779424,-5.891993788878029,256.73334675495835,-2392.479366103292,-5144.631025527728,5067.500608135736,-2475.897985384749,-5740.334469267662,5072.2092713464735,76.66995571425028,-1.12681868070276,261.83443311409513
2893.9999999999604,0.37653306556933736,-3.6692360950457954,257.2466899544196,-2399.945463998892,-5175.5824379990145,5064.146831012875,-2481.171702814786,-5769.9188992118625,5070.427731230906,76.67009925858234,-1.1264362958317076,262.4512578074032
2894.099999999959,0.6185098958581026,-1.6990667537220348,258.2314736200229,-2407.363019722111,-5206.628310226662,5060.914467323006,-2486.1239223426046,-5799.558210013266,5068.6465424372345,76.67024253898032,-1.126052616698,263.06806686386216
2894.1999999999575,0.8015897801871135,-0.830319807955123,258.94547013613624,-2414.61635733068,-5237.794133019399,5057.887920911077,-2490.754072498601,-5829.248954042521,5066.865706370035,76.67038552916223,-1.1256676517136532,263.6848599060733
2894.299999999956,0.8733485875523609,-1.2740428494419724,258.57964288811155,-2421.613886541069,-5269.084058633855,5055.078158567718,-2495.0616195351663,-5858.987677837051,5065.085224414578,76.67052823649483,-1.125281433759071,264.3016364382137
2894.3999999999546,0.9192661076733597,-1.9629715395616945,258.10437187621284,-2428.3568565177743,-5300.465851357497,5052.443926673422,-2499.046067488684,-5888.770922516859,5063.305097943646,76.67067066009432,-1.124893972083938,264.9183960767413
2894.499999999953,0.9691521666763497,-1.3245087398272581,259.23613272661566,-2434.873011349138,-5331.918941641971,5049.927478986874,-2502.7069582272065,-5918.595224202753,5061.5253283198,76.6708127802731,-1.1245052928415724,265.53513834726186
2894.5999999999517,1.0039792038767856,-0.27068941258265555,261.1772755395267,-2441.054799278452,-5363.462292777807,5047.596045463756,-2506.0438715072664,-5948.4571144222555,5059.745916890842,76.67095458303312,-1.1241154205974304,266.15186280405385
2894.6999999999503,1.0481480095856746,0.2755710228705148,262.33148467589297,-2446.8633779050297,-5395.115125405694,5045.446218468905,-2509.0564250099737,-5978.353120529646,5057.966864994353,76.67109604273323,-1.1237243564736983,266.7685690714833
2894.799999999949,1.0800962940776477,0.24556016293451022,262.76916138187846,-2452.2607338329162,-5426.864133996961,5043.486210128242,-2511.7442743885786,-6008.279766116976,5056.1881739565615,76.67123716085725,-1.1233321362138655,267.3852566619221
2894.8999999999473,1.125125065816655,0.7984263905489323,264.2174801581286,-2457.245636794235,-5458.688755502757,5041.684901968521,-2514.1071132968823,-6038.23357143059,5054.409845091203,76.67137794002619,-1.1229387561777893,268.00192521372094
2894.999999999946,1.1578166503940834,1.2424239671013186,265.7339845130093,-2461.736660054684,-5490.594247810895,5040.0695405801835,-2516.1446734232827,-6068.211053789066,5052.631879706339,76.67151835374091,-1.1225442500360692,268.6185742449331
2895.0999999999444,1.2021500011540398,1.4358395209255836,266.6320597938351,-2465.739099167072,-5522.584663872934,5038.60677944988,-2517.856724516871,-6098.2087279955595,5050.854279095265,76.67165842026283,-1.1221486245966499,269.23520335334126
2895.199999999943,1.1543509942133017,1.0764501712481647,266.1034602325624,-2469.2357055515904,-5554.649284575801,5037.287950797272,-2519.2430744064254,-6128.223106755483,5049.0770445444705,76.67179811391262,-1.1217518931440895,269.8518121367455
2895.2999999999415,1.0391592598974349,0.213588948984258,264.58368676706556,-2472.3008300777287,-5586.762390865099,5036.102575429148,-2520.3035690168504,-6158.250701090356,5047.300177332491,76.67193741980199,-1.1213540670637625,270.4684001718144
2895.39999999994,0.880029618474116,-0.6903296847954525,263.3261645954753,-2475.1069583764975,-5618.906672298894,5035.009082959816,-2521.0380923829357,-6188.288020754856,5045.523678725374,76.67207632642278,-1.120955161342707,271.08496705238247
2895.4999999999386,0.7096926335188688,-1.3466779417833057,262.81992561784165,-2477.779447887804,-5651.056550385151,5033.964770901766,-2521.4465666553474,-6218.331574651357,5043.747549984625,76.67221484614528,-1.120555192005788,271.70151233335804
2895.599999999937,0.5391700211857292,-2.202364110826407,262.3151399359594,-2480.4003367907735,-5683.195137800628,5032.928214052579,-2521.5289521057166,-6248.377871249495,5041.971792355854,76.67235296947624,-1.120154173260533,272.3180356096974
2895.6999999999357,0.3702291429288321,-1.9206034286818947,262.61196900065505,-2482.990021731897,-5715.320583950385,5031.91395724234,-2521.2852471208307,-6278.423418997921,5040.196407085803,76.67249067992294,-1.1197521119194553,272.9345364698132
2895.7999999999342,0.2758031996946874,-1.0683484449088168,263.22383681607323,-2485.537396140322,-5747.412728818937,5030.989509789446,-2520.7154882008817,-6308.46472673975,5038.421395411,76.67262795606895,-1.1193490244414526,273.5510145024618
2895.899999999933,0.22395042594196918,-1.9135240041164285,263.16319242893593,-2488.071647582909,-5779.504796424147,5030.105128010765,-2519.8197499440575,-6338.498304130836,5036.64675856002,76.67276482840087,-1.118944909239226,274.16746933491135
2895.9999999999313,0.1098054246642874,-3.0970946295126702,263.03236565774864,-2490.6094008830087,-5811.607718044865,5029.265960857317,-2518.5981450322884,-6368.520662055891,5034.872497752357,76.67290125938194,-1.1185397979325322,274.7839004818186
2896.09999999993,-0.047041953042019025,-3.3842074323788314,263.10940428803565,-2493.165746187928,-5843.687575802054,5028.458556520281,-2517.0508242132764,-6398.528313038003,5033.098614201826,76.67303726845633,-1.1181336868363574,275.40030758643275
2896.1999999999284,-0.1427487685353644,-2.8774857980528914,263.342757399687,-2495.7580059903257,-5875.740559644866,5027.672573109565,-2515.177976270914,-6428.517771653553,5031.325109112025,76.67317281793665,-1.1177265874030973,276.01669024016854
2896.299999999927,-0.10807893272621392,-3.8127703145719405,263.75179662760354,-2498.3813736833345,-5907.8117278557365,5026.787556707329,-2512.979828000197,-6458.485554949717,5029.55198368882,76.67330791907473,-1.1173185116721294,276.63304802680693
2896.3999999999255,-0.03948144837658168,-4.884639471723669,263.9442686239028,-2501.017828326571,-5939.923183803736,5025.666775336594,-2510.456644169217,-6488.428182857797,5027.779239123318,76.67344258541871,-1.1169094597719926,277.24938058596524
2896.499999999924,0.020296003297963796,-5.235992398371744,264.1282601911324,-2503.6789600135835,-5972.066682422184,5024.3122033317895,-2507.6087274807014,-6518.342178602778,5026.006876602084,76.67357681022303,-1.1164994493539113,277.86568747248566
2896.5999999999226,0.17977340114909843,-4.861731215748611,264.2917621426002,-2506.3706549251106,-6004.2494243941655,5022.678768402064,-2504.4364185293507,-6548.224069117791,5024.23489730714,76.67371054857753,-1.1160884885907048,278.48196828821557
2896.699999999921,0.34176207468330266,-5.689468541054068,264.0926848062147,-2509.120174242305,-6036.469228866763,5020.715756692762,-2500.9400957566636,-6578.07038545895,5022.4633024159675,76.6738438290185,-1.1156765891612073,279.0982226255592
2896.7999999999197,0.39655805768979235,-6.096302604136345,263.8804137424367,-2511.9253747569433,-6068.706256727207,5018.511488846228,-2497.1201753943037,-6607.877663209516,5020.692093093557,76.67397664443654,-1.1152637460671786,279.71445013282334
2896.8999999999182,0.4166449527906838,-4.9669909428863,264.4221280244884,-2514.742632864003,-6100.927036171982,5016.202566379792,-2492.977111407383,-6637.64244289979,5018.921270512847,76.67410899698963,-1.114849976805418,280.3306503811799
2896.999999999917,0.5286655575268412,-2.704272639842395,265.61727059970633,-2517.539090333538,-6133.16187996895,5013.862109468043,-2488.5113954329886,-6667.361270412237,5017.150835824066,76.67424087592055,-1.114435288003416,280.9468229676879
2897.0999999999153,0.7084665079569787,-0.6151595229938779,267.0774497301045,-2520.2610307889217,-6165.456805925092,5011.583021549544,-2483.723556715872,-6697.030697387178,5015.380790184259,76.67437227881848,-1.114019686394889,281.5629675125196
2897.199999999914,0.9337822235267144,0.588419642814616,268.446225489379,-2522.799976106623,-6197.834365781805,5009.455847831074,-2478.6141620344724,-6726.647281637108,5013.611134740248,76.67450319550875,-1.113603181398451,282.1790835973745
2897.2999999999124,1.1192195983232092,1.2585250729806874,269.71774375577735,-2525.019475497874,-6230.285992854359,5007.50630461176,-2473.183815629977,-6756.207587552648,5011.8418706297725,76.67463364519563,-1.1131857806080776,282.79517084690445
2897.399999999911,1.1934327559529254,1.6429116728647006,270.9619652108916,-2526.758663064096,-6262.787249266891,5005.74630741384,-2467.433159120065,-6785.708186501442,5010.072998996249,76.67476359993849,-1.1127674822897453,283.4112288780829
2897.4999999999095,1.2405592087503072,1.8070540402016608,272.2212908558658,-2527.9143369648696,-6295.313052851459,5004.178653297007,-2461.3628714204324,-6815.1456572437155,5008.304520963791,76.67489306565493,-1.1123482987903794,284.02725730850864
2897.599999999908,1.2927250673103012,1.9607315623085564,273.4685195394206,-2528.5065133484927,-6327.85798927589,5002.751017039436,-2454.973668650078,-6844.516586331353,5006.53643766219,76.67502204520378,-1.1119282413171734,284.6432556941621
2897.6999999999066,1.3319918737058039,1.9739365999831493,274.7147251256398,-2528.4815983708054,-6360.400759201247,5001.458331879858,-2448.26630404486,-6873.817568511123,5004.768750209883,76.67515051894465,-1.1115073087756804,285.25922371195537
2897.799999999905,1.3830517015530222,1.999391917328745,275.95889863665315,-2527.8686744135484,-6392.937226848642,5000.255159367219,-2441.241567851427,-6903.045207126649,5003.001459726441,76.67527851098048,-1.1110855066737282,285.87516094424205
2897.8999999999037,1.422472018141138,1.8928913084738828,277.20161388156686,-2526.620208969585,-6425.444735805765,4999.131690510634,-2433.900287232845,-6932.1961145191935,5001.234567323489,76.67540600538186,-1.1106628457433916,286.4910670189645
2897.9999999999022,1.4740869612609226,1.800191596116112,278.45081335237245,-2524.7720926910956,-6457.921245521712,4998.044833995035,-2426.243326152823,-6961.2669124298045,4999.4680741035645,76.67553300147128,-1.1102393326384752,287.1069415104838
2898.099999999901,1.514142802318403,1.5763575809680561,279.6895422846884,-2522.280537224955,-6490.342673222555,4996.979891305813,-2418.271585274019,-6990.2542323954385,4997.701981168074,76.67565947513533,-1.1098149675621236,287.72278409623397
