time,bank_rad,pitch_rad,heading_deg,agent_n_m,agent_e_m,agent_up_m,foe_n_m,foe_e_m,foe_up_m,foe_roll_deg,foe_pitch_deg,foe_yaw_deg,mode,mach,aoa_deg,foe_mach,foe_aoa_deg,left_wingtip_mounted,left_wingtip_north_m,left_wingtip_east_m,left_wingtip_up_m,left_wingtip_roll_deg,left_wingtip_pitch_deg,left_wingtip_yaw_deg,right_wingtip_mounted,right_wingtip_north_m,right_wingtip_east_m,right_wingtip_up_m,right_wingtip_roll_deg,right_wingtip_pitch_deg,right_wingtip_yaw_deg
0.09999999999999999,0.03063498319420515,-0.4414285340833024,0.05423618471600282,32.111211012725384,-0.001853645549695042,7480.0661317820195,7802.598111825997,424.16202014221386,7480.089899049497,5.754786022322772e-07,-0.06102344613670921,13.697844299343714,offense,1.029678384041721,-0.2840348717513322,1.0269012039557024,-0.03546655236739853,1,33.935833133991814,-4.801858304827939,7480.069195357111,1.7552552424821606,-0.4414285340833024,0.05423618471600282,1,33.924484590632154,4.793630793434738,7479.775154244874,1.7552552424821606,-0.4414285340833024,0.05423618471600282
0.19999999999999998,0.08319499949525834,-1.8401969821865773,359.9822029809197,64.25382869153596,-0.002322616413459476,7479.905559690446,7833.699186079601,431.69172535856063,7480.06861799132,1.8277712610488991e-06,-0.11286056453674097,13.697844870166291,offense,1.030520947303674,-1.4243751019676378,1.0249989167111182,-0.061528391172354466,1,66.0800493919088,-4.797091180057357,7480.116302127136,4.766722347671317,-1.8401969821865773,359.9822029809197,1,66.0574036389431,4.769712715422014,7479.318962553734,4.766722347671317,-1.8401969821865773,359.9822029809197
0.3000000000000001,0.1349651263395183,-2.891995214624344,359.9242934632239,96.41976769940153,-0.00794726205343302,7479.593698844406,7864.743553749965,439.20770275742154,7480.032019692671,2.6370544918679393e-06,-0.145716188784345,13.697845267358716,offense,1.03147183285483,-2.1441171825977494,1.0231540503532106,-0.06474647709015098,1,98.25722728363269,-4.7842204827583155,7480.018264972936,7.73293212070434,-2.891995214624344,359.9242934632239,1,98.20462428791365,4.728555160151578,7478.72817486271,7.73293212070434,-2.891995214624344,359.9242934632239
0.4000000000000004,0.25519978475390376,-2.7686149522528147,0.04384446570485377,128.61934929445292,-0.028862812715436816,7479.0668458614355,7895.731989179462,446.7101400206963,7479.979268096754,3.6485496828753403e-06,-0.17590180587362367,13.697845866965727,offense,1.0327742177475032,-1.5538321723797373,1.0213133138387942,-0.06630898168965611,1,130.49325622557637,-4.704789077848386,7480.063583728945,14.621870599045737,-2.7686149522528147,0.04384446570485377,1,130.3690907754168,4.584202289977326,7477.643000677396,14.621870599045737,-2.7686149522528147,0.04384446570485377
0.5000000000000007,0.424170620238257,-1.1781845230575512,0.6074464878094883,160.85373429151974,-0.06678216705561019,7478.36020364366,7926.665282467351,454.1992286444622,7479.910617564405,4.835713063025336e-06,-0.19319599949472044,13.697846455101768,offense,1.033848818178987,0.42481495103121303,1.0195135654362493,-0.054365968414826986,1,162.75837483827155,-4.474966726381959,7480.179421409235,24.303186333098548,-1.1781845230575512,0.6074464878094883,1,162.58438211262302,4.272932024737038,7476.2292323034335,24.303186333098548,-1.1781845230575512,0.6074464878094883
0.6000000000000003,0.6209050416227736,1.1790909618457768,1.8261133049507323,193.12134229051398,-0.08148468085115285,7477.6112299651895,7957.544223845301,461.6751601504556,7479.826421078709,6.0913185656072285e-06,-0.20652303209081124,13.697847228637336,offense,1.0349276281734536,3.0567793079372234,1.0177296958295645,-0.040311262253735755,1,195.01159271937144,-4.002962120337279,7480.334879723841,35.57523836337964,1.1790909618457768,1.8261133049507323,1,194.87764238496084,3.804916401803313,7474.751055739204,35.57523836337964,1.1790909618457768,1.8261133049507323
0.7,0.8371213620223342,2.836403625631394,3.1872494111116887,225.41974884818288,0.007455838922205551,7476.928751738495,7988.369601088347,469.1381254545241,7479.727615425012,7.674303515170906e-06,-0.21149703480712392,13.69784809541207,offense,1.0356897534631082,4.790092541291887,1.0159785885503656,-0.0191018287611886,1,227.24693681743145,-3.2065761348123942,7480.492553444095,47.96352098412283,2.836403625631394,3.1872494111116887,1,227.24181627465472,3.2312922136679374,7473.371189466059,47.96352098412283,2.836403625631394,3.1872494111116887
0.7999999999999996,1.0225271955882436,3.5431396337865038,4.059454331160609,257.7421830567416,0.29546193454773173,7476.353886765156,8019.142199587405,476.5883148796528,7479.615212273938,9.357188308659717e-06,-0.2129133127678039,13.697849156701112,offense,1.0363666042943667,5.1627656485082385,1.014248461472192,0.00329600541064899,1,259.4907590461143,-2.199771482681915,7480.487358937909,58.586492744554405,3.5431396337865038,4.059454331160609,1,259.6415963995037,2.827142462875708,7472.310110973173,58.586492744554405,3.5431396337865038,4.059454331160609
0.8999999999999992,1.1196966944534843,3.2604476977711188,3.664095780956141,290.0767244576718,0.8526388280086821,7475.882877107763,8049.862757740939,484.02590735493317,7479.490465714091,1.135098688531765e-05,-0.20929780232041081,13.69785037528288,offense,1.0365938944556552,3.936702610001638,1.0125434976653005,0.028796612467258686,1,291.7893001268779,-1.2517993847965905,7480.242662009077,64.15389492693394,3.2604476977711188,3.664095780956141,1,292.01221535364317,2.956220368791052,7471.616951687308,64.15389492693394,3.2604476977711188,3.664095780956141
0.9999999999999989,1.1314111693023265,2.4358244564405247,2.1692612484057747,322.4076119563186,1.680226334675297,7475.4839455033425,8080.531903442487,491.451055037696,7479.354571545938,1.347626535527723e-05,-0.20346569865884692,13.697851804748046,offense,1.0364375850580796,1.7514108425306627,1.010856292124021,0.05416883288922564,1,324.12426143939956,-0.4157882674142095,7479.846185448608,64.82508489498476,2.4358244564405247,2.1692612484057747,1,324.3386711640396,3.6789397284411067,7471.165907163326,64.82508489498476,2.4358244564405247,2.1692612484057747
1.0999999999999985,1.0810192087252763,1.4364402734721593,0.3417090840586995,354.7244767123605,2.7234687002656743,7475.126110841945,8111.15023493788,498.86390289032227,7479.208788792828,1.584764823885507e-05,-0.19496742246196722,13.697853430356101,offense,1.0361502419169137,-0.49030186177578233,1.0091897327702128,0.08011850540211789,1,356.4533778722843,0.3609605381997003,7479.344968028837,61.937838232530154,1.4364402734721593,0.3417090840586995,1,356.6388013373194,4.878267240897975,7470.87622796361,61.937838232530154,1.4364402734721593,0.3417090840586995
1.1999999999999982,0.9840064962501053,0.6919142778936771,359.1936230191891,387.02619620162443,3.8906152332164385,7474.774520485085,8141.718340006451,506.264593324019,7479.054315878159,1.8343512534240164e-05,-0.18530712745688946,13.697855275979888,offense,1.0356678804205022,-1.7378989930485247,1.0075413686143933,0.10503208986781741,1,388.7595622503224,1.0999751111083795,7478.721300166053,56.3794192485867,0.6919142778936771,359.1936230191891,1,388.93089552420923,6.413520814735289,7470.727747954131,56.3794192485867,0.6919142778936771,359.1936230191891
1.2999999999999978,0.8521244818881593,0.6923451090260502,359.35077622397296,419.31185077042227,5.140951467852486,7474.422925414897,8172.236800991524,513.6532674179475,7478.892320219091,2.1007973814626733e-05,-0.17449320855796924,13.697857333544565,offense,1.0353433511579544,-1.3806764226409667,1.0059125007635674,0.12913096350994588,1,421.0520652348474,1.8629236488415382,7477.971937564157,48.82313643196348,0.6923451090260502,359.35077622397296,1,421.2109877979126,8.182030113746384,7470.74672911705,48.82313643196348,0.6923451090260502,359.35077622397296
1.3999999999999975,0.7372371692668314,1.23632100803377,0.2887178205294786,451.5765314747275,6.484554999811467,7474.0995652480515,8202.706196166959,521.0300652510382,7478.723874504054,2.3762380943673423e-05,-0.16338713409442113,13.697859611577645,offense,1.0345485075362426,-0.13289982128070416,1.0043020739140496,0.1516266231708642,1,453.34688758063277,2.8524602783929676,7477.2686388024085,42.24057829916132,1.23632100803377,0.2887178205294786,1,453.45031559465656,9.960227039167004,7470.816588405803,42.24057829916132,1.23632100803377,0.2887178205294786
1.4999999999999971,0.6479672995670253,0.7096777023387524,0.1231514816793421,483.8247164851923,7.893637438633358,7473.787686273122,8233.127101976686,528.395126445772,7478.549968754832,2.661212093869034e-05,-0.15211669183811802,13.697862102170378,offense,1.0344048906731727,-0.4852004735660799,1.0027107004936495,0.17261474504143334,1,485.61836771998514,3.9919208749453383,7476.603485112629,37.125791527679645,0.7096777023387524,0.1231514816793421,1,485.67368252962854,11.646255680474763,7470.809686794021,37.125791527679645,0.7096777023387524,0.1231514816793421
1.5999999999999968,0.5264460348443549,-0.4311302709187929,359.46272918327713,516.0646726474753,9.357532807244747,7473.501279480681,8263.500094146986,535.7485904388876,7478.371483207029,2.950489136436866e-05,-0.1411603076114787,13.697864806010761,offense,1.0341801696038182,-1.54529808639112,1.001137969466682,0.19176906340562996,1,517.8623148004227,5.125098258923988,7475.786947978982,30.163135937978613,-0.4311302709187929,359.46272918327713,1,517.903850984193,13.42521704012232,7470.963432356178,30.163135937978613,-0.4311302709187929,359.46272918327713
1.6999999999999964,0.3770755672220368,-1.0945090966785835,359.23722297926804,548.2951644607045,10.845809892096803,7473.226995716205,8293.82574852477,543.0905966859825,7478.189196570612,3.242915281269686e-05,-0.13063194118832744,13.697867714576518,offense,1.033898425590125,-1.8266685739816417,0.9995841928092262,0.2091869565101541,1,550.086071033286,6.310922150562864,7474.838438181815,21.60483855932427,-1.0945090966785835,359.23722297926804,1,550.1373797062136,15.236585850062774,7471.3043336356095,21.60483855932427,-1.0945090966785835,359.23722297926804
1.799999999999996,0.21537644871763853,-1.3265745402859332,359.3273400740856,580.520328733684,12.335194525251499,7472.95134977561,8324.10464281771,550.421285084199,7478.0037791535,3.5337633058672375e-05,-0.12061934733866522,13.697870818070784,offense,1.0338040036801572,-1.5256775559732556,0.9980493363699516,0.22494865091578511,1,582.3051475365675,7.597030646360007,7473.807810456343,12.3401615180365,-1.3265745402859332,359.3273400740856,1,582.3677514243336,16.97514367570793,7471.756694476684,12.3401615180365,-1.3265745402859332,359.3273400740856
1.8999999999999957,0.052451205052513765,-1.8605287046817949,359.4445373515819,612.7409680304773,13.811057628836947,7472.671041556004,8354.337360177547,557.740796840727,7477.815805042881,3.819376526328675e-05,-0.11105552144254766,13.697874099408102,offense,1.0335331148184914,-1.5055716519935713,0.996533713123324,0.2393006734650565,1,614.5173425989555,8.993395835098262,7472.733717178178,3.005232679884298,-1.8605287046817949,359.4445373515819,1,614.5939420924861,18.579901346185153,7472.230681788278,3.005232679884298,-1.8605287046817949,359.4445373515819
1.9999999999999953,-0.057980625785992196,-3.0663497806472004,359.7218781163792,644.9578283699861,15.254441015436061,7472.346348944146,8384.524485064012,565.0492734729031,7477.625759737829,4.097950121739789e-05,-0.10207843280382017,13.697877551372946,offense,1.0336196100865798,-2.217169809162676,0.9950372172275979,0.25224239963829365,1,646.7301560964265,10.461380655074464,7471.84164426612,-3.3220451510647444,-3.0663497806472004,359.7218781163792,1,646.8064349404779,20.044991401602317,7472.3971499789495,-3.3220451510647444,-3.0663497806472004,359.7218781163792
2.099999999999995,-0.12049347311293075,-3.8384243584924493,359.97700962821403,677.1810737932173,16.66868578627394,7471.90361127677,8414.666601771993,572.3468564530078,7477.4340514335845,4.368527153759782e-05,-0.09369451547570354,13.697881163996753,offense,1.0337034129149472,-2.6429914708589797,0.9935599396887275,0.2639101560374161,1,678.9478215873828,11.918405444918584,7471.07733111221,-6.903767468243993,-3.8384243584924493,359.97700962821403,1,679.0288940014012,21.448768307318318,7472.228682915387,-6.903767468243993,-3.8384243584924493,359.97700962821403
2.199999999999995,-0.17968723988524887,-3.825140409640627,0.19967906588624784,709.4073040431998,18.04800499814963,7471.369863699648,8444.764294294771,579.6336871761761,7477.2410153147675,4.629760048298766e-05,-0.08594519238808754,13.697884926321878,offense,1.0339516753036273,-2.3081664310638605,0.9921018287252197,0.27438286111037663,1,711.1738543961307,13.354648591974776,7470.264872525395,-10.295320477779551,-3.825140409640627,0.19967906588624784,1,711.2553951565326,22.800426652570152,7471.976780214018,-10.295320477779551,-3.825140409640627,0.19967906588624784
2.2999999999999945,-0.16071010439553648,-4.574685038298556,0.6448681265832191,741.6445046774714,19.408145951344785,7470.670158280251,8474.818145895422,586.9099068575654,7477.046922253061,4.8809946305043216e-05,-0.07881351999937568,13.697888830152774,offense,1.0346250094072027,-2.7891607705554824,0.990662902076131,0.2837914833596958,1,743.4401922167374,14.710714359857576,7469.631436611745,-9.2080107069711,-4.574685038298556,0.6448681265832191,1,743.4560541160156,24.187786596893766,7471.1627269872615,-9.2080107069711,-4.574685038298556,0.6448681265832191
2.399999999999994,-0.03574793851502942,-5.447777410791001,1.0610073848662922,773.9026335492525,20.77069620172192,7469.695485321799,8504.82873877475,594.1756564527656,7476.851985196496,5.121502793284989e-05,-0.07229172389852842,13.697892864823624,offense,1.0356979056734505,-3.346931108772451,0.9892431095945396,0.29224069695606425,1,775.7742248441117,16.012249538118883,7469.222588531101,-2.048206003204349,-5.447777410791001,1.0610073848662922,1,775.6291435560963,25.605074460534595,7469.564145887555,-2.048206003204349,-5.447777410791001,1.0610073848662922
2.499999999999994,0.1230568650984322,-6.233630574521916,1.1839263817469203,806.1825257371776,22.129881943155407,7468.371432620555,8534.796653637908,601.4310765535828,7476.656367047328,5.3509588406400845e-05,-0.06634441820416218,13.697897022710102,offense,1.0365933700703291,-3.7058898106582774,0.9878424200405843,0.29985259903772193,1,808.140091143738,17.38965739518034,7468.631257395764,7.050639010250887,-6.233630574521916,1.1839263817469203,1,807.8153133230196,26.912385089196114,7467.459857962269,7.050639010250887,-6.233630574521916,1.1839263817469203
2.5999999999999934,0.21324795102813396,-6.918652787872828,1.048153288807807,838.4680431224391,23.45922024255445,7466.745329741246,8564.722469329496,608.6763073002828,7476.460187299991,5.569106135845905e-05,-0.06093781872214212,13.697901295264964,offense,1.036828837760255,-3.982253582025096,0.9864607666378947,0.3067337720434741,1,840.4678535619847,18.776232291498346,7467.40841499681,12.21820758372454,-6.918652787872828,1.048153288807807,1,840.051523727411,28.15273284111694,7465.391509715979,12.21820758372454,-6.918652787872828,1.048153288807807
2.699999999999993,0.26379213142825436,-7.319419918256039,0.9966913718908461,870.7531830201007,24.746460350763794,7464.868621028549,8594.606762439082,615.9114882865878,7476.263528917489,5.775933204757425e-05,-0.056026023842591754,13.697905672963175,offense,1.0375269793915693,-3.9311528409735246,0.9850980813927663,0.3129923652605935,1,872.7827149915416,20.113206629362843,7465.753640762805,15.114175799599296,-7.319419918256039,0.9966913718908461,1,872.3026493078405,29.37417544650589,7463.270901648996,15.114175799599296,-7.319419918256039,0.9966913718908461
2.7999999999999927,0.37323489064915966,-7.033856173584489,1.2008222368889578,903.0411693089093,25.978435393848724,7462.709599079186,8624.450106961725,623.1367584778997,7476.066444327807,5.9715282127395136e-05,-0.05156375767277237,13.697910149018451,offense,1.0378599580575925,-3.0755150814344248,0.98375427627666,0.3187245651844857,1,905.1411933361574,21.50452784681487,7464.103640092059,21.384784001223643,-7.033856173584489,1.2008222368889578,1,904.5253038987709,30.432647321088034,7460.629541237102,21.384784001223643,-7.033856173584489,1.2008222368889578
2.8999999999999924,0.5038708596015085,-5.50992183596569,1.8885366808528474,935.33849530317,27.156325338149617,7460.303851853085,8654.253073967378,630.3522561315781,7475.868961150083,6.156132814331968e-05,-0.04750172983104722,13.697914717102663,offense,1.0389630813954414,-1.0763955150396416,0.9824292567389272,0.3240212116612344,1,937.5011754405235,22.959093678361473,7462.3226041948965,28.869673674795287,-5.50992183596569,1.8885366808528474,1,936.7793155896765,31.34677452164745,7457.708958301797,28.869673674795287,-5.50992183596569,1.8885366808528474
2.999999999999992,0.6265800577202816,-3.1213437786069593,3.3080328378859996,967.6663946869601,28.345430148999416,7457.823134408614,8684.01623131779,637.5581187286573,7475.671087197474,6.330073653614153e-05,-0.04379226304761133,13.697919370074,offense,1.040305335669866,1.7116926751401056,0.9811229146487336,0.32896253715417856,1,969.856706994574,24.50100438413276,7460.429323682927,35.90039283443565,-3.1213437786069593,3.3080328378859996,1,969.101974767396,32.246720879521405,7454.808446950751,35.90039283443565,-3.1213437786069593,3.3080328378859996
3.0999999999999917,0.7552686121497267,-1.3625376349384022,4.609751237868788,1000.0418957518309,29.616796915120588,7455.362921051896,8713.740143409925,644.7544829119187,7475.472814998598,6.493770206085841e-05,-0.04038797321112596,13.697924101333241,offense,1.041764480407471,3.6539409717490696,0.9798351349745326,0.33362088791359595,1,1002.2192736255392,26.19679401140922,7458.51441367186,43.27370387488243,-1.3625376349384022,4.609751237868788,1,1001.5015543642113,33.15124753077821,7451.9356253861,43.27370387488243,-1.3625376349384022,4.609751237868788
3.1999999999999913,0.820925281157017,-1.3312852333985015,4.51775817907485,1032.4521683359371,31.054672935201864,7452.993197558088,8743.425370961513,651.9414844340997,7475.274125702405,6.647698482790088e-05,-0.03724426739546564,13.697928906940326,offense,1.0425474633808163,3.1972975334034985,0.9785657947070583,0.3380589786307139,1,1034.610501699373,27.84817390726149,7456.373916575708,47.03555390588756,-1.3312852333985015,4.51775817907485,1,1033.9324282905966,34.35781527069885,7449.350755907481,47.03555390588756,-1.3312852333985015,4.51775817907485
3.299999999999991,0.7965013342117433,-2.3834904760108286,3.3184908602586365,1064.8793804452605,32.686204770449756,7450.723912534145,8773.072470828643,659.1192581138182,7475.074992475507,6.792383869916312e-05,-0.03431905738777001,13.697933781356442,offense,1.0429183587270756,1.2752156623869344,0.9773147648250505,0.34233128137856755,1,1067.0331142625212,29.35613482380422,7453.986023015847,45.63616482687194,-2.3834904760108286,3.3184908602586365,1,1066.359611160551,36.040794603362656,7447.128784708541,45.63616482687194,-2.3834904760108286,3.3184908602586365
3.3999999999999906,0.729773525411719,-3.534975975702515,2.18967008951785,1097.31368522512,34.47041209304409,7448.52726809924,8802.681995860328,666.2879378004039,7474.875383346516,6.928379357655489e-05,-0.03157383674939666,13.69793872024015,offense,1.0432618907320592,-0.4610955187991797,0.9760819112068876,0.34648375907130613,1,1099.460099042833,30.885570856571086,7451.512418184649,41.81294300647463,-3.534975975702515,2.18967008951785,1,1098.7923763354208,38.020392394311784,7445.124267590729,41.81294300647463,-3.534975975702515,2.18967008951785
3.4999999999999902,0.7085234569159591,-3.3720551065484603,2.508757469769193,1129.7629073914873,36.331143709906726,7446.33870265317,8832.25449478406,673.4476563462108,7474.675263606432,7.056255747496748e-05,-0.028973595151600876,13.697943719707206,offense,1.044106276695105,-0.1570329972001008,0.9748670962795776,0.3505548407432802,1,1131.9189976771804,32.69268740323675,7449.251126108712,40.59540376730367,-3.3720551065484603,2.508757469769193,1,1131.2328365367161,39.959122956812806,7443.015093937929,40.59540376730367,-3.3720551065484603,2.508757469769193
3.59999999999999,0.7810759919601707,-1.913098742724192,4.07322831132913,1162.2424137270136,38.25373449740713,7444.137782602608,8861.790512122783,680.5985455864999,7474.474597757105,7.176587163241136e-05,-0.026487199665867076,13.697948775609998,offense,1.0453816236506575,1.8199285640344216,0.9736701794757384,0.3545757709320591,1,1164.4148920886335,34.899299148594295,7447.362282759055,44.75235781831201,-1.913098742724192,4.07322831132913,1,1163.7055712296012,41.68355305747512,7440.607228146488,44.75235781831201,-1.913098742724192,4.07322831132913
3.6999999999999895,0.8940654227893808,-0.5270684117331873,5.670822018583226,1194.7650999987025,40.28077588657946,7441.956709381816,8891.290588138743,687.7407363258029,7474.273351060009,7.289942805720433e-05,-0.024087267429234633,13.697953886255217,offense,1.0469066356465677,3.5540099012726034,0.9724910192119552,0.3585714421271691,1,1196.9166724931263,37.37180262732512,7445.600596094954,51.22617533441109,-0.5270684117331873,5.670822018583226,1,1196.2540992944157,43.347554998122575,7438.116520977796,51.22617533441109,-0.5270684117331873,5.670822018583226
3.799999999999989,0.9610978379654761,-0.5170095430633909,5.6888735699486785,1227.3173125968226,42.49438973517416,7439.848438154635,8920.755258802825,694.874358330458,7474.071490743256,7.396878037827931e-05,-0.021750196232703183,13.697959048236102,offense,1.047739103195902,3.087712726900411,0.9713294724446828,0.3625609653157532,1,1229.4459615913477,39.837153839057336,7443.692557149996,55.06684981457004,-0.5170095430633909,5.6888735699486785,1,1228.8303809072813,45.30019472017945,7435.822598779548,55.06684981457004,-0.5170095430633909,5.6888735699486785
3.899999999999989,0.9429418395176229,-1.4261512980348512,4.418303838618134,1259.8795960878144,44.92017615768008,7437.818720226762,8950.185055785478,701.9995403263428,7473.868986896334,7.497927991207335e-05,-0.01945595696960769,13.697964259151139,offense,1.04815548240159,1.1928617344553745,0.970185396259406,0.3665584160852447,1,1262.013442009822,42.15156006229713,7441.580470683333,54.02658773066198,-1.4261512980348512,4.418303838618134,1,1261.3862286358785,47.75903922427365,7433.813696524679,54.02658773066198,-1.4261512980348512,4.418303838618134
3.9999999999999885,0.860245252861289,-2.4212517753324643,3.119680875769212,1292.4389973714701,47.52558635179648,7435.851968827031,8979.580506467239,709.1164100013659,7473.665813101432,7.593602242427266e-05,-0.017187918810887635,13.697969516880661,offense,1.0481974995372547,-0.5665456451874902,0.9690586483015426,0.37057346934881497,1,1294.580329276812,44.40815362880209,7439.325527648869,49.28842233511616,-2.4212517753324643,3.119680875769212,1,1293.9325980020562,50.64375909107535,7432.0551996841505,49.28842233511616,-2.4212517753324643,3.119680875769212
4.099999999999993,0.7384582787266593,-2.527513901842836,3.044557951455894,1324.9819000198008,50.25344256675639,7433.926722031894,9008.942133965647,716.2250940118976,7473.461946826315,7.6843814411515e-05,-0.014932590268888537,13.697974819554,offense,1.047564641171021,-0.6360701731390989,0.9679490873277797,0.3746120498018209,1,1327.1287957515433,46.72534580177355,7436.978389106453,42.31054271753296,-2.527513901842836,3.044557951455894,1,1326.4671590369092,53.79945901730371,7430.522449277759,42.31054271753296,-2.527513901842836,3.044557951455894
4.199999999999998,0.6619824312969068,-1.9324018649166155,3.8466946579849015,1357.5106432878258,53.06920410955312,7432.035174822897,9038.270457176353,723.325717992654,7473.257369643465,7.770714404944382e-05,-0.012679364942780927,13.69798016551798,offense,1.0476563238051597,0.3715339194665896,0.9668565736758361,0.3786769153338807,1,1359.68068792731,49.3403557272567,7434.82011575665,37.92879942512174,-1.9324018649166155,3.8466946579849015,1,1358.9741546242064,56.88218938164141,7428.922526772904,37.92879942512174,-1.9324018649166155,3.8466946579849015
4.300000000000003,0.6277169294320887,-2.4751749249504504,3.5979351058484883,1390.0495951935445,55.940926333330516,7430.137972717425,9067.565990825546,730.4184065693161,7473.052067292533,7.853016702424575e-05,-0.010420223247678098,13.697985553308609,offense,1.0484177035325093,-0.18930727930213012,0.965780969618983,0.3827682209151205,1,1392.229873777506,52.10886870983187,7432.7706556961575,35.96553078537001,-2.4751749249504504,3.5979351058484883,1,1391.499265178297,59.84823046796885,7427.137850830777,35.96553078537001,-2.4751749249504504,3.5979351058484883
4.400000000000008,0.5370419990064509,-3.459284168019013,2.944404910850086,1422.6034406260349,58.86728748233139,7428.252197206003,9096.829245532055,737.5032833735033,7472.846029595179,7.931670469951159e-05,-0.008149438600288203,13.697990980933263,offense,1.0487047522880404,-1.3079282202874978,0.9647221394943007,0.3868840284201162,1,1424.7742405791719,54.782611322374315,7430.482073487714,30.770239964338586,-3.459284168019013,2.944404910850086,1,1424.054582405845,63.005066698132765,7425.57969450326,30.770239964338586,-3.459284168019013,2.944404910850086
4.500000000000013,0.4505892660328515,-3.4624825060371145,3.090006752359663,1455.1495098750586,61.83933854420062,7426.397838961816,9126.060727876931,744.5804710595352,7472.63925029043,8.007023571883763e-05,-0.00586330891160334,13.697996448610338,offense,1.048197024940532,-1.1415105864285908,0.963679950697477,0.3910207414028923,1,1457.3185229555675,57.572525327277944,7428.257674230993,25.816863237579852,-3.4624825060371145,3.090006752359663,1,1456.6005583185001,66.18818020515124,7424.084543774693,25.816863237579852,-3.4624825060371145,3.090006752359663
4.600000000000018,0.45104579932249506,-1.9660924769344754,4.0771573600792195,1487.696284770416,64.84529324460888,7424.563159711532,9155.260940478362,751.6500913225215,7472.431726801909,8.079391112685358e-05,-0.003559853951428167,13.698001954602825,offense,1.0488955169076724,0.5493753668716294,0.9626542726838513,0.39517353010615464,1,1489.889386373582,60.61388529297464,7426.4749107688185,25.843020668283653,-1.9660924769344754,4.0771573600792195,1,1489.131884118238,69.22173226226299,7422.292667245724,25.843020668283653,-1.9660924769344754,4.0771573600792195
4.700000000000023,0.548254365287502,0.3450564247148317,5.548122852885232,1520.2761316640717,67.907580001784,7422.782141176817,9184.430382071052,758.7122649175132,7472.223459931255,8.149056204815583e-05,-0.0012385611510909466,13.698007497962301,offense,1.050341797537538,2.951334761348612,0.9616449778827757,0.3993366752096908,1,1522.4758486594276,63.937406752017154,7425.183863372905,31.41266123059761,0.3450564247148317,5.548122852885232,1,1521.71372837771,72.09492093496192,7420.180451034185,31.41266123059761,0.3450564247148317,5.548122852885232
4.800000000000028,0.6777191518482027,1.74654215121771,6.634423656001159,1552.9024448037671,71.0665822316436,7421.094355896789,9213.569547588144,765.7671116792927,7472.014453544739,8.216271818095786e-05,0.001099864892305766,13.698013077821887,offense,1.051899908220183,4.169433196922869,0.9606519415547323,0.4035038719021986,1,1555.0627924524777,67.47136474792141,7424.056890163502,38.83044709608778,1.74654215121771,6.634423656001159,1,1554.3810089410574,74.92092818370998,7418.04031506967,38.83044709608778,1.74654215121771,6.634423656001159
4.900000000000033,0.754523541104914,1.5206102336890235,6.534302712835985,1585.5591674481461,74.38687474606479,7419.549921556324,9242.67892824482,772.8147505425669,7471.804714191744,8.281262430558593e-05,0.0034537397242105057,13.698018693381183,offense,1.0528298323215037,3.351162088225167,0.9596750418439303,0.40766849770859637,1,1587.6906423452217,71.02125635450977,7422.790095564856,43.23101444857726,1.5206102336890235,6.534302712835985,1,1587.068033248003,77.99021623101596,7416.216971790598,43.23101444857726,1.5206102336890235,6.534302712835985
5.000000000000038,0.7477156933858746,0.3085943707594393,5.497141320836375,1618.2256603026954,77.8874409866888,7418.146433372837,9271.759011622471,779.8552995623,7471.594250783426,8.344225918614239e-05,0.005820602347445836,13.698024343894419,offense,1.0533089161965694,1.4056913275614433,0.9587141597695379,0.41182382186212296,1,1620.3659059170968,74.46877877510693,7421.324702932383,42.84095350670854,0.3085943707594393,5.497141320836375,1,1619.7265796666495,81.47891628145769,7414.797128031431,42.84095350670854,0.3085943707594393,5.497141320836375
5.100000000000043,0.6783776283482011,-1.094055435693409,4.3303520121087615,1650.8904018105723,81.53518016763871,7416.8521538099885,9300.81021854939,786.8888606319334,7471.383074791423,8.405297890637319e-05,0.00825201436274941,13.698030028640483,offense,1.0535194884440664,-0.5004270747011069,0.9577628416946115,0.4160168135072655,1,1653.0486446601985,77.86885641398202,7419.727802942864,38.86817502044624,-1.094055435693409,4.3303520121087615,1,1652.3695714606654,85.31331512151242,7413.704606603582,38.86817502044624,-1.094055435693409,4.3303520121087615
5.200000000000048,0.5677777736804216,-1.7777733380563863,3.8930034387502768,1683.543627574474,85.26413529111512,7415.613368648932,9329.832707590873,793.9154721485351,7471.171201678545,8.464444336656065e-05,0.01087737193795094,13.698035745770975,offense,1.0529298927894442,-1.1478583417014532,0.9568146371325997,0.4203727447195608,1,1685.7145574185483,81.28556742950153,7418.0273614787975,32.53127013322219,-1.7777733380563863,3.8930034387502768,1,1685.0052586854013,89.34975975509441,7412.867352036655,32.53127013322219,-1.7777733380563863,3.8930034387502768
5.300000000000053,0.4985918723212157,-0.9806759387934589,4.635353844953145,1716.1750255310592,89.0385175629361,7414.411748203621,9358.82657429705,800.9351572524106,7470.958651582325,8.521781243140708e-05,0.01366417765282725,13.69804149603687,offense,1.0524402636800045,-0.027145472318401864,0.9558695582340538,0.424847881791404,1,1718.371721147919,84.92478889316249,7416.5614144098845,28.567209983531267,-0.9806759387934589,4.635353844953145,1,1717.6120449069292,93.32212756510869,7411.971469395235,28.567209983531267,-0.9806759387934589,4.635353844953145
5.400000000000058,0.5351039845642183,1.024459668466138,6.091801049316654,1748.8076300331813,92.87167004906456,7413.268439448167,9387.791913088366,807.9479388100864,7470.7454498691295,8.577540919000042e-05,0.01658980866349203,13.698047278322967,offense,1.0533579056148712,2.178361776930769,0.9549275674656591,0.42941054246966515,1,1751.020751741192,88.88871338297857,7415.636444621643,30.659199916163256,1.024459668466138,6.091801049316654,1,1750.2314212505614,97.10943935855927,7410.741894406254,30.659199916163256,1.024459668466138,6.091801049316654
5.500000000000063,0.6103080290150626,2.636182130193807,7.290415180404868,1781.4700730743577,96.80201428659457,7412.2277250799925,9416.728817485946,814.953839470036,7470.531625665996,8.631839618056819e-05,0.019637386074788026,13.698053092107182,offense,1.054564123278978,3.693458010859437,0.9539886399940672,0.43403804620667014,1,1783.6614102442893,93.04172381940688,7414.953079554195,34.96807426551088,2.636182130193807,7.290415180404868,1,1782.9141176768924,100.877164134163,7409.456951017432,34.96807426551088,2.636182130193807,7.290415180404868
5.600000000000068,0.6270078552526354,2.5229480156442885,7.305829520984563,1814.1457979235024,100.88668479257582,7411.3594728423095,9445.637380223237,821.952881689653,7470.3172105230515,8.684790793639479e-05,0.022787574849226694,13.698058936889103,offense,1.0551128441211999,3.1290980889443345,0.953052749027309,0.43870705419040323,1,1816.3348929351157,97.17165144473907,7414.147965312191,35.92490382752563,2.5229480156442885,7.305829520984563,1,1815.5922436109986,104.91402067553818,7408.5208709753815,35.92490382752563,2.5229480156442885,7.305829520984563
5.700000000000073,0.5731455362740284,1.2035834578490716,6.462143788528312,1846.8152062443457,105.13761155027686,7410.677761465609,9474.517693314758,828.9450877518802,7470.102237414301,8.73648014794052e-05,0.026024227430710915,13.69806481142369,offense,1.0552904403119154,1.286780319966942,0.9521198732517209,0.44339953215410677,1,1849.0330265744806,101.2591246165144,7413.209146874407,32.83882027526406,1.2035834578490716,6.462143788528312,1,1848.2338885724123,109.28609821712188,7408.004430429796,32.83882027526406,1.2035834578490716,6.462143788528312
5.800000000000078,0.4655257146850674,-0.3641206260079016,5.563557978997425,1879.4767131203164,109.50363543149282,7410.132458198485,9503.369848137061,835.9304797847886,7469.886739799729,8.786970099305399e-05,0.029331541793171375,13.698070716535804,offense,1.0554397740167523,-0.5128464456671824,0.9511899927776121,0.4480992439221546,1,1881.7224930330688,105.354249469827,7412.159369327423,26.672658706265693,-0.3641206260079016,5.563557978997425,1,1880.86355866482,113.88960640824244,7407.85008705715,26.672658706265693,-0.3641206260079016,5.563557978997425
5.900000000000083,0.31697128956570464,-1.5237208951775247,5.091157750753215,1912.1387518657004,113.91985559066434,7409.653008000925,9532.193935486786,842.9090797756436,7469.670750908822,8.836309176906523e-05,0.03269582528738191,13.698076650930773,offense,1.0556770724196598,-1.499856214231172,0.9502630900676764,0.4527934249237033,1,1914.3956158787928,109.50129686060545,7410.976716267663,18.161117118933984,-1.5237208951775247,5.091157750753215,1,1913.5068934072551,118.5800131376084,7407.98554874807,18.161117118933984,-1.5237208951775247,5.091157750753215
6.000000000000088,0.14771327076296073,-2.055267552247085,5.011744009240799,1944.8074208063188,118.3398475653761,7409.182998863858,9560.99004563641,849.8809095844008,7469.4543031205985,8.884530812499471e-05,0.03610461318570687,13.698082613284013,offense,1.0558168493024076,-1.6315215536286314,0.9493391488224463,0.4574715289655536,1,1947.0563739977279,113.75191342155547,7409.695219358192,8.463346992790827,-2.055267552247085,5.011744009240799,1,1946.1763737509739,123.20664194024202,7408.283232034011,8.463346992790827,-2.055267552247085,5.011744009240799
6.100000000000093,-0.02360218264761143,-1.6846852601660534,5.191160505415661,1977.48522077948,122.74759104604719,7408.729055301172,9589.758268376918,856.8459909540585,7469.2374275264565,8.931659719404845e-05,0.03954719601522073,13.698088604362239,offense,1.0560849014795686,-0.8477581378573729,0.9484181549830337,0.46212557485512773,1,1979.723750884653,118.13561915072307,7408.432410387218,-1.352305453005042,-1.6846852601660534,5.191160505415661,1,1978.8620283526584,127.69418333400728,7408.658872374954,-1.352305453005042,-1.6846852601660534,5.191160505415661
6.200000000000098,-0.1387502150378201,-2.5537223082252667,5.530771578756053,2010.1749666323155,127.12757714035725,7408.269394007457,9618.4986930547,863.8043455196149,7469.020153566823,8.977712869431346e-05,0.04301430463391046,13.698094622804627,offense,1.0565568898435653,-1.3757391531138021,0.9475000948838336,0.46674958653649096,1,2012.4059898947614,122.58556846525674,7407.396472248227,-7.9498017281996995,-2.5537223082252667,5.530771578756053,1,2011.5485139007883,132.05474802694522,7408.722885965082,-7.9498017281996995,-2.5537223082252667,5.530771578756053
6.300000000000103,-0.208523859876983,-3.510537152862753,5.820199197291754,2042.88756215861,131.48495639846416,7407.7266954698325,9647.211408599935,870.7559948149565,7468.8025088017885,9.022702710140013e-05,0.046498181183676233,13.698100667943894,offense,1.057082928428442,-2.085953727456678,0.9465849559965894,0.47133949624206506,1,2045.099984115503,127.01717196016342,7406.496495771598,-11.94753709872849,-3.510537152862753,5.820199197291754,1,2044.2686276937695,136.37313700972328,7408.480119851775,-11.94753709872849,-3.510537152862753,5.820199197291754
6.400000000000108,-0.32488512934471886,-2.961822851631207,5.7320918067794056,2075.605627382431,135.79678188204292,7407.161249229133,9675.89650354895,877.7009602783039,7468.584518745331,9.066639170762497e-05,0.04999242806725593,13.698106738415513,offense,1.0566536043989596,-1.3499317575634848,0.945672726189077,0.4758928209173441,1,2077.779188621378,131.48490698343323,7405.414061088351,-18.614546738014244,-2.961822851631207,5.7320918067794056,1,2077.0280704145325,140.55302909803385,7408.4742870202135,-18.614546738014244,-2.961822851631207,5.7320918067794056
6.500000000000113,-0.4194121312930333,-1.5841277529971187,5.455753631002585,2108.3373331866424,140.02923159777407,7406.650704591653,9704.554066060547,884.6392632561974,7468.366206821028,9.109531517953761e-05,0.053491948159408366,13.6981128349327,offense,1.0573383584767087,0.10546258030087174,0.9447633943773417,0.48040847282703825,1,2110.503119149789,135.88533823400104,7404.52777761422,-24.03054499967757,-1.5841277529971187,5.455753631002585,1,2109.7770713549608,144.62384745111564,7408.43563012705,-24.03054499967757,-1.5841277529971187,5.455753631002585
6.600000000000118,-0.41720417652494307,-1.1965990577117014,5.583999990431416,2141.1036440604335,144.1911960913057,7406.163533860168,9733.184183927697,891.5709250063401,7468.147594318914,9.151389156657152e-05,0.05699279825381879,13.698118956135943,offense,1.0581764758064505,0.3536071420992471,0.9438569491668167,0.48488649585240884,1,2143.2935936252525,140.04902776347856,7404.062138502913,-23.904038510110215,-1.1965990577117014,5.583999990431416,1,2142.52043950597,148.79184790469532,7407.951268056703,-23.904038510110215,-1.1965990577117014,5.583999990431416
6.700000000000123,-0.3156668855919095,-0.41068859395501517,5.533773764238895,2173.918946417192,148.30356511176535,7405.658355442197,9761.786944584894,898.4959666994296,7467.928700464744,9.192222911846426e-05,0.060492080401518,13.698125100677442,offense,1.0601771068236125,1.0029244774597874,0.9429533793244538,0.48932786895299635,1,2176.1550179087035,143.97655784254366,7404.031612568552,-18.08638027645543,-0.41068859395501517,5.533773764238895,1,2175.296270691196,153.06174771963322,7407.01186056388,-18.08638027645543,-0.41068859395501517,5.533773764238895
6.800000000000128,-0.17544121775760269,-0.8936821546485675,5.781067356194455,2206.7872291206327,152.3965256470079,7405.0758671809945,9790.36243511184,905.41440942006,7467.709542483572,9.232045690383655e-05,0.06398783785957715,13.698131269294192,offense,1.061171006678943,0.4233443985951978,0.942052674192546,0.4937343245770316,1,2209.0565501276656,147.8986049168613,7404.081789079256,-10.052041330146267,-0.8936821546485675,5.781067356194455,1,2208.13041091871,157.30579811208003,7405.7571942104005,-10.052041330146267,-0.8936821546485675,5.781067356194455
6.900000000000133,-0.08683674795392389,-2.1254720404070686,5.99299160476646,2239.6861146127994,156.47322535943957,7404.425393796954,9818.91074223471,912.3262741670605,7467.490135739422,9.270873158306471e-05,0.06747891681413941,13.698137460669086,offense,1.0620114688839337,-0.8669265708172963,0.9411548225161515,0.49810816167213035,1,2241.9728775609387,151.91643536295163,7403.8124662752,-4.975379164401126,-2.1254720404070686,5.99299160476646,1,2241.0050589332054,161.4312176522105,7404.644478950474,-4.975379164401126,-2.1254720404070686,5.99299160476646
7.000000000000138,-0.02948669511520138,-1.9583000419008485,6.096301420643716,2272.6134707951887,160.52766389855813,7403.742501459226,9847.431952324789,919.2315818531898,7467.270493851105,9.308723238091354e-05,0.07096484794917354,13.69814367350578,offense,1.0631097574967594,-0.7099893523587749,0.9402598128887476,0.5024520830897415,1,2274.9220283375903,155.9528804145017,7403.409007610071,-1.6894631818900598,-1.9583000419008485,6.096301420643716,1,2273.9125697197887,165.4954681217844,7403.691873563772,-1.6894631818900598,-1.9583000419008485,6.096301420643716
7.100000000000143,0.09349987448467059,-0.7818106337471715,6.255253120976088,2305.585482583853,164.56952103373993,7403.004659388042,9875.926151395739,926.1303533044884,7467.050628864804,9.345616902111886e-05,0.07444573412767938,13.69814990859904,offense,1.0647189013848983,0.5051941419581016,0.9393676343199487,0.506769063779641,1,2307.9208378980006,160.005633716182,7403.298509876072,5.357148192974558,-0.7818106337471715,6.255253120976088,1,2306.8672529481237,169.50546370461896,7402.402301784061,5.357148192974558,-0.7818106337471715,6.255253120976088
7.200000000000148,0.2347269619837497,-1.302007712442486,6.208975095768422,2338.6054300501564,168.60223550684023,7402.161498810107,9904.393425099259,933.0226092592579,7466.830551410777,9.381577975577865e-05,0.0779221440230177,13.698156164699194,offense,1.0661269987612163,0.05499259265816985,0.938478275019321,0.511062226169365,1,2340.9448270394087,164.13041273133197,7403.109825120574,13.44886425959658,-1.302007712442486,6.208975095768422,1,2339.884574707178,173.4069042828633,7400.877658127187,13.44886425959658,-1.302007712442486,6.208975095768422
7.300000000000153,0.30969361286882563,-2.747019642573903,5.794004606818362,2371.6668234192166,172.62988837601438,7401.225111663124,9932.833858720107,939.9083703668596,7466.610270871398,9.416632342423532e-05,0.0813950349799105,13.69816244056968,offense,1.0673737287800746,-1.3701457950933378,0.9375917229818387,0.5153347626285782,1,2374.0048109903296,168.23217741803415,7402.475412605851,17.744136959542107,-2.747019642573903,5.794004606818362,1,2372.9422706871374,177.3146103865905,7399.553012996664,17.744136959542107,-2.747019642573903,5.794004606818362
7.400000000000158,0.3519425897525459,-3.60065316396384,5.600103268697206,2404.759265220998,176.6465046536903,7400.1950013261085,9961.247537170773,946.7876571864496,7466.389795544673,9.450808200257283e-05,0.08486563246842574,13.698168737105005,offense,1.068362867400048,-2.0647512820547167,0.9367079665347104,0.5195898187147739,1,2407.1068647992524,172.304272894098,7401.61031032635,20.164825023725054,-3.60065316396384,5.600103268697206,1,2406.02063353096,181.25254783791206,7398.307511942905,20.164825023725054,-3.60065316396384,5.600103268697206
7.5000000000001625,0.46299100676946153,-2.7979406042667048,6.105048546288045,2437.8907741007365,180.63963973110228,7399.02089873466,9989.63454498546,953.6604901855283,7466.169132815687,9.48413566964743e-05,0.08833539224709697,13.698175053121414,offense,1.0700143242103184,-0.9320424199107968,0.9358269931796748,0.5238304634285876,1,2440.2596223787314,176.51546029419703,7400.9571326585565,26.52743064040307,-2.7979406042667048,6.105048546288045,1,2439.1380259983166,185.03380591041667,7396.674632276528,26.52743064040307,-2.7979406042667048,6.105048546288045
7.6000000000001675,0.5970165515320085,-0.7025740731688154,7.320789893861498,2471.0727615296482,184.63205519786442,7397.747521696589,10017.994966314824,960.526889738677,7465.948289296272,9.516646138720346e-05,0.09180588709018457,13.698181387464773,offense,1.071481976421004,1.4190736766379544,0.9349487902226504,0.5280595986058669,1,2473.424447626595,180.8581917484645,7400.315950626248,34.20652870223871,-0.7025740731688154,7.320789893861498,1,2472.34714175185,188.72439835502266,7394.9194512354225,34.20652870223871,-0.7025740731688154,7.320789893861498
7.7000000000001725,0.7268266361323642,1.3639988822507079,8.911726355718352,2504.2861976216186,188.7178040504735,7396.536061302978,10046.328884920229,967.3868761261754,7465.727270986247,9.548372059382668e-05,0.09527876852861857,13.698187741101,offense,1.0727557392731144,3.66526059696124,0.9340733452874727,0.5322799331958626,1,2506.5800430968593,185.35924347827887,7399.670968609202,41.64409868807525,1.3639988822507079,8.911726355718352,1,2505.6187252335017,192.47011835731172,7393.293561109259,41.64409868807525,1.3639988822507079,8.911726355718352
7.8000000000001775,0.8668239474660677,2.415851683584973,9.990829406597076,2537.527692355292,192.96837860008952,7395.432161956152,10074.636384168809,974.2404695328095,7465.506083383549,9.579346543568421e-05,0.09875573234214347,13.698194112926979,offense,1.074160444676827,4.602772063512541,0.9332006452624863,0.5364939768365025,1,2539.7262936684406,190.10042410127724,7399.080488868391,49.66535377067547,2.415851683584973,9.990829406597076,1,2538.9520766843166,196.27332152536565,7391.769132943997,49.66535377067547,2.415851683584973,9.990829406597076
7.900000000000182,0.9408320989706643,2.161872029201545,9.69944611061021,2570.7764653338777,197.45477959317424,7394.460756883944,10102.917547029028,981.0876900468028,7465.284731626171,9.60960278362989e-05,0.10223843537342849,13.698200502561717,offense,1.0749281227266283,3.6037391243155326,0.9323306770405196,0.5407039783894328,1,2572.9219160465273,194.84615232864257,7398.328754432331,53.90570850145363,2.161872029201545,9.69944611061021,1,2572.2575191986252,200.47012111599673,7390.577009344458,53.90570850145363,2.161872029201545,9.69944611061021
8.000000000000187,0.9235487870243299,1.1571290972805008,8.369118429341505,2604.01074704484,202.186746549098,7393.609248571086,10131.172456066579,987.9285576588317,7465.063220585275,9.639173855159279e-05,0.10572849319341462,13.698206908946142,offense,1.0752179797664838,1.5442132559652058,0.9314634271783846,0.5449119492571635,1,2606.1724292870886,199.47442213358352,7397.396031658161,52.91544767092063,1.1571290972805008,8.369118429341505,1,2605.482889182603,205.22401969684248,7389.7392266910165,52.91544767092063,1.1571290972805008,8.369118429341505
8.10000000000018,0.8579809394498751,-0.03524981365808304,6.959549346089023,2637.226819792111,207.10458360271025,7392.840673091269,10159.401193441143,994.7630922612271,7464.841554962835,9.66809250808358e-05,0.10922743761821575,13.698213333145329,offense,1.0755777044256982,-0.3858008556771913,0.9305988826838163,0.5491196464549043,1,2639.4278447638667,204.1118418144554,7396.385850895349,49.15868673314728,-0.03524981365808304,6.959549346089023,1,2638.662703969378,210.3431193619486,7389.123224669891,49.15868673314728,-0.03524981365808304,6.959549346089023
8.200000000000175,0.7698322329213797,-0.9186186532856015,6.06434344299919,2670.448476025111,212.09987197252917,7392.076115437157,10187.60384090367,1001.5913136473341,7464.619739379073,9.696390634128715e-05,0.11273669884916586,13.698219774141693,offense,1.0759986919851587,-1.5186343165890888,0.9297370298929701,0.5533285785861932,1,2672.683500933652,208.78040191976453,7395.294046795499,44.108137879527206,-0.9186186532856015,6.06434344299919,1,2671.848757745113,215.62357396464506,7388.613163607375,44.108137879527206,-0.9186186532856015,6.06434344299919
8.30000000000017,0.6318717734753517,-1.6342933722830866,5.474298109651779,2703.667929461878,217.14259489656348,7391.307006103206,10215.780479794423,1008.4132415110234,7464.39777842128,9.724098944995309e-05,0.11625759080944129,13.698226230942852,offense,1.0759953553772732,-2.1537059104208987,0.9288778550806607,0.5575400161076791,1,2705.9332316450777,213.39157755668697,7393.9842388041,36.20358581358405,-1.6342933722830866,5.474298109651779,1,2705.0332459884544,221.08728316033609,7388.316246118869,36.20358581358405,-1.6342933722830866,5.474298109651779
8.400000000000164,0.4645324442495269,-2.0817403342349134,5.2678138880687415,2736.8867794899697,222.19739585852952,7390.514551084194,10243.931191041622,1015.2288954463748,7464.175676723305,9.751247139855875e-05,0.11979129473496429,13.69823270465557,offense,1.0761405761797322,-2.1602821758403112,0.9280213450340056,0.5617549964376658,1,2739.170818340248,218.03994692386422,7392.481295827691,26.615748502394098,-2.0817403342349134,5.2678138880687415,1,2738.227260888939,226.57205255599885,7388.183287821861,26.615748502394098,-2.0817403342349134,5.2678138880687415
8.500000000000158,0.292637199442346,-2.299458482222607,5.3259199487407125,2770.1119379445568,227.24579943265695,7389.6907941399695,10272.056055160636,1022.0382949474672,7463.9534389882565,9.77786337412889e-05,0.12333887181752941,13.698239194319733,offense,1.0763254288962127,-1.7984506287189137,0.9271674859505721,0.5659743564920576,1,2772.403046685163,222.80585738340017,7390.876979343872,16.766876456574554,-2.299458482222607,5.3259199487407125,1,2771.439213047253,231.94773030132592,7388.109817572142,16.766876456574554,-2.299458482222607,5.3259199487407125
8.600000000000152,0.12240088849147837,-2.61614865120029,5.410081770088009,2803.345763986733,232.2804245331637,7388.849757129953,10300.155152253932,1028.8414594083702,7463.731070047555,9.803973991641587e-05,0.12690124511391668,13.698245698990705,offense,1.076556552475369,-1.5547271082487821,0.9263162640393069,0.5701987355176954,1,2805.627207548582,227.69514080922133,7389.223238648968,7.01305431921312,-2.61614865120029,5.410081770088009,1,2804.6755954252762,237.17582851048806,7388.052343658874,7.01305431921312,-2.61614865120029,5.410081770088009
8.700000000000147,-0.04664381553962883,-2.983379514639191,5.545181573724436,2836.5916614467246,237.2891302193444,7388.005586976332,10328.228562011458,1035.638408123231,7463.5085748700085,9.82960404290659e-05,0.1304792054945939,13.698252219812796,offense,1.0768165974081818,-1.3933301669937046,0.9254676660736573,0.5744285953665684,1,2838.845105279519,232.69667279717234,7387.55767435318,-2.6724937708074568,-2.983379514639191,5.545181573724436,1,2837.941647728672,242.24360660204417,7388.004685962887,-2.6724937708074568,-2.983379514639191,5.545181573724436
8.800000000000141,-0.21533194832575164,-3.694329437122913,5.794228451165619,2869.8496462956637,242.2562459437639,7387.154701283992,10356.276363711566,1042.429160286505,7463.285958577717,9.854776800464796e-05,0.13407341805047837,13.69825875586451,offense,1.07688579720374,-1.5780139865084675,0.9246216783149012,0.5786642445509329,1,2872.0532905463024,237.7945527456102,7385.887205397538,-12.337611833394702,-3.694329437122913,5.794228451165619,1,2871.2379887955667,247.13827423176184,7387.934191436689,-12.337611833394702,-3.694329437122913,5.794228451165619
8.900000000000135,-0.38518160571486315,-4.569370773945761,6.171947514335675,2903.1132595503755,247.16852237794686,7386.267187975207,10384.298636222396,1049.2137349932748,7463.063226469911,9.879513295014267e-05,0.13768441520802954,13.698265306233026,offense,1.0766512213434172,-1.9582035902060146,0.9237782870727855,0.58290584373495,1,2905.2375701996384,242.9731344431335,7384.20434422401,-22.06928035353381,-4.569370773945761,6.171947514335675,1,2904.5667610908185,251.84907146126577,7387.799863267163,-22.06928035353381,-4.569370773945761,6.171947514335675
9.00000000000013,-0.5362889978039291,-4.008079259847255,6.098568482443413,2936.3801215823937,252.00947011361703,7385.345143521077,10412.29545800361,1055.9921512396666,7462.840384013871,9.903833386512921e-05,0.1413126270480672,13.698271872092597,offense,1.0765723186220215,-0.9733676227885117,0.9229374792768457,0.5871534461910973,1,2938.4384722224377,248.1465779674078,7382.659895504713,-30.727096173465814,-4.008079259847255,6.098568482443413,1,2937.9026713442677,256.3885626091951,7387.553013793034,-30.727096173465814,-4.008079259847255,6.098568482443413
9.100000000000124,-0.608016291405013,-2.696758866419497,5.664103273097212,2969.6624397337723,256.75480264739076,7384.419955915323,10440.266907108451,1062.7644279233634,7462.6174368506045,9.927754864436366e-05,0.1449583816297724,13.698278452545495,offense,1.076703064503424,0.4834567929451075,0.9220992413820361,0.5914070086988334,1,2971.7196835394484,253.07437950585305,7381.488824150417,-34.83676737270363,-2.696758866419497,5.664103273097212,1,2971.198762287693,260.9408888866596,7386.966658687089,-34.83676737270363,-2.696758866419497,5.664103273097212
9.200000000000118,-0.6330499141407181,-2.433629922354296,5.691488262949738,3002.9714892441643,261.4082527175808,7383.491781258747,10468.213061186249,1069.5305838441907,7462.39439079144,9.951293604476708e-05,0.14862190819626298,13.698285046698443,offense,1.0772134672153704,0.592614587720434,0.9212635599275005,0.5956664017357673,1,3005.032626863069,257.8019011797988,7380.472635634258,-36.27108830138228,-2.433629922354296,5.691488262949738,1,3004.505029382943,265.5274411660985,7386.146934958319,-36.27108830138228,-2.433629922354296,5.691488262949738
9.300000000000113,-0.6565465247664075,-1.769977808548818,5.433084417960779,3036.321136717267,265.919386377687,7382.611763229651,10496.13399748512,1076.2906377047773,7462.171251805536,9.974464452596813e-05,0.15230333871933735,13.698291655746846,offense,1.0782567130279839,1.1221120962242015,0.9204304221132196,0.5999314191044036,1,3038.39132392104,262.3767292471312,7379.524174300299,-37.617344923096525,-1.769977808548818,5.433084417960779,1,3037.851509002069,269.9639106383477,7385.38107436689,-37.617344923096525,-1.769977808548818,5.433084417960779
9.400000000000107,-0.664640003088859,-1.6635440553801664,5.473620285445488,3069.718296707218,270.3110750373472,7381.761168996173,10524.029792854582,1083.0446081111722,7461.948026007388,9.99728012463671e-05,0.15600274936429676,13.698298278806444,offense,1.0787098449716754,0.986739891063504,0.9195998146618324,0.6042018197372421,1,3071.7934754067533,266.79490233306944,7378.646772926518,-38.081067072553616,-1.6635440553801664,5.473620285445488,1,3071.2437826518476,274.3333754970881,7384.565325133821,-38.081067072553616,-1.6635440553801664,5.473620285445488
9.500000000000101,-0.6842444705318967,-1.0239050965807839,5.135934702467802,3103.1536741134123,274.5426155778152,7380.9808458174975,10551.900523748729,1089.7925135736368,7461.724719648886,0.00010019752042452787,0.15972015273368131,13.698304914994843,offense,1.0796693760455063,1.4718083416444971,0.9187717244306717,0.6084773285153253,1,3105.235896090744,271.077769629723,7377.814066034642,-39.20432031664131,-1.0239050965807839,5.135934702467802,1,3104.677961500557,278.4966192706252,7383.881139381714,-39.20432031664131,-1.0239050965807839,5.135934702467802
9.600000000000096,-0.6284511854720721,-0.96177891074071,5.351450341785273,3136.648850602535,278.6616725471886,7380.220860675663,10579.746266229418,1096.5343725073892,7461.50133910228,0.00010041890454711118,0.16345548950311709,13.698311565520338,offense,1.0814656883439608,1.2626807834814109,0.9179461389232406,0.6127576260684031,1,3138.7667552981393,275.03691799606185,7377.263677193966,-36.00760055754305,-0.96177891074071,5.351450341785273,1,3138.136799142401,282.7777193165319,7382.906650714979,-36.00760055754305,-0.96177891074071,5.351450341785273
9.70000000000009,-0.4895073219220331,-1.1862759417391506,5.758245631293299,3170.214404876767,282.74291710283654,7379.401404923523,10607.567095969258,1103.2702032333361,7461.277890842012,0.00010063703886887128,0.16720867288654895,13.698318228809265,offense,1.0837984357209884,0.8239518810976133,0.9171230450175117,0.6170423961973668,1,3172.3948823778946,278.7664368496851,7376.992583082171,-28.046703586884217,-1.1862759417391506,5.758245631293299,1,3171.6377919101114,287.20568102552824,7381.505450437201,-28.046703586884217,-1.1862759417391506,5.758245631293299
9.800000000000084,-0.31248802933996933,-1.517307715563913,6.054899793775035,3203.8380127564697,286.81524763808034,7378.491233621621,10635.363088255019,1110.000023978897,7461.054381434495,0.00010085200185647915,0.17097957683247894,13.698324906073692,offense,1.0850202082279863,0.34880097767717033,0.9163024304498651,0.621331314151962,1,3206.082687041976,282.5003691263295,7376.844248260176,-17.904245229540482,-1.517307715563913,6.054899793775035,1,3205.196816968049,291.5927377522262,7379.794513838548,-17.904245229540482,-1.517307715563913,6.054899793775035
9.900000000000079,-0.190689333631222,-1.9217614501308748,6.142794092233907,3237.4972841456606,290.86343641172505,7377.538605920023,10663.134317990854,1116.723852878782,7460.830817522219,0.00010106385830392947,0.17476804333958793,13.698331596438736,offense,1.085990839450577,-0.16042124663237217,0.915484282508654,0.6256240532888819,1,3239.7729121391385,286.3929208502368,7376.440740787235,-10.92569401523109,-1.9217614501308748,6.142794092233907,1,3238.8249357396517,295.77131759406046,7378.259260861761,-10.92569401523109,-1.9217614501308748,6.142794092233907
10.000000000000073,-0.10803581263003921,-2.603163187744991,6.332309034853185,3271.192590446716,294.8807888332997,7376.567007220915,10690.880859701569,1123.4417079757864,7460.607205802179,0.00010127266245741095,0.1785738940614631,13.698338299032349,offense,1.0872576310379694,-0.8127944735970631,0.914668588597518,0.6299202963061419,1,3273.4952046729745,290.349109316476,7375.838207878274,-6.189996099967401,-2.603163187744991,6.332309034853185,1,3272.4892746283017,299.8400958941091,7376.872267126293,-6.189996099967401,-2.603163187744991,6.332309034853185
10.100000000000067,0.04881492468770388,-3.683863958916833,6.578775915531201,3304.9345679752973,298.89736199018836,7375.451967547542,10718.602787535776,1130.1536072215472,7460.383553016785,0.00010147846310086422,0.1823969517781604,13.698345015065058,offense,1.0891838572177974,-1.6183657261424855,0.9138553367761336,0.6342197528217637,1,3307.295513612213,294.33720054748284,7375.43918803305,2.7968891618544007,-3.683863958916833,6.578775915531201,1,3306.167060279272,303.85917857460026,7374.9717187544165,2.7968891618544007,-3.683863958916833,6.578775915531201
10.200000000000061,0.2657362884243996,-3.329741121100848,6.788699107115267,3338.7316786794913,302.9127066905136,7374.114255339852,10746.300175269345,1136.8595684773795,7460.159865944785,0.00010168129904718192,0.18623700923570963,13.698351743665713,offense,1.0911614333809356,-0.8833389355620337,0.9130445146811887,0.6385221316789731,1,3341.1528551010356,298.50232986174495,7375.141767366069,15.22556779018925,-3.329741121100848,6.788699107115267,1,3339.9124819195767,307.68310980507795,7372.624873645068,15.22556779018925,-3.329741121100848,6.788699107115267
10.300000000000056,0.45118258231537495,-2.1742829032586104,7.074944215847116,3372.5852309483003,306.92458106844657,7372.6327618455025,10773.973096308213,1143.5596095149617,7459.936151380823,0.00010188120268861598,0.1900938735235633,13.698358483967258,offense,1.0928990086341284,0.45566356346701864,0.9122361100199287,0.642827175309285,1,3375.003493515737,302.81478206631147,7374.538242970307,25.85085775648484,-2.1742829032586104,7.074944215847116,1,3373.7818060591544,311.36878903841585,7370.355367825192,25.85085775648484,-2.1742829032586104,7.074944215847116
10.40000000000005,0.5236057325536938,-2.656467799587481,6.63695529693509,3406.4728029421162,310.9584656239018,7371.109692280171,10801.621623691799,1150.2537480171538,7459.712416128624,0.00010207820374705709,0.1939673508251346,13.698365237173187,offense,1.09368946609374,-0.1793251066046083,0.9114301111974372,0.6471346512044003,1,3408.87192908845,306.98723190721205,7373.310327756892,30.00039860418239,-2.656467799587481,6.63695529693509,1,3407.6900570216458,315.2196140876823,7368.515428169582,30.00039860418239,-2.656467799587481,6.63695529693509
10.500000000000044,0.5550751322826876,-3.652982489224607,6.094231736958282,3440.384060538764,315.02385712915697,7369.559116565386,10829.245830095855,1156.9420015786898,7459.48866698851,0.00010227232233184138,0.1978572381457632,13.698372001708893,offense,1.0947751579649783,-1.2492137162610002,0.9106265059424254,0.6514443334681255,1,3442.7837109471857,311.10864424684416,7371.857395487435,31.80346239246387,-3.652982489224607,6.094231736958282,1,3441.5970333446626,319.1869795852554,7366.808406041234,31.80346239246387,-3.652982489224607,6.094231736958282
10.600000000000039,0.5865905932313535,-2.961441336758351,6.504231947509966,3474.321617595153,319.1142155286868,7367.9442275989295,10856.845787835407,1163.6243877069007,7459.264910750583,0.00010246357903870388,0.2017633626798933,13.698378778812494,offense,1.0955622550893316,-0.4674631525212913,0.9098252828540642,0.6557560450149796,1,3476.7192993124863,315.29165762060126,7370.395446361443,33.60916529423179,-2.961441336758351,6.504231947509966,1,3475.5408644160143,323.20429224859333,7365.088704947102,33.60916529423179,-2.961441336758351,6.504231947509966
10.700000000000033,0.5966646515407525,-0.9886350556051736,7.877201325486205,3508.2699695923216,323.29343471651754,7366.378378025383,10884.421568867698,1170.300923822407,7459.041154185641,0.00010265198761213934,0.20568555218297502,13.698385567599468,offense,1.096153644824558,1.688749588922822,0.9090264300482678,0.6600696219935385,1,3510.670973110135,319.54343459803397,7368.936107725493,34.18636631792905,-0.9886350556051736,7.877201325486205,1,3509.4904284068266,327.39700343692533,7363.542799770602,34.18636631792905,-0.9886350556051736,7.877201325486205
10.800000000000027,0.6204548942905238,0.7702617265587455,9.068276629988505,3542.229956593137,327.62523086770545,7364.936905847034,10911.973244794954,1176.9716272598034,7458.817404039502,0.00010283755993911213,0.20962364749047682,13.698392367191477,offense,1.0968793193219286,3.3898904204102167,0.9082299357472382,0.6643849269130163,1,3544.6188426120834,323.9751952080269,7367.646105594479,35.549446821082654,0.7702617265587455,9.068276629988505,1,3543.4618838199717,331.70009214969446,7362.065118800554,35.549446821082654,0.7702617265587455,9.068276629988505
10.900000000000022,0.5604667696606193,0.7346952220821086,8.945099984226896,3576.1810428102995,332.1646962798091,7363.708273351381,10939.500886867074,1183.6365152683134,7458.593667035276,0.00010302030547518359,0.21357750172497295,13.69839917881338,offense,1.0968330028532687,2.7832514251352363,0.9074357888065046,0.6687018430205348,1,3578.590737033654,328.3583415233328,7366.172890404349,32.11238045888434,0.7346952220821086,8.945099984226896,1,3577.3910621345735,336.4008896436878,7361.0701264603385,32.11238045888434,0.7346952220821086,8.945099984226896
11.000000000000016,0.4280446139100794,-0.20254859426127747,8.282689550494503,3610.1067183084565,336.897654145899,7362.716050143546,10967.004565984254,1190.2956050124108,7458.369949854058,0.0001032002320116876,0.21754698743853176,13.69840600089446,offense,1.0965662364980797,1.2440860472841662,0.9066439774374386,0.6730202813845201,1,3612.551142542766,332.78600198257226,7364.583777813881,24.52514982035436,-0.20254859426127747,8.282689550494503,1,3611.2790237853324,341.4267525389209,7360.598913488719,24.52514982035436,-0.20254859426127747,8.282689550494503
11.10000000000001,0.30812061462982426,-1.036935242236946,7.9977222647822,3644.0215637682772,341.7414575700626,7361.890007795352,10994.484352699632,1196.9489135724668,7458.146259140611,0.00010337734840492809,0.22153198497933416,13.69841283464228,offense,1.0969448048235062,0.20452197446837508,0.905854490665647,0.6773401665027925,1,3646.4893092231073,337.4294944451459,7363.188663400017,17.65401079926582,-1.036935242236946,7.9977222647822,1,3645.1643545750894,346.4810778934029,7360.277764525109,17.65401079926582,-1.036935242236946,7.9977222647822
11.200000000000005,0.21863925863070308,-1.7156221377806518,7.773451779756457,3677.950220296368,346.6384587550936,7361.119254254213,11021.940317221715,1203.5964579453444,7457.922601504496,0.00010355165780056792,0.22553238773722775,13.698419679187149,offense,1.0975364656246132,-0.5701758224685245,0.9050673170495637,0.6816614403298626,1,3680.417395534364,342.21760935748864,7361.978577795561,12.527106755408544,-1.7156221377806518,7.773451779756457,1,3679.088077779638,351.49451714607,7359.897257015593,12.527106755408544,-1.7156221377806518,7.773451779756457
11.299999999999999,0.06447862169093739,-1.8667680042082042,7.634757422262053,3711.8811206102127,351.566782032674,7360.42337918559,11049.372529416753,1210.2382550449643,7457.698983513264,0.00010372316494326952,0.22954811198444813,13.698426533644636,offense,1.0973713814564003,-0.8224484580472898,0.9042824452200249,0.6859840695653532,1,3714.3273308558623,347.053367084022,7360.543549628559,3.694352891711396,-1.8667680042082042,7.634757422262053,1,3713.0345761664744,356.5458150037637,7359.92531196871,3.694352891711396,-1.8667680042082042,7.634757422262053
11.399999999999993,-0.11774748001050533,-0.26800892214926136,7.592620128962452,3745.8055366981416,356.4995353136843,7359.84268835283,11076.781058811226,1216.874321702916,7457.475411690179,0.00010389187465468265,0.23357907592193614,13.698433399251883,offense,1.097016273016526,0.6371719715515669,0.9034998644534038,0.6903080256237807,1,3748.2341556712436,352.02974516338907,7359.1412000095115,-6.746433652902982,-0.26800892214926136,7.592620128962452,1,3746.979731931236,361.48038501696334,7360.268953279752,-6.746433652902982,-0.26800892214926136,7.592620128962452
11.499999999999988,-0.2451212830417798,2.0028751199468924,7.38607519278543,3779.7271784449886,361.39715685060906,7359.459159244395,11104.165974593965,1223.504674668963,7457.251892519904,0.00010405778966224673,0.23762522410978956,13.698440274428304,offense,1.0967259263589422,2.611682189593751,0.9027195633373263,0.694633303481824,1,3782.170279192349,357.05018909908773,7358.232607123415,-14.044414987125661,2.0028751199468924,7.38607519278543,1,3780.8923001973885,366.27548235328726,7360.560854116855,-14.044414987125661,2.0028751199468924,7.38607519278543
11.599999999999982,-0.26206426308799763,2.085834221529428,7.540707642992088,3813.6696923207824,366.2442185344697,7359.2361893127145,11131.527345618673,1230.1293306116606,7457.028432448492,0.00010422091602185556,0.24168650150513432,13.698447160390195,offense,1.0979437172209634,2.474947673589595,0.9019415313004844,0.6989599014645147,1,3816.12613785375,361.9268067414431,7357.934217441668,-15.01517623614831,2.085834221529428,7.540707642992088,1,3814.8195980507435,371.1069694669472,7360.4196884385665,-15.01517623614831,2.085834221529428,7.540707642992088
11.699999999999976,-0.24158974063715735,0.7407143164698599,7.8875214451313544,3847.664388978323,371.06764420256377,7359.063583379683,11158.865240405812,1236.7483061188093,7456.805037873173,0.00010438125402788521,0.2457628653114777,13.698454055554791,offense,1.0994518234827035,1.0267503247724998,0.9011657570677073,0.7032878243512256,1,3850.118642531715,366.7339384545883,7357.812610164292,-13.842072512169311,0.7407143164698599,7.8875214451313544,1,3848.810093930907,375.9628845598233,7360.10918464512,-13.842072512169311,0.7407143164698599,7.8875214451313544
11.79999999999997,-0.21788801989052092,-0.5149445884305592,8.253841344917026,3881.7019063474136,375.8704420432847,7358.893184371582,11186.179727144978,1243.361617698034,7456.58171516052,0.00010453881151023138,0.2498542898070011,13.698460961165239,offense,1.100728361414273,-0.19309480039133062,0.9003922302135043,0.7076170953744401,1,3884.1613801804283,371.5200514431373,7357.712341413833,-12.484063946189382,-0.5149445884305592,8.253841344917026,1,3882.8342566729616,380.7986601972541,7359.7874709962825,-12.484063946189382,-0.5149445884305592,8.253841344917026
11.899999999999965,-0.178116919299515,-1.090856158088091,8.343457102272634,3915.7808496331045,380.6835402414109,7358.6321107246495,11213.470873517028,1249.9692817337134,7456.358474723912,0.00010469354174171961,0.25395660620790506,13.69846787535454,offense,1.1018769470010277,-0.6439495349673202,0.8996209005246377,0.7118970889813133,1,3918.24498145573,376.2936127081291,7357.619248141049,-10.20534773573449,-1.090856158088091,8.343457102272634,1,3916.9060349338724,385.64643184156813,7359.3198352363725,-10.20534773573449,-1.090856158088091,8.343457102272634
11.99999999999996,-0.2232737808261804,0.15014963596796121,7.974795068624383,3949.8841551792684,385.4824141168442,7358.372941189099,11240.738744792201,1256.571314026057,7456.135365656466,0.00010483913511866923,0.257971502315355,13.698474791953153,offense,1.102197070039932,0.4710880808973238,0.8988517094990819,0.7160094584120695,1,3952.335051604155,381.12826884087315,7357.188109711539,-12.7926453172691,0.15014963596796121,7.974795068624383,1,3951.030715545039,390.3986675100687,7359.313766306351,-12.7926453172691,0.15014963596796121,7.974795068624383
12.099999999999953,-0.2760763340460448,2.1263877379916782,7.534722123519546,3984.0098089084327,390.2233235735989,7358.274061530107,11267.983406336367,1263.1677303973106,7455.912397681198,0.00010496341717507601,0.26185742565447284,13.698481704468765,offense,1.1029021192219328,2.1731744254121472,0.8980846821943531,0.7199998873251077,1,3986.4665089129326,385.92555492166724,7356.9091037643275,-15.818008764282245,2.1263877379916782,7.534722123519546,1,3985.1591031968005,395.0695424807687,7359.524095506651,-15.818008764282245,2.1263877379916782,7.534722123519546
12.199999999999948,-0.2380798052924027,1.97578650388662,7.685784109824692,4018.1717247022734,394.9149855462109,7358.302201112008,11295.20492372192,1269.7585467194483,7455.689564637057,0.00010507056350259488,0.2656388950084559,13.698488612344445,offense,1.104148667936212,1.886556055054321,0.8973198301556349,0.7239021552178839,1,4020.637042192756,390.5717341232114,7357.107346833139,-13.640968030551074,1.97578650388662,7.685784109824692,1,4019.3119946761162,399.80669407446055,7359.370036334036,-13.640968030551074,1.97578650388662,7.685784109824692
12.299999999999942,-0.16687020774294387,0.5577611951061312,7.9985012892601715,4052.376327392324,399.5957964149267,7358.342780182618,11322.403362556985,1276.3437788731212,7455.466856580743,0.00010516679097097728,0.2693236248832331,13.698495517456045,offense,1.1052077842385857,0.4576087346246549,0.8965571477424205,0.727730147844037,1,4054.8430822607847,395.1843902565613,7357.4350819261135,-9.560958630141954,0.5577611951061312,7.9985012892601715,1,4053.5104532153628,404.5567867276442,7359.029536132459,-9.560958630141954,0.5577611951061312,7.9985012892601715
12.399999999999936,-0.16329115759163523,-0.9021128725260096,8.118156973360831,4086.6089073549206,404.26920105145587,7358.378998941842,11349.578788337165,1282.9234427118463,7455.244260891527,0.00010525490709738186,0.27292659621425364,13.698502419465713,offense,1.1058687839627648,-0.9898003555013521,0.8957966336979558,0.7315039179750367,1,4089.0621147157262,399.8563948915189,7357.4418674464205,-9.355894161806312,-0.9021128725260096,8.118156973360831,1,4087.748809415628,409.23723930716596,7359.002312010689,-9.355894161806312,-0.9021128725260096,8.118156973360831
12.49999999999993,-0.2597617465418825,-2.076045803185703,8.181174935940104,4120.845123958686,408.92513480749716,7358.411007455466,11376.731266448114,1289.497554062633,7455.021762938896,0.00010533781467188902,0.27646004079195796,13.698509318110418,offense,1.1053073156695556,-2.165625296039542,0.8950382826159892,0.7352390479480997,1,4123.252097185235,404.61824984140964,7356.987447911376,-14.883251755796874,-2.076045803185703,8.181174935940104,1,4122.020228404776,413.81447143767474,7359.4515923186955,-14.883251755796874,-2.076045803185703,8.181174935940104
12.599999999999925,-0.40299066356550295,-1.9363078822553015,8.061316915475045,4155.066252583543,413.5495012064616,7358.432489910552,11403.860862111254,1296.0661287129142,7454.799346808124,0.00010541780893751421,0.2799371263559478,13.698516215212662,offense,1.1048572423663376,-1.9201004886141864,0.8942820893810743,0.7389507975558016,1,4157.412309070742,409.47372008448775,7356.3701302899635,-23.089664205479796,-1.9363078822553015,8.061316915475045,1,4156.299869596332,418.23526190690956,7360.132823914181,-23.089664205479796,-1.9363078822553015,8.061316915475045
12.69999999999992,-0.4832809113252471,-0.23288631196758738,7.398610500932546,4189.289974930506,418.14129780256883,7358.4238536746625,11430.967640356377,1302.6291824039067,7454.576995925912,0.000105496665428134,0.28337005710195967,13.698523110484794,offense,1.1052045384759444,-0.07573373244038499,0.8935280466257475,0.7426522322776642,1,4191.62488877967,414.2194448766953,7356.0708668611005,-27.689956538172847,-0.23288631196758738,7.398610500932546,1,4190.54823968676,422.65156746403466,7360.531823642197,-27.689956538172847,-0.23288631196758738,7.398610500932546
12.799999999999914,-0.4497072264587235,2.025817478279169,6.413765043348697,4223.555123651841,422.68449311310263,7358.42830772692,11458.051665987026,1309.1867308222445,7454.354693586114,0.0001055758524209411,0.28677058482857143,13.698530003650685,offense,1.1069944584498992,2.2994587288933497,0.8927761460458306,0.7463549437213951,1,4225.916585363285,418.65683190607507,7356.290377936962,-25.766326092618804,2.025817478279169,6.413765043348697,1,4224.804218672705,427.23175584514894,7360.460907853506,-25.766326092618804,2.025817478279169,6.413765043348697
12.899999999999908,-0.33082067114530833,2.2101629734760846,6.450218581720766,4257.874135429758,427.1837453054061,7358.44092610074,11485.113003553433,1315.7387895934307,7454.132423432306,0.0001056565524730504,0.29014957277250886,13.698536896526626,offense,1.108202858708139,2.4207981767423794,0.8920263788329236,0.7500687499609008,1,4260.250976788387,422.92631045345325,7356.830282242749,-18.954628232311503,2.2101629734760846,6.450218581720766,1,4259.111497333996,431.93477698283806,7359.946227903695,-18.954628232311503,2.2101629734760846,6.450218581720766
12.999999999999902,-0.18513395791884707,1.1133720393944289,6.848245470287437,4292.236223376591,431.6603949058854,7358.441739582155,11512.151717327088,1322.2853742756843,7453.910169831357,0.00010573971295881392,0.29351698554219613,13.698543788841054,offense,1.1093911375811907,1.1967295754547735,0.8912787348150298,0.7538018453601238,1,4294.622126743938,427.2191584124564,7357.465940662748,-10.607394433302522,1.1133720393944289,6.848245470287437,1,4293.462891329839,436.58369419865517,7359.232757790722,-10.607394433302522,1.1133720393944289,6.848245470287437
13.099999999999897,-0.10575764925241743,0.09362495588181366,6.938101112144781,4326.6322634698045,436.1169211914902,7358.45573722998,11539.1678712793,1328.8265003547301,7453.687918183414,0.00010582609666311318,0.29688179704197165,13.69855068102008,offense,1.1102250677230263,0.1087620164572373,0.8905332032719693,0.7575608478904191,1,4329.014893506332,431.6122904580831,7357.822747447533,-6.059466953388404,0.09362495588181366,6.938101112144781,1,4327.860077759857,441.08854818179026,7358.836128000718,-6.059466953388404,0.09362495588181366,6.938101112144781
13.199999999999891,-0.1369859747177538,-1.0945973813376149,6.955538383247295,4361.050522882082,440.5512608089062,7358.4947000440925,11566.161529063085,1335.3621832393883,7453.46565519214,0.00010591630652194736,0.30025195237742586,13.698557572793794,offense,1.110495753362272,-1.1450550039739356,0.8897897727411008,0.7613508998986184,1,4363.415607656846,436.06738955703327,7357.6758150675505,-7.848718203813092,-1.0945973813376149,6.955538383247295,1,4362.288806188322,445.5105002292766,7358.986532154605,-7.848718203813092,-1.0945973813376149,6.955538383247295
13.299999999999885,-0.2546096673768348,-0.3500261230744788,6.704845121687859,4395.4606847956065,444.94398884524804,7358.624289179447,11593.132753998532,1341.892438258035,7453.243369008923,0.00010601081712226515,0.3036343267525934,13.698564465971181,offense,1.1096196732255463,-0.5220048381413448,0.8890484318347524,0.7651757501134681,1,4397.79863793347,440.57455915042954,7357.278421701872,-14.588059363922357,-0.3500261230744788,6.704845121687859,1,4396.728597044821,449.8032560557713,7359.696306299192,-14.588059363922357,-0.3500261230744788,6.704845121687859
13.39999999999988,-0.3624883654944025,1.311853041684277,6.322958737044852,4429.856115588566,449.26094726560257,7358.9032679096645,11620.081609061044,1348.4172806557292,7453.021049390701,0.00010610998229613275,0.3070347431782203,13.698571360271096,offense,1.1090211551796383,0.9822735794472206,0.8883091682915906,0.7690378868962866,1,4432.195274289104,445.05097020150043,7357.121771433824,-20.769053465424882,1.311853041684277,6.322958737044852,1,4431.1292441345595,453.9639505162753,7360.525058318299,-20.769053465424882,1.311853041684277,6.322958737044852
13.499999999999874,-0.36933009918037935,0.999659542014762,6.632830165007418,4464.259694721613,453.5128303424034,7359.267489022628,11647.008156872525,1354.936725592057,7452.798687744248,0.00010621405479112991,0.31045802788183097,13.698578255394061,offense,1.1098582505910561,0.5367856355989946,0.8875719696024313,0.7729386908265073,1,4466.6109911367075,449.3269988823835,7357.445533985676,-21.161055930183842,0.999659542014762,6.632830165007418,1,4465.516845300364,458.21275885391157,7360.910518057386,-21.161055930183842,0.999659542014762,6.632830165007418
13.599999999999868,-0.27511603891086817,-0.6016008992241347,7.378944002017588,4498.7112158430655,457.76118212142535,7359.5601324631425,11673.912459695672,1361.4507881397165,7452.5762771727295,0.0001063232047903029,0.31390802842534965,13.698585153134701,offense,1.1119114955657163,-0.969340691817412,0.8868368236924948,0.7768785462943969,1,4501.08991403931,453.44677696210687,7358.112029216676,-15.762987905949679,-0.6016008992241347,7.378944002017588,1,4499.93049697493,462.6127597842274,7360.719808151979,-15.762987905949679,-0.6016008992241347,7.378944002017588
13.699999999999863,-0.10320513160930209,-1.6936315602214558,7.791102437705828,4533.225808121815,462.0559183286295,7359.630222511778,11700.794579430401,1367.9594832836424,7452.3538124405,0.00010643751862336817,0.31738767476559043,13.698592053164425,offense,1.114052490212237,-1.6472180943789005,0.8861037178661747,0.780856973239861,1,4535.655371455389,457.58291669387006,7358.952890699745,-5.913218465305215,-1.6936315602214558,7.791102437705828,1,4534.3898641378255,467.04765135227433,7359.941470021396,-5.913218465305215,-1.6936315602214558,7.791102437705828
13.799999999999857,0.12435062223494812,-1.580431659331431,7.9130235131820985,4567.795166445091,466.3833264820783,7359.4472864566505,11727.654577612548,1374.4628259206702,7452.1312899413115,0.00010655701213972643,0.32089906159331205,13.69859895513502,offense,1.1156396623340088,-1.006495950867609,0.8853726394796466,0.7848727783823751,1,4570.2678223307275,461.9020056261303,7359.863262726736,7.12476583388818,-1.580431659331431,7.9130235131820985,1,4568.923871515375,471.33265394295074,7358.673023872401,7.12476583388818,-1.580431659331431,7.9130235131820985
13.899999999999851,0.31800991932993306,-0.7170532293207574,7.940302733083592,4602.412040445395,470.7197462195551,7359.093240166623,11754.492515414637,1380.9608308597008,7451.908707615424,0.00010668164524580834,0.32444351432159885,13.698605860787767,offense,1.1170666375724831,0.18183293695057412,0.8846435765043495,0.788924168250581,1,4604.866968205509,466.41765301717794,7360.447723009143,18.22062622090094,-0.7170532293207574,7.940302733083592,1,4603.570101312438,475.443690686145,7357.446259989208,18.22062622090094,-0.7170532293207574,7.940302733083592
13.999999999999845,0.3942432308340561,-1.4497228310212287,7.454503821331244,4637.060574832772,475.07028130243486,7358.66698795057,11781.30845364815,1387.4535128222285,7451.686064857632,0.00010681131490253514,0.32802168165679757,13.698612769730824,offense,1.1179371729685315,-0.5709033652331614,0.8839165165295942,0.7930088861822525,1,4639.489308074604,470.8681525736608,7360.344089315076,22.588473228393298,-1.4497228310212287,7.454503821331244,1,4638.246856574459,479.6446960466256,7356.657817629898,22.588473228393298,-1.4497228310212287,7.454503821331244
14.09999999999984,0.4262588843621115,-2.39773521725382,7.059805684242437,4671.733530718368,479.4409023103143,7358.187693789089,11808.10245276742,1393.9408864432721,7451.463362392366,0.00010694587122963324,0.3316335982773381,13.69861968156038,offense,1.118915355841759,-1.4613422867636763,0.8831914473331733,0.7971243041202706,1,4674.159399478793,475.2832914132018,7359.976193826944,24.422835053903995,-2.39773521725382,7.059805684242437,1,4672.920285744342,483.9375930836336,7356.010382466042,24.422835053903995,-2.39773521725382,7.059805684242437
14.199999999999834,0.5377727530034109,-1.638109864666354,7.562903154333664,4706.441797613946,483.81653082660347,7357.594776769915,11834.874572874443,1400.42296627251,7451.240602160141,0.00010708512966613782,0.33527879176861536,13.698626597921281,offense,1.1204183085045467,-0.3176314093054568,0.8824683574495584,0.8012675499907423,1,4708.863081365221,479.9121657328875,7359.888816484215,30.81210908422671,-1.638109864666354,7.562903154333664,1,4707.638575054706,488.0669172649713,7354.973471964704,30.81210908422671,-1.638109864666354,7.562903154333664
14.299999999999828,0.7104368782445722,0.3104013433806808,8.96231129369103,4741.1988456456675,488.2155901661757,7356.919097125563,11861.624873724837,1406.899766775725,7451.017787167678,0.00010722886300362315,0.33895634689935655,13.698633518358061,offense,1.1220639528024334,2.147175926844501,0.881747235142145,0.8054355868394056,1,4743.560446914039,484.81846499058116,7359.9607545669205,40.70503473386352,0.3104013433806808,8.96231129369103,1,4742.460221021495,492.01243709434675,7353.700062244532,40.70503473386352,0.3104013433806808,8.96231129369103
14.399999999999823,0.8685816374972585,1.7983571944448384,10.250795660412102,4775.990255632694,492.7356586515148,7356.279753214128,11888.35341473427,1413.3713023363364,7450.79492137776,0.00010737681230244166,0.3426649907847166,13.69864044238782,offense,1.1234477864229622,3.7985469763143174,0.8810280689350123,0.8096253008071055,1,4778.239149549747,489.89084554337325,7359.915521981471,49.76606199115492,1.7983571944448384,10.250795660412102,1,4777.362005001834,496.0335355125316,7352.590361410885,49.76606199115492,1.7983571944448384,10.250795660412102
14.499999999999817,0.933515720496958,1.7370143014476982,9.987650211265247,4810.784258203756,497.4802911135715,7355.750943801928,11915.06025498546,1419.8375872570903,7450.572009551409,0.00010752870177165856,0.34640318656214353,13.698647371578206,offense,1.1240571652980145,3.0703453213317355,0.880310848170599,0.8138335935461455,1,4812.976459402564,494.8602503198866,7359.584863485929,53.48651089358989,1.7370143014476982,9.987650211265247,1,4812.216106664861,500.5263622901062,7351.872727669231,53.48651089358989,1.7370143014476982,9.987650211265247
14.599999999999811,0.8908257040883903,0.837952157787898,8.64406308172351,4845.55547858329,502.4713965240587,7355.3349720380365,11941.745453235744,1426.2986357618845,7450.349057108215,0.00010768423205145381,0.35016916874904097,13.698654305393559,offense,1.1241392366111425,1.0895712279709224,0.8795955619558573,0.8180574131401745,1,4847.770629645028,499.6531280161364,7359.011895805391,51.04055312603473,0.837952157787898,8.64406308172351,1,4846.971345731522,505.63716495996437,7351.547818696966,51.04055312603473,0.837952157787898,8.64406308172351
14.699999999999806,0.8001486319350691,-0.2888708955876974,7.31750260555768,4880.300679877867,507.64637391592385,7354.999849758697,11968.40906792431,1432.7544619975058,7450.126070017335,0.00010784308838411473,0.3539610306984081,13.698661243258817,offense,1.1242889144785277,-0.7486843159590479,0.8788821996634898,0.8222938262483445,1,4882.56035866903,504.4713751352024,7358.343879439065,45.845139593046184,-0.2888708955876974,7.31750260555768,1,4881.674162904349,511.0998483317939,7351.456354473686,45.845139593046184,-0.2888708955876974,7.31750260555768
14.7999999999998,0.6913509926723721,-1.0922226543662783,6.499891907195032,4915.04546259684,512.8905102330611,7354.656619192028,11995.051157179765,1439.205080035467,7449.903054656696,0.00010800495505547392,0.3577767919188333,13.69866818669261,offense,1.1244699167763788,-1.786674058382248,0.8781707515039245,0.8265400726340566,1,4917.337483794596,509.346454243638,7357.581615939526,39.61149404230682,-1.0922226543662783,6.499891907195032,1,4916.3843585347895,516.681407158985,7351.461973959086,39.61149404230682,-1.0922226543662783,6.499891907195032
14.899999999999794,0.5241689891310727,-1.3779263110405198,6.218715349435007,4949.779624789936,518.1746999710582,7354.304621309853,12021.671778827533,1445.6505038737903,7449.680017709667,0.00010816950206664566,0.3616144312529791,13.698675134381409,offense,1.1241853099738515,-1.9476106719520052,0.8774612072330422,0.8307935784752053,1,4952.1003259628105,514.1819762138458,7356.550017280459,30.032670828849184,-1.3779263110405198,6.218715349435007,1,4951.0851732142555,522.431660387132,7351.74666678959,30.032670828849184,-1.3779263110405198,6.218715349435007
14.999999999999789,0.3415247724317022,-0.9794725945378496,6.496744077974629,4984.507275243368,523.4828394615078,7353.950597978997,12048.270990397048,1452.0907474387361,7449.456966051507,0.00010833640831805945,0.36547193495297575,13.698682087764968,offense,1.1242028247592089,-1.137190443264557,0.8767535575846158,0.8350519860854977,1,4986.8572116923715,519.1546160115948,7355.404413804083,19.567928059502425,-0.9794725945378496,6.496744077974629,1,4985.779127257919,528.1358619906434,7352.1896113815355,19.567928059502425,-0.9794725945378496,6.496744077974629
15.099999999999783,0.16025260929861312,-1.7039572760338024,6.394608765465512,5019.231898537167,528.7984860156345,7353.5964726853435,12074.848849128506,1458.5258245864588,7449.233906665349,0.00010850535130307337,0.3693473421747406,13.698689046192461,offense,1.12412147913728,-1.4694884724399608,0.8760477929958417,0.8393131751897818,1,5021.58867894391,524.2735798727563,7354.179662630844,9.181798168769463,-1.7039572760338024,6.394608765465512,1,5020.487908023052,533.6865399493267,7352.648491191493,9.181798168769463,-1.7039572760338024,6.394608765465512
15.199999999999777,-0.022534158463128586,-2.6685432199535803,6.340996848952752,5053.958881574993,534.0931786855209,7353.216732806692,12101.405411979471,1464.9557491045896,7449.010846553627,0.00010867601161297497,0.37323877274494965,13.698696008972739,offense,1.124088298385997,-1.9681760391717071,0.8753439041440452,0.8435752718243668,1,5056.284447185041,529.5262350297746,7352.8941336148155,-1.2911121748162735,-2.6685432199535803,6.340996848952752,1,5055.234448987224,539.0661939059789,7353.110208659439,-1.2911121748162735,-2.6685432199535803,6.340996848952752
15.299999999999772,-0.2040958732338975,-2.0565951024563,6.348531634866203,5088.683893180586,539.3474206853303,7352.828067520121,12127.940735630888,1471.3805347136963,7448.787792663136,0.00010884808978228413,0.37714445634803223,13.698702977528205,offense,1.1236336035169596,-0.9707379019826112,0.8746418824421122,0.8478366506518026,1,5090.969163655012,534.8988111609656,7351.663287644589,-11.693832152339391,-2.0565951024563,6.348531634866203,1,5089.999062779734,544.249632101521,7353.607780388072,-11.693832152339391,-2.0565951024563,6.348531634866203
15.399999999999766,-0.32040020775978223,-0.712463558758978,6.298428428528911,5123.4221518645945,544.5375240821838,7352.500387571303,12154.454876492784,1477.800195068673,7448.564751828262,0.00010902128827281213,0.38106275556946584,13.698709950430622,offense,1.1243580100804318,0.491532553841171,0.8739417187902947,0.8520959398262037,1,5125.706120576041,540.2474139665416,7350.842756092114,-18.35757965975025,-0.712463558758978,6.298428428528911,1,5124.743898866481,549.3079921516069,7353.866008038936,-18.35757965975025,-0.712463558758978,6.298428428528911
15.49999999999976,-0.3153740135221281,-1.2128604693351024,6.783759656202131,5158.191263417332,549.6767553238842,7352.175825335071,12180.94789070942,1484.2147437599792,7448.341730717611,0.00010919533255734295,0.384992175329617,13.698716929055518,offense,1.1251386471295661,-0.05482874873827772,0.8732434049653578,0.8563520051453533,1,5160.498487458858,545.3963799077412,7350.525248611896,-18.069599942919695,-1.2128604693351024,6.783759656202131,1,5159.483024757356,554.466462478852,7353.5022332700855,-18.069599942919695,-1.2128604693351024,6.783759656202131
15.599999999999755,-0.27011464804171614,-2.477883553522643,7.276120231602043,5193.000204058918,554.8083039759127,7351.735404813687,12207.419834164064,1490.624194314814,7448.118735799948,0.00010936995849992724,0.38893137287770996,13.698723912657229,offense,1.1265223322781546,-1.3022075872056436,0.8725469323772134,0.8606039431254641,1,5195.325046604218,550.476602194688,7350.251906644461,-15.476429317452002,-2.477883553522643,7.276120231602043,1,5194.263140817027,559.6680332350003,7352.811193953521,-15.476429317452002,-2.477883553522643,7.276120231602043
15.699999999999749,-0.22543431329212843,-2.7046422234610747,7.508980257952771,5227.8492360912505,559.9235778333135,7351.174009906367,12233.870762483297,1497.0285601981436,7447.895773298774,0.00010954491664966776,0.3928791567285055,13.698730900491189,offense,1.1278924987857333,-1.3918321055866465,0.8718522925659906,0.864851058512257,1,5230.203097814929,555.5441405728426,7349.889811998177,-12.916434709068914,-2.7046422234610747,7.508980257952771,1,5229.080688511513,564.8342227812904,7352.03330678844,-12.916434709068914,-2.7046422234610747,7.508980257952771
15.799999999999743,-0.1625422893981329,-3.591538202492549,7.718625306435223,5262.732065458063,565.0514760974049,7350.413768231544,12260.300731040608,1503.4278548135949,7447.672849183247,0.0001097199827451422,0.39683451761264626,13.698737893872645,offense,1.1287769556865228,-2.067311361459252,0.8711594777162942,0.86909287672779,1,5265.109208326948,560.614854648232,7349.396476779871,-9.312987174907041,-3.591538202492549,7.718625306435223,1,5263.933280533038,570.0155549215403,7350.946969667611,-9.312987174907041,-3.591538202492549,7.718625306435223
15.899999999999737,-0.19544562118070305,-2.987761340780731,7.544002612269975,5297.624637759729,570.1652915869203,7349.534569054627,12286.709794960034,1509.822091504326,7447.44996915569,0.00010989494163858685,0.400796596427245,13.698744891340837,offense,1.128606132333029,-1.3650154537347965,0.8704684794274495,0.8733290986435172,1,5299.986543436343,565.7538288669214,7348.381443630035,-11.198209217966975,-2.987761340780731,7.544002612269975,1,5298.846512466873,575.1023020684904,7350.243264832029,-11.198209217966975,-2.987761340780731,7.544002612269975
15.999999999999732,-0.26052695750317184,-1.4882795971607763,7.28530422346672,5332.515989843926,575.2326554566482,7348.6826376128465,12313.098009118974,1516.2112835537134,7447.227138627747,0.00011006960770841098,0.40476468903428536,13.698751894210151,offense,1.1283307527180904,0.14094916686631465,0.8697792900765982,0.8775595872826102,1,5334.869499828718,570.8915242412397,7347.273783283227,-14.927095114315902,-1.4882795971607763,7.28530422346672,1,5333.756910946484,580.1008252952981,7349.745810806304,-14.927095114315902,-1.4882795971607763,7.28530422346672
16.099999999999728,-0.32665768194897443,-1.9973824291046982,7.442676529926849,5367.411403206441,580.2594539797815,7347.850622752664,12339.465428150806,1522.5954441860074,7447.004362741954,0.00011024380413853749,0.40873824444538465,13.698758901696351,offense,1.1283041777865273,-0.3703419327437214,0.869091901600037,0.8817843568568693,1,5369.7409695097485,576.0210414393366,7346.124853366132,-18.71610652120301,-1.9973824291046982,7.442676529926849,1,5368.669659431993,585.0506984916908,7349.203422552323,-18.71610652120301,-1.9973824291046982,7.442676529926849
16.199999999999722,-0.4410464687132979,-3.3101680008166245,7.900018731042861,5402.311487760097,585.2351532073941,7347.020551787273,12365.812106447178,1528.9745865668685,7446.781646362657,0.00011041737251703104,0.41271684051493923,13.69876591300444,offense,1.1281458926087424,-1.645061655109397,0.8684063059894409,0.8860035361288283,1,5404.576266454503,581.2231886353475,7344.752464986022,-25.270101226420678,-3.3101680008166245,7.900018731042861,1,5403.617445667372,589.8546534405161,7348.843733495335,-25.270101226420678,-3.3101680008166245,7.900018731042861
16.299999999999716,-0.5650499210245299,-2.8226859925831778,7.631028088426251,5437.211160945608,590.1581969891243,7346.16231626308,12392.13809815979,1535.34872380381,7446.558994087369,0.00011059018185075843,0.4167001984781607,13.698772929446534,offense,1.127918575334139,-0.9922179383982775,0.8677224958184676,0.8902173727696565,1,5439.411132100873,586.433059998166,7343.3959501783775,-32.37497568890604,-2.8226859925831778,7.631028088426251,1,5438.585370742999,594.50266475742,7348.530110013176,-32.37497568890604,-2.8226859925831778,7.631028088426251
16.39999999999971,-0.6322208651527659,-1.5173660908301352,6.973749674684266,5472.120493197849,595.0007055928568,7345.311574416429,12418.443457202291,1541.7178689466666,7446.336410262663,0.00011076210365175032,0.420688138278948,13.698779949512565,offense,1.1279918562931885,0.4456941213833938,0.8670404630094812,0.8944261859210039,1,5474.3099033398585,591.4448047676827,7342.323037558434,-36.223587293363025,-1.5173660908301352,6.973749674684266,1,5473.51871937979,599.150233371231,7347.99405139874,-36.223587293363025,-1.5173660908301352,6.973749674684266
16.499999999999705,-0.5860230563823289,-1.2933937036675107,7.0603453620112075,5507.056665742312,599.7905464815165,7344.433490695364,12444.728237251356,1548.082034987855,7446.113899008018,0.00011093303789909286,0.42468059863436647,13.698786974518857,offense,1.129226866507062,0.5842392416525203,0.866360200202677,0.8986303730957124,1,5509.283223504968,596.1091000594603,7341.6301546878385,-33.57664782806452,-1.2933937036675107,7.0603453620112075,1,5508.419059607134,604.0613904217834,7346.938101442562,-33.57664782806452,-1.2933937036675107,7.0603453620112075
16.5999999999997,-0.4491056190310183,-0.6475382140490004,6.8734593224218274,5542.049707559457,604.5601506790217,7343.489644499222,12470.99249174812,1554.4412348627181,7445.891464218093,0.00011110289331545901,0.4286776110957122,13.698794003655845,offense,1.1314726813563927,1.257970655972712,0.8656816995675114,0.902830388386634,1,5544.342544979184,600.5380724719204,7341.268139724827,-25.731856526087572,-0.6475382140490004,6.8734593224218274,1,5543.354340957308,609.1295787231448,7345.43580971492,-25.731856526087572,-0.6475382140490004,6.8734593224218274
16.699999999999694,-0.2934673938911987,-1.3124253594903748,7.159123376102546,5577.09553161328,609.3191306023281,7342.471132114345,12497.236273899105,1560.795481449763,7445.6691095967835,0.00011127158939787633,0.4326792747874865,13.69880103610866,offense,1.1323978785897806,0.559481781649373,0.865004953263589,0.9070267070795589,1,5579.434426331381,605.0199208497958,7340.916890498193,-16.814443094669002,-1.3124253594903748,7.159123376102546,1,5578.352282276726,614.1457720196253,7343.693183831238,-16.814443094669002,-1.3124253594903748,7.159123376102546
16.799999999999688,-0.21500273923213706,-2.5233530374823125,7.423833515820491,5612.174552892173,614.0609249134482,7341.402517697024,12523.45963667713,1567.1447875708836,7445.446838668585,0.00011143906696780912,0.4366857637066095,13.698808073200652,offense,1.1334168501121884,-0.7002021751366754,0.8643299540330197,0.9112198369889003,1,5614.5296287836245,609.6666362878126,7340.172418099385,-12.31874954175326,-2.5233530374823125,7.423833515820491,1,5613.407207883501,618.9786360244407,7342.218593123181,-12.31874954175326,-2.5233530374823125,7.423833515820491
16.899999999999682,-0.17424404341694089,-1.7306110907538512,7.334498736171868,5647.272917083522,618.7672978796234,7340.3424885069435,12549.662632821983,1573.489165991515,7445.224654810381,0.00011160526894757431,0.4406973025952806,13.698815113424587,offense,1.133590994666093,0.031548984770187666,0.863656693899394,0.9154102891972498,1,5649.649062538387,614.3295496686445,7339.32778480966,-9.983448293084988,-1.7306110907538512,7.334498736171868,1,5648.491917323158,623.7132416756574,7340.991316975985,-9.983448293084988,-1.7306110907538512,7.334498736171868
16.999999999999677,-0.05433100205309762,-0.08533990787671093,7.229558002997824,5682.398310484838,623.4506853504589,7339.297734865201,12575.845314841095,1579.8286294208033,7445.002561263934,0.00011177015740784102,0.4447141754126282,13.698822158064448,offense,1.1347683710676997,1.644792681407922,0.862985165616649,0.9195985893911333,1,5684.805538782808,618.9318401302639,7338.904555774492,-3.112937114359104,-0.08533990787671093,7.229558002997824,1,5683.599979425815,628.4415641850729,7339.425876249971,-3.112937114359104,-0.08533990787671093,7.229558002997824
17.09999999999967,0.09103829913224154,-0.6873284421502347,7.23584393944414,5717.56514218832,628.1293343178928,7338.225316983864,12602.007735010302,1586.1631905118038,7444.780561167679,0.00011193369327663979,0.4487366757590369,13.69882920563032,offense,1.1360996315392733,1.0404350061195164,0.8623153612537856,0.92378523013783,1,5719.977733958339,623.6052389041553,7338.510381254927,5.216110314326945,-0.6873284421502347,7.23584393944414,1,5718.763197932702,633.0880285887921,7337.637683117324,5.216110314326945,-0.6873284421502347,7.23584393944414
17.199999999999665,0.1668919765139182,-2.2840243603197643,6.9842987062697235,5752.764456570001,632.8122762684095,7337.128190151296,12628.14994537434,1592.4928618615747,7444.558657562399,0.00011209585659138008,0.4527651177741953,13.698836257416907,offense,1.1367429292826263,-0.6062785727900274,0.8616472735841909,0.9279706824183046,1,5755.174170543433,628.3170308072563,7337.724299881318,9.562205888843971,-2.2840243603197643,6.9842987062697235,1,5753.959971507986,637.705671688258,7336.1308309892775,9.562205888843971,-2.2840243603197643,6.9842987062697235
17.29999999999966,0.20720653055214625,-2.271658515886833,7.073904724046576,5787.980253518783,637.4978996877583,7336.029020156739,12654.271997747266,1598.8176560113118,7444.33685342643,0.00011225662742765728,0.4567998412598124,13.69884331262934,offense,1.137482973446586,-0.5771697289979449,0.8609808948695017,0.9321554033963616,1,5790.400586808331,633.0379441901358,7336.816474108873,11.872059688186527,-2.271658515886833,7.073904724046576,1,5789.165952806959,642.3514432466277,7334.84304708783,11.872059688186527,-2.271658515886833,7.073904724046576
17.399999999999654,0.32992634294581547,-0.44653752295192073,7.705128651021868,5823.22624199985,642.1973425885634,7334.911484143416,12680.373943713144,1605.1375854464877,7444.115151682467,0.00011241598899634622,0.46084119621363656,13.698850370468337,offense,1.1387062047774934,1.2934806704521127,0.8603162173869959,0.9363398238208308,1,5825.655311584099,637.9009946306793,7336.3293399822305,18.903387000981027,-0.44653752295192073,7.705128651021868,1,5824.413591876771,646.8979787532539,7333.219290325622,18.903387000981027,-0.44653752295192073,7.705128651021868
17.49999999999965,0.5168744793735822,1.944291129380129,8.816825500207825,5858.514041869006,646.94161799122,7333.836469675023,12706.455834626684,1611.4526625970339,7443.8935552157345,0.00011257393919255242,0.46488951280792185,13.698857432243607,offense,1.140249116020617,3.632797374982299,0.8596532339620924,0.9405243225331629,1,5860.885226282974,643.0215340788966,7336.155893438655,29.614726206127983,1.944291129380129,8.816825500207825,1,5859.765045875752,651.2935161615283,7331.414637457388,29.614726206127983,1.944291129380129,8.816825500207825
17.599999999999643,0.6871268521202312,3.1875491797571374,9.600904183088378,5893.834057058985,651.8117445468799,7332.908669159854,12732.517721613753,1617.7628998374394,7443.672066891021,0.00011273046820997098,0.4689451149949164,13.698864496450039,offense,1.141504097327266,4.481409893253552,0.8589919367173947,0.9447092414519588,1,5896.097016384365,648.3474420077164,7335.949544528695,39.369468616599086,3.1875491797571374,9.600904183088378,1,5895.193087493198,655.7214539198494,7329.869506627544,39.369468616599086,3.1875491797571374,9.600904183088378
17.699999999999637,0.7601616902461009,2.8596682366328605,9.280834843636304,5929.157916447354,656.8880888523637,7332.186076335016,12758.559655571951,1624.0683094869034,7443.450689567435,0.00011288558170347026,0.4730083217614834,13.698871564412194,offense,1.1420354892439308,3.3968630109596925,0.8583323185149432,0.9488948923222444,1,5931.369114453319,653.6338448434499,7335.4860459271285,43.55405659863258,2.8596682366328605,9.280834843636304,1,5930.5727661499905,660.5533493179287,7328.879512251482,43.55405659863258,2.8596682366328605,9.280834843636304
17.79999999999963,0.7262380396433903,1.657037078595716,8.125487840919913,5964.460633423984,662.1829023140302,7331.656846640512,12784.581687171421,1630.3689038095324,7443.229426104087,0.0001130392734565861,0.4770794274958377,13.698878634640526,offense,1.1420207729559,1.3648823109992607,0.8576743715250038,0.9530815392131436,1,5966.692600786598,658.7891198843727,7334.798480373521,41.61037459342083,1.657037078595716,8.125487840919913,1,5965.860585138339,665.9208249413955,7328.42615482152,41.61037459342083,1.657037078595716,8.125487840919913
17.899999999999626,0.6132470979236145,0.29220862507205686,6.948171615291145,5999.732515885944,667.6457243000754,7331.283796155283,12810.583866855568,1636.6646950145068,7443.008279373712,0.00011319155333426614,0.4811587037910012,13.698885708423166,offense,1.141701890976187,-0.49973666383314724,0.8570180886422737,0.9572694053521349,1,6002.009586679713,663.8934487367997,7333.949256096346,35.136470509669024,0.29220862507205686,6.948171615291145,1,6001.087844077136,671.6899236278907,7328.424279187147,35.136470509669024,0.29220862507205686,6.948171615291145
17.99999999999962,0.4466954135151993,-0.30116960454173297,6.539906148781395,6034.981585924578,673.1955124585783,7331.008627280635,12836.566244841722,1642.9556952562486,7442.787252271754,0.00011334241949302572,0.4852464005104317,13.698892784285116,offense,1.1413546067203746,-1.0098713961629846,0.8563634620862106,0.9614586757006683,1,6037.29938489893,669.0473251393792,7332.955329589497,25.593761922271995,-0.30116960454173297,6.539906148781395,1,6036.291618472297,677.6465463114785,7328.808306312172,25.593761922271995,-0.30116960454173297,6.539906148781395
18.099999999999614,0.26687656554806344,0.8041249161199598,7.030828694857177,6070.214962553517,678.7944086527385,7330.8315818713545,12862.528871122238,1649.241916634682,7442.566347716368,0.00011349188284723536,0.48934273365318465,13.698899863530173,offense,1.141156753902784,0.3623613840904371,0.8557104848138334,0.9656494916036842,1,6072.576147486964,674.3859154303751,7331.997469180848,15.290900856850504,0.8041249161199598,7.030828694857177,1,6071.4779367132305,683.580785544061,7329.466007806681,15.290900856850504,0.8041249161199598,7.030828694857177
18.19999999999961,0.15047989861286215,2.4963655344788718,7.694231912299369,6105.4303936188335,684.4413061018348,7330.845082568908,12888.471795465082,1655.523371195385,7442.345568659771,0.00011363994530907174,0.49344790017373985,13.698906945374185,offense,1.140680713978651,2.073211570535609,0.8550591492658477,0.9698419632882571,1,6107.84478553879,679.9589593703355,7331.514843298918,8.621863092073532,2.4963655344788718,7.694231912299369,1,6106.636120628364,689.373409618286,7330.077047881215,8.621863092073532,2.4963655344788718,7.694231912299369
18.299999999999603,0.07688415004766996,2.1788974433556105,7.7442839668948675,6140.637597232538,690.1149482583155,7331.038160226569,12914.395067415026,1661.8000709298583,7442.124918091652,0.00011378660679629553,0.4975620708266647,13.698914029025692,offense,1.1408925702008954,1.5915428731356647,0.8544094479447177,0.9740361722274837,1,6143.076932204932,685.6067305492047,7331.346247843513,4.405137309182036,2.1788974433556105,7.7442839668948675,1,6141.814912385288,695.0948489510495,7330.609420070284,4.405137309182036,2.1788974433556105,7.7442839668948675
18.399999999999597,-0.00461075894915615,1.129135619307138,7.802274195851189,6175.850539368308,695.7823036916672,7331.404496038306,12940.298736294633,1668.0720277757814,7441.904399030087,0.00011393187860637903,0.5016853758645264,13.698921115805984,offense,1.1412775195432325,0.47173072577208885,0.8537613738856586,0.9782321532442239,1,6178.307845810486,691.2748172250954,7331.288260058915,-0.26417702813882193,1.129135619307138,7.802274195851189,1,6177.003748481229,700.7857252622935,7331.33251459301,-0.26417702813882193,1.129135619307138,7.802274195851189
18.49999999999959,-0.07636459342922934,0.04630498938983854,7.8401584781674565,6211.084931160142,701.4347083637814,7331.830187297729,12966.182851205267,1674.339253617245,7441.684014543111,0.00011407575702919054,0.505817927311887,13.698928204212972,offense,1.1418584229702762,-0.5692912426141649,0.8531149194777112,0.9824299244964984,1,6213.539821695004,696.9515803838647,7331.3358433106805,-4.3753689077272995,0.04630498938983854,7.8401584781674565,1,6212.233516249061,706.4340470757583,7332.068230857699,-4.3753689077272995,0.04630498938983854,7.8401584781674565
18.599999999999586,-0.22002352354590357,-0.6329443817686325,7.8409163759589635,6246.321523246424,707.0486567998284,7332.311151288244,12992.047461028145,1680.6017602850188,7441.463767732823,0.00011421825117783422,0.509959814615312,13.698935295583212,offense,1.1411057505220563,-1.1733173355948077,0.8524700778354856,0.9866294799629111,1,6248.746718105558,702.6827810008288,7331.1166395039,-12.606419292777568,-0.6329443817686325,7.8409163759589635,1,6247.491558676458,711.9669149779538,7333.211736423456,-12.606419292777568,-0.6329443817686325,7.8409163759589635
18.69999999999958,-0.33672987509383073,0.59752810027357,7.644545665552969,6281.546450600729,712.5941109078484,7332.870770390985,13017.8926144257,1686.8595595568665,7441.243661724035,0.00011435935686390436,0.5141110977525387,13.698942388426667,offense,1.1407814035106485,0.07311814290122558,0.8518268414329142,0.9908307900538094,1,6283.9647934593195,708.3909796000263,7331.181212748431,-19.293200678843878,0.59752810027357,7.644545665552969,1,6282.726669546364,717.3669156999397,7334.352903197772,-19.293200678843878,0.59752810027357,7.644545665552969
18.799999999999574,-0.33561891639466185,2.4678622145137745,7.231629875617401,6316.796657296351,718.0677542813345,7333.516547885013,13043.718359842547,1693.112663157786,7441.023699699462,0.00011449907889359233,0.5182718138020975,13.698949484041595,offense,1.1420034536781192,1.823145022330642,0.8511852034526792,0.9950338036370202,1,6319.238405694732,713.8522147460346,7331.892851119811,-19.229547434168154,2.4678622145137745,7.231629875617401,1,6317.962312080623,722.8273567659804,7335.051713384904,-19.229547434168154,2.4678622145137745,7.231629875617401
18.89999999999957,-0.2257422542093529,2.2065257787236456,7.528540114941289,6352.089236255796,723.4942420964383,7334.186684273288,13069.52474550681,1699.3610827603381,7440.803884856585,0.00011463741045409539,0.5224419926987799,13.698956580949636,offense,1.1430889915056315,1.4303330938177479,0.8505451564496754,0.9992384696678878,1,6354.5471821534875,719.1295396392286,7333.056562853241,-12.934078423965264,2.2065257787236456,7.528540114941289,1,6353.239284410354,728.3944762478441,7335.2037361419725,-12.934078423965264,2.2065257787236456,7.528540114941289
18.999999999999563,-0.08396276389086467,0.9251866148503141,7.8754513206879695,6387.425047292451,728.9134989898196,7334.784755329246,13095.31181943142,1705.6048299849388,7440.5842204292185,0.00011477435731253203,0.5266216312948994,13.698963680463798,offense,1.1443401684737953,0.08266867450126546,0.8499066937058559,1.0034447098098154,1,6389.890042955201,724.4368421849415,7334.282122029549,-4.810712007199972,0.9251866148503141,7.8754513206879695,1,6388.566406288408,733.911016329364,7335.087112871408,-4.810712007199972,0.9251866148503141,7.8754513206879695
19.099999999999557,-0.016893370385126182,0.1487510739535615,7.858959937612435,6422.796820371297,734.3204316839049,7335.33450003925,13121.079629415392,1711.8439164001811,7440.364709680698,0.00011490990960581163,0.5308107069895094,13.698970781089992,offense,1.1451871024056302,-0.6906013194044274,0.8492698078552301,1.0076524346436282,1,6425.2561972464655,729.8173006403989,7335.128160050637,-0.9679188248190244,0.1487510739535615,7.858959937612435,1,6423.94331124646,739.3257196393599,7335.290328146108,-0.9679188248190244,0.1487510739535615,7.858959937612435
19.19999999999955,0.014923418388149512,-0.87643762880529,7.968602617561748,6458.196321028134,739.7083517944305,7335.828286256514,13146.828223045011,1718.0783535231408,7440.145355889121,0.00011504406874809274,0.5350091921688336,13.698977884156148,offense,1.1461550827059437,-1.5851443607171554,0.8486344922665119,1.0118615561547692,1,6460.663273460724,735.2054619066099,7335.742098360016,0.8550488895488928,-0.87643762880529,7.968602617561748,1,6459.330399414027,744.7114036428867,7335.5988556214415,0.8550488895488928,-0.87643762880529,7.968602617561748
19.299999999999546,0.1342371862997426,-0.6015265274535817,8.179269320181591,6493.636635961447,745.0910490868167,7336.175285758737,13172.557647695137,1724.3081528196544,7439.926162359837,0.00011517682734395884,0.5392170581709635,13.698984988867426,offense,1.1476264527902316,-1.0749655634505981,0.848000739833867,1.0160719931736737,1,6496.122591698741,740.6250829029615,7336.669724953052,7.6912242286866075,-0.6015265274535817,8.179269320181591,1,6494.7557278251,750.0400246322903,7335.384985530337,7.6912242286866075,-0.6015265274535817,8.179269320181591
19.39999999999954,0.32964455410503835,1.3068697265970044,8.736320405277965,6529.129385989233,750.4696289874249,7336.376347356302,13198.267950530742,1730.5333257047128,7439.707132410685,0.00011530817576763904,0.5434342475251729,13.698992094420612,offense,1.1491963430831764,0.9840443708346397,0.8473685435024375,1.020283645470098,1,6531.591745158309,746.2105782865272,7337.848276175794,18.88724168969061,1.3068697265970044,8.736320405277965,1,6530.282187888346,755.1990709471737,7334.741499800482,18.88724168969061,1.3068697265970044,8.736320405277965
19.499999999999535,0.5029288884867065,3.8451652496760924,9.718987021383796,6564.660583405652,755.8878267613289,7336.602488978469,13223.959178508045,1736.7538835427354,7439.488269367451,0.00011543811530515048,0.5476606943966738,13.698999202158486,offense,1.1503037868778256,3.366960825539422,0.8467378967754448,1.0244964107374614,1,6567.025587274465,751.9624411629711,7338.919254958171,28.8157027054939,3.8451652496760924,9.718987021383796,1,6565.911473606131,760.3053785835899,7334.30253036928,28.8157027054939,3.8451652496760924,9.718987021383796
19.59999999999953,0.5684062044850455,5.222920643874624,10.396104196727636,6600.188566633754,761.4527467001482,7337.051946323348,13249.631378375805,1742.9698376478837,7439.269576572955,0.00011556663200170292,0.5518963414161365,13.699006310581987,offense,1.1506808489212452,4.27496878523458,0.8461087925107118,1.0287102040373621,1,6602.492324156306,757.6914937828741,7339.68158085491,32.567276566043155,5.222920643874624,10.396104196727636,1,6601.495063269068,765.7340603342162,7334.535456683262,32.567276566043155,5.222920643874624,10.396104196727636
19.699999999999523,0.5209766704811539,4.883641032388597,10.088993362378467,6635.675543412185,767.2348947933334,7337.813390116382,13275.284596676793,1749.181199284421,7439.051057364339,0.00011569372409416956,0.5561411147731037,13.699013420992378,offense,1.1503057691327199,3.247342261353661,0.8454812243015934,1.0329249316951676,1,6638.010736030581,763.3560843344987,7340.23640577036,29.84976444334794,4.883641032388597,10.088993362378467,1,6636.95262542823,771.6249918023793,7335.475568528779,29.84976444334794,4.883641032388597,10.088993362378467
19.799999999999518,0.3907119385989204,3.824619622888441,9.431375940600963,6671.100507889538,773.2126571607738,7338.890690717715,13300.91887974901,1755.3879796669755,7438.8327150855575,0.00011581937860289771,0.5603949437950081,13.699020531903551,offense,1.1495612510698752,1.6098807233732786,0.8448551850899525,1.0371405094459347,1,6673.514922979448,769.0644518988286,7340.716147613504,22.3861450870927,3.824619622888441,9.431375940600963,1,6672.300937309103,777.8609530188605,7337.06816093076,22.3861450870927,3.824619622888441,9.431375940600963
19.899999999999512,0.2741696319459309,2.8061209293435745,9.169031377801723,6706.486313091182,779.2956307169304,7340.19234020226,13326.53427372689,1761.5901899608866,7438.614553079429,0.0001159435922254487,0.5646577692041063,13.69902764462943,offense,1.1496044211612404,0.418212839514303,0.8442306685573854,1.0413568705275802,1,6708.96605122554,774.9797056209839,7341.454477021782,15.70876278115699,2.8061209293435745,9.169031377801723,1,6707.6190699698345,784.1233432182354,7338.858415969551,15.70876278115699,2.8061209293435745,9.169031377801723
19.999999999999506,0.18907301296142678,1.7644973348136146,8.889043474811357,6741.870436512454,785.422638339088,7341.575718248785,13352.130824542868,1767.787841282538,7438.396574678555,0.0001160663509744351,0.5689295133919544,13.699034757669724,offense,1.1498820614651233,-0.6853067241749996,0.8436076677415545,1.0455739374347541,1,6744.3764245506945,781.0180740045172,7342.405860992429,10.833085662512065,1.7644973348136146,8.889043474811357,1,6742.974344363933,790.3423294033832,7340.602410852667,10.833085662512065,1.7644973348136146,8.889043474811357
20.0999999999995,0.09729261992192756,0.6668918621600088,8.792596784919224,6777.252003387875,791.5571627096706,7342.996251005307,13377.708577928423,1773.9809446996328,7438.178783213264,0.00011618765353151327,0.5732101012531928,13.699041872351305,offense,1.149900498514636,-1.6707834661173295,0.8429861764048284,1.0497916390472728,1,6779.7787977082035,787.1011089245226,7343.354294475609,5.574456499296882,0.6668918621600088,8.792596784919224,1,6778.329025730438,796.5450834607167,7342.421821327362,5.574456499296882,0.6668918621600088,8.792596784919224
20.199999999999495,0.10266378714208377,-0.20351497022841786,8.90019936914746,6812.651280956485,797.6821640643021,7344.312901699922,13403.267579415358,1780.169511231496,7437.961182008207,0.00011630748432333955,0.5774994755485072,13.699048987159813,offense,1.1506979738221246,-2.234186698780798,0.8423661876603162,1.0540099272378194,1,6815.191405491423,793.2335426282905,7344.669040248889,5.882201712070848,-0.20351497022841786,8.90019936914746,1,6813.710520552801,802.6674732506489,7343.685204484601,5.882201712070848,-0.20351497022841786,8.90019936914746
20.29999999999949,0.22529326374213518,-0.4504779629798302,9.087678294118485,6848.098183715847,803.7920910117377,7345.390049128828,13428.807874337168,1786.3535518494054,7437.743774368733,0.0001164258427777905,0.581797572455066,13.699056103434902,offense,1.1522445348362818,-2.0646850526285934,0.8417476953668945,1.0582287517077307,1,6850.646191246178,799.4320715917323,7346.3212785756095,12.908353165152082,-0.4504779629798302,9.087678294118485,1,6849.151581358579,808.6693474361474,7344.176779506344,12.908353165152082,-0.4504779629798302,9.087678294118485
20.399999999999483,0.3734463031082491,0.9151012826646547,9.518992399422613,6883.600686253176,809.8815483126292,7346.237266517643,13454.329507830158,1792.5330774768706,7437.526563586566,0.00011654271363238097,0.5861043305984962,13.699063219677308,offense,1.153369904317204,-0.44424112483007483,0.8411306927189461,1.062448067519177,1,6886.116650391057,805.723785602989,7347.896252264182,21.39689704286595,0.9151012826646547,9.518992399422613,1,6884.693644062673,814.5482881302038,7344.3943658958715,21.39689704286595,0.9151012826646547,9.518992399422613
20.499999999999478,0.5104703881035305,3.3250887215241156,10.66074361748297,6919.132702783861,815.9927840122402,7347.0583805908445,13479.832524834705,1798.7080989899353,7437.309552944344,0.00011665809579629662,0.590419696959335,13.69907033718186,offense,1.154570404768118,2.106302145141835,0.8405151736432293,1.0666678414238338,1,6921.577581017602,812.1267543034219,7349.391979680816,29.247798804737446,3.3250887215241156,10.66074361748297,1,6920.2954061224655,820.4086497405422,7344.709433844746,29.247798804737446,3.3250887215241156,10.66074361748297
20.599999999999472,0.6549358068235388,4.99855039818968,11.677666438718296,6954.688835898462,822.1988758113496,7347.961707540804,13505.316970096488,1804.8786272174664,7437.09274570427,0.000116771975431263,0.5947436151059947,13.699077454465137,offense,1.1558227328511692,3.694978048977333,0.8399011314218465,1.0708880394500868,1,6957.010260051971,818.7105408767135,7350.930176722604,37.525057582984154,4.99855039818968,11.677666438718296,1,6955.968162759117,826.2697114194472,7345.104975100507,37.525057582984154,4.99855039818968,11.677666438718296
20.699999999999466,0.7148267468280348,4.800242012746414,11.40500515517221,6990.234733519182,828.579375815663,7349.029555729232,13530.782888167454,1811.0446729413982,7436.876145117188,0.0001168843525896101,0.5990760518785133,13.699084572833998,offense,1.1562638544416046,2.8868925068197684,0.8392885600504371,1.0751086504019605,1,6992.496165777912,825.2506222860991,7352.219324385199,40.956555676313,4.800242012746414,11.40500515517221,1,6991.578717774909,832.4615770436019,7345.9487246812605,40.956555676313,4.800242012746414,11.40500515517221
20.79999999999946,0.6638955167375433,3.6542636306657394,10.321020714075049,7025.742847798557,835.1528652184564,7350.272199707259,13556.230323407239,1817.2062468970785,7436.659754408965,0.00011699521439092229,0.6034169668516969,13.699091690792567,offense,1.1561338317316523,0.9871677828892986,0.8386774528974112,1.079329659994865,1,7028.04238992862,831.6475662776693,7353.237715737865,38.03841114671814,3.6542636306657394,10.321020714075049,1,7027.058671065847,839.153713487677,7347.334322538973,38.03841114671814,3.6542636306657394,10.321020714075049
20.899999999999455,0.5292561417388704,2.3132767784563515,9.238723069670485,7061.206447659694,841.8722319120455,7351.658420773834,13581.659319984175,1823.3633597734918,7436.443576798654,0.00011710456033649383,0.607766319453103,13.699098809659715,offense,1.1557008826357256,-0.8042485508194726,0.8380678040317647,1.083551051659942,1,7063.585028423396,837.9948984966176,7354.041263432542,30.324143203014962,2.3132767784563515,9.238723069670485,1,7062.4477374829785,846.2053703517263,7349.19825597505,30.324143203014962,2.3132767784563515,9.238723069670485
20.99999999999945,0.34763938356678264,1.3112813612282546,8.693610304266459,7096.648886580366,848.6470754429913,7353.100696189401,13607.069921876302,1829.516022213536,7436.227615480328,0.00011721237796614441,0.6121240930158359,13.699105927927548,offense,1.1556463622940625,-1.6724346200262217,0.8374596068831738,1.0877728341360131,1,7099.102094083255,844.412072035745,7354.654986731218,19.918269470906232,1.3112813612282546,8.693610304266459,1,7097.811834025449,853.3454094615897,7351.38532139372,19.918269470906232,1.3112813612282546,8.693610304266459
21.099999999999444,0.22176996354505452,0.20974917485110378,8.560789516066624,7132.095316907212,855.4082456417503,7354.4895765901565,13632.462172872667,1835.6642448143105,7436.011873633299,0.00011731867010482854,0.6164902620057098,13.69911304692707,offense,1.1557896382877133,-2.3408184248654167,0.8368528556081916,1.0919950068464321,1,7134.592943549937,851.0201077317756,7355.425208374882,12.706482933901748,0.20974917485110378,8.560789516066624,1,7133.206542217243,860.2818120831179,7353.313639324856,12.706482933901748,0.20974917485110378,8.560789516066624
21.199999999999438,0.14188501786585933,-0.7005835272179131,8.416709868447644,7167.564202800105,862.1342565658714,7355.713766401864,13657.836116574335,1841.8080381273846,7435.7963544153035,0.00011742342411685663,0.6208648002212012,13.699120165138327,offense,1.1560087630038138,-2.843506372339017,0.8362475437011478,1.0962175686721258,1,7170.069333661225,857.682844347139,7356.2415434642535,8.129412699852022,-0.7005835272179131,8.416709868447644,1,7168.661867158265,867.0815902291845,7354.88411431775,8.129412699852022,-0.7005835272179131,8.416709868447644
21.299999999999432,-0.00851041285415198,-0.8029872815720902,8.369429296629038,7203.037041678337,868.8197531106455,7356.828265418512,13683.191796395273,1847.947412659002,7435.581060972727,0.00011752664226573841,0.6252477036109935,13.699127283904579,offense,1.1554791584401005,-2.5319898512154486,0.8356436653811659,1.1004405377485154,1,7205.533591814398,864.3366748871696,7356.631931365609,-0.4876107384567935,-0.8029872815720902,8.369429296629038,1,7204.137445524568,873.8342589023516,7356.713622319523,-0.4876107384567935,-0.8029872815720902,8.369429296629038
21.399999999999427,-0.18734282389738738,0.6391332226964246,8.311604127545262,7238.503401139744,875.4607294967519,7357.933906348032,13708.529255563619,1854.0823788703613,7435.365996434918,0.00011762831477140719,0.6296389681435589,13.699134401724255,offense,1.1551466634488692,-0.7379734234571819,0.8350412142247352,1.1046639331566463,1,7240.993680810286,871.0829337173537,7356.93255162748,-10.733953131382917,0.6391332226964246,8.311604127545262,1,7239.610484205669,880.413006580066,7358.720429567794,-10.733953131382917,0.6391332226964246,8.311604127545262
21.49999999999942,-0.30196789565610854,2.6134724705838717,8.139185071353952,7273.967366910881,882.0287173995179,7359.144715903599,13733.848537122674,1860.2129471779062,7435.151163915333,0.00011772844451072095,0.6340385817290974,13.699141519892441,offense,1.1547012274009048,1.2611064253822992,0.8344401845088535,1.1088877631752123,1,7276.480552225202,877.7977588205787,7357.677681793845,-17.301485969541844,2.6134724705838717,8.139185071353952,1,7275.054025813866,886.8526324662107,7360.529748703895,-17.301485969541844,2.6134724705838717,8.139185071353952
21.599999999999415,-0.2938313295968287,2.458769940182399,8.50027169969598,7309.433558195872,888.5232700072186,7360.431573365432,13759.149683931852,1866.3391279535167,7434.936566509259,0.00011782702048814693,0.6384465420792407,13.699148636926607,offense,1.1547970694652563,0.9554725311432807,0.8338405698745135,1.1131120455733565,1,7311.969706144076,884.2950751067975,7358.996435229616,-16.83529507461572,2.458769940182399,8.50027169969598,1,7310.493539248077,893.3650653656467,7361.774241558274,-16.83529507461572,2.458769940182399,8.50027169969598
21.69999999999941,-0.2475329195520197,0.8492770470035765,9.032474042185845,7344.931663169798,894.9908591333148,7361.666851813755,13784.432738667765,1872.4609315247953,7434.722207302899,0.00011792404810779469,0.6428628435466288,13.699155754133198,offense,1.1560611360977533,-0.6944775420854564,0.833242364672732,1.117336793267161,1,7347.473560223315,890.7150567671641,7360.391872011976,-14.182591580882065,0.8492770470035765,9.032474042185845,1,7345.9779223571395,899.9015577177685,7362.74373673126,-14.182591580882065,0.8492770470035765,9.032474042185845
21.799999999999404,-0.20319692061059086,-0.6490865404190388,9.577434271084527,7380.46956524254,901.4412247656921,7362.781320261321,13809.697743825132,1878.578368175264,7434.508089363152,0.00011801951702225652,0.6472874899098188,13.699162870019132,offense,1.1570639891058099,-2.0433679876406443,0.8326455626013772,1.121562026595713,1,7383.029670148068,897.1321012251782,7361.6648001382255,-11.642325961041706,-0.6490865404190388,9.577434271084527,1,7381.486920090141,906.4071912043436,7363.601970274572,-11.642325961041706,-0.6490865404190388,9.577434271084527
21.899999999999398,-0.05425076025759491,-1.4500909159030444,9.955231816237589,7416.053528290026,907.9177839997136,7363.625309539354,13834.944741717709,1884.6914481446115,7434.294215751243,0.00011811343215703775,0.6517205008736597,13.69916998590191,offense,1.1588318560531572,-2.4935574958598847,0.8320501580749937,1.125787779046031,1,7418.663205802143,903.5167872384137,7363.189292578927,-3.108339598136247,-1.4500909159030444,9.955231816237589,1,7417.018987325074,912.9606076986549,7363.709677738584,-3.108339598136247,-1.4500909159030444,9.955231816237589
21.999999999999392,0.1776728311442663,-1.0938393165508151,10.169436435602925,7451.694466467355,914.4119125652737,7364.141572415418,13860.173774479483,1890.8001816289736,7434.080589505685,0.00011820578421554858,0.6561618835376889,13.699177100278057,offense,1.1603536795356952,-1.707986068131585,0.8314561448635877,1.1300140714383127,1,7454.337285814168,910.0627900637334,7364.827093652653,10.179903358706987,-1.0938393165508151,10.169436435602925,1,7452.637114394683,919.3575023999126,7363.130703446351,10.179903358706987,-1.0938393165508151,10.169436435602925
22.099999999999387,0.38006846528453425,-0.11982512032410628,10.304587177135682,7487.379231378743,920.8936297511999,7364.435731472451,13885.384884065516,1896.904578781153,7433.867213668397,0.00011829657563145316,0.6606116341138135,13.699184213761258,offense,1.1610899244899622,-0.4675634977990294,0.8308635172738096,1.134240911701549,1,7489.979271195139,916.7867908097636,7366.091921939233,21.776318986818257,-0.11982512032410628,10.304587177135682,1,7488.3772304661,925.5566036418952,7362.530482849219,21.776318986818257,-0.11982512032410628,10.304587177135682
22.19999999999938,0.45569593145916754,-0.7695870217749903,9.826824136139653,7523.083675838187,927.3684239424854,7364.6298258251845,13910.578112252828,1903.0046497107815,7433.6540912608625,0.0001183858098988099,0.6650697668270258,13.699191326982666,offense,1.161649211217373,-1.1563091577093283,0.8302722696419117,1.1384683232764161,1,7525.6486097528405,923.3802743616387,7366.600885675684,26.109453613893137,-0.7695870217749903,9.826824136139653,1,7524.121451503465,931.8644801622171,7362.376428359674,26.109453613893137,-0.7695870217749903,9.826824136139653
22.299999999999375,0.4046199787185718,-1.7112602998389066,9.201295012198115,7558.793746591874,933.8591185007297,7364.777368539682,13935.753500641438,1909.1004044846466,7433.441225296614,0.00011847347525148998,0.6695362956075345,13.69919843844801,offense,1.1615139987473373,-2.239589156374337,0.82968239583517,1.1426963294842825,1,7561.355450018552,929.7523131986684,7366.492339607866,23.18301708724735,-1.7112602998389066,9.201295012198115,1,7559.832924765945,938.4455346326602,7362.714798350015,23.18301708724735,-1.7112602998389066,9.201295012198115
22.39999999999937,0.2555965264280311,-1.9003012242490662,8.970484360725706,7594.485844706844,940.366824676022,7364.908309994155,13960.911090655287,1915.191853126856,7433.228618784643,0.00011855957878684347,0.6740112265120995,13.699205549447017,offense,1.1609152275860597,-2.3932128716079766,0.8290938904123388,1.1469249430240571,1,7597.04747797442,936.0363544518408,7365.935131614461,14.644602222530189,-1.9003012242490662,8.970484360725706,1,7595.519722502,945.1983215523005,7363.509369452462,14.644602222530189,-1.9003012242490662,8.970484360725706
22.499999999999364,0.06686120696475056,-0.4837068596367352,9.19717624064952,7630.1646190373785,946.8804577183639,7365.0404072613,13986.050923543131,1921.2790056190822,7433.016274714637,0.00011864411274119982,0.6784945756442115,13.699212658506113,offense,1.160740634162601,-0.8288463962298794,0.8285067472997958,1.1511541858201029,1,7632.72961915483,942.4353216967625,7365.216020890997,3.8308649722309123,-0.4837068596367352,9.19717624064952,1,7631.193310094097,951.8898657552104,7364.574654290074,3.8308649722309123,-0.4837068596367352,9.19717624064952
22.59999999999936,-0.057630614848054006,1.4973943630324118,9.446001115302343,7665.836023520299,953.395225292818,7365.267695555619,14011.173040379517,1927.361871900793,7432.804196081964,0.00011872708263689165,0.6829863563446269,13.699219766926303,offense,1.1604822170048406,1.1074823531526,0.8279209611243664,1.1553840754496745,1,7668.426434394794,948.9758920585399,7364.909135566632,-3.3019910015374707,1.4973943630324118,9.446001115302343,1,7666.839263850499,958.4276298504524,7365.461894443774,-3.3019910015374707,1.4973943630324118,9.446001115302343
22.699999999999353,-0.13814422011730104,2.083667538198213,9.405242960752235,7701.512582958926,959.8980492657801,7365.62016622189,14036.27748206566,1933.440461869463,7432.592385868362,0.00011880847944389621,0.687486578402445,13.699226873223502,offense,1.1607621042601421,1.4764475124508984,0.8273365258704335,1.1596146252636828,1,7704.109257916837,955.5272626372737,7364.897114763811,-7.915080776847592,2.083667538198213,9.405242960752235,1,7702.50798835428,964.9001298752654,7366.218211099062,-7.915080776847592,2.083667538198213,9.405242960752235
22.799999999999347,-0.22726706284454376,3.318751464461563,9.256853888290083,7737.186174403986,966.3389704869845,7366.202478080115,14061.364289330444,1939.5147853808185,7432.38084704876,0.00011888831104287416,0.6919952501952756,13.699233978710035,offense,1.1602031644873954,2.388457654633438,0.8267534362266182,1.163845846065213,1,7739.796055959977,962.0557368641248,7365.101692907748,-13.021443523326804,3.318751464461563,9.256853888290083,1,7738.16791457796,971.2669329535851,7367.261096121989,-13.021443523326804,3.318751464461563,9.256853888290083
22.89999999999934,-0.22631263333062138,2.9340873744274556,9.524705715118436,7772.875199506791,972.7234581888076,7366.9437844951635,14086.433502731255,1945.584852249033,7432.169582591272,0.00011896656764949937,0.6965123774363211,13.69924108189161,offense,1.161344215162925,1.8330099350438425,0.8261716862353733,1.1680777458707514,1,7775.497712369899,968.4500696260399,7365.8347865355445,-12.966758740336328,2.9340873744274556,9.524705715118436,1,7773.840937641978,977.6580605063174,7367.986065561995,-12.966758740336328,2.9340873744274556,9.524705715118436
22.999999999999336,-0.19342668436264035,1.0652022985506664,9.915881771544152,7808.61177905514,979.098471259669,7367.685171956546,14111.485162654904,1951.6506722469549,7431.958595458335,0.00011904325754088965,0.7010379694707496,13.699248184091235,offense,1.162736225912323,-0.026530520622885186,0.8255912706447267,1.172310334859708,1,7811.23036676481,974.7996835015377,7366.668942544798,-11.08253265918841,1.0652022985506664,9.915881771544152,1,7809.574262195675,984.0740146898204,7368.513962508412,-11.08253265918841,1.0652022985506664,9.915881771544152
23.09999999999933,-0.162846461387373,-0.3511581849661918,10.286599471586731,7844.386051410077,985.4677953123431,7368.351093137223,14136.51930931851,1957.7122551063173,7431.747888610116,0.0001191183707125944,0.7055720350630064,13.699255283805043,offense,1.163846144562493,-1.2741872765618631,0.825012183555985,1.1765436229070119,1,7847.013340314376,981.1521716422372,7367.433462846002,-9.330414946136598,-0.3511581849661918,10.286599471586731,1,7845.331114377694,990.4746040710983,7368.989859166762,-9.330414946136598,-0.3511581849661918,10.286599471586731
23.199999999999324,-0.031972539698975365,-0.6007910892623393,10.500327372870338,7880.208350031961,991.8646596864925,7368.8139674956265,14161.535982770445,1963.7696105179843,7431.537464998833,0.00011919191021541468,0.7101145822357028,13.699262381650698,offense,1.1657949563089753,-1.1629962818213286,0.8244344196067006,1.1807776178326608,1,7882.868405163437,987.4826584946976,7368.511523694868,-1.831891585065764,-0.6007910892623393,10.500327372870338,1,7881.122948298354,996.9176578504032,7368.818390913658,-1.831891585065764,-0.6007910892623393,10.500327372870338
23.29999999999932,0.1719630115108716,-0.013011217927468989,10.611856369603876,7916.089806240344,998.2813547169523,7369.063777381504,14186.53522289123,1969.8227481321421,7431.327327571026,0.00011926388043205272,0.7146656136099109,13.699269478260614,offense,1.167545708002213,-0.17535466853474002,0.8238579734713574,1.1850123226604257,1,7918.75383581746,993.9463592943036,7369.7566417967155,9.852754791932536,-0.013011217927468989,10.611856369603876,1,7917.01165853885,1003.2429332482204,7368.113921172492,9.852754791932536,-0.013011217927468989,10.611856369603876
23.399999999999313,0.3563147330852469,-0.981432827148053,10.281676864450947,7952.0237180852055,1004.697181583002,7369.122374805192,14211.517069394395,1975.8716775585226,7431.117479268694,0.00011933427082834291,0.7192251328799402,13.699276572143749,offense,1.169062410628079,-0.8513279771234734,0.8232828393372934,1.1892477406343753,1,7954.651416383044,1000.5558393876541,7370.643488369844,20.415330384115087,-0.981432827148053,10.281676864450947,1,7952.989124959281,1009.3981406555947,7367.295280564246,20.415330384115087,-0.981432827148053,10.281676864450947
23.499999999999307,0.43010921512872247,-2.1840841743534356,9.625670686221614,7987.997431036143,1011.1055576604689,7369.032315907073,14236.481561827299,1981.916408366611,7430.9079230270245,0.00011940308829483966,0.7237931497290547,13.699283664589506,offense,1.169875179797836,-1.9872497669059088,0.822709012092715,1.1934838807116328,1,7990.599839129947,1007.0668240128819,7370.844883874668,24.643442756560173,-2.1840841743534356,9.625670686221614,1,7988.990417375832,1015.6441035136314,7366.844879126746,24.643442756560173,-2.1840841743534356,9.625670686221614
23.5999999999993,0.46115979036509785,-2.777047034976979,9.395321062083054,8023.991793421262,1017.4975054174859,7368.80746242621,14261.428739572184,1987.956950085855,7430.698661780066,0.0001194703243856464,0.728369660305147,13.69929075412849,offense,1.1704897003624715,-2.3674812819147353,0.8221364859965441,1.1977207395501703,1,8026.592969190591,1013.5122491937958,7370.7364304012135,26.422509669057913,-2.777047034976979,9.395321062083054,1,8024.985328757018,1021.960290863766,7366.4695715825055,26.422509669057913,-2.777047034976979,9.395321062083054
23.699999999999296,0.5843521863513316,-1.8101415632304008,10.076904632936847,8060.005794264842,1023.8615185723136,7368.404531098858,14286.358641846928,1993.9933122059206,7430.489698452786,0.00011953598590970487,0.73295466537409,13.699297842061487,offense,1.1708415429159087,-0.8660068119801484,0.8215652559893418,1.2019583167438634,1,8062.588850852572,1020.1814562921204,7370.885309258726,33.48091402717349,-1.8101415632304008,10.076904632936847,1,8061.023149670605,1028.035736020965,7365.592023913136,33.48091402717349,-1.8101415632304008,10.076904632936847
23.79999999999929,0.7233247555844227,0.250956068961131,11.550787667081924,8096.043780998888,1030.2363449460104,7367.893367104197,14311.271307705862,2000.0255041768287,7430.281035969017,0.0001196000617349443,0.7375481719090438,13.699304926909145,offense,1.1720007573291897,1.675577791410914,0.8209953163851402,1.2061966194360119,1,8098.551394176272,1026.9885151628912,7370.980886796846,41.44345571231924,0.250956068961131,11.550787667081924,1,8097.137709718861,1034.0445956926994,7364.626894051199,41.44345571231924,0.250956068961131,11.550787667081924
23.899999999999284,0.7724001762404045,1.8997822457798064,12.831788623208103,8132.080236541154,1036.7772463907702,7367.475487882698,14336.166776040825,2006.0535354092492,7430.072677241234,0.00011966255538705452,0.7421501747410905,13.69931200927964,offense,1.1725179232687608,3.3133614044821247,0.8204266620235218,1.2104356425550638,1,8134.532223273307,1033.716711397891,7370.790632920657,44.255270193736145,1.8997822457798064,12.831788623208103,1,8133.22171053991,1040.4702025073698,7364.0948944095,44.255270193736145,1.8997822457798064,12.831788623208103
23.99999999999928,0.7063296236973334,1.8429425612761072,12.564534453724812,8168.070480292496,1043.588400361989,7367.2633150561005,14361.04508558184,2012.077415274629,7429.864625181914,0.00011972347068423583,0.7467606732717625,13.699319089791992,offense,1.1722217472857706,2.523570337470751,0.8198592877690026,1.2146753851325833,1,8170.564007726208,1040.316511311109,7370.33680866697,40.469706382920826,1.8429425612761072,12.564534453724812,1,8169.1708618169,1047.488395385397,7364.109190880019,40.469706382920826,1.8429425612761072,12.564534453724812
24.099999999999273,0.5965894762321701,1.0097205170385761,11.844923645683194,8203.999950310039,1050.6470815129057,7367.269864264584,14385.906274898041,2018.0971531054392,7429.656882704669,0.00011978279613819295,0.7513796688475619,13.699326166949504,offense,1.1719900628698185,1.0233107352214026,0.8192931880171609,1.2189158493701409,1,8206.566322891473,1047.0534760019427,7369.89074793328,34.182059090023685,1.0097205170385761,11.844923645683194,1,8205.02921039843,1054.8455441553706,7364.498071503523,34.182059090023685,1.0097205170385761,11.844923645683194
24.199999999999267,0.4741890230119012,0.3838211183059356,11.329040858128828,8239.900767646537,1057.8548638795303,7367.402656067142,14410.75038239862,2024.1127581954136,7429.4494527049455,0.00011984054045350022,0.7560071541619996,13.699333242081979,offense,1.1720294978203676,-0.021451339324317167,0.8187283578623041,1.22315702867128,1,8242.522177265484,1053.9642703113313,7369.49090732041,27.16902971001381,0.3838211183059356,11.329040858128828,1,8240.873194493586,1062.3443916688666,7365.107481508222,27.16902971001381,0.3838211183059356,11.329040858128828
24.29999999999926,0.35909827371027436,-0.15455286563717965,11.149617046936939,8275.782323470678,1065.1578416180914,7367.640230764613,14435.577446333515,2030.1242397996925,7429.2423380759155,0.00011989669198573298,0.7606431273960638,13.699340313681214,offense,1.172279718991847,-0.6835382299727231,0.8181647917475641,1.2273989222122155,1,8278.44992111946,1061.056760302068,7369.200472676487,20.574815514032366,-0.15455286563717965,11.149617046936939,1,8276.703034441776,1069.8730190489846,7365.8267553435235,20.574815514032366,-0.15455286563717965,11.149617046936939
24.399999999999256,0.2706914575527359,-0.8651532137480961,10.846452426209177,8311.663641818783,1072.5056387790307,7367.8868096454,14460.38750479438,2036.1316071350677,7429.03554171643,0.00011995125805113816,0.7652875856534905,13.699347383088586,offense,1.1722904579506082,-1.4267367868063643,0.8176024848288506,1.2316415286596327,1,8314.345003089438,1068.2746487894378,7369.017440196992,15.509478068016438,-0.8651532137480961,10.846452426209177,1,8312.566211931333,1077.3525240598876,7366.450714152006,15.509478068016438,-0.8651532137480961,10.846452426209177
24.49999999999925,0.10241512893146035,-2.096895753578432,10.461093581084787,8347.532703204628,1079.8629717442147,7368.124308551484,14485.180595715334,2042.1348693801604,7428.829066503767,0.00012000422864250154,0.7699405236241639,13.699354448786037,offense,1.171906638876845,-2.5239797783559945,0.8170414316022511,1.2358848444056092,1,8350.203629683017,1075.4870519030237,7368.4188884056975,5.86795464606085,-2.096895753578432,10.461093581084787,1,8348.43439747543,1084.8714980129741,7367.438078227797,5.86795464606085,-2.096895753578432,10.461093581084787
24.599999999999245,-0.09321007932455358,-2.769593663663949,10.385281277894828,8383.398767356108,1087.1994935593216,7368.266858268151,14509.95675687385,2048.134035675656,7428.622915318609,0.00012005560673164826,0.7746019415624211,13.699361511402278,offense,1.1717331455843907,-2.7778308650601398,0.8164816271063655,1.2401288714591312,1,8386.018816926266,1082.8332074905431,7367.603392959711,-5.340544153376535,-2.769593663663949,10.385281277894828,1,8384.338238430804,1092.242731341651,7368.495870867573,-5.340544153376535,-2.769593663663949,10.385281277894828
24.69999999999924,-0.28652494871089434,-1.9242755749275673,10.255719050051544,8419.261002437572,1094.506440491076,7368.323549499142,14534.71602589159,2054.1291151244845,7428.417091033692,0.00012010539464235909,0.779271831865785,13.699368571576851,offense,1.1712498787354118,-1.5578407061523445,0.8159230664098306,1.2443736047674694,1,8421.815188182974,1090.3268426116178,7366.781992901412,-16.416670286336622,-1.9242755749275673,10.255719050051544,1,8420.265316815885,1099.4045612583657,7369.493620257072,-16.416670286336622,-1.9242755749275673,10.255719050051544
24.799999999999233,-0.4085298404989246,-0.515682766399212,10.026574637820834,8455.120459432439,1101.7568820414433,7368.387695503119,14559.458440235217,2060.120116792004,7428.211596516073,0.00012015358094546224,0.7839501882951623,13.69937562780877,offense,1.1709149343837564,0.0036104393853708737,0.8153657440958314,1.24861904078376,1,8457.652571508044,1097.7837091768345,7366.345244567477,-23.407035665741073,-0.515682766399212,10.026574637820834,1,8456.152511247934,1106.4651075342626,7370.1587917057295,-23.407035665741073,-0.515682766399212,10.026574637820834
24.899999999999228,-0.40175098407024884,-0.23929191669670424,10.185661156194765,8490.999310481737,1108.9624972987083,7368.434380195553,14584.184037217132,2066.107049706215,7428.006434629405,0.00012020017426186947,0.7886370110513116,13.699382681399321,offense,1.1718972502408107,0.2216142945620383,0.8148096554418826,1.2528651821570698,1,8493.554653987,1104.9847108211752,7366.430200984687,-23.018635802452827,-0.23929191669670424,10.185661156194765,1,8492.007606490477,1113.6838589480324,7370.184061119336,-23.018635802452827,-0.23929191669670424,10.185661156194765
24.999999999999222,-0.27931294258300426,0.9115386715139769,10.005722503983453,8526.921775560371,1116.1422860879493,7368.428528002346,14608.892853996418,2072.089922857974,7427.801608224849,0.00012024516212565985,0.7933322968625802,13.699389730870738,offense,1.1733432978163436,1.301749507928474,0.8142547950943693,1.2571120289701023,1,8529.53199264266,1111.9539635588399,7367.009365863799,-16.003452773386034,0.9115386715139769,10.005722503983453,1,8527.887203109363,1121.0342473191592,7369.6557056422935,-16.003452773386034,0.9115386715139769,10.005722503983453
25.099999999999216,-0.12589146809417645,0.5028983033492265,10.136727048312688,8562.884741309657,1123.3026033856218,7368.364867608718,14633.584927579606,2078.0687452011844,7427.597120152429,0.00012028854749465428,0.7980360376760446,13.699396776833861,offense,1.1739964378234926,0.7864191588933679,0.8137011582210776,1.2613595765735643,1,8565.517815671408,1118.9524240243793,7367.6492148084635,-7.213049798502172,0.5028983033492265,10.136727048312688,1,8563.831193721702,1128.3259242045128,7368.854536662498,-7.213049798502172,0.5028983033492265,10.136727048312688
25.19999999999921,-0.04875410817346839,-1.3064976845620395,10.260050754070056,8598.875428608246,1130.4424570614199,7368.253787947217,14658.260294821408,2084.0435256529395,7427.392973255361,0.00012033033466835943,0.8027482281148939,13.699403819907113,offense,1.1748014925671755,-1.045615128213455,0.8131487400142421,1.2656078229406322,1,8601.510511835677,1126.0536680047621,7367.848612675668,-2.79340463226401,-1.3064976845620395,10.260050754070056,1,8599.813125308232,1135.4908341771666,7368.316345089417,-2.79340463226401,-1.3064976845620395,10.260050754070056
25.299999999999205,-0.005307919006155756,-2.180010942816128,10.422599133234923,8634.889435100382,1137.5591123650254,7368.075135827324,14682.918992425573,2090.0142730937787,7427.189170368907,0.0001203705116599499,0.8074688683700987,13.699410858596805,offense,1.17541560769201,-1.7974185860761804,0.8125975351948155,1.269856772056087,1,8637.540510279296,1133.1669992579452,7367.85054096906,-0.30412135704999926,-2.180010942816128,10.422599133234923,1,8635.805733105415,1142.608818755384,7367.9014598729045,-0.30412135704999926,-2.180010942816128,10.422599133234923
25.3999999999992,0.1321414019596512,-1.0849057671678357,10.676404258344672,8670.93624203034,1144.6700531529796,7367.75843291106,14707.561056945691,2095.980996367864,7426.985714321521,0.00012040908490233484,0.8121979524570558,13.699417894232175,offense,1.1769129702315095,-0.5483976017391516,0.8120475391801312,1.27410642196592,1,8673.618463255754,1140.316317763896,7368.227450458473,7.57114463122976,-1.0849057671678357,10.676404258344672,1,8671.831919207196,1149.6634531863024,7366.96280831235,7.57114463122976,-1.0849057671678357,10.676404258344672
25.499999999999194,0.34248785232212414,1.3174798218600932,11.33165438490741,8707.036800826072,1151.7827405687947,7367.34659279564,14732.186524785948,2101.943704283142,7426.7826079359775,0.00012044604409560719,0.8169354753183896,13.69942492530874,offense,1.1786191872963467,1.870747965486757,0.811498746737102,1.2783567715958448,1,8709.684214431745,1147.6576272492446,7368.87758636237,19.623108472557526,1.3174798218600932,11.33165438490741,1,8707.980164100702,1156.538373008439,7365.654456326238,19.623108472557526,1.3174798218600932,11.33165438490741
25.599999999999188,0.5226493347558239,3.205865335828066,12.052317536877172,8743.17783764561,1158.9485802438971,7367.006295486975,14756.79543220186,2107.902405611555,7426.579854029373,0.00012048139289676493,0.8216814387042396,13.699431952451617,offense,1.179960349600118,3.4634160461308063,0.8109511531660537,1.2826078265181284,1,8745.712063228566,1155.170364922982,7369.387910418801,29.945601046828838,3.205865335828066,12.052317536877172,1,8744.237227230555,1163.3613608747971,7364.603305513866,29.945601046828838,3.205865335828066,12.052317536877172
25.699999999999182,0.5879728633881917,3.038999235571667,11.839439429500683,8779.32223112788,1166.244301093981,7366.857357014877,14781.387815301166,2113.857109089239,7426.377455411992,0.00012051513369381613,0.8264358371097306,13.699438976293225,offense,1.1804416754157554,2.713136289132543,0.8104047537945569,1.2868595855318528,1,8781.802698625566,1162.609872309636,7369.504526900708,33.6883635403655,3.038999235571667,11.839439429500683,1,8780.440131563131,1170.4857032196828,7364.1871310647075,33.6883635403655,3.038999235571667,11.839439429500683
25.799999999999176,0.5369503671918208,1.7639623344823894,10.91755415634632,8815.440350272089,1173.6931082270607,7366.913919280493,14805.963710000418,2119.8078234060026,7426.175414887306,0.00012054725433851685,0.8311986886794929,13.699445995313175,offense,1.180320374282657,0.8445381846828506,0.8098595213193511,1.291112070332343,1,8817.949489080902,1169.9088312644908,7369.312412621879,30.764989848091155,1.7639623344823894,10.91755415634632,1,8816.535577698978,1178.0371759086906,7364.4041677268915,30.764989848091155,1.7639623344823894,10.91755415634632
25.89999999999917,0.39938234021405283,0.4836202574916138,10.114302223229343,8851.521882904903,1181.2539408271073,7367.143642513168,14830.523144947576,2125.754555491664,7425.9737353201035,0.00012057769394279118,0.835976321335774,13.699453010867456,offense,1.1797738040475416,-0.7015392817144895,0.8093149397683276,1.2953715169221411,1,8854.084499806544,1177.167668204901,7368.905650081947,22.8829225063232,0.4836202574916138,10.114302223229343,1,8852.562315481997,1185.8802454799402,7365.172829150188,22.8829225063232,0.4836202574916138,10.114302223229343
25.999999999999165,0.21689984399751916,0.01427261871775691,9.93312405056045,8887.584587150011,1188.8574016332352,7367.47136837352,14855.066135143612,2131.6973089715607,7425.772419734136,0.00012060625731442146,0.8407782138002552,13.699460021406148,offense,1.179796200033302,-0.9661900753032353,0.8087708120356379,1.299647269174776,1,8890.190501206442,1184.5264876369822,7368.377842800938,12.42744563810381,0.01427261871775691,9.93312405056045,1,8888.573822611203,1193.7611073039172,7366.311892674058,12.42744563810381,0.01427261871775691,9.93312405056045
26.09999999999916,0.02888671855878656,-0.432841509879064,9.905245658361972,8923.649665266383,1196.4585437328155,7367.838744996545,14879.592694157056,2137.63608712417,7425.571471333695,0.0001206328917558984,0.8456035150656706,13.699467027502287,offense,1.179878242058252,-1.0867650244514966,0.8082271371457322,1.3039378338032614,1,8926.268543113154,1192.0414459028957,7367.833686873487,1.655087057400698,-0.432841509879064,9.905245658361972,1,8924.615783446752,1201.4940386180617,7367.556420852662,1.655087057400698,-0.432841509879064,9.905245658361972
26.199999999999154,-0.1588012521755772,-0.44286920705259386,9.923604172844465,8959.715262262613,1204.028140488455,7368.241262450177,14904.102835519292,2143.5708932189164,7425.370893596721,0.00012065765724275415,0.85045182985758,13.6994740297793,offense,1.1793653639830504,-0.8035271865153526,0.8076839140278337,1.3082422270887126,1,8962.314478603337,1199.6921562617756,7367.33981073206,-9.098641531053255,-0.44286920705259386,9.923604172844465,1,8960.692438401991,1209.0315629794277,7368.857858078979,-9.098641531053255,-0.44286920705259386,9.923604172844465
26.299999999999148,-0.34363766111497884,1.2503838548796065,9.572333285409606,8995.775103840993,1211.525444478339,7368.757954741118,14928.59657272873,2149.501730517222,7425.1706902237065,0.00012068057622466648,0.855322911876945,13.699481026728174,offense,1.1787101930753558,0.9824165805197561,0.8071411413355735,1.3125597004199665,1,8998.351022007613,1207.4210826945612,7367.058496019423,-19.68898766363513,1.2503838548796065,9.572333285409606,1,8996.778349943272,1216.3222336094254,7370.292103133599,-19.68898766363513,1.2503838548796065,9.572333285409606
26.399999999999142,-0.4628283374170615,3.363796744295928,8.980973603402576,9031.838575588346,1218.8779682555935,7369.509469557175,14953.073919253236,2155.4286022730457,7424.970865122933,0.00012070166735100307,0.8602163284856569,13.699488018962287,offense,1.1780685087959097,2.9068944729430255,0.8065988182017031,1.3168893829569552,1,9034.425531407827,1214.9972670531174,7367.360721604262,-26.518110373054423,3.363796744295928,8.980973603402576,1,9032.836161448604,1223.4427107716342,7371.639551295903,-26.518110373054423,3.363796744295928,8.980973603402576
26.499999999999137,-0.46061228706546853,3.256375554917831,9.321949222370398,9067.916081588792,1226.0835641439269,7370.447254049143,14977.534888530226,2161.3515117329607,7424.771422360513,0.00012072094974347132,0.8651315939673436,13.699495007120948,offense,1.1781507700915363,2.4157221074083766,0.8060569438104093,1.321230420966055,1,9070.52239006458,1222.212656751118,7368.304234663945,-26.391140040719666,3.256375554917831,9.321949222370398,1,9068.890237595675,1230.659319373114,7372.564512691072,-26.391140040719666,3.256375554917831,9.321949222370398
26.59999999999913,-0.34485919095958045,1.8509759183498204,10.227724248905323,9104.039623591187,1233.2303732888809,7371.406480221525,15001.979493967667,2167.2704621363414,7424.572366144494,0.00012073841868989505,0.8700681666819414,13.699501989686677,offense,1.1802458009057775,0.7547845451284543,0.8055155168779335,1.3255819727129188,1,9106.679547165735,1229.161015372221,7369.721122791582,-19.758976168280075,1.8509759183498204,10.227724248905323,1,9104.972161548492,1238.0336191796653,7372.964845349102,-19.758976168280075,1.8509759183498204,10.227724248905323
26.699999999999125,-0.18371472247843643,0.18925174941188408,10.853137117655502,9140.218409362773,1240.3927253968243,7372.242340043691,15026.407748945003,2173.185456715614,7424.373700795332,0.00012075408029853036,0.8750254620152879,13.699508967253687,offense,1.1813089738360296,-0.904463854439795,0.8049745366603027,1.3299432192361083,1,9142.893226201079,1236.1245518538421,7371.243666178758,-10.526078232431603,0.18925174941188408,10.853137117655502,1,9141.11035033041,1245.3930858834333,7372.997413758113,-10.526078232431603,0.18925174941188408,10.853137117655502
26.79999999999912,-0.09461389444618673,-1.272919597592934,10.992916845786146,9176.422186586306,1247.5627054120587,7372.927411368147,15050.81966681415,2179.096498696487,7424.1754307072915,0.0001207679373125469,0.8800028657575055,13.699515940437271,offense,1.1817511539978867,-2.1911369260203237,0.8044340024557883,1.3343133743215618,1,9179.104503952913,1243.2284088907202,7372.304236264414,-5.420976835062759,-1.272919597592934,10.992916845786146,1,9177.301867852511,1252.6139494148595,7373.210951301937,-5.420976835062759,-1.272919597592934,10.992916845786146
26.899999999999114,-0.13343219393307443,-2.1092790980806373,10.940030056417998,9212.631404056014,1254.721097804246,7373.485773641261,15075.215260900466,2185.003591298181,7423.97756032573,0.00012077996997405782,0.8849997586839566,13.699522907714053,offense,1.1814194776168416,-2.8548279357239466,0.8038939131024833,1.338691705208015,1,9215.288956692706,1250.407010687732,7372.651887357447,-7.645101563536273,-2.1092790980806373,10.940030056417998,1,9213.529401432193,1259.7576822760193,7373.92817342773,-7.645101563536273,-2.1092790980806373,10.940030056417998
26.99999999999911,-0.2757696825379298,-1.7361110920126908,10.73719685700463,9248.822448272016,1261.8480953142123,7373.99416829415,15099.594544503807,2190.906737733721,7423.780094134614,0.00012079017077736351,0.8900155190495141,13.699529869692409,offense,1.1803571030272557,-2.308286687973221,0.8033542679833373,1.343077530899188,1,9251.421014356722,1257.6759349308766,7372.5076179118405,-15.800438927085933,-1.7361110920126908,10.73719685700463,1,9249.777875547772,1266.7662360033228,7375.120379146015,-15.800438927085933,-1.7361110920126908,10.73719685700463
27.099999999999103,-0.39451181874277125,0.16631749806702173,10.240215111490532,9285.000640697594,1268.9215409997691,7374.5083684702195,15123.957530899559,2196.8059412101297,7423.583036613366,0.00012079853093945938,0.8950495311062331,13.69953682699934,offense,1.1800684445186895,-0.30265886817113385,0.8028150665185513,1.3474702251783426,1,9287.576146406986,1264.9345765110058,7372.548729598838,-22.60386218199092,0.16631749806702173,10.240215111490532,1,9285.990058618876,1273.654070549173,7376.238546565406,-22.60386218199092,0.16631749806702173,10.240215111490532
27.199999999999097,-0.4709158673751511,2.994025117540938,9.00079913188306,9321.192431005586,1275.8998667565845,7375.141979493258,15148.304233339604,2202.7012049286927,7423.386392228919,0.00012080502058368682,0.9001011997053127,13.699543778111105,offense,1.1798456080720405,2.4286647726063997,0.8022763076670922,1.3518692274109851,1,9323.76587626457,1272.0363493175885,7372.9465495814675,-26.981491706338577,2.994025117540938,9.00079913188306,1,9322.202753923508,1280.4504819246436,7377.296149680071,-26.981491706338577,2.994025117540938,9.00079913188306
27.29999999999909,-0.5290158375804117,4.9393399673991505,8.127463356507693,9357.398630661139,1282.6644767872024,7376.0697488489,15172.634665053218,2208.5925320851766,7423.19016541982,0.00012080962469091162,0.9051699605090034,13.699550723610033,offense,1.1791017617184707,3.9969557743421844,0.8017379909093973,1.3562740452137279,1,9359.986274886638,1278.9143899599023,7373.70115303071,-30.31037478893584,4.9393399673991505,8.127463356507693,1,9358.401625632747,1287.0598924661654,7378.528126788936,-30.31037478893584,4.9393399673991505,8.127463356507693
27.399999999999086,-0.4793639379968076,4.919909994739823,8.348742416926001,9393.626113828179,1289.2315783808106,7377.252323469329,15196.948839247987,2214.4799258700577,7422.994360570112,0.00012081232984368967,0.9102552895956425,13.699557664090099,offense,1.1794237583651261,3.479610697021421,0.8012001157635207,1.3606842597848472,1,9396.227522864767,1285.3693413876783,7375.087815111007,-27.465530497987952,4.919909994739823,8.348742416926001,1,9394.615025007095,1293.7419064604394,7379.499164650705,-27.465530497987952,4.919909994739823,8.348742416926001
27.49999999999908,-0.39591898526121727,4.021643007778812,8.822194141653052,9429.88079515374,1295.683775549159,7378.576474406765,15221.246769110656,2220.3633894686977,7422.798982010472,0.0001208131044274459,0.9153566978167695,13.699564598034138,offense,1.1795664980246563,2.191211646230403,0.8006626812855879,1.365099515411734,1,9432.482970121253,1291.6566742119592,7376.737877045085,-22.684486884569996,4.021643007778812,8.822194141653052,1,9430.867945183407,1300.3694286479379,7380.4310605753835,-22.684486884569996,4.021643007778812,8.822194141653052
27.599999999999074,-0.3096470066633349,2.995904340722892,9.35610894568724,9466.165037843946,1302.049458337533,7379.994968725982,15245.528467807904,2226.242926061563,7422.604033989824,0.00012081193280007682,0.9204737447530957,13.699571526035497,offense,1.1809354502354565,0.9378795834827102,0.8001256870442333,1.3695195260120139,1,9468.77697075691,1297.8865982865002,7378.5057734219035,-17.74146662066837,2.995904340722892,9.35610894568724,1,9467.139663524677,1306.8835429291428,7381.4271108081875,-17.74146662066837,2.995904340722892,9.35610894568724
27.69999999999907,-0.20924914870140532,1.518209617353302,9.761655946540074,9502.491304605703,1308.4031411755007,7381.373549984765,15269.793949018358,2232.1185389530383,7422.409520601529,0.00012080047067438264,0.9255691880152217,13.69957844893926,offense,1.181639854330957,-0.5132406298341085,0.7995892005689895,1.373908351188367,1,9505.105188751546,1304.1159595765619,7380.297918258835,-11.989093087295895,1.518209617353302,9.761655946540074,1,9503.460943361031,1313.3616372646793,7382.291382876835,-11.989093087295895,1.518209617353302,9.761655946540074
27.799999999999063,-0.11777830722989452,-0.04405611239892014,10.170074842547933,9538.847146569104,1314.756002176776,7382.634825968456,15294.043229837935,2237.9902322749635,7422.215443993897,0.00012071354686919257,0.9303594483400844,13.699585370481428,offense,1.1828618204902788,-1.8442619239913032,0.7990533109477072,1.3779923559284333,1,9541.476995914145,1310.4004513768436,7381.940297602158,-6.748199922468106,-0.04405611239892014,10.170074842547933,1,9539.794514418381,1319.7843065831971,7383.0683567684255,-6.748199922468106,-0.04405611239892014,10.170074842547933
27.899999999999057,-0.013654257481568793,-1.3134176669452284,10.237419017941809,9575.236088388243,1321.1376108206075,7383.6455467345395,15318.276327152798,2243.858010108586,7422.021799341184,0.00012054065131378633,0.9347489225150127,13.699592300249623,offense,1.1832381968429104,-2.688485883338714,0.7985179631186075,1.3816950641972956,1,9577.874929420152,1316.7387975734807,7383.408354775962,-0.7823313260788203,-1.3134176669452284,10.237419017941809,1,9576.17186143284,1326.1856164735266,7383.539397136784,-0.7823313260788203,-1.3134176669452284,10.237419017941809
27.99999999999905,0.07655473118955716,-1.9942111960302833,10.317132802686876,9611.648135419411,1327.5248986028228,7384.388733460415,15342.49325768745,2249.7218764964555,7421.828572009475,0.00012031740442612218,0.938788885261272,13.699599241150512,offense,1.1844191328380804,-2.8779373382443034,0.797983198055071,1.3850936954279947,1,9614.304680407347,1323.133795083355,7384.562740955614,4.386262998920154,-1.9942111960302833,10.317132802686876,1,9612.565254299854,1332.546339294548,7383.828977854262,4.386262998920154,-1.9942111960302833,10.317132802686876
28.099999999999046,0.17685029551536702,-2.3915228751477704,10.182359627824018,9648.098208029813,1333.9150343106253,7384.818039927722,15366.69403893402,2255.5818356673353,7421.635737252367,0.0001200499984475477,0.9424885198914962,13.699606190442097,offense,1.1849671072836134,-2.76158097621326,0.797449030303479,1.3882180937060153,1,9650.75676994989,1329.5685589665911,7385.457962267397,10.13277553867192,-2.3915228751477704,10.182359627824018,1,9649.016770458351,1338.857525262109,7383.770506510889,10.13277553867192,-2.3915228751477704,10.182359627824018
28.19999999999904,0.2607541117335698,-3.3491477740533586,10.036848750456969,9684.567877876532,1340.2804444184762,7384.957282096231,15390.878688813775,2261.4378919543055,7421.443262033406,0.00011974141227110345,0.9458699304185628,13.699613146140937,offense,1.1855842712385694,-3.1586232921703012,0.796915476898155,1.3911082946498496,1,9687.235039164123,1336.0086499880242,7385.9609369223235,14.94011009301625,-3.3491477740533586,10.036848750456969,1,9685.476118766523,1345.1169777481948,7383.490195242541,14.94011009301625,-3.3491477740533586,10.036848750456969
28.299999999999034,0.4351839005516548,-3.983385531538986,9.942497904428071,9721.084919721792,1346.5979527836685,7384.719879930925,15415.047225704348,2267.2900498014733,7421.251106310297,0.00011939742624621211,0.9489577366523007,13.699620108750732,offense,1.1873818517506265,-2.9366581916007566,0.7963825535590061,1.3938037314128495,1,9723.764632134435,1342.5930749136166,7386.494533314406,24.934200813650758,-3.983385531538986,9.942497904428071,1,9721.984671972124,1351.119002120749,7382.457169436915,24.934200813650758,-3.983385531538986,9.942497904428071
28.39999999999903,0.5990347146561819,-3.8124921279856516,9.918616115091321,9757.66681234143,1352.8407706026023,7384.120233446512,15439.19966839785,2273.1383137539265,7421.059224384973,0.0001190229164930003,0.9517792226785248,13.699627076714101,offense,1.1888859749824148,-2.1062903553204757,0.7958502738397667,1.3963434494287426,1,9760.321336930405,1349.2061600004347,7386.592561292316,34.32216093162278,-3.8124921279856516,9.918616115091321,1,9758.601134702367,1356.954112662081,7381.191623054607,34.32216093162278,-3.8124921279856516,9.918616115091321
28.499999999999023,0.6410786787225834,-2.351169745179441,10.677937253153278,9794.277571697487,1359.075202851377,7383.3567643683045,15463.336036060658,2278.9826884480503,7420.867566221881,0.00011862192854942529,0.9543636696999085,13.69963404928564,offense,1.1892718189752085,-0.40798983807848593,0.7953186497311336,1.3987655336652165,1,9796.903282583586,1355.5764188267246,7386.046272258506,36.731102626627276,-2.351169745179441,10.677937253153278,1,9795.246231156423,1363.0934811653244,7380.309726750507,36.731102626627276,-2.351169745179441,10.677937253153278
28.599999999999017,0.6409959412128212,-0.090916527317406,12.31812101308365,9830.877060989367,1365.4375665734385,7382.644241677344,15487.45634819069,2284.8231786012147,7420.676078691316,0.00011819821391842027,0.9567416355621642,13.699641025878957,offense,1.189756506587553,2.0841008255731053,0.794787691439233,1.4011065196529902,1,9833.496792009588,1361.9921975724533,7385.407526286057,36.72636211651048,-0.090916527317406,12.31812101308365,1,9831.846372573766,1369.5075203856406,7379.666791254769,36.72636211651048,-0.090916527317406,12.31812101308365
28.69999999999901,0.6553298853341949,1.5248065481881425,13.367193773642871,9867.460744254122,1372.0155287660903,7382.076084412533,15511.560624572368,2290.6597890009507,7420.484706780964,0.00011775522591725464,0.9589443084481402,13.699648005356785,offense,1.1902471400313994,3.540263932128427,0.7942574072116757,1.4034009158240213,1,9870.055899456334,1368.6391433485255,7384.945664693426,37.54763661844155,1.5248065481881425,13.367193773642871,1,9868.447690451982,1376.080262378049,7379.097296426398,37.54763661844155,1.5248065481881425,13.367193773642871
28.799999999999006,0.5714601727534099,1.3574384478373582,12.987220169920182,9903.999613283913,1378.8596660286235,7381.751728107137,15535.648885230657,2296.492524493754,7420.293394691635,0.00011729614268711177,0.9610029144653766,13.699654988793316,offense,1.1898943614212958,2.522028305057906,0.7937278039926079,1.405680807732748,1,9906.638283895902,1375.2527500587971,7384.280932446062,32.74225605858731,1.3574384478373582,12.987220169920182,1,9904.943487908939,1383.1485207394937,7379.090125965328,32.74225605858731,1.3574384478373582,12.987220169920182
28.899999999999,0.469717606753374,0.4432294718344986,12.396591506289099,9940.481388897299,1385.929459089344,7381.680312072033,15559.721150384981,2302.321389973991,7420.102086850092,0.00011682387448644698,0.9629481801227828,13.699661975321574,offense,1.1896210097657227,0.9397182260259902,0.79319888651168,1.407975542515623,1,9943.174844207833,1382.0789235840555,7383.751054647215,26.912836429954023,0.4432294718344986,12.396591506289099,1,9941.369976727565,1390.4468401784543,7379.405893516962,26.912836429954023,0.4432294718344986,12.396591506289099
28.999999999998995,0.3765275252085255,-0.19898617760100257,11.927197654409593,9976.936257604779,1393.1387030171948,7381.74549536621,15583.777440403845,2308.1463903728622,7419.910728821978,0.0001163411107967611,0.9648098563884514,13.699668964892988,offense,1.189634621451332,-0.16025236459531164,0.7926706579939595,1.4103114898593767,1,9979.654936382272,1389.1018715282007,7383.383200234088,21.573438064954225,-0.19898617760100257,11.927197654409593,1,9977.7979093615,1397.8340939224095,7379.853364161096,21.573438064954225,-0.19898617760100257,11.927197654409593
29.09999999999899,0.27126358707455633,-0.696939981139569,11.748881893077542,10013.368887639615,1400.4377900777602,7381.924594474626,15607.817775760881,2313.967530647718,7419.719268121398,0.00011585032771525613,0.9666163086790679,13.699675957577252,offense,1.1896362614123073,-0.8876984087614579,0.7921431200907331,1.4127118804983398,1,10016.113192277233,1396.2495341677177,7383.063279895603,15.542258674951588,-0.696939981139569,11.748881893077542,1,10014.199262014032,1405.2983499771449,7380.491159487329,15.542258674951588,-0.696939981139569,11.748881893077542
29.199999999998983,0.1787120351857026,-1.40360259334457,11.457828750715947,10049.793014041901,1407.7849736556986,7382.118569066093,15631.84217699296,2319.7848157719227,7419.527654896742,0.00011535379652281799,0.9683941702704726,13.699682953552333,offense,1.1893875910979923,-1.6847785018744506,0.7916162729912585,1.4151967141464838,1,10052.536529625268,1403.4978650551611,7382.799099808248,10.239445364334227,-1.40360259334457,11.457828750715947,1,10050.618925850189,1412.7483969401057,7381.093094061651,10.239445364334227,-1.40360259334457,11.457828750715947
29.299999999998978,-5.129875356914822e-05,-2.2876986662659817,11.179363701307576,10086.199675908818,1415.1433613972129,7382.300606064087,15655.850664660868,2325.598250725225,7419.3358425234055,0.00011485358439705186,0.9701680503507266,13.699689953093518,offense,1.1889992893883077,-2.518441271311063,0.7910901155486778,1.4177827234581288,1,10088.909245674267,1410.7860219392635,7382.097814214261,-0.0029392020737938613,-2.2876986662659817,11.179363701307576,1,10087.048007105564,1420.2038662121445,7382.098306289793,-0.0029392020737938613,-2.2876986662659817,11.179363701307576
29.399999999998972,-0.2005194753836613,-1.8019873553893397,11.070789603835191,10122.596900778997,1422.491326285223,7382.415404331503,15679.843259313091,2331.407840484997,7419.143788054562,0.00011435156043410058,0.9719603129811771,13.699696956562322,offense,1.188528173090851,-1.8359848493956354,0.7905646454083347,1.4204834040748087,1,10125.246976906352,1418.2432134818157,7381.275257793225,-11.488919649661197,-1.8019873553893397,11.070789603835191,1,10123.49951315896,1427.4873364844466,7383.186425071038,-11.488919649661197,-1.8019873553893397,11.070789603835191
29.499999999998966,-0.3309960371792294,0.24279912130622733,10.691305402271595,10158.990637426668,1429.8086897947853,7382.531637871957,15703.81998145278,2337.213590018128,7418.951452609501,0.00011384940035651843,0.9737909120622752,13.69970396439429,offense,1.188545836520844,0.23862614934741405,0.7900398591583114,1.4233090951867784,1,10161.62034550936,1425.7285150711382,7380.8564932142235,-18.964675965925125,0.24279912130622733,10.691305402271595,1,10159.923058700368,1434.6473648390229,7383.976322745771,-18.964675965925125,0.24279912130622733,10.691305402271595
29.59999999999896,-0.3300048617475091,2.734157606521919,10.039720132383634,10195.405417903463,1437.0707371015512,7382.734716792789,15727.780851508443,2343.0155042739107,7418.758801602987,0.00011334858394326759,0.9756772789786649,13.699710977086509,offense,1.1890499649560542,2.6282916843172717,0.7895157524676436,1.4262671001273906,1,10198.058637703534,1432.9716367020183,7381.1450310983655,-18.907885796930497,2.734157606521919,10.039720132383634,1,10196.32924482017,1441.8886871296088,7384.252346970107,-18.907885796930497,2.734157606521919,10.039720132383634
29.699999999998955,-0.21729170733886505,3.590321225532067,9.985621904348804,10231.857304711166,1444.2773177963124,7383.030333216808,15751.725889808215,2348.8135881777002,7418.565804936022,0.00011285039875085367,0.9776342745445002,13.699717995185665,offense,1.1901020832155698,3.2358674461923105,0.7889923202372857,1.4293618583511893,1,10234.525758372038,1440.0163814191094,7381.984830347748,-12.449897753708823,3.590321225532067,9.985621904348804,1,10232.772612308445,1449.2261552195007,7384.050392117663,-12.449897753708823,3.590321225532067,9.985621904348804
29.79999999999895,-0.02755379962974138,4.601335296071245,10.034884049970383,10268.349145343424,1451.4388818389712,7383.460133467564,15775.65511655801,2354.607846625589,7418.37243704921,0.0001123559468723591,0.9796741864050132,13.699725019276002,offense,1.1911992163523506,3.8334790281654865,0.7884695567431267,1.4325951457093455,1,10270.991686026566,1447.037407679341,7383.344790673908,-1.5787164283333115,4.601335296071245,10.034884049970383,1,10269.29864989518,1456.4832600799837,7383.608421254631,-1.5787164283333115,4.601335296071245,10.034884049970383
29.899999999998943,0.14801394551170247,5.014524373866411,10.057969724920047,10304.878119348345,1458.5871148142387,7384.0770820844655,15799.568551823411,2360.3982844799502,7418.178676898915,0.00011186614183298596,0.9818067670637542,13.69973204927481,offense,1.1923612035744102,3.6880335651325837,0.78794745562395,1.435966298543092,1,10307.445908509837,1454.2014765445315,7384.813244966852,8.480574386899885,5.014524373866411,10.057969724920047,1,10305.909499986616,1463.5721974869882,7383.402912428628,8.480574386899885,5.014524373866411,10.057969724920047
29.999999999998938,0.21720676770583666,3.865401787649158,9.801652666890286,10341.42563296481,1465.7501739813006,7384.912914247755,15823.466215515322,2366.1849065659276,7417.984507899348,0.00011138174048523308,0.984039308715487,13.699739087192386,offense,1.1928466093454282,2.0660607609052057,0.7874260106485843,1.4394724530210583,1,10343.957415703815,1461.402485386063,7385.941009594169,12.445031071222907,3.865401787649158,9.801652666890286,1,10342.498961805508,1470.6638198218782,7383.876888305462,12.445031071222907,3.865401787649158,9.801652666890286
30.099999999998932,0.16881841459999788,2.1223480959256382,9.36321923482476,10377.968027679412,1472.9314226242277,7385.939678244469,15847.348127379177,2371.9677176687082,7417.7899177374875,0.00011090331343725397,0.9863767523657829,13.699746132965174,offense,1.1926141805130042,0.08320678457994783,0.7869052148963929,1.4431088018008793,1,10380.511137716983,1468.5329608377465,7386.6849468199935,9.672582660669596,2.1223480959256382,9.36321923482476,1,10379.03043005432,1477.8801209227406,7385.073083561768,9.672582660669596,2.1223480959256382,9.36321923482476
30.199999999998926,0.08071822158788668,0.7918182654861856,9.243980169144224,10414.498686494982,1480.108003521207,7387.103444371096,15871.214306987576,2377.7467225317187,7417.594898176647,0.00011043127736861805,0.9888218319944122,13.699753187217215,offense,1.1925585073553027,-1.179679909872564,0.7863850615070749,1.4468688613395686,1,10417.061607282523,1475.6671829488605,7387.386021229702,4.624813426787677,0.7918182654861856,9.243980169144224,1,10415.535053318123,1485.1133773269128,7386.612041407077,4.624813426787677,0.7918182654861856,9.243980169144224
30.29999999999892,-0.016300801928525455,-0.2144423613674485,9.182066698518293,10451.03486290437,1487.2612503012626,7388.263890571824,15895.064773736043,2383.521925855547,7417.399444796446,0.00010996590166141726,0.9913752479989839,13.699760250558814,offense,1.1923853824562718,-1.969652461830203,0.7858655436343233,1.4507447488752518,1,10453.596266694974,1482.815772682501,7388.048857173117,-0.9339671531832215,-0.2144423613674485,9.182066698518293,1,10452.065155147913,1492.291595155647,7388.2053368455145,-0.9339671531832215,-0.2144423613674485,9.182066698518293
30.399999999998915,-0.18377129193269387,-1.2478579936245648,9.232540826477065,10487.562570952256,1494.3699222915902,7389.397682224462,15918.899546841882,2389.2933322976132,7417.2035566839695,0.00010950731899076063,0.9940358382819748,13.69976732357867,offense,1.1917328272741845,-2.554076827619451,0.7853466545517872,1.4547274377998982,1,10490.090306961976,1490.0237542184739,7388.353328957898,-10.529319423409913,-1.2478579936245648,9.232540826477065,1,10488.61371015769,1499.3459634130054,7390.107203985076,-10.529319423409913,-1.2478579936245648,9.232540826477065
30.49999999999891,-0.37220972535157065,-1.8874198334923133,9.413300585312303,10524.082398955356,1501.4305461283243,7390.428785349262,15942.718645345582,2395.0609464724475,7417.007236116967,0.00010905553165779193,0.9968007797961076,13.699774406142637,offense,1.1910398820095178,-2.601952594709744,0.78482838756712,1.4588070202335623,1,10526.539837614948,1497.3535251123928,7388.503117966252,-21.32604635636852,-1.8874198334923133,9.413300585312303,1,10525.190662124049,1506.194561783712,7391.992501303053,-21.32604635636852,-1.8874198334923133,9.413300585312303
30.599999999998904,-0.49067942924775465,-1.0262987592698354,9.286571535385882,10560.59731054974,1508.4375563302906,7391.363595473591,15966.522088114585,2400.8247729525947,7416.810488216401,0.00010861044832004566,0.9996658031832631,13.69978150016685,offense,1.1908018940073788,-1.3758102161933439,0.7843107367473057,1.4629729661161195,1,10563.024470697455,1504.6066207591955,7388.954835156029,-28.113860389784428,-1.0262987592698354,9.286571535385882,1,10561.738041914743,1512.9760436177473,7393.477871967924,-28.113860389784428,-1.0262987592698354,9.286571535385882
30.699999999998898,-0.5583890307340184,1.0754177804092013,8.193866127861588,10597.126465436631,1515.365395898926,7392.279336423263,15990.30989384938,2406.584816270042,7416.613320562658,0.00010817185916460206,1.0026253875823548,13.699788605444574,offense,1.1906268002503817,0.93048264541672,0.7837936960233094,1.4672143442119687,1,10599.54724448177,1511.6706445787004,7389.660569252186,-31.993334787460064,1.0754177804092013,8.193866127861588,1,10598.292356157828,1519.7157764027415,7394.745951167857,-31.993334787460064,1.0754177804092013,8.193866127861588
30.799999999998892,-0.6068664606349652,3.4804165940695717,6.904763501173688,10633.674761076303,1522.07395387572,7393.372363342569,16014.082081091115,2412.3410809180277,7416.4157428412855,0.00010773947509101047,1.0056729765903416,13.699795722421781,offense,1.1899749459274953,3.254032279151001,0.7832772598775131,1.4715200467348848,1,10636.114742014175,1518.4723968923854,7390.643887519216,-34.77088692242562,3.4804165940695717,6.904763501173688,1,10634.836761313903,1526.2610626122116,7396.108633774491,-34.77088692242562,3.4804165940695717,6.904763501173688
30.899999999998887,-0.5458699228073897,3.721318326841802,7.074753028415853,10670.244071647168,1528.566916272593,7394.646863239745,16037.838668230756,2418.0935713532226,7416.217766477368,0.00010731293406852991,1.0088011918912074,13.699802851499667,offense,1.1900270525167613,2.9491962857778993,0.7827614232240511,1.475878996345252,1,10672.711031617477,1524.8071782411575,7392.167391836427,-31.276042739995464,3.721318326841802,7.074753028415853,1,10671.379469298305,1532.909757435813,7397.140836536481,-31.276042739995464,3.721318326841802,7.074753028415853
30.99999999999888,-0.4517099601035917,2.915178829118382,7.653569108383283,10706.847456715055,1534.9332486054911,7396.007141516429,16061.57967351956,2423.8422919983077,7416.019404256279,0.00010689181020943358,1.0120020320685656,13.699809992333208,offense,1.1906572891022702,1.6252130442514083,0.7822461812844611,1.4802803260526918,1,10709.328015651074,1530.966454646595,7393.890381479816,-25.881074277958604,2.915178829118382,7.653569108383283,1,10707.966477805647,1539.498266212877,7398.075403115712,-25.881074277958604,2.915178829118382,7.653569108383283
31.099999999998875,-0.35641332359613154,1.9475053590064861,8.303948222089295,10743.490004416506,1541.2022383574272,7397.409546767289,16085.305115080264,2429.5872472446154,7415.820669993263,0.00010647564971828942,1.0152670676842241,13.699817146629503,offense,1.191841752972918,0.34061306480725817,0.7817315302341566,1.4847135400635287,1,10745.993418173288,1537.0674610506828,7395.67581201653,-20.420979204288813,1.9475053590064861,8.303948222089295,1,10744.581439636411,1545.9533795429322,7399.023463306688,-20.420979204288813,1.9475053590064861,8.303948222089295
31.19999999999887,-0.24553797522311077,0.3282954870653159,8.88275607993988,10780.174406024536,1547.4602047932979,7398.70893791062,16109.015010919085,2435.328441455027,7415.6215781791725,0.0001060639439590495,1.018587614080141,13.699824313948753,offense,1.1925749710165696,-1.3159025543200789,0.7812174662707142,1.4891686480864121,1,10782.693939803754,1543.1734074870244,7397.4265111523555,-14.068289690472024,0.3282954870653159,8.88275607993988,1,10781.242825224394,1552.3717218062313,7399.760023561288,-14.068289690472024,0.3282954870653159,8.88275607993988
31.299999999998864,-0.14384337415679335,-1.0272944947244445,9.355690432714988,10816.887541120039,1553.7170359525692,7399.828680186895,16132.70937893795,2441.065878966971,7415.422143687505,0.00010565616105342733,1.0219549053830705,13.699831493816031,offense,1.1936607432807071,-2.4579315165025646,0.7807039860736295,1.4936362851332576,1,10819.43780915943,1549.341621908887,7398.979454143012,-8.241618250105436,-1.0272944947244445,9.355690432714988,1,10817.917666402447,1558.720108743885,7400.3553722670895,-8.241618250105436,-1.0272944947244445,9.355690432714988
31.399999999998858,0.05967352657321988,-1.7281251452670379,9.643882883649672,10853.645466292399,1560.0039763971106,7400.623498094246,16156.388236946948,2446.7995640954086,7415.222381473518,0.00010525177660720061,1.0253602475729007,13.699838687777001,offense,1.1951449283533702,-2.664689406171594,0.7801910872882861,1.4981078098469602,1,10856.247564821164,1555.5781348546834,7400.725035712535,3.419041221307265,-1.7281251452670379,9.643882883649672,1,10854.625176577081,1565.0227295283692,7400.152770183909,3.419041221307265,-1.7281251452670379,9.643882883649672
31.499999999998852,0.25483653137960655,-2.166807266824515,9.507227424939169,10890.451110718566,1566.2890116513697,7401.053545150432,16180.051602676644,2452.5295011358176,7415.0223063141975,0.00010485024476080897,1.0287951483946147,13.699845895268439,offense,1.1960598212097588,-2.557175134593542,0.7796787675454898,1.5025753693884252,1,10893.057893074269,1561.9826776606421,7402.068174792373,14.601057713804622,-2.166807266824515,9.507227424939169,1,10891.433208880137,1571.1299282100854,7399.649867811228,14.601057713804622,-2.166807266824515,9.507227424939169
31.599999999998847,0.3256568086896484,-2.7685087070058656,9.159799389967443,10927.283544175505,1572.5370566638217,7401.208291052163,16203.699493790145,2458.255694367133,7414.821932576627,0.00010445102365920083,1.032251454000073,13.699853115676273,offense,1.1963373446906014,-2.86966202504329,0.7791670249287648,1.5070319712147624,1,10929.876158796458,1568.306517336127,7402.531237167488,18.65876070761613,-2.7685087070058656,9.159799389967443,1,10928.281813902924,1577.2623505460294,7399.463482960112,18.65876070761613,-2.7685087070058656,9.159799389967443
31.69999999999884,0.25874203052377814,-3.0974625566147713,8.85977452899885,10964.101021110322,1578.758321477756,7401.197199384982,16227.331927894747,2463.978148054585,7414.621274014736,0.00010405360642483251,1.03572143498205,13.699860350444895,offense,1.194664872548499,-3.094238293413508,0.7786558584155608,1.5114714992710543,1,10966.675333844734,1574.429677425659,7402.199723507231,14.82482633165761,-3.0974625566147713,8.85977452899885,1,10965.114849056103,1583.5789446046665,7399.747011271443,14.82482633165761,-3.0974625566147713,8.85977452899885
31.799999999998835,0.08849098272239213,-3.919118749524418,8.549337789218502,11000.873633356388,1584.958117332759,7401.067282561371,16250.948922553025,2469.696866452369,7414.420343584219,0.00010365748616319462,1.0391978765047711,13.699867598887872,offense,1.1937417455599377,-3.6642473405456193,0.7781452668958106,1.5158887354356867,1,11003.401609054887,1580.4915901479387,7401.236910905293,5.070159834958156,-3.919118749524418,8.549337789218502,1,11001.922704881086,1589.9391514002637,7400.390489716827,5.070159834958156,-3.919118749524418,8.549337789218502
31.89999999999883,-0.11178474553418828,-4.587799152256174,8.50676415287949,11037.626670327969,1591.1289831752579,7400.739686949474,16274.550495293082,2475.4118538061794,7414.219153311959,0.00010326218747554988,1.0426741502828905,13.699874860986492,offense,1.1929838747401904,-3.7618898725142347,0.7776352497735532,1.5202793621025374,1,11040.071771564099,1586.6862611604215,7399.931602149491,-6.4047941330528655,-4.587799152256174,8.50676415287949,1,11038.745259051588,1596.134058521712,7400.999070919124,-6.4047941330528655,-4.587799152256174,8.50676415287949
31.999999999998824,-0.3092006460582058,-4.618410412866538,8.518253879819492,11074.358389954012,1597.2796121866736,7400.201512900624,16298.136663618136,2481.123114355505,7414.017714171124,0.00010286726122019501,1.046144268878079,13.699882135994287,offense,1.1923711515094937,-3.1752116045058507,0.7771258066118097,1.5246399487612046,1,11076.697716936264,1593.0466169617991,7398.475650595485,-17.715892041853568,-4.618410412866538,8.518253879819492,1,11075.57577921002,1602.1253205093124,7401.387419410965,-17.715892041853568,-4.618410412866538,8.518253879819492
32.09999999999882,-0.4314263248016554,-3.181933492329148,8.207856622802165,11111.080473995002,1603.4013709447206,7399.533287302557,16321.707445015165,2486.830652335776,7413.81603599487,0.00010247231268339567,1.0496029240131335,13.699889425242066,offense,1.1923199285487431,-1.3592367793157079,0.7766169377285866,1.5289679240940721,1,11113.377012907491,1599.3822509083618,7397.310252629692,-24.718907581975085,-3.181933492329148,8.207856622802165,1,11112.352598161044,1608.045091306388,7401.318465531421,-24.718907581975085,-3.181933492329148,8.207856622802165
32.199999999998816,-0.41635095402669736,-1.3221597470793236,7.659890989115059,11147.818986505092,1609.485310835589,7398.8000327999625,16345.262856962592,2492.5344719802124,7413.614127421842,0.00010207696430656647,1.0530455000052246,13.699896727939409,offense,1.1929509656198836,0.5943469779654992,0.7761086432104972,1.5332615296333436,1,11150.153292367002,1605.4228412587656,7396.698448378523,-23.855152461975127,-1.3221597470793236,7.659890989115059,1,11149.071785990334,1614.1363167772986,7400.579902789585,-23.855152461975127,-1.3221597470793236,7.659890989115059
32.29999999999881,-0.3658727065528997,-1.564973775332613,7.7888019407131495,11184.583001802726,1615.5369401261514,7397.998842057583,16368.802916937155,2498.2345775215394,7413.411995850751,0.00010168087456561948,1.0564680859095743,13.69990404328811,offense,1.1934880866614637,0.3042577363293561,0.7756009233449649,1.5375197727711827,1,11186.936933374247,1611.3818281431147,7396.111158142033,-20.962961924509614,-1.564973775332613,7.7888019407131495,1,11185.814967983639,1620.27642991637,7399.5444150443755,-20.962961924509614,-1.564973775332613,7.7888019407131495
32.399999999998805,-0.32417075281956564,-2.630703327805879,8.381542644361604,11221.382305848956,1621.5486798844584,7397.121496199137,16392.327642419506,2503.9309731933295,7413.209647443787,0.00010128376412686982,1.0598674773491268,13.699911372552869,offense,1.195052504171479,-0.8095640537671684,0.7750937790516347,1.5417423748324801,1,11223.763139912273,1617.3422077588432,7395.3875638419295,-18.573615978139742,-2.630703327805879,8.381542644361604,1,11222.575536234805,1626.3654575419282,7398.442160518632,-18.573615978139742,-2.630703327805879,8.381542644361604
32.4999999999988,-0.17607980384442012,-2.0388481652216672,8.489811064240934,11258.234408294049,1627.5660780490903,7396.09635269081,16415.837050899085,2509.6236632312107,7413.007087122068,0.00010088537470049823,1.0632411597393865,13.699918714913574,offense,1.197079865343212,-0.19499845613038352,0.7745872109058796,1.545929706835671,1,11260.69355754016,1623.1780374269383,7395.063403280773,-10.08862961777668,-2.0388481652216672,8.489811064240934,1,11259.357362171646,1632.5348655030773,7396.7439836242065,-10.08862961777668,-2.0388481652216672,8.489811064240934
32.59999999999879,0.04811066674410173,-0.7222666577563019,8.509705220245623,11295.149438630791,1633.581375311985,7394.949677649415,16439.331159877947,2515.3126518738222,7412.804318605391,0.00010048548644475581,1.0665872828595673,13.69992606953741,offense,1.1989888022764246,1.074408853833539,0.7740812195743583,1.5500827210630548,1,11297.660910521765,1629.103014190452,7395.0277199839975,2.7565381539974347,-0.7222666577563019,8.509705220245623,1,11296.23621994146,1638.5854789689881,7394.566072419066,2.7565381539974347,-0.7222666577563019,8.509705220245623
32.69999999999879,0.2460852171958695,-1.5566548845108148,8.347571440529375,11332.1164229756,1639.5867321982241,7393.713293478478,16462.809986873683,2520.997943363509,7412.6013444531,0.0001000839394078076,1.0699046199007465,13.699933437684134,offense,1.2004749284924265,0.16693730417953742,0.7735758062519342,1.5542028722127568,1,11334.624973438395,1635.2175670492154,7394.706707025946,14.099644345883513,-1.5566548845108148,8.347571440529375,1,11333.210397433004,1644.4204874673032,7392.368923780367,14.099644345883513,-1.5566548845108148,8.347571440529375
32.79999999999878,0.41656771464476305,-2.7085611786588464,8.195627450197469,11369.12597610664,1645.573012193604,7392.379975511108,16486.273549421345,2526.679541946842,7412.398166131085,9.968059021544377e-05,1.0731925378794516,13.699940818517826,offense,1.2017554127432153,-0.909135343629884,0.773070971679533,1.5582920556562034,1,11371.643897435775,1641.447699022102,7394.115245927301,23.867571930554938,-2.7085611786588464,8.195627450197469,1,11370.210730790379,1650.110910498879,7390.235194345793,23.867571930554938,-2.7085611786588464,8.195627450197469
32.899999999998776,0.5868409784590624,-1.7909980307898443,8.72854999399583,11406.176573554216,1651.5393063921333,7390.909085881001,16509.721865074738,2532.357451874916,7412.19478406969,9.927533622033605e-05,1.076450947335122,13.699948211903383,offense,1.20300368416626,0.1380121142683033,0.7725667167609996,1.5623525324358425,1,11408.670851804514,1647.8056629587873,7393.400628118798,33.62351131103193,-1.7909980307898443,8.72854999399583,1,11407.293540595865,1655.6817321308467,7388.08738539599,33.62351131103193,-1.7909980307898443,8.72854999399583
32.99999999999877,0.7310127133707116,0.05469270494362739,10.233229351491152,11443.256552169187,1657.555658325747,7389.448370799048,16533.15495140674,2538.031677403458,7411.991197759089,9.886810270004414e-05,1.0796802504101686,13.6999556170217,offense,1.2042394201704754,2.2566696213883453,0.7720630422050745,1.566386854218173,1,11445.694968219785,1654.2763061150056,7392.557916785537,41.88394324654834,0.05469270494362739,10.233229351491152,1,11444.431251734617,1661.3108881035375,7386.148729872071,41.88394324654834,0.05469270494362739,10.233229351491152
33.099999999998765,0.8821893031624726,1.386097947283782,11.56289563105657,11480.362059889458,1663.7159157908493,7388.06929087657,16556.57282600901,2543.702222792749,7411.787405840126,9.845886625913654e-05,1.082881296854061,13.699963035126665,offense,1.205628511159671,3.6333127120308957,0.7715599491387264,1.5703978044547293,1,11482.69024309764,1660.9763911804334,7391.7358789169775,50.545723802796765,1.386097947283782,11.56289563105657,1,11481.643115741621,1666.9889623382744,7384.325581192043,50.545723802796765,1.386097947283782,11.56289563105657
33.19999999999876,0.9403786828521778,1.231467157303137,11.253065248350165,11517.46175640351,1670.1165865717535,7386.832393891731,16579.975506491195,2549.369092307454,7411.58340618834,9.804760879195824e-05,1.0860553100357446,13.699970465413664,offense,1.2061441755317364,2.739205333840963,0.7710574381512317,1.5743883148768107,1,11519.738893169668,1667.5776152573044,7390.671348542755,53.87972967150115,1.231467157303137,11.253065248350165,1,11518.798030580938,1673.1603709386084,7382.918438341289,53.87972967150115,1.231467157303137,11.253065248350165
33.299999999998754,0.8816641681235928,0.3476897478624749,9.955186479720677,11554.526285715494,1676.7751957043472,7385.742871099699,16603.363010479297,2555.0322902162534,7411.379196021831,9.76343355157908e-05,1.0892038441239222,13.699977907087296,offense,1.2060331937012956,0.8489792219657274,0.7705555097389618,1.5783614153334928,1,11556.842198407774,1673.9809958790681,7389.375816975727,50.51563578139452,0.3476897478624749,9.955186479720677,1,11555.83117962293,1680.001186686582,7381.966691274416,50.51563578139452,0.3476897478624749,9.955186479720677
33.39999999999875,0.7349404647019725,-0.5814051352829794,8.782454165058278,11591.545711123656,1683.6355006497542,7384.78409243702,16626.735355613873,2560.6918207913823,7411.174771992106,9.721909661721753e-05,1.092328725615437,13.699985361431189,offense,1.2055192926176743,-0.6698114017479718,0.7700541647647291,1.5823201744294335,1,11593.932600493006,1680.3128310394382,7387.887626841399,42.10898682080648,-0.5814051352829794,8.782454165058278,1,11592.780642867625,1687.34131259853,7381.450745562174,42.10898682080648,-0.5814051352829794,8.782454165058278
33.49999999999874,0.5491115405248541,-0.4837447036648012,8.820424584854958,11628.53517974159,1690.6075278178173,7383.918104212216,16650.092559547636,2566.347688308058,7410.970130291937,9.68019372122189e-05,1.0954319935025087,13.699992827671862,offense,1.2052504328377431,-0.39409418812088226,0.7695534035091651,1.586267641717946,1,11630.991791414403,1686.7767200435774,7386.297026423181,31.46177375400101,-0.4837447036648012,8.820424584854958,1,11629.694350394935,1694.8620824364937,7381.286680948444,31.46177375400101,-0.4837447036648012,8.820424584854958
33.59999999999874,0.36288142326916806,0.3245524908051043,9.338085603636195,11665.507064889838,1697.6733313973932,7383.179207989124,16673.434639942767,2571.9998970438655,7410.76526674507,9.638292384210399e-05,1.0985158562249122,13.70000030573737,offense,1.2052424269839028,0.6773115059581617,0.7690532262880528,1.5902068103191884,1,11668.029687714441,1693.4937035863545,7384.771811344008,20.791574017023756,0.3245524908051043,9.338085603636195,1,11666.592481340798,1702.3527296759157,7381.3641589873205,20.791574017023756,0.3245524908051043,9.338085603636195
33.69999999999873,0.1765822137878429,-0.2617208666799533,9.21201019331945,11702.469110385262,1704.8010552336073,7382.595370312197,16696.761614468058,2577.648451278043,7410.5601768982,9.596213163846647e-05,1.1015826309147114,13.700007794877736,offense,1.2053413979805359,0.19711742769295973,0.7685536331395025,1.594140565803463,1,11705.028973163644,1700.405978562136,7383.302267481341,10.117415587120211,-0.2617208666799533,9.21201019331945,1,11703.508421684797,1709.733575264233,7381.61589179271,10.117415587120211,-0.2617208666799533,9.21201019331945
33.799999999998725,-0.012753515622232496,-1.0469702744082248,9.142363779095705,11739.43714129075,1711.9371308963869,7382.1407629251125,16720.07350079595,2583.293355290776,7410.354856115207,9.553966410857419e-05,1.1046346920011696,13.700015296426434,offense,1.2055357792899033,-0.4003007562064645,0.7680546244356313,1.5980716455989443,1,11741.992609249632,1707.488702450241,7381.916335051068,-0.730722619108084,-1.0469702744082248,9.142363779095705,1,11740.46961612387,1716.9663344188748,7382.038745042527,-0.730722619108084,-1.0469702744082248,9.142363779095705
33.89999999999872,-0.20302235939743582,-1.192157084683448,9.145616145613104,11776.409843772173,1719.0369442478157,7381.78032612649,16743.37031659916,2588.934613362368,7410.149299658919,9.511561043916281e-05,1.107674438562743,13.700022809657805,offense,1.2050355087542628,-0.3614514901407985,0.7675561999515826,1.6020026199339301,1,11778.926918831292,1714.7067675958835,7380.647540484886,-11.63232434026124,-1.192157084683448,9.145616145613104,1,11777.472154125158,1723.9964677282253,7382.582774605337,-11.63232434026124,-1.192157084683448,9.145616145613104
33.999999999998714,-0.36215962132270046,0.5065928386241446,8.777570142064206,11813.384375261041,1726.05624262364,7381.556305577616,16766.652079547548,2594.5722297724988,7409.943502767179,9.469006963001638e-05,1.1107042539008705,13.70003033454836,offense,1.2047008585620178,1.3455987016835727,0.7670583594966836,1.6059358676175155,1,11815.876845504195,1721.9458668246543,7379.750287062179,-20.750217811846834,0.5065928386241446,8.777570142064206,1,11814.477201064868,1730.813422702718,7383.151382208286,-20.750217811846834,0.5065928386241446,8.777570142064206
34.09999999999871,-0.42911148188237014,2.554983754199208,8.205014746076465,11850.37513639714,1732.94030122019,7381.549571097011,16789.918807304955,2600.206208799445,7409.737460727793,9.426314328725148e-05,1.1137264571067045,13.70003787108606,offense,1.2044301794905585,3.1387507319145094,0.7665611027560256,1.6098735440523388,1,11852.883254542197,1728.9466450307373,7379.517489993588,-24.586276852464298,2.554983754199208,8.205014746076465,1,11851.461169946066,1737.5614988455598,7383.507724216122,-24.586276852464298,2.554983754199208,8.205014746076465
34.1999999999987,-0.3737692937782211,2.3311122701147706,8.564193894287092,11887.394687361484,1739.7022502720845,7381.710459666359,16813.170517526036,2605.8365547193243,7409.53116891827,9.38349267693525e-05,1.1167432766889083,13.700045418580473,offense,1.2052376520890182,2.5543710642459843,0.7660644291438021,1.6138175731635793,1,11889.926646763923,1735.6125712997273,7379.912403080081,-21.415403045077447,2.3311122701147706,8.564193894287092,1,11888.454760196339,1744.4288806460079,7383.414722232136,-21.415403045077447,2.3311122701147706,8.564193894287092
34.2999999999987,-0.284130539458,1.346210422289774,8.983605983422919,11924.452027123954,1746.4100069792553,7381.912714651519,16836.40722785317,2611.4632718053467,7409.32462289325,9.340553361390587e-05,1.1197568285814794,13.700052978418352,offense,1.2058855105012287,1.3352015933572627,0.765568338422091,1.6177696420855125,1,11926.997111564579,1742.1844868359603,7380.4855409729835,-16.279480741718704,1.346210422289774,8.983605983422919,1,11925.495709203098,1751.2766684711837,7383.1758985813785,-16.279480741718704,1.346210422289774,8.983605983422919
34.39999999999869,-0.280745977260052,0.2790033967737806,9.19773669580262,11961.540784111186,1753.0626527121497,7382.151213210431,16859.628955913588,2617.086364327097,7409.117818412894,9.297505359312441e-05,1.1227690938250907,13.700060549928223,offense,1.20660868984063,0.1693130100535504,0.7650728297909561,1.621731199065093,1,11964.075802469028,1748.8374748692895,7380.705234606988,-16.085559612276764,0.2790033967737806,9.19773669580262,1,11962.588608158409,1757.9409563057359,7383.365099043146,-16.085559612276764,0.2790033967737806,9.19773669580262
34.499999999998685,-0.3063391530303593,-0.9605958941599886,9.667834776490482,11998.655838943898,1759.6626736477087,7382.392914677265,16882.835719316696,2622.705836549888,7408.910751476947,9.254357658981849e-05,1.1257818948682143,13.700068133135744,offense,1.2071140812592671,-1.0738119538888533,0.7645779025120967,1.6257034475400418,1,12001.185748027143,1755.490962513154,7380.791138712796,-17.55194056825185,-0.9605958941599886,9.667834776490482,1,11999.696465469333,1764.5221826527368,7383.685806267698,-17.55194056825185,-0.9605958941599886,9.667834776490482
34.59999999999868,-0.32750439676140547,-0.5856318567570764,9.494589830108033,12035.791578649454,1766.2430019313063,7382.574542367259,16906.027535651538,2628.321692734143,7408.703418378103,9.211117975430245e-05,1.1287968771391963,13.700075727382194,offense,1.2074752449135913,-0.64662942328228,0.7640835556094502,1.6296873463506385,1,12038.312544999819,1762.0990268079563,7380.888867773101,-18.76461970640652,-0.5856318567570764,9.494589830108033,1,12036.844283007647,1771.069456267889,7383.976844785114,-18.76461970640652,-0.5856318567570764,9.494589830108033
34.699999999998674,-0.3658813672206959,0.5555212945464902,9.203886144032262,12072.954442197206,1772.7592250575447,7382.794824206749,16929.204422484494,2633.933937134853,7408.495815703145,9.167795598504741e-05,1.1318155109289503,13.700083334090428,offense,1.2083544237678656,0.46042268931328934,0.7635897884882595,1.633683626797552,1,12075.478017138243,1768.6745053254733,7380.9738535240085,-20.9634581442221,0.5555212945464902,9.203886144032262,1,12074.011280055205,1777.518328407026,7384.40830772103,-20.9634581442221,0.5555212945464902,9.203886144032262
34.79999999999867,-0.38977802210882545,0.6106126977549522,9.12459903546271,12110.150005130718,1779.224748440428,7383.051064679852,16952.366397357287,2639.542574001074,7408.28794035565,9.124396679129616e-05,1.1348390794210088,13.700090952612918,offense,1.2085979879538027,0.40864106887822316,0.7630966000358993,1.637692800356303,1,12112.663594685211,1775.1816253577613,7381.126402816056,-22.33263561379259,0.6106126977549522,9.12459903546271,1,12111.217013600115,1783.943029032952,7384.7740333900865,-22.33263561379259,0.6106126977549522,9.12459903546271
34.89999999999866,-0.4304586599430324,1.7139978248124683,8.743511110337703,12147.369759433564,1785.5848205958919,7383.42704198725,16975.513477785124,2645.147607575439,7408.0797895787,9.080927296486141e-05,1.1378686755723963,13.700098582998402,offense,1.209333331959191,1.3545807185556842,0.7626039892317954,1.641715168158294,1,12149.885355843291,1781.6131947555946,7381.361306552095,-24.663464469592867,1.7139978248124683,8.743511110337703,1,12148.440744635716,1790.217828804741,7385.365475796672,-24.663464469592867,1.7139978248124683,8.743511110337703
34.99999999999866,-0.3686637394953842,1.2387862346776142,9.134116638507965,12184.623425327036,1791.8808121626762,7383.855863704894,16998.645681255206,2650.7490420938702,7407.871360938988,9.037392132006871e-05,1.140905202608445,13.70010622460092,offense,1.2100210121992412,0.7858384544550451,0.7621119548658188,1.6457508385536679,1,12187.162783423897,1787.8015592651727,7382.0446055084685,-21.122876332595954,1.2387862346776142,9.134116638507965,1,12185.667373055976,1796.631105671202,7385.5033419967385,-21.122876332595954,1.2387862346776142,9.134116638507965
35.09999999999865,-0.27803725372998933,-0.6660047475028585,9.80198641759169,12221.908411413087,1798.190594013231,7384.175500982837,17021.76302522548,2656.3468817852126,7407.662652339301,8.993796926801546e-05,1.1439493737222741,13.700113878870487,offense,1.2110581827068427,-1.0352980558555607,0.7616204961496144,1.6497997368632364,1,12224.464912479254,1793.9844408123015,7382.711985506664,-15.930361186136395,-0.6660047475028585,9.80198641759169,1,12222.923518706573,1803.0862176856106,7385.346708070054,-15.930361186136395,-0.6660047475028585,9.80198641759169
35.199999999998646,-0.18778420560302936,-2.1013632678934124,10.296586642917667,12259.227960444621,1804.525287819822,7384.309889902434,17044.86552712349,2661.9411308709427,7407.453662013987,8.950144572355048e-05,1.1470017314402912,13.700121545164912,offense,1.2127392847890122,-2.1518256750265903,0.7611296118084823,1.653861638351548,1,12261.819059675678,1800.2278746473262,7383.220052850541,-10.759242440270489,-2.1013632678934124,10.296586642917667,1,12260.197942241255,1809.5189718535312,7385.010999798014,-10.759242440270489,-2.1013632678934124,10.296586642917667
35.29999999999864,0.002352182369141138,-2.8643989102395278,10.573502674630278,12296.597275759588,1810.9201279446606,7384.115887442029,17067.95320434569,2667.531793565052,7407.244388499427,8.906437574319674e-05,1.1500626441795239,13.700129223540385,offense,1.2147411047025873,-2.2918515174591603,0.7606393007099,1.6579361747038717,1,12299.259144092568,1806.5338012015277,7383.906376868658,0.13477012239687028,-2.8643989102395278,10.573502674630278,1,12297.49647083429,1815.9705630592568,7383.883824151337,0.13477012239687028,-2.8643989102395278,10.573502674630278
35.399999999998634,0.26003974748608294,-2.5320351655047832,10.730606206819601,12334.016273748872,1817.3443305103897,7383.585638072983,17091.02607425683,2673.1188740738467,7407.03483064085,8.862677173542912e-05,1.153132319793621,13.700136913353923,offense,1.2162898741386148,-1.254028793199427,0.7601495615544349,1.6620228555206584,1,12336.720714778532,1813.1016361070288,7384.61269353243,14.899180036600212,-2.5320351655047832,10.730606206819601,1,12334.886231179622,1822.1963515267619,7382.146761384255,14.899180036600212,-2.5320351655047832,10.730606206819601
35.49999999999863,0.4611733995791277,-1.6591146182981582,10.817092676823837,12371.469161533318,1823.7765958808316,7382.871879668704,17114.084154189684,2678.7023765959098,7406.824987558267,8.818866022246194e-05,1.1562108182752926,13.700144616059454,offense,1.2169784558342411,-0.021486693219227557,0.7596603935126093,1.6661210889254165,1,12374.131091079651,1819.8500028692881,7384.837915887102,26.42328941958431,-1.6591146182981582,10.817092676823837,1,12372.39614739635,1828.27112797919,7380.567714217491,26.42328941958431,-1.6591146182981582,10.817092676823837
35.59999999999862,0.5224007881515614,-2.4324411842666844,10.135451168245254,12408.93139773257,1830.2403081787136,7382.103562009496,17137.12746144488,2684.2823053220077,7406.614858631712,8.77500378959621e-05,1.159298063303498,13.700152331011529,offense,1.217435499609261,-0.9635155556354886,0.7591717952912606,1.6702301983886436,1,12411.560174048085,1826.4186105450367,7384.306619493933,29.93136037539229,-2.4324411842666844,10.135451168245254,1,12409.896004369957,1834.572592212515,7379.520898832546,29.93136037539229,-2.4324411842666844,10.135451168245254
35.69999999999862,0.5431785230218862,-3.201635037531395,9.724509330364139,12446.396892475732,1836.743884326551,7381.294717926809,17160.156013290914,2689.8586644351662,7406.404443480805,8.731090037191463e-05,1.1623938582936841,13.70016005826191,offense,1.2178065668238358,-1.733299605668637,0.7586837657733175,1.6743494445486233,1,12449.023812068202,1832.956856828791,7383.559009468529,31.1218368913037,-3.201635037531395,9.724509330364139,1,12447.362517525396,1841.010235950483,7378.604901560506,31.1218368913037,-3.201635037531395,9.724509330364139
35.79999999999861,0.5735897496368279,-2.1581611688091864,10.25006363591438,12483.869415713172,1843.2853174210538,7380.407641286275,17183.16982696446,2695.4314581106614,7406.1937419397655,8.687123137219467e-05,1.1654978982003468,13.700167797157198,offense,1.2181995362026967,-0.584774497777778,0.7581963036980119,1.6784780385258138,1,12486.481566450933,1839.5887960329835,7382.832862544377,32.86427182615578,-2.1581611688091864,10.25006363591438,1,12484.853644878753,1847.4887969261026,7377.627110221846,32.86427182615578,-2.1581611688091864,10.25006363591438
35.899999999998606,0.584746238114625,-0.07804202565385018,11.646366871675086,12521.333238566795,1849.9387448282719,7379.587725784081,17206.168919670657,2701.0006905161454,7405.9827540210845,8.643103277120028e-05,1.1686097923495364,13.700175549150018,offense,1.2185828176732219,1.6569522458294899,0.7577094082985109,1.6826151671861111,1,12523.94162812374,1846.316478562723,7382.126385079986,33.50349153011989,-0.07804202565385018,11.646366871675086,1,12522.318588733113,1854.1551975807652,7376.827307113711,33.50349153011989,-0.07804202565385018,11.646366871675086
35.9999999999986,0.614249750092028,1.6663917404924313,12.707205748970873,12558.783358869892,1856.7816583776507,7378.925338233555,17229.153308583744,2706.5663658117824,7405.771479906437,8.599027696130463e-05,1.1717290620558216,13.700183313580723,offense,1.2190174673707417,3.2420168118841977,0.7572230783711361,1.6867599928414854,1,12561.361895016316,1853.2652133173517,7381.637360630121,35.193918247238756,1.6663917404924313,12.707205748970873,1,12559.793155789052,1860.9536311426928,7376.106783031008,35.193918247238756,1.6663917404924313,12.707205748970873
36.099999999998595,0.5414095876681396,1.5174336304870681,12.403005565098349,12596.189337759448,1863.870943376146,7378.53145808656,17252.123010847576,2712.128488150353,7405.559919905806,8.554894076155911e-05,1.174855169689195,13.700191090489598,offense,1.2185355003602263,2.3422364119313293,0.7567373128910369,1.690911679969135,1,12598.8030606705,1860.165337120565,7380.9410710892735,31.020484361302543,1.5174336304870681,12.403005565098349,1,12597.1639560838,1868.2285034759873,7375.995498879847,31.020484361302543,1.5174336304870681,12.403005565098349
36.19999999999859,0.3759697449886914,0.5700285777340153,11.685293375720008,12633.53557770042,1871.1728050300346,7378.4211762097575,17275.078043576286,2717.6870616774413,7405.348074433637,8.510699081621715e-05,1.1779875392693075,13.700198879223803,offense,1.218027610836936,0.7036440975998621,0.7562521107190852,1.6950694158242294,1,12636.21571295341,1867.1191538575895,7380.080720483895,21.54147961246185,0.5700285777340153,11.685293375720008,1,12634.441517725192,1875.8706509606234,7376.556017695323,21.54147961246185,0.5700285777340153,11.685293375720008
36.29999999999858,0.24356339864306598,-0.3037162678548151,11.461408146796375,12670.862063479148,1878.5723286385053,7378.4581061912395,17298.018423855166,2723.2420905316208,7405.135944004298,8.466441214806306e-05,1.1811255551587954,13.700206681195212,offense,1.2185149387262766,-0.3307567471855538,0.7557674712071317,1.6992324062974198,1,12673.582979579269,1874.3388981674823,7379.479860576163,13.955154786110082,-0.3037162678548151,11.461408146796375,1,12671.719659732085,1883.4673279072463,7377.164734308921,13.955154786110082,-0.3037162678548151,11.461408146796375
36.39999999999858,0.14700406873455826,-1.2976966688035394,11.148454639167202,12708.200464595539,1886.010979306559,7378.484126476855,17320.944168741542,2728.7935788446916,7404.92352918098,8.422116755012314e-05,1.1842685711654504,13.700214495743833,offense,1.2188934429042986,-1.3254524920202604,0.755283393286527,1.703399883629342,1,12710.92018739952,1881.6879950084196,7379.017244313305,8.42271270974125,-1.2976966688035394,11.148454639167202,1,12709.052785886997,1890.9990924212161,7377.6114432745935,8.42271270974125,-1.2976966688035394,11.148454639167202
36.49999999999857,-0.034751739433988134,-2.300860989079833,10.90444139026691,12745.53652291231,1893.4512424811228,7378.480389981633,17343.855295265545,2734.3415307418386,7404.710830564347,8.37772223142213e-05,1.1874159308514005,13.700222322895456,offense,1.2186265604992332,-2.239376771667081,0.7547998760742283,1.7075711224231973,1,12748.21714473556,1889.0869534839635,7378.11086570638,-1.9911280003058724,-2.300860989079833,10.90444139026691,1,12746.415343409773,1898.5104579274414,7378.444146348104,-1.9911280003058724,-2.300860989079833,10.90444139026691
36.599999999998566,-0.235456698782202,-2.014736897284344,10.808269404901752,12782.864118169498,1900.8753120362644,7378.42258957961,17366.751820430993,2739.885950341869,7404.497848782314,8.33325361790938e-05,1.1905669891243276,13.70023016197196,offense,1.2180974477014672,-1.7423946375575052,0.7543169185664949,1.7117454568724584,1,12785.47727981475,1896.6532103116224,7377.113183896653,-13.490675098303285,-2.014736897284344,10.808269404901752,1,12783.80406841419,1905.8374876762318,7379.351355672669,-13.490675098303285,-2.014736897284344,10.808269404901752
36.69999999999856,-0.36329050921978967,-0.11080688992144402,10.404737031808075,12820.187977050817,1908.259799805962,7378.372502038014,17389.633761216326,2745.42684175743,7404.28458444576,8.288709017612841e-05,1.1937211132447079,13.700238014393397,offense,1.2180736502555458,0.2066806676437674,0.7538345202623095,1.7159222779753494,1,12822.776531105765,1904.2203506361636,7376.5417813304175,-20.81501291545247,-0.11080688992144402,10.404737031808075,1,12821.162413890937,1913.0474208066655,7379.953153169111,-20.81501291545247,-0.11080688992144402,10.404737031808075
36.799999999998555,-0.4425908903554577,2.6771420238224035,9.25842451928974,12857.53330700067,1915.5571967648307,7378.460127105994,17412.501134575577,2750.9642090952257,7404.071038161028,8.244084315690592e-05,1.196877677066506,13.700245879474892,offense,1.2179971466032924,2.837565983806435,0.7533526802309988,1.7201010241099552,1,12860.116713576439,1911.6399848270935,7376.3742792929625,-25.358590068305098,2.6771420238224035,9.25842451928974,1,12858.531475725245,1920.1710690161499,7380.481300538875,-25.358590068305098,2.6771420238224035,9.25842451928974
36.89999999999855,-0.5021244603323041,4.486336151102565,8.510838705375312,12894.899765816692,1922.6437769943832,7378.8742986890675,17435.35395743912,2756.4980564562597,7403.857210482225,8.199376004056419e-05,1.2000360911860586,13.700253757229206,offense,1.2172928843324053,4.189336309639389,0.752871397720563,1.724281204242104,1,12897.495175268763,1918.8410824555076,7376.599949546982,-28.769612367325145,4.486336151102565,8.510838705375312,1,12895.892353434157,1927.1099236587622,7381.206165707984,-28.769612367325145,4.486336151102565,8.510838705375312
36.99999999999854,-0.44839874859029655,4.365614511265663,8.771705734317132,12932.303608999324,1929.5390588377172,7379.571856184748,17458.192246714534,2762.0283879359613,7403.643101933939,8.154580253522433e-05,1.2031957986858275,13.700261646974557,offense,1.2184224637601078,3.5715330302782116,0.7523906718711691,1.728462392243588,1,12934.91349618886,1925.622121970898,7377.518713608293,-25.691355833171663,4.365614511265663,8.771705734317132,1,12933.281147455398,1934.1235946118518,7381.668460654498,-25.691355833171663,4.365614511265663,8.771705734317132
37.09999999999854,-0.36248389541249926,3.415515563253876,9.206441126479122,12969.751206448223,1936.33051624619,7380.423588471034,17481.016019287476,2767.5552076244608,7403.428712976033,8.109695367743793e-05,1.2063562749460375,13.70026955010204,offense,1.2187046921283342,2.2709762607699555,0.7519105022930505,1.732644217874384,1,12972.362500460888,1932.2537945227848,7378.7116353264255,-20.76879734859775,3.415515563253876,9.206441126479122,1,12970.72618693377,1941.0819000064357,7382.109727675156,-20.76879734859775,3.415515563253876,9.206441126479122
37.19999999999853,-0.2755045282010585,2.352723295165333,9.712557756832853,13007.232192746464,1943.0439204379793,7381.374531400833,17503.82529202231,2773.0785196066936,7403.214043991161,8.064717606785638e-05,1.2095170524924723,13.700277465924984,offense,1.2202125048656938,1.0189657338673266,0.7514308881710959,1.7368263892495386,1,13009.855771250219,1938.8426956324563,7380.019597465877,-15.785246702663617,2.352723295165333,9.712557756832853,1,13008.191607301307,1947.9301627082632,7382.628907814852,-15.785246702663617,2.352723295165333,9.712557756832853
37.299999999998526,-0.17474070751311,0.8811105581732895,10.044036767135463,13044.759296010707,1949.7531517827451,7382.279642874634,17526.62008176294,2778.598327962665,7402.999095297254,8.019644113061015e-05,1.2126776970514541,13.700285394446519,offense,1.2211213052639294,-0.38842067732578,0.7509518288746244,1.7410086654554777,1,13047.386219308439,1945.4409079203874,7381.3452303001295,-10.011905049631158,0.8811105581732895,10.044036767135463,1,13045.712155815,1954.7453505650576,7383.014019829093,-10.011905049631158,0.8811105581732895,10.044036767135463
37.39999999999852,-0.08343949053880495,-0.6677688779699316,10.398053615147173,13082.320039171324,1956.4640584274348,7383.059609727404,17549.40040533338,2784.1146367675383,7402.783867128218,7.974471454755891e-05,1.2158378230835585,13.700293334974027,offense,1.222520432151263,-1.6730645386426568,0.7504733236255635,1.7451908642747083,1,13084.965320071646,1952.0973155170132,7382.508841797442,-4.780730652595287,-0.6677688779699316,10.398053615147173,1,13083.247856587406,1961.50849302992,7383.308877422188,-4.780730652595287,-0.6677688779699316,10.398053615147173
37.499999999998515,0.020762413340091778,-1.9728914879662887,10.40689013293627,13119.917269403088,1963.202646397025,7383.571091086641,17572.16627953829,2789.627450091789,7402.568359624851,7.929198747993767e-05,1.2189971064466876,13.700301288895892,offense,1.2230864392841583,-2.529727414754819,0.7499953721323601,1.7493728730522373,1,13122.572602510581,1958.808347262596,7383.478133002511,1.1895986568933776,-1.9728914879662887,10.40689013293627,1,13120.832108472336,1968.247150426089,7383.278946296963,1.1895986568933776,-1.9728914879662887,10.40689013293627
37.59999999999851,0.11131304170372144,-2.673440877041212,10.471299847631297,13157.538321117725,1969.941500777887,7383.7959774359115,17594.917721163583,2795.1367720013463,7402.352572846198,7.883822997119426e-05,1.2221552626367915,13.700309255516744,offense,1.2242948644010292,-2.715555438526197,0.7495179736571644,1.7535546223755734,1,13160.214185214129,1965.5702883146787,7384.114651154735,6.377767494386961,-2.673440877041212,10.471299847631297,1,13158.43133844803,1974.9429465829123,7383.04941202875,6.377767494386961,-2.673440877041212,10.471299847631297
37.699999999998504,0.30063497458188876,-3.138425470994532,10.492276856816009,13195.19454787983,1976.668154381532,7383.654568959314,17617.654746976827,2800.6426065576698,7402.136506769551,7.83834198827001e-05,1.2253120584123791,13.700317234834518,offense,1.2248386364492232,-2.4047888978199965,0.7490411276308304,1.7577360945766631,1,13197.893167149912,1972.4661105887378,7384.8502202456775,17.22511521756501,-3.138425470994532,10.492276856816009,1,13196.070349606776,1981.4538773855286,7382.011667055945,17.22511521756501,-3.138425470994532,10.492276856816009
37.7999999999985,0.4743458012369959,-3.7446109434140245,10.149560830916935,13232.882446021968,1983.343344645157,7383.139589169449,17640.377373727577,2806.1449578178863,7401.920161276817,7.792753240768958e-05,1.2284673111186615,13.700325226153007,offense,1.2259141447814026,-2.4100360143946524,0.7485648333386575,1.7619173188789068,1,13235.566573674656,1979.425610160223,7385.093077139627,27.17801244063129,-3.7446109434140245,10.149560830916935,1,13233.77976476364,1987.781583973755,7380.7175753920465,27.17801244063129,-3.7446109434140245,10.149560830916935
37.89999999999849,0.6146246833540677,-3.437600771518073,10.363400029578228,13270.612574519027,1989.962807882962,7382.361498069737,17663.085618147838,2811.643829834842,7401.703536170429,7.747056527318148e-05,1.231620883153777,13.700333230856314,offense,1.2273950622888086,-1.4836618959004007,0.7480890905346735,1.7660983637505643,1,13273.275596400865,1986.387011171967,7384.909299541299,35.2154003407527,-3.437600771518073,10.363400029578228,1,13271.538171033444,1994.0424540779572,7379.383401695178,35.2154003407527,-3.437600771518073,10.363400029578228
37.99999999999849,0.7576917368322302,-1.8655795309477698,11.493366085888278,13308.391232058832,1996.5678245322033,7381.398317546609,17685.77949695223,2817.1392266572066,7401.486631161976,7.701249727021765e-05,1.234772672885419,13.700341248247618,offense,1.2286732089782662,0.70583775599207,0.7476138985191528,1.7702793254335722,1,13310.98858624782,1993.4465927138922,7384.541717481919,43.41253869242386,-1.8655795309477698,11.493366085888278,1,13309.38857538558,2000.2376319811967,7377.947648107804,43.41253869242386,-1.8655795309477698,11.493366085888278
38.09999999999848,0.8842814123008642,0.049066049379082856,13.446920139993626,13346.180836647465,2003.3098009824823,7380.455807980818,17708.45902683815,2822.631152329441,7401.269445905141,7.655330753506643e-05,1.2379226300493753,13.700349277632268,offense,1.2298413249200646,3.29581955836084,0.7471392565974895,1.7744603405691994,1,13348.678807588778,2000.6754639351336,7384.087571945797,50.66559282670736,0.049066049379082856,13.446920139993626,1,13347.26997845179,2006.595045771765,7376.662361420687,50.66559282670736,0.049066049379082856,13.446920139993626
38.199999999998475,1.0224514533049163,1.0093748612329274,14.597288230989196,13383.968014754682,2010.3032038895008,7379.597525055358,17731.12422448601,2828.1196108919144,7401.051979957089,7.60929993776149e-05,1.2410707447429434,13.700357320389875,offense,1.2310405479685746,4.391093789481246,0.7466651645305679,1.778641573227142,1,13386.318871892252,2008.2152144711547,7383.657459895674,58.58215303138907,1.0093748612329274,14.597288230989196,1,13385.197345517425,2013.0942994899326,7375.46620187446,58.58215303138907,1.0093748612329274,14.597288230989196
38.29999999999847,1.0713064436403206,0.8432410814271829,14.009382589365194,13421.715453254852,2017.6434904650694,7378.860191196022,17753.775106559242,2833.6046063808926,7400.834232822758,7.56315562976038e-05,1.2442170392089207,13.70036537582642,offense,1.2313687186208733,3.222590696543332,0.7461916216257662,1.7828232056337276,1,13424.006043394476,2015.7278074514184,7383.0378287345675,61.38133778576016,0.8432410814271829,14.009382589365194,1,13423.013242374333,2020.2192493573875,7374.611602073736,61.38133778576016,0.8432410814271829,14.009382589365194
38.399999999998464,0.9978531382043456,0.14608056402528505,12.476795884005737,13459.395502783504,2025.3280203821867,7378.240804254798,17776.41168970448,2839.0861428285425,7400.616203944633,7.516897061001826e-05,1.2473615596016425,13.700373443939707,offense,1.2310837805030348,1.0804412651885156,0.7457186273453502,1.7870054300293046,1,13461.748422605468,2023.0717126027275,7382.208441273952,57.17277339299345,0.14608056402528505,12.476795884005737,1,13460.644159939797,2028.1574835190174,7374.141500208578,57.17277339299345,0.14608056402528505,12.476795884005737
38.49999999999846,0.8819253144147725,-0.7031942706993561,11.229016498976172,13497.011358740814,2033.2633618847653,7377.715025646427,17799.033990551477,2844.564224262982,7400.3978927095595,7.47052279864954e-05,1.2505043763756272,13.700381524025344,offense,1.2307757743696142,-0.6371008008430558,0.7452461809881398,1.7911884467418433,1,13499.453699189204,2030.5351827301008,7381.315207813237,50.53059836171461,-0.7031942706993561,11.229016498976172,1,13498.176162742307,2036.5030455189578,7373.904909954162,50.53059836171461,-0.7031942706993561,11.229016498976172
38.59999999999845,0.7571739805780611,-0.9550298145779432,10.824443697997046,13534.600213824728,2041.3229349384858,7377.209130938601,17821.64202571301,2850.0388547081993,7400.1792984555605,7.424033868406341e-05,1.2536455964835147,13.700389617488339,offense,1.230725434909116,-1.1511357477063129,0.7447742823086102,1.7953724756628149,1,13537.111930088538,2038.1605309790289,7380.380846973702,43.382873444243465,-0.9550298145779432,10.824443697997046,1,13535.69368023207,2044.992837041107,7373.787808128169,43.382873444243465,-0.9550298145779432,10.824443697997046
38.69999999999845,0.5705163729211686,-1.2271216153801123,10.532087971894075,13572.165705298421,2049.4668891470255,7376.729490790791,17844.235811784944,2855.5100381841057,7399.960420478646,7.377429077344685e-05,1.2567853409855618,13.700397723625702,offense,1.2306303909785556,-1.4068334427648796,0.7443029306033122,1.7995577356151595,1,13574.758160441483,2045.7684500437629,7379.1728541552275,32.688180311494726,-1.2271216153801123,10.532087971894075,1,13573.17216430281,2053.6916090144514,7373.989402778653,32.688180311494726,-1.2271216153801123,10.532087971894075
38.79999999999844,0.3754367687127844,-1.5873631253184264,10.343539458587177,13609.72446239732,2057.6412167130393,7376.244966619465,17866.815365346065,2860.9777787064695,7399.741258036218,7.330707982771388e-05,1.259923744051001,13.700405842438295,offense,1.2306433799964673,-1.534288492027141,0.7438321253098206,1.8037444415488797,1,13612.36923454018,2053.536034754856,7377.833035069677,21.51094232127178,-1.5873631253184264,10.343539458587177,1,13610.66968792942,2062.3047189359145,7374.314268375123,21.51094232127178,-1.5873631253184264,10.343539458587177
38.899999999998435,0.18157940286099447,-1.9596866961482031,10.255975049137641,13647.28263191255,2065.8179080098757,7375.7481726041,17889.380702957926,2866.442080286913,7399.521810366377,7.28386954692689e-05,1.2630609616597368,13.700413973227818,offense,1.2306196247743024,-1.5642929121729603,0.743361865708637,1.8079328141227673,1,13649.942121064176,2061.4775071063873,7376.424439895474,10.403733430440688,-1.9596866961482031,10.255975049137641,1,13648.202642853927,2070.7582594631217,7374.691854760758,10.403733430440688,-1.9596866961482031,10.255975049137641
38.99999999999843,-0.010547670576770458,-1.8321690025231359,10.284896754360574,13684.841452097735,2073.976501186877,7375.254355723509,17911.93184116486,2871.902946932878,7399.3020766788395,7.236915201403549e-05,1.2661971455717553,13.700422117397164,offense,1.230372542815954,-1.1112447869170767,0.7428921515378519,1.8121230557662675,1,13687.482324310937,2069.5789896133083,7375.015638497768,-0.604337007743266,-1.8321690025231359,10.284896754360574,1,13685.771593567415,2079.0247906949858,7375.116842492497,-0.604337007743266,-1.8321690025231359,10.284896754360574
39.099999999998424,-0.19862879675581877,0.005667318076886597,10.174692184291127,13722.396442561436,2082.0930138785466,7374.86790708375,17934.468796493664,2877.360382647558,7399.082056173099,7.189844057179337e-05,1.2693324571699,13.700430274249937,offense,1.2297189979874537,0.8044991066159137,0.7424229820534615,1.8163153615822545,1,13725.01464214302,2077.808163663984,7373.79348184682,-11.380591743870234,0.005667318076886597,10.174692184291127,1,13723.351961206467,2087.0713722825535,7375.687804467726,-11.380591743870234,0.005667318076886597,10.174692184291127
39.19999999999842,-0.31541327253807777,2.1729362254613416,9.907532198226527,13759.952589137332,2090.110820097619,7374.741588065834,17956.991585453492,2882.8143914298785,7398.861748030481,7.142655836869854e-05,1.2724670691582733,13.700438443790562,offense,1.229077506412221,2.721565721398813,0.7419543566781551,1.8205099267625757,1,13762.582589144939,2085.97883229125,7373.199162466979,-18.071849318841448,2.1729362254613416,9.907532198226527,1,13760.901081156928,2094.9497149886297,7376.1750311663845,-18.071849318841448,2.1729362254613416,9.907532198226527
39.29999999999841,-0.30493181106248235,1.965050577152407,10.25094361917086,13797.522067283504,2098.0215267660733,7374.827618253646,17979.50022453581,2888.264977274516,7398.6411514391275,7.095349673251199e-05,1.2756011319154867,13.700446625326345,offense,1.2292460531421545,2.1812083886673883,0.7414862746657873,1.8247069112334444,1,13800.172627526894,2093.8877007220017,7373.3258484199105,-17.471305813160864,1.965050577152407,10.25094361917086,1,13798.445775021666,2102.8810720677166,7376.206343561942,-17.471305813160864,1.965050577152407,10.25094361917086
39.39999999999841,-0.26047702129612277,1.0027748794666107,10.55921137592394,13835.125355057293,2105.875476497936,7374.989857745487,18001.994730214043,2893.71214417175,7398.420265580366,7.047927167598974e-05,1.278734806824691,13.700454820260376,offense,1.2301936030306089,1.010355850623523,0.7410187357125955,1.82890647315517,1,13837.781491095897,2101.6866824167137,7373.660103824812,-14.924233980407099,1.0027748794666107,10.55921137592394,1,13836.039083026784,2110.7978366766347,7376.132123681654,-14.924233980407099,1.0027748794666107,10.55921137592394
39.4999999999984,-0.22298715143815556,0.902398052345705,10.754945044930317,13872.768132954025,2113.6686136472176,7375.21129681812,18024.475118943457,2899.1558961074793,7398.199089641199,7.000387475453491e-05,1.2818682615931511,13.700463027901447,offense,1.231193044607209,0.7620848089820632,0.7405517390583402,1.8331087666480719,1,13875.442507780468,2109.4410055648136,7374.05183608602,-12.77622266305086,0.902398052345705,10.754945044930317,1,13873.662569174296,2118.6326262275998,7376.1745532479845,-12.77622266305086,0.902398052345705,10.754945044930317
39.599999999998396,-0.16815659417882367,0.9652044993271073,10.711627359071256,13910.457112385759,2121.4357092447067,7375.443649936599,18046.941407161114,2904.596237063219,7397.97762281431,6.952730302628839e-05,1.2850016398970072,13.700471248257388,offense,1.2323623293268113,0.7586237153999158,0.7400852840986629,1.8373139145964859,1,13913.136092538,2117.148396264408,7374.542920924711,-9.634663143740744,0.9652044993271073,10.711627359071256,1,13911.350352891122,2126.443037817806,7376.149399155941,-9.634663143740744,0.9652044993271073,10.711627359071256
39.69999999999839,-0.22256422500870274,0.11679293951554673,10.751518317629952,13948.177687049214,2129.158437251765,7375.720559897742,18069.393611285668,2910.0331710160203,7397.755864304871,6.904954807936214e-05,1.2881350747379006,13.700479480639407,offense,1.2325611486606667,-0.1866752981155975,0.7396193700536061,1.841522019163758,1,13950.836110719954,2124.927177273355,7374.537968428996,-12.751990763598675,0.11679293951554673,10.751518317629952,1,13949.085159110577,2134.12521719322,7376.656984732423,-12.751990763598675,0.11679293951554673,10.751518317629952
39.799999999998384,-0.3490871462001422,1.4226672233916962,10.321422863658745,13985.900573843848,2136.79740512086,7376.141661725271,18091.83174771701,2915.4667019383705,7397.533813338492,6.857062553403359e-05,1.2912687118968182,13.70048772645224,offense,1.231866856876056,0.9790890918741378,0.7391539965994555,1.8457331882731487,1,13988.533834944541,2132.7374851594464,7374.423440004277,-20.00122015953448,1.4226672233916962,10.321422863658745,1,13986.837340815477,2141.5978813220213,7377.706013310736,-20.00122015953448,1.4226672233916962,10.321422863658745
39.89999999999838,-0.4140297848579267,3.4926806648146025,9.705771842351723,14023.628977335768,2144.3083135917927,7376.786848879015,18114.255832836458,2920.8968337982888,7397.311469157816,6.809052565442058e-05,1.2944026658875973,13.700495985007995,offense,1.231464157145024,2.7835397928175247,0.7386891629627812,1.8499474949766694,1,14026.27473381381,2140.3556469489386,7374.8514680200215,-23.722159265068676,3.4926806648146025,9.705771842351723,1,14024.561114943657,2148.9790492383677,7378.706392574734,-23.722159265068676,3.4926806648146025,9.705771842351723
39.99999999999837,-0.35534614721344165,2.9673652849825394,10.136189250296965,14061.37542677598,2151.7163328177894,7377.589083253188,18136.665883006477,2926.3235705592488,7397.088831014568,6.760924535725701e-05,1.2975370415107814,13.700504256317148,offense,1.2321409295640515,1.9845383347607877,0.7382248685004582,1.854164996029922,1,14064.039941273844,2147.667161800114,7375.893832074074,-20.359834501564645,2.9673652849825394,10.136189250296965,1,14062.285797648134,2156.4965098962552,7379.229336884077,-20.359834501564645,2.9673652849825394,10.136189250296965
40.09999999999837,-0.2650506534926686,1.1263324649778232,10.76021473259016,14099.159045798207,2159.1034708526226,7378.3800433552715,18159.061914570535,2931.7469161800914,7396.86589819454,6.712677442654123e-05,1.300671934123783,13.700512539692422,offense,1.2331571838736064,0.08609496814227777,0.7377611124343357,1.8583857383294498,1,14101.831908011598,2154.9307987330817,7377.033226748959,-15.186283802314323,1.1263324649778232,10.76021473259016,1,14100.05362068142,2164.023429126915,7379.547539118669,-15.186283802314323,1.1263324649778232,10.76021473259016
40.19999999999836,-0.1738979159336184,-0.5545661727714085,11.312581759207644,14136.985204235665,2166.492060683436,7379.061670446146,18181.44394385314,2937.166874615092,7396.642669993741,6.664312708507134e-05,1.3038074221637388,13.70052083654156,offense,1.235016556059013,-1.40394714403544,0.7372978944152302,1.8626097467747356,1,14139.683625390275,2162.2335381198973,7378.085551166453,-9.963616649117125,-0.5545661727714085,11.312581759207644,1,14137.844641640539,2171.5082032959426,7379.74649205657,-9.963616649117125,-0.5545661727714085,11.312581759207644
40.299999999998356,-0.06895621290878932,-1.9235027992361506,11.4543380914456,14174.855215576466,2173.9244082878618,7379.475274832055,18203.81198715951,2942.583449813844,7396.419145743379,6.615829257256596e-05,1.3069435864259764,13.700529146177844,offense,1.235816775470721,-2.340045917494393,0.7368352136522326,1.8668370487020352,1,14177.571988903974,2169.5981231091037,7378.954027060838,-3.950899970879154,-1.9235027992361506,11.4543380914456,1,14175.691844843992,2178.9889712238596,7379.615109505993,-3.950899970879154,-1.9235027992361506,11.4543380914456
40.39999999999835,-0.07818959737282878,-2.6662112144543384,11.350195950303572,14212.740890692772,2181.3698105384638,7379.632855206031,18226.16606077589,2947.9966457213764,7396.195324783749,6.56722658803327e-05,1.310080476909851,13.700537468612952,offense,1.2361779354489508,-2.76558091795328,0.7363730695072146,1.871067641539489,1,14215.44013438017,2177.0411988258666,7379.044209168406,-4.479933931290279,-2.6662112144543384,11.350195950303572,1,14213.5907762399,2186.4315559996544,7379.7932529706695,-4.479933931290279,-2.6662112144543384,11.350195950303572
40.499999999998344,-0.2153461500136971,-2.239516874011541,11.118474229236638,14250.621127798666,2188.804835233763,7379.658630558604,18248.506180969136,2953.40646627798,7395.971206491477,6.518503573167518e-05,1.3132181355884103,13.70054580315949,offense,1.2353228179876385,-2.208009185641457,0.7359114611761707,1.8753015134959,1,14253.260292847694,2184.572985138722,7378.435702671487,-12.33842553017594,-2.239516874011541,11.118474229236638,1,14251.53046104928,2193.790682297094,7380.485517552332,-12.33842553017594,-2.239516874011541,11.118474229236638
40.59999999999834,-0.3352506361357335,-0.27018635539167396,10.696388888822367,14288.485840225325,2196.199630840311,7379.69693195892,18270.83236398696,2958.812915419373,7395.746790251139,6.469661484212957e-05,1.316356599280636,13.700554151228452,offense,1.234979033601341,-0.23420906030972896,0.7354503883207368,1.8795386503140403,1,14291.099676033806,2192.1239509671873,7377.986377680881,-19.20844652965358,-0.27018635539167396,10.696388888822367,1,14289.431703220094,2201.034744558672,7381.144798847014,-19.20844652965358,-0.27018635539167396,10.696388888822367
40.69999999999833,-0.4149019154500536,2.6292602933100055,9.5705891665353,14326.361609928314,2203.513453592411,7379.882899729658,18293.144626057754,2964.2159970765547,7395.522075474563,6.420699085448237e-05,1.3194958825051848,13.70056251213242,offense,1.2346914127807134,2.4593558799827187,0.7349898501408481,1.883779016838178,1,14328.968931293322,2199.5514635857803,7377.914699920969,-23.772128667181796,2.6292602933100055,9.5705891665353,1,14327.333184510338,2208.185164419508,7381.780387747946,-23.772128667181796,2.6292602933100055,9.5705891665353
40.79999999999833,-0.4747202347371156,4.545123976704449,8.820638688159097,14364.250487284362,2210.629466752288,7380.407212967125,18315.442983390607,2969.6157151758575,7395.297061596287,6.371615753273357e-05,1.3226360023477806,13.700570885883367,offense,1.2339325598400355,3.915605623511267,0.7345298459914629,1.888022582953441,1,14366.869706798068,2206.7757278316453,7378.249045811749,-27.19946589989646,4.545123976704449,8.820638688159097,1,14365.216791481856,2215.1598623110503,7382.623306890912,-27.19946589989646,4.545123976704449,8.820638688159097
40.89999999999832,-0.4187117799150734,4.44283075740839,9.049212926555887,14402.16090898315,2217.566832067896,7381.219147500936,18337.727452175357,2975.0120736389476,7395.071748071284,6.322410108925648e-05,1.3257769618968762,13.700579271792048,offense,1.2343216437176339,3.3550552465640755,0.734070375081508,1.892269308144412,1,14404.792665404211,2213.5988866428866,7379.295981557926,-23.9904178215443,4.44283075740839,9.049212926555887,1,14403.11459126109,2222.2128566268516,7383.187457921151,-23.9904178215443,4.44283075740839,9.049212926555887
40.999999999998316,-0.3319189118752372,3.5128471313238294,9.422154938231577,14440.099039469253,2224.408443840026,7382.187984194532,18359.998048582725,2980.405076382891,7394.846134363613,6.273083309033721e-05,1.328918745312677,13.700587671272842,offense,1.2345331851738566,2.11461596843364,0.7336114370711155,1.896519136225819,1,14442.729056594668,2220.287756035098,7380.615647737428,-19.017552791025793,3.5128471313238294,9.422154938231577,1,14441.054156183365,2229.209952739144,7383.738004953785,-19.017552791025793,3.5128471313238294,9.422154938231577
41.09999999999831,-0.2451078939506506,2.459817641132913,9.87933409269051,14478.067210683828,2231.179125759861,7383.261150200853,18382.2547887641,2985.7947273200384,7394.620219961179,6.223633963895972e-05,1.3320613357306779,13.700596083636265,offense,1.2359932823764987,0.9043611930753039,0.7331530311638097,1.9007720129884786,1,14480.706678509037,2226.944203120904,7382.049564528381,-14.043647848712443,2.459817641132913,9.87933409269051,1,14479.01030192775,2236.1020150991358,7384.376963562887,-14.043647848712443,2.459817641132913,9.87933409269051
41.199999999998305,-0.14488353716492586,0.9923722889609714,10.148937961367402,14516.079267696276,2237.94925007342,7384.290568491403,18404.49768885179,2991.181030358153,7394.39400436551,6.174061359178838e-05,1.3352047137502177,13.700604508893743,offense,1.2368372760010815,-0.47399096180907974,0.7326951567283765,1.9050278869653199,1,14518.718156598283,2233.6154920170147,7383.500564395591,-8.30121520047706,0.9923722889609714,10.148937961367402,1,14517.020658046704,2242.962043288771,7384.886377511351,-8.30121520047706,0.9923722889609714,10.148937961367402
41.2999999999983,-0.1515743044831981,-0.5787902337001699,10.22798723273839,14554.112890543527,2244.715192745557,7385.235983782357,18426.72676495901,2996.5639894003475,7394.167487090626,6.124364009926923e-05,1.3383488420645147,13.700612946353555,offense,1.2372038283633744,-1.9162642661092903,0.732237812979203,1.9092866926463308,1,14556.73445157838,2240.3865685031733,7384.364358915347,-8.684567929518124,-0.5787902337001699,10.22798723273839,1,14555.063777440399,2249.7282960312305,7385.813832859997,-8.684567929518124,-0.5787902337001699,10.22798723273839
41.39999999999829,-0.18905569023374774,-1.8223091968800502,10.513816962400629,14592.15317291953,2251.4732945434307,7386.063157145727,18448.942033179974,3001.9436083451465,7393.940667661903,6.0745429589287864e-05,1.3414936876796297,13.700621397433013,offense,1.2373123135396116,-2.906590316384773,0.731780999581987,1.9135483717360315,1,14594.765319983371,2247.1879497847526,7384.976047208263,-10.832093143326402,-1.8223091968800502,10.513816962400629,1,14593.101203304208,2256.4690638107095,7386.779277120203,-10.832093143326402,-1.8223091968800502,10.513816962400629
41.49999999999829,-0.219020498527654,-2.3292953088195376,10.516079672685985,14630.19415928357,2258.2579219744757,7386.6642610788795,18471.14350958999,3007.319891086503,7393.713545611525,6.024596694350696e-05,1.344639205956056,13.700629861439797,offense,1.2370203226918868,-3.0899182844625517,0.7313247157641601,1.9178128606444875,1,14632.785337553738,2254.0022767566234,7385.421450171308,-12.548950192485837,-2.3292953088195376,10.516079672685985,1,14631.158433834471,2263.2310197580455,7387.505553552124,-12.548950192485837,-2.3292953088195376,10.516079672685985
41.59999999999828,-0.2662316623467641,-1.3165677395424564,10.356895106121241,14668.219557607483,2265.0381444899886,7387.114438230157,18493.33121024546,3012.692841513787,7393.486120483035,5.974524428238683e-05,1.3477853546448326,13.700638338384474,offense,1.2364996134053232,-1.8871328375643182,0.7308689608920841,1.922080099813802,1,14670.804442334378,2260.8377260244974,7385.684698511388,-15.253950625221577,-1.3165677395424564,10.356895106121241,1,14669.196453719918,2269.9590409806424,7388.209770012669,-15.253950625221577,-1.3165677395424564,10.356895106121241
41.699999999998276,-0.29432613980735367,1.0724783243753566,9.617088577656865,14706.23879388299,2271.802976389417,7387.523336420542,18515.505151183996,3018.0624635118165,7393.258391824517,5.92432461887354e-05,1.3509320909214717,13.700646827587365,offense,1.2360926701025585,0.47244551326953255,0.7304137342076266,1.9263500358108296,1,14708.822011851149,2267.6198704534177,7386.040801545002,-16.86364561133878,1.0724783243753566,9.617088577656865,1,14707.235782663647,2276.66922719452,7388.8252259984565,-16.86364561133878,1.0724783243753566,9.617088577656865
41.79999999999827,-0.3389097788100247,3.7645698793612787,8.848482247778476,14744.254700499896,2278.4600978856006,7388.14314325347,18537.66534842463,3023.4287609609096,7393.030359190867,5.873998212437747e-05,1.354079362016674,13.700655330438392,offense,1.2355018759604854,2.8469171354188805,0.7299590353789539,1.9306226061089222,1,14746.850340762952,2274.3264226413307,7386.547937749559,-19.418099961526675,3.7645698793612787,8.848482247778476,1,14745.250590226116,2283.240364155683,7389.73265828653,-19.418099961526675,3.7645698793612787,8.848482247778476
41.899999999998265,-0.2768126899964016,3.9173614781965638,8.962023290671324,14782.278957963881,2285.0138501671963,7388.987088686523,18559.811817967722,3028.791737736874,7392.802022136981,5.823543724136527e-05,1.357227123092611,13.700663846257328,offense,1.235939461948878,2.6923020347771587,0.7295048636488505,1.9348977616858165,1,14784.883245262008,2280.7861905686027,7387.677935530001,-15.860198852457033,3.9173614781965638,8.962023290671324,1,14783.267641019953,2289.8800732514974,7390.295400082351,-15.860198852457033,3.9173614781965638,8.962023290671324
41.99999999999826,-0.18691563930049296,2.983078631660482,9.193573226211207,14820.331871667682,2291.521422956188,7389.94132666297,18581.944575795158,3034.151397711017,7392.573380224568,5.772959488090794e-05,1.360375324713878,13.700672374362123,offense,1.2366695604517066,1.5561864025009937,0.7290512182581597,1.9391754515203048,1,14822.92812387282,2287.1883291219556,7389.017707525523,-10.709477256907869,2.983078631660482,9.193573226211207,1,14821.32939649685,2296.4851122911755,7390.799249970104,-10.709477256907869,2.983078631660482,9.193573226211207
42.09999999999825,-0.1916937010131624,1.8174571352812847,9.277043473798168,14858.40631651707,2297.9844173577935,7391.001416918546,18604.063637870477,3039.50774475023,7392.344433013067,5.722246452782644e-05,1.3635239193615072,13.700680916144876,offense,1.2370191114822668,0.23582744398892735,0.7285980988954498,1.9434556295044478,1,14860.989860828462,2293.6569950610165,7390.01753935684,-10.98324002729688,1.8174571352812847,9.277043473798168,1,14859.413358724989,2302.9485358091792,7391.845628972524,-10.98324002729688,1.8174571352812847,9.277043473798168
42.19999999999825,-0.22578924892483476,0.5356821770136678,9.615990399984081,14896.490331812945,2304.401725885383,7392.122996633765,18626.169020138874,3044.8607827169576,7392.11518006078,5.6714030571771446e-05,1.3666728593086208,13.700689470923049,offense,1.237117142339738,-1.0871708655593164,0.7281455048077894,1.947738251921474,1,14899.072352308798,2300.123869282963,7390.938761417209,-12.936771022821793,0.5356821770136678,9.615990399984081,1,14897.489623073552,2309.3453813362103,7393.0878737036455,-12.936771022821793,0.5356821770136678,9.615990399984081
42.29999999999824,-0.15625943009314902,0.03941513252785735,9.881956458379413,14934.595135799202,2310.8213570959406,7393.152410896808,18648.260738527348,3050.2105154692267,7391.885620927146,5.620428474382146e-05,1.3698221000786621,13.700698038705278,offense,1.2382355060012893,-1.347731116903539,0.7276934353974192,1.9520232812792,1,14937.198988012593,2306.482567293827,7392.278250325808,-8.953005853456967,0.03941513252785735,9.881956458379413,1,14935.570507552375,2315.8247317270493,7393.772243328911,-8.953005853456967,0.03941513252785735,9.881956458379413
42.399999999998236,-0.061659239651787795,-1.2352789066909229,9.992882039135173,14972.729442711729,2317.2764097404315,7393.937662603686,18670.338808944867,3055.556946860728,7391.65575516479,5.569321092538309e-05,1.3729715909816032,13.700706618807972,offense,1.2387380366186018,-2.2353649659724155,0.7272418899227834,1.9563106766808973,1,14975.342332222825,2312.8802530726784,7393.472996104601,-3.5328142000331364,-1.2352789066909229,9.992882039135173,1,14973.6922091514,2322.3188610580223,7394.064412327031,-3.5328142000331364,-1.2352789066909229,9.992882039135173
42.49999999999823,0.027975522344641367,-2.392168212142798,10.13427933118618,15010.883177697511,2323.74473599848,7394.452121468998,18692.40324728236,3060.9000807407374,7391.425582327473,5.518081907653915e-05,1.3761212880521214,13.700715212623606,offense,1.2397096580007831,-2.879320261516694,0.7267908680805991,1.9606004046018746,1,15013.518295003805,2319.3378864860597,7394.380468437284,1.6028793600218796,-2.392168212142798,10.13427933118618,1,15011.818747815041,2328.782438176009,7394.112172464431,1.6028793600218796,-2.392168212142798,10.13427933118618
42.599999999998225,0.22214288228263834,-2.989802877029583,10.228493692940496,15049.084398593775,2330.2267671792397,7394.576189402479,18714.45406941273,3066.2399209542086,7391.195101967821,5.466709389581731e-05,1.3792711582741468,13.700723819468113,offense,1.241585133513319,-2.6714162344327304,0.7263403691330573,1.9648924443981353,1,15051.757307533138,2325.922303756111,7395.410726663973,12.727849603666648,-2.989802877029583,10.228493692940496,1,15049.98591911032,2335.11799890724,7393.298530237736,12.727849603666648,-2.989802877029583,10.228493692940496
42.69999999999822,0.3971759840658183,-2.5212716280645506,10.252486907813264,15087.340072476882,2336.6898681047246,7394.337573165885,18736.491291191152,3071.5764713417525,7390.964313627103,5.415202672488984e-05,1.382421167291719,13.700732439349254,offense,1.2427356180629883,-1.6150273980043628,0.7258903924959916,1.9691867757531074,1,15090.001243088333,2332.6219271295827,7395.992664462312,22.756507610926622,-2.5212716280645506,10.252486907813264,1,15088.264836185905,2341.304208398666,7392.282828477565,22.756507610926622,-2.5212716280645506,10.252486907813264
42.799999999998214,0.5328732622763792,-0.7653197373470344,11.10259487010156,15125.62662161988,2343.1541408430335,7393.946613709528,18758.514928455093,3076.909735739757,7390.733216840914,5.3635602500067514e-05,1.3855712721107494,13.700741071582339,offense,1.2439301917652565,0.6009877224786292,0.7254409374410544,1.9734833715407196,1,15128.251772298237,2339.3886555953454,7396.248570434872,30.531388943804313,-0.7653197373470344,11.10259487010156,1,15126.595525224486,2347.4903186447236,7391.372106401885,30.531388943804313,-0.7653197373470344,11.10259487010156
42.89999999999821,0.6731380182891928,1.601446211942038,12.536756529305586,15163.940475867257,2349.7114628467484,7393.559187015823,18780.524997024255,3082.23971798025,7390.501811150524,5.311783131791751e-05,1.3887214419572287,13.700749717559955,offense,1.2450568781673415,3.2404876831653935,0.7249920036730151,1.9777822155680806,1,15166.469757642268,2346.3462267312157,7396.499802527806,38.56796747777077,1.601446211942038,12.536756529305586,1,15165.00374861987,2353.7095131387196,7390.517091534676,38.56796747777077,1.601446211942038,12.536756529305586
42.9999999999982,0.7147750667115096,2.8730074026044465,13.32026872398991,15202.23132404869,2356.5185331004523,7393.383267890221,18802.521512700754,3087.566421891032,7390.270096080172,5.2598697421140756e-05,1.3918716599667476,13.700758376596973,offense,1.2452560523482517,4.1184093234725525,0.7245435904674369,1.9820833069233903,1,15204.706319217146,2353.291580286385,7396.518626633953,40.953594623751364,2.8730074026044465,13.32026872398991,1,15203.342791722524,2360.419501795948,7390.234239016618,40.953594623751364,2.8730074026044465,13.32026872398991
43.0999999999982,0.633280753841284,2.573309211317206,12.819608361137915,15240.453214160472,2363.6575159970416,7393.519606897456,18824.504491269236,3092.889851295689,7390.0380711563685,5.2078192750309066e-05,1.3950219002343034,13.700767048700657,offense,1.2445840034756068,2.8526637576169795,0.7240956972516961,1.9863866364207285,1,15242.981872795823,2360.185877911848,7396.334374118967,36.28431444196877,2.573309211317206,12.819608361137915,1,15241.513559261752,2367.7880480447398,7390.658894876099,36.28431444196877,2.573309211317206,12.819608361137915
43.19999999999819,0.5333072352712841,1.6059841953069007,12.164223311477668,15278.59389490817,2371.0733629200863,7393.959382518161,18846.47394854823,3098.210010025984,7389.80573589086,5.155630224578356e-05,1.3981721151202764,13.700775733185589,offense,1.2440170204019176,1.1726208774681395,0.7236483269924995,1.9906921623376947,1,15281.193443587195,2367.337735752023,7396.337771957803,30.556253764835013,1.6059841953069007,12.164223311477668,1,15279.585208175333,2375.4477994440545,7391.459201903861,30.556253764835013,1.6059841953069007,12.164223311477668
43.299999999998185,0.44205464271384204,0.9458728563324499,11.64179808234556,15316.691074369592,2378.6575071316074,7394.570592907691,18868.429900989977,3103.526902067145,7389.573089814699,5.1033039164747865e-05,1.401321992832025,13.700784431445333,offense,1.243792502109748,0.014205612941907473,0.7232015291285196,1.9949994520047039,1,15319.328809361206,2374.7144551794627,7396.536297721925,25.327865341666676,0.9458728563324499,11.64179808234556,1,15317.644217094497,2383.226827258834,7392.430001278986,25.327865341666676,0.9458728563324499,11.64179808234556
43.39999999999818,0.33917854416905685,0.41002750243362396,11.448701756383112,15354.753155301953,2386.3512628583107,7395.3272650068375,18890.37236720233,3108.8405319264225,7389.340132510034,5.050840563785543e-05,1.4044705993013564,13.70079314279947,offense,1.2436654928446529,-0.7514772768895599,0.7227553863629023,1.9993073526938456,1,15357.433614906318,2382.23154948775,7396.814678215662,19.433499082278534,0.41002750243362396,11.448701756383112,1,15355.659068763105,2391.1090273929613,7393.620719539022,19.433499082278534,0.41002750243362396,11.448701756383112
43.499999999998174,0.24879951099791628,-0.3064891045710186,11.106032382887902,15392.79979900052,2394.1014071959357,7396.1208262685095,18912.301368328597,3114.150904725022,7389.106863613513,4.9982437805983134e-05,1.40761686585073,13.70080186726388,offense,1.2432668585518427,-1.579929524795356,0.7223099817538388,2.00361459228433,1,15395.493529841155,2389.8565791876194,7397.16703338855,14.255161925099312,-0.3064891045710186,11.106032382887902,1,15393.68885818799,2398.984297971574,7394.803157328919,14.255161925099312,-0.3064891045710186,11.106032382887902
43.59999999999817,0.0667478506660663,-1.532058039183085,10.744598919601865,15430.823102073657,2401.861698117841,7396.910465239388,18934.216928025617,3119.458026192833,7388.873282806072,4.94551839521567e-05,1.410759771140151,13.700810604161969,offense,1.242681474760504,-2.680680894859854,0.7218653976583246,2.0079199705006,1,15433.510051637604,2397.4879675131583,7397.052178465527,3.8243701347350796,-1.532058039183085,10.744598919601865,1,15431.707476198422,2406.8954659093906,7396.412103695723,3.8243701347350796,-1.532058039183085,10.744598919601865
43.69999999999816,-0.13599401561031965,-2.113840788458417,10.692525067489646,15468.834909045569,2409.6004680645915,7397.576549640254,18956.119072445814,3124.7619026640923,7388.639389814061,4.892672763183512e-05,1.4138983212146368,13.700819354891632,offense,1.2420198943001617,-2.8560680662000837,0.7214217162535993,2.012222334460451,1,15471.472928121475,2405.276792935975,7396.730388463325,-7.79188313350755,-2.113840788458417,10.692525067489646,1,15469.755377967103,2414.6319180776964,7398.0310248652295,-7.79188313350755,-2.113840788458417,10.692525067489646
43.79999999999816,-0.26282189798992295,-1.1395163429620876,10.685595949986633,15506.837076446296,2417.3172592602964,7398.1181074362785,18978.007830217535,3130.062541072597,7388.40518439222,4.839713288086531e-05,1.4170315448711397,13.700828118772497,offense,1.2418706865362925,-1.5837679170672094,0.7209790185999644,2.016520572546542,1,15509.451528235535,2413.12798914618,7396.709577084204,-15.05858551844044,-1.1395163429620876,10.685595949986633,1,15507.78136611853,2422.2467757259806,7399.203226982439,-15.05858551844044,-1.1395163429620876,10.685595949986633
43.89999999999815,-0.3398932500693317,1.215046459640086,9.993411634043213,15544.847237634849,2425.000994406944,7398.634304248515,18999.883232423377,3135.359948946475,7388.170666319133,4.786647678487161e-05,1.420158501654552,13.700836895814568,offense,1.241720568845393,0.777850863730538,0.7205373851561837,2.0208136185207115,1,15547.452991853947,2420.9090465842833,7396.950466974228,-19.474448713957383,1.215046459640086,9.993411634043213,1,15545.815527180272,2429.8107347112614,7400.150257269307,-19.474448713957383,1.215046459640086,9.993411634043213
43.999999999998145,-0.39395195639595854,3.8141249657257243,9.213422117168767,15582.86522149616,2432.5450306711846,7399.377680854243,19021.745312574454,3140.654134401931,7387.935835392685,4.733483413434524e-05,1.4232782846187115,13.700845685325705,offense,1.2410863326471417,3.069980397675982,0.7200968953314777,2.0251004524683927,1,15585.48830127097,2428.53081244001,7397.540616759694,-22.57178443241026,3.8141249657257243,9.213422117168767,1,15583.827008392009,2437.2418353771873,7401.21732525484,-22.57178443241026,3.8141249657257243,9.213422117168767
44.09999999999814,-0.3300642638176169,3.9357187298806675,9.398917818239395,15620.899043292135,2439.951401508009,7400.35346262719,19043.594106571145,3145.9451061337827,7387.700691435743,4.680231023119742e-05,1.4263900210854141,13.70085448871403,offense,1.2415129877881341,2.7831604546355875,0.7196576274724267,2.029380099977636,1,15623.538731045084,2435.8283612764253,7398.803660118588,-18.911289284842013,3.9357187298806675,9.398917818239395,1,15621.844914746212,2444.7533712900454,7401.907719171257,-18.911289284842013,3.9357187298806675,9.398917818239395
44.199999999998134,-0.2365036282659299,3.0337934209386335,9.71752553645352,15658.966165644271,2447.2873410782186,7401.443111830929,19065.42965268102,3151.2328734100843,7387.46523425982,4.626898584481482e-05,1.429492873182348,13.700863305284129,offense,1.2422237087832455,1.584082906501844,0.719219659124384,2.033651626569348,1,15661.60530100003,2443.035879204069,7400.290143268204,-13.550659739168704,3.0337934209386335,9.71752553645352,1,15659.912677736622,2452.2146438782247,7402.536319028165,-13.550659739168704,3.0337934209386335,9.71752553645352
44.29999999999813,-0.23752048409155016,1.8744005064194404,9.895353142859008,15697.059106666575,2454.5571395161433,7402.637098545474,19087.25199151576,3156.5174460665594,7387.229463704816,4.573495229757048e-05,1.4325860438120506,13.70087213503977,offense,1.242557364001338,0.25012723806140114,0.7187830670149983,2.037914143474197,1,15699.687995483158,2450.311095854103,7401.441541432622,-13.608921286350036,1.8744005064194404,9.895353142859008,1,15698.011777279837,2459.4900661891434,7403.699149929085,-13.608921286350036,1.8744005064194404,9.895353142859008
44.39999999999812,-0.2664911470442418,0.6154457614743581,10.323480016234768,15735.165278387023,2461.7634871807086,7403.890322429359,19109.061166001018,3161.7988344992636,7386.993379614035,4.520029528507356e-05,1.4356687689674554,13.700880977282056,offense,1.2426401987954487,-1.0659886538734944,0.7183479266994556,2.0421667972808297,1,15737.794082624456,2457.570374665682,7402.520469985632,-15.268818003235278,0.6154457614743581,10.323480016234768,1,15736.107722350178,2466.676714605014,7405.048465621441,-15.268818003235278,0.6154457614743581,10.323480016234768
44.49999999999812,-0.19158075046333545,0.1332891034165665,10.639944616567945,15773.293983265956,2468.9628954889085,7405.050161799395,19130.857221344526,3167.0770496569116,7386.756981836459,4.466512920253244e-05,1.4387403252265023,13.700889833415031,offense,1.2437509360866932,-1.3667421688671904,0.7179143130974343,2.0464087744942527,1,15775.950539006972,2464.6925440862947,7404.012804342647,-10.976768437498112,0.1332891034165665,10.639944616567945,1,15774.206277632476,2473.954087508249,7405.840744631798,-10.976768437498112,0.1332891034165665,10.639944616567945
44.59999999999811,-0.09167419006616229,-1.12917636066186,10.812467301953353,15811.452433072838,2476.196039206758,7405.962657581279,19152.64020500283,3172.352103032807,7386.520270233563,4.4129542117894965e-05,1.441800021969148,13.700898702737211,offense,1.2442383469400122,-2.285077298157166,0.7174822995710334,2.0506392941023193,1,15814.123205478892,2471.851997564936,7405.358027968063,-5.2525441810712366,-1.12917636066186,10.812467301953353,1,15812.346866712747,2481.2452164345104,7406.236697334869,-5.2525441810712366,-1.12917636066186,10.812467301953353
44.699999999998106,0.0024121674485269064,-2.2657505103627424,11.01014458385334,15849.63066453616,2483.440934817213,7406.598490369821,19174.4101666465,3177.624006656415,7386.28324467136,4.3593630516754565e-05,1.4448472133418602,13.700907585247405,offense,1.2451875461964403,-2.9387037786863774,0.7170519584473891,2.0548576150288653,1,15852.327946912164,2479.0754152882296,7406.408208930462,0.138207014279432,-2.2657505103627424,11.01014458385334,1,15850.493618766108,2488.4985095175166,7406.385070249247,0.138207014279432,-2.2657505103627424,11.01014458385334
44.7999999999981,0.20461934721560046,-2.8421334435952033,11.140532880501906,15887.856495853865,2490.7016875811837,7406.836793382892,19196.167158123913,3182.8927730845817,7386.045905026084,4.3057484795072214e-05,1.4478812907917675,13.700916480248429,offense,1.2470383960067861,-2.753104408970536,0.7166233607108916,2.0590630303366733,1,15890.594454372314,2486.4238143912894,7407.593552342158,11.723825002175879,-2.8421334435952033,11.140532880501906,1,15888.683375576044,2495.6277283365416,7405.645284926521,11.723825002175879,-2.8421334435952033,11.140532880501906
44.899999999998094,0.38529083796594116,-2.3526814217591174,11.17128881522427,15926.13534067029,2497.944802290418,7406.713260629771,19217.911233423914,3188.15841539252,7385.808251192138,4.2521222756017125e-05,1.450901675431869,13.700925389127148,offense,1.2480509245788758,-1.7194004674043781,0.7161965765033947,2.0632548545956975,1,15928.858404885355,2493.8987473796506,7408.3206376669605,22.075538900507294,-2.3526814217591174,11.17128881522427,1,15926.989525335308,2502.597706192369,7404.71572368712,22.075538900507294,-2.3526814217591174,11.17128881522427
44.99999999999809,0.5237623647637382,-0.5761401826149708,12.021161417213303,15964.441615489332,2505.18789698069,7406.444943352488,19239.642448636645,3193.4209471642835,7385.570283078683,4.1984934640430686e-05,1.4539078251688846,13.700934311184339,offense,1.2491224669847165,0.482943561018497,0.7157716742369282,2.0674324337240444,1,15967.123351637114,2501.442754180431,7408.7146342211645,30.00937296875374,-0.5761401826149708,12.021161417213303,1,15965.344745741268,2509.563458227221,7403.913516970802,30.00937296875374,-0.5761401826149708,12.021161417213303
45.09999999999808,0.6661415100662585,1.8224247095837374,13.458272769592128,16002.770056615207,2512.5235596536213,7406.188980944261,19261.360861913578,3198.6803824831454,7385.332000610778,4.144871898977424e-05,1.456899228183784,13.700943246415003,offense,1.2501475811037561,3.120032082284005,0.7153487211160122,2.0715951352450963,1,16005.347608511049,2509.1774139831027,7409.109397930912,38.16709708526806,1.8224247095837374,13.458272769592128,1,16003.774474436052,2516.5616962091995,7403.180011353243,38.16709708526806,1.8224247095837374,13.458272769592128
45.19999999999808,0.7079184879829226,3.11759470263159,14.260183442346191,16041.066236125953,2520.108588218229,7406.155886397046,19283.066533426023,3203.9367359215066,7385.093403740734,4.091266668773797e-05,1.459875408679585,13.700952194117546,offense,1.250227883216976,4.010984426487052,0.7149277828301517,2.075742354317201,1,16043.587317217163,2516.899540235133,7409.2728498510705,40.56074160070415,3.11759470263159,14.260183442346191,1,16042.119831922093,2524.0517238116927,7403.039651876038,40.56074160070415,3.11759470263159,14.260183442346191
45.29999999999807,0.6259145807849107,2.818692047868633,13.777901346313143,16079.281316050188,2528.0252994519465,7406.447570653966,19304.759525323087,3209.190022530736,7384.854492444706,4.037689553525566e-05,1.4628359154103334,13.700961155676945,offense,1.2494351628707172,2.756761418203449,0.7145089240789556,2.0798735013952254,1,16081.862125412972,2524.574435878467,7409.240465859698,35.86226381467559,2.818692047868633,13.777901346313143,1,16080.277832542708,2532.196544994062,7403.623218426018,35.86226381467559,2.818692047868633,13.777901346313143
45.399999999998066,0.5260598065813733,1.8548046890035863,13.147653831551647,16117.407195643931,2536.2137296041246,7407.0480311171295,19326.43990168785,3214.440257830532,7384.615266724965,3.984149580739191e-05,1.465780320372689,13.700970130389983,offense,1.2488635194048794,1.1132375050633248,0.714092207685116,2.0839880011687617,1,16120.065177195034,2532.504816498601,7409.40353481054,30.141006688581097,1.8548046890035863,13.147653831551647,1,16118.328724759722,2540.6246918427923,7404.5856143738065,30.141006688581097,1.8548046890035863,13.147653831551647
45.49999999999806,0.4354193055849091,1.199388330678944,12.64217907957035,16155.486355457952,2544.564454345553,7407.81997914159,19348.107728493436,3219.6874577983576,7384.375726622388,3.9306564534284126e-05,1.4687082293999891,13.700979118248458,offense,1.2486291772112637,-0.01754693716723322,0.7136776951463558,2.0880853022486767,1,16158.187413143396,2540.6538425240565,7409.764382022032,24.947688528532368,1.199388330678944,12.64217907957035,1,16156.365087520766,2549.1656210540286,7405.716079219399,24.947688528532368,1.199388330678944,12.64217907957035
45.599999999998055,0.33334338070218056,0.6656901779026844,12.462007370668454,16193.527896627967,2553.0200333467196,7408.73827526097,19369.763073557653,3224.931638858377,7384.135872215322,3.877219134723263e-05,1.471619264011586,13.70098811855485,offense,1.248479746166858,-0.7641192149725302,0.7132654462838622,2.092164861270155,1,16196.276436821887,2548.938673089377,7410.207058857077,19.099168842857598,0.6656901779026844,12.462007370668454,1,16194.354500956279,2557.804371413369,7407.066110631388,19.099168842857598,0.6656901779026844,12.462007370668454
45.69999999999805,0.2437064151556776,-0.05311357757836718,12.128357263068294,16231.552548552303,2561.528851277381,7409.694320724973,19391.40600649606,3230.1728178700973,7383.89570362072,3.8238492391694294e-05,1.4745130663998902,13.700997132676957,offense,1.2480559090863548,-1.5828806341953936,0.712855519822749,2.096226144354361,1,16234.318141575854,2557.3265813956727,7410.724720195749,13.963349028683407,-0.05311357757836718,12.128357263068294,1,16232.358659703723,2566.434506730141,7408.408229985422,13.963349028683407,-0.05311357757836718,12.128357263068294
45.79999999999804,0.14170658394455313,-1.3104394726113606,11.937504527326043,16269.553111721143,2570.045914927868,7410.644502794374,19413.036598675826,3235.4110121172566,7383.655220998684,3.770555593166148e-05,1.4773892976462046,13.701006159915684,offense,1.2474603436274851,-2.7143262110170947,0.7124479724963699,2.1002686302697877,1,16272.332275168746,2565.7577870631,7411.15195717351,8.119189189239208,-1.3104394726113606,11.937504527326043,1,16270.336133760818,2575.0496164188608,7409.796476925417,8.119189189239208,-1.3104394726113606,11.937504527326043
45.89999999999804,0.05226338237932378,-1.857435594305409,11.777014252393892,16307.543011573676,2578.553382097091,7411.468879145739,19434.65492316731,3240.6462392960316,7383.414424566087,3.717347651158422e-05,1.480247632688221,13.70101520025985,offense,1.2468081664238437,-3.0583722632919006,0.712042859586187,2.1042918019972974,1,16310.307344729317,2574.2262659735597,7411.530752064675,2.994471233413647,-1.857435594305409,11.777014252393892,1,16308.334715304223,2583.608029935177,7411.029515474086,2.994471233413647,-1.857435594305409,11.777014252393892
45.99999999999803,-0.12744807524789012,-0.8596870521810102,11.670590167077213,16345.504530318161,2587.0335079189704,7412.23824986794,19456.26105469607,3245.8785175034677,7383.173314584089,3.664234929759552e-05,1.4830877707888193,13.701024253697572,offense,1.2455314431651245,-1.8542335593273738,0.7116402347903475,2.1082951599685336,1,16348.235593981248,2582.75292049912,7411.4719845032105,-7.3022368187698365,-0.8596870521810102,11.670590167077213,1,16346.327340612748,2592.0819094991875,7412.692039140605,-7.3022368187698365,-0.8596870521810102,11.670590167077213
46.099999999998026,-0.2486545149815049,0.5774330990138211,11.640237343936962,16383.444385317473,2595.4778105927244,7413.011787082735,19477.855069539917,3251.1078652125257,7382.931891364941,3.611225960030119e-05,1.4859094462329143,13.701033319517954,offense,1.2449592494239998,-0.3053779917424917,0.7112401476368969,2.1122782395701014,1,16386.172002776053,2591.3223073706704,7411.722913166809,-14.246854265312729,0.5774330990138211,11.640237343936962,1,16384.27130308017,2600.4308865273088,7414.085353941377,-14.246854265312729,0.5774330990138211,11.640237343936962
46.19999999999802,-0.3287519889183361,0.7715891101837021,11.557434496096077,16421.38722096776,2603.8877120752923,7413.794869332871,19499.437045503324,3256.3343012658743,7382.69015528108,3.558331877351431e-05,1.4887123989203048,13.701042399103303,offense,1.2449212947984047,-0.1259438665341211,0.7108426483454563,2.1162405690504134,1,16424.093996790372,2599.847120592186,7412.14675370805,-18.83610147155227,0.7715891101837021,11.557434496096077,1,16422.232746793845,2608.740417944807,7415.245948869423,-18.83610147155227,0.7715891101837021,11.557434496096077
46.299999999998015,-0.41851620182174926,2.0425253186635604,11.182529925484822,16459.334958516276,2612.196243316737,7414.6994701195035,19521.00706189016,3261.557844869314,7382.448106769658,3.50556090270715e-05,1.4914963588722205,13.701051491740902,offense,1.2444706477772887,1.038334445519785,0.7104477853625677,2.12018166063916,1,16462.03193101585,2608.312655235159,7412.696127176025,-23.979212022231607,2.0425253186635604,11.182529925484822,1,16460.19442337775,2616.8906084119967,7416.595137944914,-23.979212022231607,2.0425253186635604,11.182529925484822
46.39999999999801,-0.4022931895314415,1.5567962814944762,11.626392735035461,16497.289671937426,2620.4278233416285,7415.668184835398,19542.56519945508,3266.7785155799884,7382.205746317793,3.4529219367156196e-05,1.4942610683537587,13.701060597415292,offense,1.2444810469318572,0.4216907447027324,0.7100556056069903,2.1241010336087767,1,16500.00472065158,2616.52909684316,7413.719405173685,-23.04970188700811,1.5567962814944762,11.626392735035461,1,16498.12447476135,2625.1608640269274,7417.476700833799,-23.04970188700811,1.5567962814944762,11.626392735035461
46.499999999998,-0.2626507386324061,-0.28914115720997685,12.567748850241058,16535.268834260572,2628.6800455849284,7416.498928889475,19564.11154035293,3271.9963332941356,7381.963074488676,3.400423948036197e-05,1.4970062778285929,13.701069716110137,offense,1.2459227058848392,-1.325308589431855,0.7096661543253466,2.127998212558901,1,16538.03973318135,2624.583181630412,7415.117941956514,-15.048778809630555,-0.28914115720997685,12.567748850241058,1,16536.034747738253,2633.6345546822467,7417.610466630309,-15.048778809630555,-0.28914115720997685,12.567748850241058
46.599999999998,-0.08695395169690119,-1.661807358675084,12.886007542087308,16573.278969246203,2636.9970238442575,7417.045752818004,19585.646168087824,3277.2113182347475,7381.720091909087,3.348074839070907e-05,1.4997317412796978,13.701078847111924,offense,1.2467660566188632,-2.285498547479861,0.7092794749441622,2.131872722743459,1,16576.10083798221,2632.7487699591056,7416.446840667477,-4.9820944442168615,-1.661807358675084,12.886007542087308,1,16573.991579388883,2642.077035948646,7417.2801964227665,-4.9820944442168615,-1.661807358675084,12.886007542087308
46.69999999999799,0.09282117989922584,-2.4062998414776096,13.028322936680363,16611.317735722245,2645.342506912268,7417.291370371431,19607.16916746263,3282.423490939353,7381.4767992637135,3.2958851926848306e-05,1.5024372249228028,13.701087991794433,offense,1.2483630106935955,-2.445871676000636,0.7088956096636864,2.1357240987935038,1,16614.182362105825,2641.0873683038717,7417.530140356625,5.318261857650192,-2.4062998414776096,13.028322936680363,1,16611.991127334815,2650.3915681159615,7416.64112065211,5.318261857650192,-2.4062998414776096,13.028322936680363
46.799999999997986,0.2706808009436088,-2.906651715358677,12.835896999792604,16649.404253541496,2653.6931165514306,7417.183235790432,19628.68062452771,3287.6328722476155,7381.233197316725,3.243862694923196e-05,1.5051225006179119,13.701097149441887,offense,1.2493615451694757,-2.3113092841042264,0.7085145985174074,2.139551880700855,1,16652.26901263178,2649.5664375269494,7418.247649048306,15.508867489289536,-2.906651715358677,12.835896999792604,1,16650.087024142587,2658.556809627415,7415.684031345099,15.508867489289536,-2.906651715358677,12.835896999792604
46.89999999999798,0.3262078591620506,-3.5382739006659887,12.43049880971854,16687.513910450147,2662.0181634118503,7416.801316722939,19650.180626528774,3292.83948328866,7380.989286893607,3.19201566333139e-05,1.5077873388059655,13.7011063200334,offense,1.2496072354716832,-2.6730641416811185,0.7081364800127617,2.1433556075177482,1,16690.360843999082,2657.947016297085,7418.101328468228,18.690333573983462,-3.5382739006659887,12.43049880971854,1,16688.21796262156,2666.786709321154,7415.030842082964,18.690333573983462,-3.5382739006659887,12.43049880971854
46.999999999997975,0.23914276549346222,-3.912106360585268,12.089810438784692,16725.602648902095,2670.326712731241,7416.260394704103,19671.669261856176,3298.0433454688246,7380.745068889109,3.1403523838876624e-05,1.5104315159388775,13.701115503547022,offense,1.247791672285748,-3.018058100338432,0.7077612909669831,2.147134823828669,1,16728.428733933208,2666.131379042073,7417.144543239961,13.701871163862164,-3.912106360585268,12.089810438784692,1,16726.323584163303,2675.218818808009,7414.8758910086235,13.701871163862164,-3.912106360585268,12.089810438784692
47.09999999999797,0.049275987927322525,-4.21576688236614,11.864376506867202,16763.64404255515,2678.6208190926495,7415.610332507265,19693.146619993604,3303.2444804592674,7380.500544264973,3.088881020310256e-05,1.5130548221904205,13.701124699959434,offense,1.2470274382777025,-3.1748755421086914,0.7073890665054506,2.150889089781868,1,16766.414989061963,2674.297579623776,7415.582837941321,2.823306139573178,-4.21576688236614,11.864376506867202,1,16764.409647050055,2683.6739444306127,7415.111259289977,2.823306139573178,-4.21576688236614,11.864376506867202
47.199999999997964,-0.15401595670295562,-2.8309679907575704,11.781885686399898,16801.66277830832,2686.9004267607424,7414.852999902696,19714.612791466716,3308.4429101834608,7380.255714059016,3.0376086324620143e-05,1.515657046506434,13.70113390855422,offense,1.2460753083930403,-1.5935471975651228,0.707019839931374,2.1546179668072916,1,16804.36486902105,2682.639141356162,7413.899347722454,-8.824464296748978,-2.8309679907575704,11.781885686399898,1,16802.499085191685,2691.9404989362565,7415.370265078832,-8.824464296748978,-2.8309679907575704,11.781885686399898
47.29999999999796,-0.278311960037745,-1.110593002678126,11.6406819785309,16839.664747206305,2695.152947585302,7414.112272552729,19736.067867792226,3313.6386568048974,7380.010579368103,2.9865449497646108e-05,1.5182379860550075,13.701143130688827,offense,1.2456799287769866,0.15415634475086423,0.7066536432909153,2.158321025524297,1,16842.34361015421,2691.0290684381553,7412.633552130856,-15.946100698176416,-1.110593002678126,11.6406819785309,1,16840.531189241145,2700.0801276588663,7415.270493051139,-15.946100698176416,-1.110593002678126,11.6406819785309
47.39999999999795,-0.35797606397278703,-0.7388576884592264,11.485255301701015,16877.677607829875,2703.3671089647482,7413.421127860567,19757.51194142657,3318.8317427146667,7379.765141360629,2.9356967835240846e-05,1.5207974360827803,13.701152365644058,offense,1.2457396751687364,0.41924706173479015,0.7062905065000658,2.1619978406436764,1,16880.324322755063,2699.363780307789,7411.594228911757,-20.51051763234586,-0.7388576884592264,11.485255301701015,1,16878.576492383967,2708.1838078896917,7414.957590689556,-20.51051763234586,-0.7388576884592264,11.485255301701015
47.49999999999795,-0.41646576664159535,0.7446034669499522,11.028185228594428,16915.70447415611,2711.467656926382,7412.899112812445,19778.945105714858,3324.0221905190556,7379.519401268578,2.8850715180685574e-05,1.5233351963156945,13.701161613391001,offense,1.2453045053097713,1.6734073602136588,0.7059304579918099,2.1656479933104977,1,16918.346655297268,2707.56386625578,7410.862302262237,-23.861730740243644,0.7446034669499522,11.028185228594428,1,16916.61768540767,2716.171517976485,7414.745470424435,-23.861730740243644,0.7446034669499522,11.028185228594428
47.59999999999794,-0.3540183071315559,0.4821697769653665,11.326398388240735,16953.75196217517,2719.4825063167445,7412.492955035502,19800.36745484173,3329.2100230277188,7379.2733603897905,2.8346765055606255e-05,1.525851078843817,13.701170873899319,offense,1.2457717793823126,1.246625680146022,0.7055735245415232,2.169271082859402,1,16956.426588834824,2715.47242643926,7410.722381228042,-20.283754869004287,0.4821697769653665,11.326398388240735,1,16954.630627675386,2724.296231115729,7414.050292666966,-20.283754869004287,0.4821697769653665,11.326398388240735
47.699999999997935,-0.2625055605366276,-1.5351678094959977,11.988667977710262,16991.82792544943,2727.493814261907,7412.0288708899325,19821.7790837801,3334.395263241193,7379.02702007888,2.784518990662405e-05,1.5283448918476505,13.701180147137187,offense,1.2466944425619741,-0.7536264905104332,0.7052197312261692,2.1728667096406653,1,16994.527541264815,2723.3626369700937,7410.609452476309,-15.040460717464699,-1.5351678094959977,11.988667977710262,1,16992.667043498524,2732.4454158828466,7413.099768778244,-15.040460717464699,-1.5351678094959977,11.988667977710262
47.79999999999793,-0.171085488890787,-3.0475346860931274,12.486162821249449,17029.934531770676,2735.518431291074,7411.416493021927,19843.180088240977,3339.5779343387726,7378.780381761995,2.7346051022537526e-05,1.5308164557029829,13.701189432380342,offense,1.2483155592419266,-1.9976338236541227,0.7048691014027638,2.1764344913548577,1,17032.67774642596,2731.3040576641065,7410.375758527759,-9.802476449374428,-3.0475346860931274,12.486162821249449,1,17030.71732953634,2740.5589475637908,7412.007867152703,-9.802476449374428,-3.0475346860931274,12.486162821249449
47.899999999997924,0.02669341390254384,-3.8297256587335187,12.753317017710005,17068.067902520666,2743.594407425087,7410.488721862024,19864.570564625836,3344.758059666972,7378.533446920923,2.6849435991772226e-05,1.5332656029972667,13.701198730975586,offense,1.2492113673917158,-2.1692664480223254,0.7045216572537459,2.179974062424997,1,17070.89892569307,2739.31195707911,7410.365324813596,1.5294199574115983,-3.8297256587335187,12.753317017710005,1,17068.76375167368,2748.668007145728,7410.109670637307,1.5294199574115983,-3.8297256587335187,12.753317017710005
47.99999999999792,0.29220813433755033,-3.4945999044726177,12.91298421805909,17106.223339367578,2751.691232512762,7409.226773978484,19885.95060997694,3349.935662727528,7378.286217088545,2.6355402684495704e-05,1.5356921619929589,13.701208042195445,offense,1.2505840529858587,-1.1536262035461036,0.7041774188651694,2.1834850611838403,1,17109.104329024376,2747.597545860974,7410.371731704514,16.742292836933423,-3.4945999044726177,12.91298421805909,1,17106.88564384388,2756.520446191719,7407.611426330564,16.742292836933423,-3.4945999044726177,12.91298421805909
48.09999999999791,0.49278946256645617,-2.6509337440694236,13.00701342550586,17144.406074451887,2759.7961786295887,7407.793342495296,19907.320321928113,3355.1107671654095,7378.038693865872,2.5864015323940693e-05,1.5380959694905119,13.701217366001828,offense,1.2511578887565828,0.008349444362496456,0.7038364049505096,2.186967138789893,1,17147.240288753153,2756.0475139427267,7409.8631353255005,28.234756393578007,-2.6509337440694236,13.00701342550586,1,17145.13203303412,2764.2409918162657,7405.326376773518,28.234756393578007,-2.6509337440694236,13.00701342550586
48.19999999999791,0.5494977432364236,-3.453345416858453,12.276424710695938,17182.594384612305,2767.9366988819747,7406.312467268077,19928.67979865874,3360.283396757746,7377.790878894792,2.537533753053217e-05,1.5404768727165652,13.70122670235508,offense,1.251626029629406,-1.005157103932366,0.7034986326298466,2.1904199650197307,1,17185.39536537874,2764.2875513008994,7408.594468292966,31.483901539410454,-3.453345416858453,12.276424710695938,1,17183.3595319373,2772.222886142644,7403.589886077823,31.483901539410454,-3.453345416858453,12.276424710695938
48.2999999999979,0.46815751796293315,-4.059158121890929,11.658796469845498,17220.770999698663,2776.1334840195755,7404.822864630255,19950.029138844682,3365.4535754018953,7377.542773883048,2.4889431101440517e-05,1.542834717430432,13.701236051213987,offense,1.2510159976151847,-1.9558852497669514,0.7031641174374476,2.19384321442072,1,17223.568576378453,2772.277075551199,7406.738844391561,26.823449926596094,-4.059158121890929,11.658796469845498,1,17221.537005084607,2780.605407953859,7402.417780000832,26.823449926596094,-4.059158121890929,11.658796469845498
48.399999999997895,0.28489932430966464,-2.8641663695080313,11.984682706858766,17258.91148518518,2784.3970045858937,7403.388371745194,19971.368441611972,3370.6213271042666,7377.294380576993,2.4406355985996127e-05,1.5451693665907928,13.70124541253575,offense,1.2505116957403808,-0.8807053327281891,0.7028328734512994,2.1972365850227598,1,17261.713565414557,2780.2453135944775,7404.520232293113,16.32352886907268,-2.8641663695080313,11.984682706858766,1,17259.6685943601,2789.2295260709084,7401.825418836715,16.32352886907268,-2.8641663695080313,11.984682706858766
48.49999999999789,0.15776176425977478,-1.347662903388858,12.51125360282064,17297.04360985859,2792.7218339893425,7402.044021147055,19992.697806491982,3375.7866759694407,7377.045700772936,2.3926161272323527e-05,1.5474806921621742,13.701254785585295,offense,1.2509731336638321,0.5902494890870963,0.7025049130588158,2.200599791563356,1,17299.86560867619,2788.4714201073343,7402.626777103776,9.039083260622927,-1.347662903388858,12.51125360282064,1,17297.77714413943,2797.719381570389,7401.118955941782,9.039083260622927,-1.347662903388858,12.51125360282064
48.599999999997884,0.06940157034734681,-1.6754083058593356,12.385187437997885,17335.188645507624,2801.091666923652,7400.766058435491,20014.017333335825,3380.949646179422,7376.796736313743,2.3448922583421175e-05,1.5497685896787168,13.701264171697957,offense,1.2515815954488851,0.13009403939455347,0.7021802460605062,2.2039325826658396,1,17338.00030479103,2796.7973206753663,7400.915932962578,3.976417072483255,-1.6754083058593356,12.385187437997885,1,17335.92721560399,2806.1471600571977,7400.250497198172,3.976417072483255,-1.6754083058593356,12.385187437997885
48.69999999999788,-0.1074221641053803,-2.832988882673508,12.253244334640954,17373.343199813815,2809.468237681146,7399.585255240139,20035.32712223529,3386.110261974549,7376.5474890831565,2.2974684760461452e-05,1.5520329860088433,13.701273570135283,offense,1.2514942751144578,-1.0971132372023658,0.7018588793334449,2.207234748425831,1,17376.098354139758,2805.1972823902356,7398.852203029658,-6.154836629400016,-2.832988882673508,12.253244334640954,1,17374.122374128678,2814.5353064331025,7399.880215661223,-6.154836629400016,-2.832988882673508,12.253244334640954
48.79999999999787,-0.285445592046577,-3.807072612074256,12.389420973211479,17411.497063876643,2817.827096567495,7398.3964742943235,20056.627273538023,3391.2685476571087,7376.2979610057955,2.2503497877928105e-05,1.5542737865696499,13.7012829808479,offense,1.251281787783934,-1.9044666517695978,0.7015408209604874,2.210506056664796,1,17414.15535231561,2813.7329322875225,7396.802541603197,-16.35482770488192,-3.807072612074256,12.389420973211479,1,17412.35427442338,2822.7684707138633,7399.499792754319,-16.35482770488192,-3.807072612074256,12.389420973211479
48.89999999999787,-0.429083042917037,-3.009344590582433,12.108058201254304,17449.648182398505,2826.1645849973997,7397.145064845926,20077.917887816526,3396.424527583854,7376.0481540437495,2.2035411602391806e-05,1.5564908966437478,13.70129240378536,offense,1.251103700419294,-0.9540302232219869,0.701226077622785,2.2137462791854063,1,17452.22087850218,2822.307637255569,7394.937240379413,-24.584647419776992,-3.009344590582433,12.108058201254304,1,17450.59477655268,2830.8871516993077,7398.925689245767,-24.584647419776992,-3.009344590582433,12.108058201254304
48.99999999999786,-0.49327345786249416,-1.7402778888563817,11.69725449750518,17487.8094630133,2834.4430183885697,7395.9129066184405,20099.199065826633,3401.578226155974,7375.798070197714,2.1570474798606585e-05,1.5586842378894235,13.701301838895713,offense,1.2511014718084503,0.3430557065085746,0.7009146546576589,2.2169552125670724,1,17490.36451015252,2830.7174348665526,7393.47137809376,-28.26248728134517,-1.7402778888563817,11.69725449750518,1,17488.78540804251,2839.0253827791867,7398.014993175071,-28.26248728134517,-1.7402778888563817,11.69725449750518
49.099999999997856,-0.42794995772064354,-1.610836688909082,11.851406635922375,17525.998745508336,2842.6905581889455,7394.657321700436,20120.47090846656,3406.729667809138,7375.54771150699,2.110873469742016e-05,1.560853724865135,13.701311286125685,offense,1.2523803178903772,0.4184177564309677,0.7006065560528815,2.2201326529046153,1,17528.607003440862,2838.8307724086826,7392.496686541996,-24.519726420194893,-1.610836688909082,11.851406635922375,1,17526.92281963116,2847.4018466582297,7396.47917459645,-24.519726420194893,-1.610836688909082,11.851406635922375
49.19999999999785,-0.2636262232596439,-0.3845875760221702,11.556348213039884,17564.233744489746,2850.9214504489923,7393.364207206599,20141.733516735585,3411.878877003491,7375.297080041537,2.065023670873998e-05,1.5629992930155077,13.701320745420604,offense,1.2538792813454582,1.6529785177707852,0.7003017844188064,2.223278422801712,1,17566.92934212827,2846.777160456007,7391.975713841395,-15.104669961751172,-0.3845875760221702,11.556348213039884,1,17565.08905348571,2855.8609715239145,7394.477256204543,-15.104669961751172,-0.3845875760221702,11.556348213039884
49.299999999997844,-0.0937744092293656,-1.0070847412596133,11.62055891190072,17602.51044076298,2859.1363358519798,7392.047386275736,20162.986991693535,3417.025878213878,7375.0461779042425,2.019501514816871e-05,1.56512089762285,13.701330216034394,offense,1.2545470075406462,0.9943293582702325,0.7000003409511433,2.2263923717791134,1,17605.243056085103,2854.8317970267867,7391.436600712955,-5.372877875175283,-1.0070847412596133,11.62055891190072,1,17603.333305379696,2864.1968946105176,7392.335377376198,-5.372877875175283,-1.0070847412596133,11.62055891190072
49.39999999999784,-0.026947177654316007,-2.935356883014905,11.649732658972734,17640.813053141,2867.3367426336063,7390.709794870538,20184.231434422567,3422.170695920595,7374.795007227516,1.9744022229710453e-05,1.5672184889596465,13.701339701728623,offense,1.2550991694326414,-0.9604269658719569,0.6997022260162249,2.2294743505515884,1,17643.54841459092,2863.0051041225406,7390.357650656135,-1.5439595493815488,-2.935356883014905,11.649732658972734,1,17641.62358146866,2872.4066086341536,7390.615972876553,-1.5439595493815488,-2.935356883014905,11.649732658972734
49.49999999999783,0.005727983010604977,-1.9212233035053994,11.748499843934805,17679.116144323772,2875.514456261421,7389.398390794266,20205.466945989112,3427.3133546003696,7374.543570166478,1.9307619048561388e-05,1.5692920312368077,13.701349212429058,offense,1.254770072533765,-0.03267454681607208,0.6994074383038152,2.2325242273210604,1,17681.87114359919,2871.184033756241,7389.234928507854,0.3281892516303042,-1.9212233035053994,11.748499843934805,1,17679.914656056877,2880.582391920206,7389.179971082452,0.3281892516303042,-1.9212233035053994,11.748499843934805
49.59999999999783,0.14166185445242402,0.8665892352713951,12.051814615551244,17717.440078409265,2883.694500214999,7388.1602569981105,20226.69362740627,3432.4538787175065,7374.291868911446,1.8898611038638813e-05,1.5713415059238693,13.701358752944396,offense,1.2560657477839197,2.557759265238087,0.6991159754319397,2.235541892917639,1,17720.207654706835,2879.4076011930847,7388.736727476999,8.116626378120445,0.8665892352713951,12.051814615551244,1,17718.243338177723,2888.706243309228,7387.381472752104,8.116626378120445,0.8665892352713951,12.051814615551244
49.69999999999782,0.2902752322289407,2.5452350188037975,12.363475546528521,17755.80762786693,2891.9130803315597,7387.084509044329,20247.911579597097,3437.592292714748,7374.039905672041,1.851794770441937e-05,1.573366894967311,13.701368323373625,offense,1.2573705159878448,3.8143492330980924,0.6988278338065879,2.2385272449662263,1,17758.52218717286,2887.7616246360462,7388.413374493788,16.631545703898155,2.5452350188037975,12.363475546528521,1,17756.67188548048,2896.7728157064003,7385.668411991178,16.631545703898155,2.5452350188037975,12.363475546528521
49.799999999997816,0.3410698708335651,2.080754390995006,12.124624178453809,17794.18974353521,2900.218762675763,7386.284057895023,20269.120903359468,3442.72862100473,7373.787682684002,1.816088036445596e-05,1.5753681941967774,13.701377922729819,offense,1.2577296795057065,2.781669462638304,0.6985430087461142,2.2414802032577525,1,17796.874570871012,2896.1243551511466,7387.832227523745,19.541864117835413,2.080754390995006,12.124624178453809,1,17795.088337112116,2904.994046956687,7384.623187755635,19.541864117835413,2.080754390995006,12.124624178453809
49.89999999999781,0.2676726368265661,0.5828590666672601,11.526694458265764,17832.555724341528,2908.618630457411,7385.771840218538,20290.32169933229,3447.862887961662,7373.535202201233,1.782278625827552e-05,1.5773454056138998,13.701387549992377,offense,1.2574003767082618,0.8508699034372409,0.6982614944065654,2.244400699008437,1,17835.25939288997,2904.4105692720323,7386.934465454917,15.336512381300292,0.5828590666672601,11.526694458265764,1,17833.434699221427,2913.487144868434,7384.395515187824,15.336512381300292,0.5828590666672601,11.526694458265764
49.999999999997804,0.16215635612956492,-0.8580577958372292,11.242724512911945,17870.897778036375,2917.0650950251797,7385.477683930913,20311.514067960787,3452.995117912963,7373.282466501484,1.750016685631935e-05,1.5792985444522236,13.701397204212121,offense,1.256965549114671,-0.701006713766886,0.6979832838390807,2.2472886823904323,1,17873.61980100744,2912.7550681501075,7386.097005560713,9.290874827444407,-0.8580577958372292,11.242724512911945,1,17871.749918411268,2922.042797987136,7384.547291538421,9.290874827444407,-0.8580577958372292,11.242724512911945
50.0999999999978,0.05486522125115764,-1.6812380053576113,11.101982753102714,17909.23265868024,2925.5169841697884,7385.250653910256,20332.69810946451,3458.125335131521,7373.029477869317,1.7190306096238427e-05,1.5812276374458676,13.701406884485936,offense,1.2565937293649763,-1.4514361151008834,0.6977083690972897,2.250144118958961,1,17911.94592182546,2921.1579580013554,7385.330616199601,3.143545619742807,-1.6812380053576113,11.101982753102714,1,17910.085010278086,2930.5611545683455,7384.804400905818,3.143545619742807,-1.6812380053576113,11.101982753102714
50.19999999999779,-0.12768182234403833,-2.601408060433557,11.03848398383852,17947.55528441164,2933.9378480560813,7385.0428584861165,20353.87392380587,3463.2535638280197,7372.776238618818,1.6891028872172493e-05,1.5831327303410487,13.701416589951853,offense,1.2560446789313702,-2.0780375105768756,0.6974367411381521,2.2529669976457627,1,17950.21519623978,2929.6229324993083,7384.220865296095,-7.315629540852568,-2.601408060433557,11.03848398383852,1,17948.446519319015,2938.979243479917,7385.4420232646235,-7.315629540852568,-2.601408060433557,11.03848398383852
50.29999999999779,-0.32165039303409343,-1.7916079534188982,10.883449937657407,17985.870254790123,2942.3077349744594,7384.822589519433,20375.04161065806,3468.379828143173,7372.52275107202,1.6600585167410747e-05,1.585013863275311,13.701426319098363,offense,1.2553526928548995,-0.9670520082941645,0.6971683897816148,2.255757308812106,1,17988.458327833298,2938.2099535049215,7383.125720357975,-18.429209999577687,-1.7916079534188982,10.883449937657407,1,17986.831870290407,2947.1717154134817,7386.159111093678,-18.429209999577687,-1.7916079534188982,10.883449937657407
50.39999999999778,-0.438283467601771,-0.519520148078519,10.676103837982351,18024.18535616703,2950.592762807488,7384.667705782047,20396.201269376055,3473.5041521406906,7372.269017566851,1.6317612762501885e-05,1.5868710875938539,13.701436072535204,offense,1.2549281523611668,0.36281506679669984,0.6969033043674178,2.2585150542441466,1,18026.749542161804,2946.7094349259046,7382.49652758846,-25.111792923940232,-0.519520148078519,10.676103837982351,1,18025.175476271736,2955.2584325385747,7386.570463816763,-25.111792923940232,-0.519520148078519,10.676103837982351
50.499999999997776,-0.512379333865682,-0.4961546708891993,10.673206352810004,18062.517013128494,2958.789695944578,7384.56862558229,20417.352998967508,3478.6265598002406,7372.015040451462,1.604100946163192e-05,1.5887044753091493,13.701445848834549,offense,1.2548165146698353,0.28675151513973823,0.6966414727498884,2.261240264059539,1,18065.047496172298,2955.0742263164498,7382.086440857602,-29.357173340228112,-0.4961546708891993,10.673206352810004,1,18063.537886290524,2963.3041910735724,7386.792687568237,-29.357173340228112,-0.4961546708891993,10.673206352810004
50.59999999999777,-0.5650970037418916,0.6668236718390198,10.195640327973393,18100.866995226526,2966.821390190277,7384.605542988459,20438.49689806366,3483.747075010385,7371.760822094438,1.5769912300312258e-05,1.5905140922333356,13.70145564730023,offense,1.2543268992534766,1.2960820083646614,0.6963828821491342,2.2639329646859294,1,18103.39406962244,2963.2277998989216,7381.9467267452055,-32.37767332989888,0.6668236718390198,10.195640327973393,1,18101.90006939511,2971.1967359016703,7387.0871569125,-32.37767332989888,0.6668236718390198,10.195640327973393
50.699999999997765,-0.4946424568482677,0.21765578413778358,10.726639637006869,18139.23896362602,2974.740980367344,7384.7085799052775,20459.633064893904,3488.8657215624003,7371.506364859826,1.5503644508246733e-05,1.5923000177511146,13.701465467273053,offense,1.2547596303623687,0.573669788250853,0.6961275188027137,2.266593200622041,1,18141.810903569698,2970.991204941169,7382.322451413482,-28.340925145387683,0.21765578413778358,10.726639637006869,1,18140.221275405136,2979.289671809203,7386.879701674173,-28.340925145387683,0.21765578413778358,10.726639637006869
50.79999999999776,-0.3960345105823147,-1.6599703401033903,11.678872556897987,18177.637352273512,2982.6633262614814,7384.704557570628,20480.761597257522,3493.9825231434547,7371.251671132109,1.5241677241107727e-05,1.5940623386277197,13.701475308128712,offense,1.2555623359182473,-1.3988902912930994,0.6958753681364094,2.2692210277290834,1,18180.24928200652,2978.732347108464,7382.681064064741,-22.69110599789577,-1.6599703401033903,11.678872556897987,1,18178.56146174238,2987.4276428799226,7386.382833128691,-22.69110599789577,-1.6599703401033903,11.678872556897987
50.89999999999775,-0.3011730519055636,-2.9288862433012386,12.328567859414132,18216.05877683757,2990.6131406587165,7384.507615885333,20501.88259250008,3499.0975033308796,7370.996743303719,1.4983599174367715e-05,1.5958011563977308,13.701485169275891,offense,1.2569247944293473,-2.4694511641878973,0.6956264148062423,2.2718165187845396,1,18218.727728470152,2986.5437813119133,7382.868618725625,-17.25594477726327,-2.9288862433012386,12.328567859414132,1,18216.91237642086,2995.531327582764,7385.712649134473,-17.25594477726327,-2.9288862433012386,12.328567859414132
50.99999999999775,-0.11507915408219992,-3.954261742480098,12.748821282846377,18254.50955089741,2998.641914356954,7383.978323495937,20522.996147488673,3504.210685586153,7370.741583772767,1.4729092242407091e-05,1.5975165740571602,13.701495050154307,offense,1.2586550558095215,-2.9380521975702116,0.6953806425900475,2.2743797540888835,1,18257.283650278478,2994.3960985616673,7383.174133930946,-6.593549838845754,-3.954261742480098,12.748821282846377,1,18255.253302226844,3003.7142716192275,7384.273832825453,-6.593549838845754,-3.954261742480098,12.748821282846377
51.09999999999774,0.15229514786933182,-4.605148101397852,12.884301844551489,18292.99360647921,3006.733974049152,7383.015033502293,20544.102358587068,3509.3220932489094,7370.486194941903,1.4477912405137055e-05,1.599208702042808,13.701504950233115,offense,1.2601041319053687,-2.7281388194701384,0.6951380345518053,2.2769108217349796,1,18295.871319939146,3002.505015716455,7383.46667125847,8.725869213233505,-4.605148101397852,12.884301844551489,1,18293.641472442032,3011.7289186983453,7382.014984680629,8.725869213233505,-4.605148101397852,12.884301844551489
51.199999999997736,0.3577589565578197,-4.44524872265139,12.763165880183678,18331.502978674747,3014.8301372747665,7381.709584810603,20565.201321633755,3514.4317495315854,7370.23057921832,1.4229873991118991e-05,1.6008776636821613,13.701514869008916,offense,1.2608463137352948,-1.9560469833806942,0.6948985729776529,2.2794098273588568,1,18334.39386103513,3010.8283109262384,7383.122908925824,20.498078293767236,-4.44524872265139,12.763165880183678,1,18332.153183178863,3019.5407328418532,7379.7713321165065,20.498078293767236,-4.44524872265139,12.763165880183678
51.29999999999773,0.5092038289126776,-2.9124576888025824,13.429572532144753,18370.02816239127,3022.9339368151186,7380.254444486029,20586.293131920065,3519.5396775141257,7369.974739022837,1.3984836904514091e-05,1.602523575649413,13.701524806004334,offense,1.2618240131448741,0.06529938681211087,0.6946622395399468,2.281876868123755,1,18372.894227412206,3019.244280197734,7382.385501815516,29.175230308598067,-2.9124576888025824,13.429572532144753,1,18370.716209977214,3027.3419327316883,7377.711717108,29.175230308598067,-2.9124576888025824,13.429572532144753
51.399999999997725,0.6539693649975254,-0.5350404936368031,14.76653659196155,18408.571745022527,3031.130048262526,7378.793012446565,20607.377884170477,3524.6459001392304,7369.718676775137,1.3742697061738258e-05,1.6041465631658987,13.701534760766364,offense,1.262786646290543,2.72104949816813,0.6944290151730405,2.284312054296495,1,18411.348155952855,3027.840325197502,7381.592756095794,37.46968454520867,-0.5350404936368031,14.76653659196155,1,18409.35341112988,3035.1940618545627,7375.752931589029,37.46968454520867,-0.5350404936368031,14.76653659196155
51.49999999999772,0.6907550141684512,0.8775762736455945,15.586805761185783,18447.085499116063,3039.5754394506766,7377.545779868943,20628.455672521315,3529.750440207153,7369.462394905124,1.3503378302727595e-05,1.605746753527515,13.701544732864834,offense,1.2629212141976214,3.753354944661634,0.6941988801977289,2.2867155005174276,1,18449.81107362921,3036.40884421437,7380.531281197477,39.57734698935164,0.8775762736455945,15.586805761185783,1,18447.913116945027,3043.5612463361344,7374.415653321818,39.57734698935164,0.8775762736455945,15.586805761185783
51.59999999999771,0.602452586094498,0.5980588303164129,15.092376294895136,18485.523108601956,3048.351795251526,7376.62051042884,20649.52659050211,3534.8533203712504,7369.205895839292,1.3266825734778246e-05,1.60732428564591,13.701554721890908,offense,1.2621503998998123,2.4823570289595547,0.6939718142782155,2.2890873378226906,1,18488.30285955331,3044.9288922981777,7379.252243701874,34.51799053995661,0.5980588303164129,15.092376294895136,1,18486.298133616867,3052.580746603429,7373.812556246611,34.51799053995661,0.5980588303164129,15.092376294895136
51.69999999999771,0.4214847967727852,-0.3288323383132447,14.29196584743393,18523.87933387647,3057.3925921067735,7376.001838025442,20670.590731016502,3539.954563133309,7368.9491820120875,1.303300059474883e-05,1.6088793016196543,13.70156472745575,offense,1.2616332038488567,0.7255030797690067,0.6937477965181678,2.2914277030199655,1,18526.747607481306,3053.548591658438,7377.836495236206,24.149299984009815,-0.3288323383132447,14.29196584743393,1,18524.563284880136,3062.031745451899,7373.909048675079,24.149299984009815,-0.3288323383132447,14.29196584743393
51.7999999999977,0.28654579482181847,-1.1855285611579358,14.020209483848634,18562.210333027866,3066.5520294062762,7375.525786709717,20691.648186325547,3545.0541908394994,7368.692255860225,1.2801866633819649e-05,1.610411945610429,13.701574748499308,offense,1.262196925377832,-0.3485533567929817,0.6935268053174698,2.293736740084287,1,18565.12482246304,3062.4962580012525,7376.719842672578,16.417864680511837,-1.1855285611579358,14.020209483848634,1,18562.83945008223,3071.4169059650735,7374.007074162993,16.417864680511837,-1.1855285611579358,14.020209483848634
51.899999999997696,0.18653917116865662,-1.7734230202772359,13.723844156530005,18600.554064455835,3075.7634763314154,7375.036774709353,20712.69904803113,3550.1522256763537,7368.435119818148,1.2573426426010676e-05,1.611922360117591,13.701584786049018,offense,1.2628384964500565,-1.0177152592871472,0.6933088189805677,2.296014593223015,1,18603.46890800713,3071.5951583227493,7375.742545245794,10.687907221832473,-1.7734230202772359,13.723844156530005,1,18601.177365679614,3080.7462246576288,7373.962989487789,10.687907221832473,-1.7734230202772359,13.723844156530005
51.99999999999769,-0.0016214186739805197,-1.6878461562165994,13.563217215958058,18638.89568592581,3084.9953865077273,7374.574876450753,20733.743407060938,3555.2486896671476,7368.177776324845,1.2347659668680016e-05,1.6134107042919643,13.701594839078794,offense,1.2624932558912774,-1.066423829930794,0.6930938149136108,2.2982614264587338,1,18641.7858524953,3080.7551471023785,7374.383546928895,-0.09290044684278218,-1.6878461562165994,13.563217215958058,1,18639.53492753041,3090.0875152222266,7374.399105787902,-0.09290044684278218,-1.6878461562165994,13.563217215958058
52.099999999997685,-0.20121059693311905,0.22712827152310755,13.346204644273307,18677.224995680986,3094.222744876993,7374.225694788167,20754.781353653016,3560.3436046681363,7367.920227810217,1.212455865194388e-05,1.6148771381749585,13.701604907267688,offense,1.2619169388687244,0.6109463962611615,0.692881770107018,2.3004774096802247,1,18680.079674918838,3090.092990643462,7373.146233617204,-11.528517997575667,0.22712827152310755,13.346204644273307,1,18677.900971154246,3099.2435221652195,7375.064832787296,-11.528517997575667,0.22712827152310755,13.346204644273307
52.19999999999768,-0.3253918591484813,2.360907821077102,12.967716200044244,18715.551684232527,3103.3893502764504,7374.124440745354,20775.81297734039,3565.436992364899,7367.662476707572,1.1904119590360904e-05,1.616321815043718,13.701614990309336,offense,1.2613871320998247,2.3731159567168514,0.6926726611407698,2.3026627080791675,1,18718.401588064316,3099.4211068127192,7372.543177970826,-18.643580217123322,2.360907821077102,12.967716200044244,1,18716.237175302474,3108.2569980737885,7375.609501994627,-18.643580217123322,2.360907821077102,12.967716200044244
52.299999999997674,-0.3182008162225064,2.1028765666774487,13.212238242858069,18753.904320472022,3112.48844016995,7374.214635914451,20796.838366939224,3570.528874269329,7367.404525453628,1.1686340857175745e-05,1.6177448965497963,13.701625087910774,offense,1.2627086171028543,1.8817479712577279,0.6924664641884327,2.3048174990588803,1,18756.765720943968,3108.519000136597,7372.657319902601,-18.231563807167554,2.1028765666774487,13.212238242858069,1,18754.574413055198,3117.370535097146,7375.658735998178,-18.231563807167554,2.1028765666774487,13.212238242858069
52.39999999999767,-0.2817303812765883,1.5579674249399496,13.305637582903868,18792.304114326886,3121.564807813441,7374.370189694059,20817.85761053563,3575.6192717165604,7367.146376466931,1.1471221587454956e-05,1.619146548828098,13.701635199791582,offense,1.2635316415184148,1.2153978489953652,0.6922631549646215,2.3069419671629814,1,18795.166044935853,3117.5408279947214,7372.9608495619395,-16.14196180776002,1.5579674249399496,13.305637582903868,1,18792.97313491402,3126.498114631769,7375.628837893608,-16.14196180776002,1.5579674249399496,13.305637582903868
52.49999999999766,-0.25376730514841295,2.0343708313672866,13.251592904292623,18830.745017132907,3130.592165882558,7374.62803562649,20838.87079547326,3580.7082058619258,7366.888032169435,1.1258760998208337e-05,1.6205269491708723,13.701645325683018,offense,1.2649564274564609,1.5851926475053661,0.6920627088516839,2.3090363105737066,1,18833.61899843219,3126.5291386029025,7373.362594669296,-14.539795563412548,2.0343708313672866,13.251592904292623,1,18831.40561372786,3135.5546387062013,7375.771178493038,-14.539795563412548,2.0343708313672866,13.251592904292623
52.59999999999766,-0.2088181308756389,0.6948613366217763,13.459452098098875,18869.23412463986,3139.6176297658235,7374.895958203572,20859.87800834334,3585.795697678542,7366.629494979689,1.104895782015915e-05,1.621886273239254,13.701655465327306,offense,1.2662772114649914,0.2706246339827443,0.691865100882119,2.311100729217001,1,18872.103935447256,3135.503834740261,7373.795878016763,-11.964397584984575,0.6948613366217763,13.459452098098875,1,18869.89453499409,3144.6317351895214,7375.78584862608,-11.964397584984575,0.6948613366217763,13.459452098098875
52.69999999999765,-0.17769736570264794,-0.38873594370810893,13.77682662650704,18907.75917902756,3148.638442397156,7375.119878860743,20880.87933492686,3590.881767943286,7366.370767303751,1.0841809925696221e-05,1.6232247094730579,13.701665618476962,offense,1.2673303936122475,-0.7038926048449793,0.6916703040263485,2.31313544469462,1,18910.63994732195,3144.504091298692,7374.1311346932935,-10.181309085354473,-0.38873594370810893,13.77682662650704,1,18908.400978137444,3153.683828439967,7375.828026854849,-10.181309085354473,-0.38873594370810893,13.77682662650704
52.799999999997645,-0.1315320999176163,-0.8347854488886673,13.73504351367882,18946.319418869083,3157.6886611381174,7375.208058970696,20901.87486016784,3595.9664372303455,7366.111851537457,1.0637313584283037e-05,1.6245424715656076,13.701675784894068,offense,1.2685126230231552,-0.9152706530453231,0.6914782906057602,2.315140705702055,1,18949.20223571479,3153.5122175541915,7374.423211199217,-7.536234195772457,-0.8347854488886673,13.73504351367882,1,18946.960393295547,3162.7614997374008,7375.682147918301,-7.536234195772457,-0.8347854488886673,13.73504351367882
52.89999999999764,-0.1010658173008209,-2.179893517357532,13.993992324784045,18984.907750991566,3166.7536134700918,7375.135063587499,20922.86466822412,3601.0497259235253,7365.85275007892,1.0435463518855306e-05,1.6258397572454748,13.701685964349767,offense,1.2696979880347001,-1.940816293543788,0.6912890346862425,2.3171167410199494,1,18987.801451447333,3162.566715648739,7374.4526529297145,-5.790644784377295,-2.179893517357532,13.993992324784045,1,18985.527572601528,3171.8431741977074,7375.420532975937,-5.790644784377295,-2.179893517357532,13.993992324784045
52.999999999997634,-0.054829736160119366,-2.990113587248676,13.954775446062742,19023.516745408946,3175.858740318157,7374.788643145815,20943.848842464322,3606.1316542154696,7365.593465309215,1.0236253466045932e-05,1.627116742108016,13.701696156623889,offense,1.2701306022727479,-2.3400181116716583,0.691102510222005,2.319063759088345,1,19026.4148289046,3171.6476844877593,7374.301384646144,-3.141512473790676,-2.990113587248676,13.954775446062742,1,19024.129844290692,3180.9569710006836,7374.826770156503,-3.141512473790676,-2.990113587248676,13.954775446062742
53.09999999999763,-0.13220724045756455,-2.599151650906014,13.734424257015508,19062.119427425525,3184.9692215217447,7374.259523805223,20964.8274654616,3611.212242106203,7365.333999600336,1.0039676345993065e-05,1.6283736032228362,13.701706361504348,offense,1.2695170244878051,-1.835034234504809,0.6909186908408794,2.3209819725984073,1,19064.977629459758,3180.7872699175573,7373.41616035347,-7.574916899289675,-2.599151650906014,13.734424257015508,1,19062.774017175907,3190.045018434082,7374.680353893739,-7.574916899289675,-2.599151650906014,13.734424257015508
53.19999999999762,-0.27960291165681267,-0.6073958870318922,13.283225740544362,19100.708155132532,3194.055958304229,7373.744626107457,20985.80061898458,3616.291509400896,7365.074355323142,9.845723959697253e-06,1.6296105306600042,13.701716578786437,offense,1.2691640519677088,0.05490587381010917,0.6907375499144527,2.322871609284828,1,19103.51620552863,3190.015331422819,7372.275787321817,-16.020066777504574,-0.6073958870318922,13.283225740544362,1,19101.423457096265,3199.002106990277,7374.924988880585,-16.020066777504574,-0.6073958870318922,13.283225740544362
53.29999999999762,-0.3461843455495822,1.658896497335936,12.719988562305248,19139.321040866023,3203.0852292196973,7373.386514563206,21006.768383991788,3621.369475708536,7364.814534829187,9.654386682415469e-06,1.6308277175875812,13.701726808272301,offense,1.2700106204041315,2.092856533369097,0.6905590607120844,2.3247329026223755,1,19142.129557033204,3199.1355672080317,7371.6889554531035,-19.834901933489565,1.658896497335936,12.719988562305248,1,19140.049184349802,3207.9236489599307,7374.944975818533,-19.834901933489565,1.658896497335936,12.719988562305248
53.39999999999761,-0.28411959298364703,1.508251597634829,12.919302691911568,19177.97544209409,3212.0629397493717,7373.156547855431,21027.73084062716,3626.4461604408043,7364.554540463216,9.465653472215874e-06,1.6320253459651213,13.70173704977065,offense,1.2710236700877966,1.818267595173196,0.6903831962908891,2.326566077855968,1,19180.808480093317,3208.0229559930417,7371.734673408258,-16.278853554937733,1.508251597634829,12.919302691911568,1,19178.679139804168,3216.9889722971798,7374.424740613166,-16.278853554937733,1.508251597634829,12.919302691911568
53.499999999997605,-0.19486872113953144,-0.00935690576892679,13.253717629462566,19216.677934417985,3221.0421482134584,7372.91454968614,21048.688068214324,3631.5215828107357,7364.294374563155,9.279512054521118e-06,1.633203601227725,13.701747303096356,offense,1.272738867699127,0.3467823692299161,0.6902099295645443,2.3283713651362756,1,19219.523154962397,3216.9001509587547,7371.857251811515,-11.165155280406918,-0.00935690576892679,13.253717629462566,1,19217.364177180076,3226.0676600428533,7373.716174114466,-11.165155280406918,-0.00935690576892679,13.253717629462566
53.5999999999976,-0.10700866606986233,-1.7159249219980337,13.657496660603796,19255.434232982356,3230.032813439585,7372.57749126953,21069.640145251014,3636.5957618313464,7364.034039444226,9.095949074776429e-06,1.6343626814961254,13.701757568069997,offense,1.2748324442002237,-1.1085437652822472,0.6900392332023941,2.3301490098048863,1,19258.30690260805,3225.833709469944,7371.88136263646,-6.131144937127885,-1.7159249219980337,13.657496660603796,1,19256.08297575648,3235.116155438416,7372.906226628055,-6.131144937127885,-1.7159249219980337,13.657496660603796
53.699999999997594,-0.006410443603505366,-2.7296939521560235,13.664183988735891,19294.232017900464,3239.064904889483,7371.989276836226,21090.587149404375,3641.6687163144807,7363.773537418244,8.914949813832436e-06,1.6355027787083212,13.70176784451748,offense,1.2757600283063617,-1.7121187997938054,0.6898710798357621,2.331899253754192,1,19297.12474761716,3234.8293084836578,7371.742016097126,-0.3672913632874924,-2.7296939521560235,13.664183988735891,1,19294.85982658189,3244.1581001600707,7371.803486106676,-0.3672913632874924,-2.7296939521560235,13.664183988735891
53.79999999999759,-0.02526844940591124,-2.453732886051621,13.48387792434615,19333.04588383594,3248.105842558736,7371.221256058878,21111.529157509212,3646.7404648703996,7363.512870787937,8.736498359378007e-06,1.636624086416402,13.70177813226987,offense,1.2761758423848413,-1.320370597166664,0.6897054420024896,2.3336223407884096,1,19335.921735561475,3243.864311389927,7370.8923332765,-1.4477755057985664,-2.453732886051621,13.48387792434615,1,19333.69409940343,3253.1991340366912,7371.134662186937,-1.4477755057985664,-2.453732886051621,13.48387792434615
53.89999999999758,-0.07243576048418679,-1.5069279374582094,13.509403402210792,19371.861197441678,3257.143280064463,7370.431189248017,21132.466245564723,3651.811025907041,7363.252041823107,8.560577851428812e-06,1.6377268032537766,13.701788431162958,offense,1.2760039109757364,-0.3514504545826646,0.6895422921152548,2.3353185232440126,1,19374.73419620296,3252.91955871536,7369.9064454221425,-4.150263361564408,-1.5069279374582094,13.509403402210792,1,19372.515235105413,3262.2337324675864,7370.600980490295,-4.150263361564408,-1.5069279374582094,13.509403402210792
53.99999999999758,-0.10665819830015355,-2.5889567769014397,13.46745568884129,19410.679788708192,3266.193531855084,7369.575323444277,21153.398488731415,3656.8804176291687,7362.991052794692,8.387170443816182e-06,1.6388111142232327,13.701798741037113,offense,1.2765100849191284,-1.3229463530599501,0.689381602525081,2.3369880418104816,1,19413.528122147898,3261.982202968985,7368.853516247467,-6.111064613068209,-2.5889567769014397,13.46745568884129,1,19411.349948040737,3271.2759238935573,7369.874451571113,-6.111064613068209,-2.5889567769014397,13.46745568884129
54.09999999999757,-0.2600759272430727,-3.5980585950591215,13.437189200938466,19449.497850929754,3275.229691930783,7368.667426142836,21174.325961329567,3661.948658038075,7362.72990595319,8.21625749546421e-06,1.6398772177640606,13.70180906173703,offense,1.2757897946680512,-2.2533925986364594,0.6892233455343472,2.3386311506721076,1,19452.25166983778,3271.152872234958,7367.195922629579,-14.901252983979534,-3.5980585950591215,13.437189200938466,1,19450.246536130315,3280.212070397325,7369.659734203168,-14.901252983979534,-3.5980585950591215,13.437189200938466
54.199999999997566,-0.42759211405031533,-3.2598307659447046,13.320028360327207,19488.300665538914,3284.241295867428,7367.701313466517,21195.248736838217,3667.015764931304,7362.468603541151,8.047819468049073e-06,1.6409253209591927,13.701819393111258,offense,1.2754333902397226,-1.722069922617195,0.6890674934319555,2.3402481153332104,1,19490.94603838132,3280.434419437024,7365.492468888847,-24.49922348815962,-3.2598307659447046,13.320028360327207,1,19489.153707936646,3288.9872516407213,7369.46696418668,-24.49922348815962,-3.2598307659447046,13.320028360327207
54.29999999999756,-0.5596728067717591,-1.443004819618074,12.385569126394428,19527.10617497544,3293.2046757962476,7366.725566754565,21216.166887893793,3672.0817559023403,7362.207147773875,7.881835897570489e-06,1.6419556173709633,13.701829735012199,offense,1.2751336384193321,0.22169888105827432,0.6889140184255222,2.34183918938162,1,19529.675528529002,3289.6749854829027,7364.022048933524,-32.06688973626264,-1.443004819618074,12.385569126394428,1,19528.055951094357,3297.6484932942326,7369.117158560985,-32.06688973626264,-1.443004819618074,12.385569126394428
54.399999999997554,-0.6200305669823821,0.5659567189343859,11.27014749600019,19565.955863222312,3302.0175266474503,7365.899116887867,21237.080486288723,3677.1466483402505,7361.94554085871,7.718285736759067e-06,1.6429683006381188,13.701840087295926,offense,1.275864133943449,2.1941771208289236,0.6887628927211724,2.343404627914709,1,19568.51743465427,3298.621670734698,7363.022345360826,-35.52513465719399,0.5659567189343859,11.27014749600019,1,19566.93645047829,3306.2733028089015,7368.600249594166,-35.52513465719399,0.5659567189343859,11.27014749600019
54.49999999999755,-0.5529885853223314,0.5962822439828354,11.462896569815264,19604.875369425186,3310.6978923969186,7365.195186300543,21257.9896029717,3682.210459429768,7361.6837849825715,7.557147423110169e-06,1.6439635697080974,13.701850449821938,offense,1.2775067968015785,1.9411214448898195,0.6886140885411434,2.3449446924428927,1,19607.483989186847,3307.128800405103,7362.58252763684,-31.683912057879613,0.5962822439828354,11.462896569815264,1,19605.809069069328,3315.124628692846,7367.62448882202,-31.683912057879613,0.5962822439828354,11.462896569815264
54.59999999999754,-0.45994647056501403,0.604940603313858,11.46119829868942,19643.85047366966,3319.309270813311,7364.537265705738,21278.894308047453,3687.273206151226,7361.421882311932,7.3983987093349054e-06,1.6449416247640019,13.701860822452934,offense,1.2778493893147271,1.7649221987675479,0.6884675780732425,2.3464596475373587,1,19646.500528907254,3315.5167645753713,7362.309395944534,-26.352991565313452,0.604940603313858,11.46119829868942,1,19644.74711364875,3323.9386216638964,7366.570599778161,-26.352991565313452,0.604940603313858,11.46119829868942
54.69999999999754,-0.37270281260232846,1.425668844123323,11.210434379421569,19682.874766381763,3327.8113059783527,7363.995049358431,21299.794670778658,3692.334905281024,7361.159835004181,7.2420068637386545e-06,1.6459026624720758,13.701871204365661,offense,1.2794082221851735,2.406503177288992,0.6883233335426358,2.3479497551418294,1,19685.565012466657,3323.835336263737,7362.171991259749,-21.35429817476865,1.425668844123323,11.210434379421569,1,19683.741466693948,3332.5887596359694,7365.6665956839,-21.35429817476865,1.425668844123323,11.210434379421569
54.79999999999753,-0.2720956062368427,0.1906958296916208,11.583850736097201,19721.953681044222,3336.26751868992,7363.499501629865,21320.690759586807,3697.3955733918133,7360.897645197407,7.087969237942191e-06,1.6468468834926722,13.701881596807015,offense,1.2802173449616352,1.0430098988899537,0.6881813274454903,2.3494152818776852,1,19724.662588489417,3332.1389107065506,7362.090347070202,-15.589929861424606,0.1906958296916208,11.583850736097201,1,19722.797399394876,3341.195660506197,7364.670337905111,-15.589929861424606,0.1906958296916208,11.583850736097201
54.899999999997526,-0.28130528329892696,-1.6820817376566903,11.971684471548885,19761.068959755496,3344.6874406901716,7363.0089226035125,21341.582642052603,3702.455226852645,7360.635315004715,6.936252456511327e-06,1.647774487099829,13.70189199895944,offense,1.2811978735401492,-0.8649626810263703,0.6880415320642371,2.3508564946142316,1,19763.755792314416,3340.5801925859614,7361.498709436179,-16.11760548776048,-1.6820817376566903,11.971684471548885,1,19761.91927926389,3349.618490166887,7364.162615713411,-16.11760548776048,-1.6820817376566903,11.971684471548885
54.99999999999752,-0.39776732236142415,-2.7729673257060834,12.224799189299448,19800.199615401143,3353.0646762975434,7362.498427965251,21362.470384918608,3707.513881829564,7360.372846530131,6.786831248645662e-06,1.6486856745935874,13.70190241069706,offense,1.2807342283020449,-1.8763296311063984,0.6879039197648782,2.3522736625287863,1,19802.80905936321,3349.1536368074594,7360.433513362699,-22.790388799529296,-2.7729673257060834,12.224799189299448,1,19801.11080712055,3357.8415499602006,7364.147824115817,-22.790388799529296,-2.7729673257060834,12.224799189299448
55.099999999997515,-0.5302425324938039,-2.5214800722803306,12.08207316235602,19839.323945250948,3361.404543632755,7361.9300774789035,21383.35405409052,3712.571554285936,7360.110241845882,6.639681136544229e-06,1.6495806470172034,13.701912831896626,offense,1.2802886433064282,-1.4560597881981032,0.6877684630772327,2.3536670561384065,1,19841.845627943476,3357.7768674141557,7359.312754103542,-30.38065923022338,-2.5214800722803306,12.08207316235602,1,19840.321013587723,3365.9198950184586,7364.163182177619,-30.38065923022338,-2.5214800722803306,12.08207316235602
55.19999999999751,-0.6590467724628057,-0.8262166387760406,10.982684717487023,19878.453861392412,3369.657592968139,7361.3799596426015,21404.233714641396,3717.628259983482,7359.847503018523,6.494777590029716e-06,1.6504595985053812,13.701923262437372,offense,1.2798956570090076,0.4388306410059444,0.6876351346344769,2.3550369392041444,1,19880.905062545713,3366.34881708898,7358.311912203666,-37.760598563837455,-0.8262166387760406,10.982684717487023,1,19879.54237939381,3373.8154954314077,7364.189990899826,-37.760598563837455,-0.8262166387760406,10.982684717487023
55.2999999999975,-0.7180328548454603,1.0106059556320666,9.734075141585222,19917.61482647348,3377.7144964592053,7360.979157448099,21425.109430813045,3722.6840144825687,7359.584632087353,6.352095859430636e-06,1.6513227316596677,13.701933702200849,offense,1.2795610272945286,2.3109855767379455,0.6875039070483483,2.3563835847927277,1,19920.061671637694,3374.553328109826,7357.755919416359,-41.140252134374535,1.0106059556320666,9.734075141585222,1,19918.729501059926,3381.660180561796,7364.070820031385,-41.140252134374535,1.0106059556320666,9.734075141585222
55.3999999999975,-0.6492325000911187,0.8488244746069329,10.112537123217557,19956.826787851474,3385.606534380475,7360.688876032967,21445.98126601927,3727.738833143068,7359.321631079185,6.211610879253639e-06,1.652170249170723,13.701944151070807,offense,1.28110147465232,1.7743964598158573,0.6873747531960096,2.35770726643792,1,19959.319676133335,3382.247217504585,7357.710655399515,-37.19828217794793,0.8488244746069329,10.112537123217557,1,19957.892378868164,3389.760186413864,7363.513940734999,-37.19828217794793,0.8488244746069329,10.112537123217557
55.49999999999749,-0.4682711262506214,-0.3494969974817545,11.15634306731904,19996.098575618325,3393.4692365429323,7360.360568275675,21466.849282849496,3732.7927311251647,7359.058501996986,6.073297379566105e-06,1.6530023421470592,13.701954608933182,offense,1.2827039150787785,0.31442190759494093,0.6872476458925361,2.359008248140291,1,19998.687895603154,3389.673910168609,7358.067051384842,-26.82995920199834,-0.3494969974817545,11.15634306731904,1,19997.056309568063,3398.083700040187,7362.399875097618,-26.82995920199834,-0.3494969974817545,11.15634306731904
55.599999999997486,-0.26092095476730964,-1.8746141557475722,11.847138457420009,20035.40713397898,3401.37709720434,7359.876591576156,21487.713543071466,3737.8457233900463,7358.795246825553,5.937130036166045e-06,1.653819204429558,13.701965075676068,offense,1.2838645378614253,-1.1139329682237797,0.6871225582261269,2.360286795464756,1,20038.08895458568,3397.235459387521,7358.453927024064,-14.9496694946907,-1.8746141557475722,11.847138457420009,1,20036.264058123492,3406.3295884358604,7360.92911787619,-14.9496694946907,-1.8746141557475722,11.847138457420009
55.69999999999748,-0.05014236924542879,-2.5672747847807287,12.146307984047347,20074.74449819395,3409.318929770622,7359.196956825972,21508.574107636327,3742.897824701136,7358.5318675247045,5.803083447052715e-06,1.6546210357348077,13.701975551189474,offense,1.2854674519541232,-1.4464515900876413,0.68699946331979,2.3615431817105663,1,20077.513070130768,3405.0177212905387,7358.74538729474,-2.872946132549648,-2.5672747847807287,12.146307984047347,1,20075.51675481412,3414.395549922831,7359.2260694141205,-2.872946132549648,-2.5672747847807287,12.146307984047347
55.799999999997475,0.2224659721381973,-2.346332407006889,12.198725619011636,20114.127031609267,3417.2905102980935,7358.272218392247,21529.431036682297,3747.9490496249805,7358.268366041771,5.6711320650821245e-06,1.6554080314742845,13.701986035365382,offense,1.286983790671615,-0.6828797417824323,0.6868783345272546,2.3627776752216785,1,20116.9370706318,3413.078788948253,7359.129180446916,12.746361288793668,-2.346332407006889,12.198725619011636,1,20114.8737945781,3422.212466226819,7357.012855496148,12.746361288793668,-2.346332407006889,12.198725619011636
55.89999999999747,0.42583405276174374,-3.5521249373832955,11.65230998172737,20153.546562116328,3425.258931796107,7357.128952950374,21550.284389540207,3752.999412532559,7358.004744299099,5.541250270970475e-06,1.656180387923357,13.701996528097578,offense,1.2881649012061431,-1.561432127588842,0.6867591453196712,2.3639905461369612,1,20156.33249456217,3421.315305297272,7358.877006280474,24.398493996199132,-3.5521249373832955,11.65230998172737,1,20154.326089197148,3429.828174122159,7354.91905202588,24.398493996199132,-3.5521249373832955,11.65230998172737
55.99999999999746,0.48121107476434993,-4.033370097588412,11.202920416628487,20192.985478624483,3433.2216257774244,7355.836158576894,21571.134224736943,3758.048927600144,7357.741004205412,5.413412403558781e-06,1.6569382963728374,13.70200702928172,offense,1.2882881588662511,-2.031808450677424,0.6866418692841145,2.365182060107995,1,20195.75006534878,3429.3702966063147,7357.809385340244,27.571363638951567,-4.033370097588412,11.202920416628487,1,20193.790167581174,3437.657200209374,7353.377001172087,27.571363638951567,-4.033370097588412,11.202920416628487
56.09999999999746,0.39002614241823996,-3.645991455427124,11.174769803435932,20232.393343375774,3441.2123404761896,7354.503745283819,21591.980599999108,3763.0976088102016,7357.477147642181,5.2875928349037605e-06,1.6576819481643208,13.702017538815197,offense,1.2863835297256192,-1.765898853260748,0.6865264801331485,2.3663524832702674,1,20235.151545844576,3437.181521284308,7356.08934163329,22.346851860333523,-3.645991455427124,11.174769803435932,1,20233.203057197137,3445.847227796761,7352.446688392749,22.346851860333523,-3.645991455427124,11.174769803435932
56.19999999999745,0.19908828023708494,-4.652504650032579,10.705658382652537,20271.74390564058,3449.2215891760734,7353.149300907943,21612.823572260066,3768.145469953075,7357.213176469302,5.163765990766258e-06,1.6584115353261837,13.702028056597104,offense,1.2856135571785356,-2.7427064849490836,0.6864129519291786,2.3675020819393846,1,20274.470669005528,3444.922395002988,7353.820859552953,11.406918208102764,-4.652504650032579,10.705658382652537,1,20272.571240400695,3454.1403681340576,7351.928468914099,11.406918208102764,-4.652504650032579,10.705658382652537
56.299999999997446,-0.007708252601350319,-5.164014541668408,10.576570299062277,20311.08028699877,3457.2086525411924,7351.654014172805,21633.66319766576,3773.1925246284027,7356.949092534185,5.041906277905096e-06,1.6591272512880615,13.702038582528171,offense,1.2852618488722827,-2.904551238906046,0.6863012587447095,2.3686311243547222,1,20313.72815599972,3452.821272499225,7351.323883712007,-0.4416503414781111,-5.164014541668408,10.576570299062277,1,20311.972681455136,3462.2591153516587,7351.397581853573,-0.4416503414781111,-5.164014541668408,10.576570299062277
56.39999999999744,-0.20840085302091177,-4.157635903598417,10.488029946131242,20350.402631236542,3465.170744632631,7350.047875303611,21654.499531577952,3778.2387862458786,7356.684897658119,4.921988100773165e-06,1.6598292862225625,13.702049116510693,offense,1.2846158631664837,-1.5987142935879648,0.6861913748738353,2.369739876037766,1,20352.95759355656,3460.8951460064072,7348.798585933318,-11.940489325024437,-4.157635903598417,10.488029946131242,1,20351.389509999553,3470.156726214633,7350.779556908584,-11.940489325024437,-4.157635903598417,10.488029946131242
56.499999999997435,-0.3261430049136882,-2.7936380784768002,10.381774049018915,20389.71673902726,3473.0883926484125,7348.455057515618,21675.33262858112,3783.284268026973,7356.4205936396875,4.803985968987219e-06,1.660517827949772,13.70205965844858,offense,1.2841870267307955,-0.14568162575841373,0.6860832748424059,2.370828599391071,1,20392.23707117884,3468.9698289053194,7346.707299368792,-18.686617699268805,-2.7936380784768002,10.381774049018915,1,20390.745741660943,3477.941902506989,7349.77940476335,-18.686617699268805,-2.7936380784768002,10.381774049018915
56.59999999999743,-0.40269862272186446,-2.7296949546273153,10.337153276224807,20429.041477477862,3480.954010797402,7346.889440858451,21696.162542487677,3788.3289830061585,7356.156182263846,4.687874509373345e-06,1.6611930661248884,13.702070208247225,offense,1.2841115781286683,-0.14038613595123323,0.6859769332803758,2.3718975594792004,1,20431.51944025141,3476.9688888427927,7344.804302134095,-23.07293149769387,-2.7296949546273153,10.337153276224807,1,20430.11087940927,3485.6897505106213,7348.562297360887,-23.07293149769387,-2.7296949546273153,10.337153276224807
56.699999999997424,-0.45560011541303524,-1.4018755325114696,9.925453288263373,20468.38305383447,3488.6959709783855,7345.455917749769,21716.989326344163,3793.372944032393,7355.891665295113,4.573628381035079e-06,1.6618551844976381,13.702080765813525,offense,1.283783310783446,1.0382455209676045,0.6858723251360176,2.372947015079656,1,20470.85467478256,3484.810657998491,7343.183312870508,-26.103963758840127,-1.4018755325114696,9.925453288263373,1,20469.470533914522,3493.3202145206656,7347.406061010447,-26.103963758840127,-1.4018755325114696,9.925453288263373
56.79999999999742,-0.38093492439468535,-1.307121058416667,10.117701530244078,20507.76352915444,3496.352835471971,7344.100217577544,21737.813032439222,3798.4161637711272,7355.627044470754,4.461222418650645e-06,1.6625043643620603,13.702091331055845,offense,1.2853591223787286,0.9398021449128839,0.6857694255487203,2.3739772226094025,1,20510.28625918306,3492.3257896627265,7342.153930020952,-21.825963436950577,-1.307121058416667,10.117701530244078,1,20508.8008593825,3501.1133514479156,7345.722171226921,-21.825963436950577,-1.307121058416667,10.117701530244078
56.89999999999741,-0.19199150472384044,-2.071654095006202,10.581976656015522,20547.20244534436,3503.999341453412,7342.680852184814,21758.633712307175,3803.458654705051,7355.3623215110065,4.350631639384665e-06,1.6631407944952312,13.70210190388394,offense,1.287124992482784,0.17293823528399657,0.6856682097009259,2.3749884455339645,1,20549.81397330369,3499.7191354952843,7341.572222998102,-11.000302923042065,-2.071654095006202,10.581976656015522,1,20548.14849384806,3508.994641552236,7343.40284190173,-11.000302923042065,-2.071654095006202,10.581976656015522
56.99999999999741,-0.005276169855923361,-3.2762832483662265,10.75812199783353,20586.685418047506,3511.668137812366,7341.087581876296,21779.45141673468,3808.5004291358578,7355.0974981168,4.2418310808300235e-06,1.663764656638594,13.702112484208891,offense,1.2885116185111516,-0.896592734477772,0.6855686531992731,2.3759809412867607,1,20589.3576297291,3507.2907573066695,7340.828497648487,-0.3023022647385562,-3.2762832483662265,10.75812199783353,1,20587.568530837754,3516.722436267129,7340.879065858029,-0.3023022647385562,-3.2762832483662265,10.75812199783353
57.0999999999974,0.1629183749335019,-2.512945308799833,10.963564482825753,20626.20458649873,3519.332738724303,7339.374191584406,21800.26619576854,3813.541499185959,7354.832575969765,4.134795921601224e-06,1.6643761252822007,13.702123071943241,offense,1.290109835089157,-0.005019211761346655,0.685470731706956,2.3769549587553724,1,20628.922449698224,3515.0132724357386,7339.944042978007,9.334535288819602,-2.512945308799833,10.963564482825753,1,20627.053827584798,3524.3002703821985,7338.388433599125,9.334535288819602,-2.512945308799833,10.963564482825753
57.199999999997395,0.40788676620827635,-0.3803534879150996,11.674326840331751,20665.777780883953,3527.0131163277442,7337.600294823835,21821.07809872173,3818.581876800114,7354.567556726549,4.029501604496583e-06,1.6649753836388412,13.702133667000782,offense,1.291818293790519,2.1635548987840947,0.6853744212509888,2.3779107559201256,1,20668.47371985708,3523.0182147584155,7339.372856389633,23.37019022297356,-0.3803534879150996,11.674326840331751,1,20666.66578225242,3531.643228813347,7335.564904949569,23.37019022297356,-0.3803534879150996,11.674326840331751
57.29999999999739,0.605519291828794,1.7591170492415182,12.716161360766737,20705.376953234972,3534.798270081674,7335.976259422571,21841.88717418042,3823.6215737470284,7354.302442023361,3.925923664016089e-06,1.6655626040429905,13.702144269296639,offense,1.2924570818356875,3.947777875340316,0.6852796979366392,2.3788485803550956,1,20707.957882186052,3531.2589915798353,7338.65611267152,34.693699835540336,1.7591170492415182,12.716161360766737,1,20706.38404772462,3538.9954978810133,7333.194472319039,34.693699835540336,1.7591170492415182,12.716161360766737
57.399999999997384,0.7649812955428206,3.0610685753691533,13.971046425786767,20744.945098818043,3542.834268005962,7334.6843192143415,21862.693470009213,3828.660601620617,7354.037233483923,3.824037841414871e-06,1.6661379618890089,13.702154878747226,offense,1.2926235219538098,4.897239363069863,0.685186538159993,2.379768681588724,1,20747.39908155989,3539.783771044707,7338.007230135821,43.83019964105351,3.0610685753691533,13.971046425786767,1,20746.071587941,3546.590010364887,7331.368490269834,43.83019964105351,3.0610685753691533,13.971046425786767
57.49999999999738,0.9269473584337027,3.6143522889701987,14.722154092831483,20784.468276232456,3551.203615859688,7333.686925755233,21883.497033359483,3833.698971842096,7353.771932701296,3.723820053085239e-06,1.66670163560844,13.702165495270153,offense,1.2932026939108616,4.8346378877334,0.6850949185582511,2.380671312245911,1,20786.754376739966,3548.7176636286426,7337.555140585683,53.11017146905152,3.6143522889701987,14.722154092831483,1,20785.758032064783,3554.4141499876714,7329.892416497631,53.11017146905152,3.6143522889701987,14.722154092831483
57.59999999999737,0.9821248524910261,3.186692110940172,14.195591873942108,20823.917834965803,3559.965146686171,7332.964765842516,21904.297910676534,3838.73669566166,7353.5065412560525,3.625246325487727e-06,1.667253797909045,13.702176118784257,offense,1.293024308947842,3.3294590287049006,0.6850048160077151,2.381556718804451,1,20826.148397433135,3557.6686793526887,7336.979753870591,56.27160900264433,3.186692110940172,14.195591873942108,1,20825.2714741358,3562.9452155656472,7329.007980471658,56.27160900264433,3.186692110940172,14.195591873942108
57.69999999999737,1.0093302583070463,2.546692981447224,13.763299379379749,20863.26939756032,3569.0874415796925,7332.474060240948,21925.096147705957,3843.773784160041,7353.241060703785,3.5282928889794972e-06,1.6677946201232343,13.702186749209599,offense,1.2922532667713056,2.0138500858553265,0.6849162075556755,2.382425146194992,1,20865.497226696367,3566.8886378297193,7336.5448512463545,57.830363935842946,2.546692981447224,13.763299379379749,1,20864.63189555811,3571.939086404927,7328.426712838422,57.830363935842946,2.546692981447224,13.763299379379749
57.79999999999736,1.0514508061189307,3.2189974568694675,15.079208013979432,20902.527651775144,3578.523379601532,7332.140598378745,21945.891789499885,3848.8102482500053,7352.975492584187,3.4329362039863215e-06,1.6683242680196613,13.70219738646744,offense,1.2914784023390875,2.7849079620720545,0.6848290705011052,2.3832768341713053,1,20904.70889892907,3576.5269402267345,7336.338894542219,60.243693556242924,3.2189974568694675,15.079208013979432,1,20903.921241262073,3581.2492255956977,7328.017859973508,60.243693556242924,3.2189974568694675,15.079208013979432
57.899999999997355,0.9774124494201972,4.03203147855535,16.49406346836205,20941.644602522803,3588.4088480551486,7332.057239727992,21966.684880425724,3853.8460986784985,7352.709838409704,3.3391529633323582e-06,1.6688429099162185,13.702208030480232,offense,1.2904105401375634,3.7122750872252097,0.6847433824671618,2.3841120229872828,1,20943.914626229656,3586.1693976640654,7336.082305481021,56.001608195321346,4.03203147855535,16.49406346836205,1,20942.927152195156,3591.475413494139,7328.143093237844,56.001608195321346,4.03203147855535,16.49406346836205
57.99999999999735,0.8135083418863686,3.65985188301935,16.043846314375283,20980.59449804812,3598.7809840591885,7332.294844046429,21987.475464173276,3858.881346028354,7352.444099682561,3.246920059870108e-06,1.6693507129117275,13.702218681171527,offense,1.2893460212239278,2.6839555366165997,0.6846591212054901,2.3849309534896785,1,20983.06894780431,3595.9632595458247,7335.80295279202,46.61059458877457,3.65985188301935,16.043846314375283,1,20981.6743133151,3602.424221985547,7328.84084398836,46.61059458877457,3.65985188301935,16.043846314375283
58.099999999997344,0.6189654287344487,2.7097217351780323,15.17812120587435,21019.431495779543,3609.462977248961,7332.804371945688,22008.26358376134,3863.9160007198484,7352.178277877731,3.1562145750345784e-06,1.6698478342783096,13.702229338466058,offense,1.2888045748683659,1.2230621904526235,0.6845762647950377,2.385733854973356,1,21022.107143415455,3606.059880340985,7335.566461944832,35.46410673098944,2.7097217351780323,15.17812120587435,1,21020.314102154472,3613.6750689739465,7330.002838564262,35.46410673098944,2.7097217351780323,15.17812120587435
58.19999999999734,0.495374194646064,1.840362203874458,14.855214303705072,21058.21414701126,3620.3020873047885,7333.496778553239,22029.04928154487,3868.950073012539,7351.912374456561,3.0670138692683555e-06,1.6703344434004614,13.702240002289654,offense,1.2890709003103753,0.2627821025251786,0.6844947914423573,2.3865209684480413,1,21061.003655180128,3616.6090267826407,7335.72146912848,28.38285063291161,1.840362203874458,14.855214303705072,1,21058.979950747045,3624.8103004294894,7331.160358415394,28.38285063291161,1.840362203874458,14.855214303705072
58.29999999999733,0.41090792340570914,1.013860829187637,14.408686291339476,21096.99478904799,3631.2072407859496,7334.240576653951,22049.832599222067,3873.9835730068853,7351.646390854285,2.97929541193611e-06,1.6708107037276028,13.702250672569164,offense,1.289508898317791,-0.6428429898961182,0.6844146797085343,2.3872925292002978,1,21099.834362514306,3627.339814360322,7336.070640962042,23.54328977963203,1.013860829187637,14.408686291339476,1,21097.710096878345,3635.880752404766,7332.236599643949,23.54328977963203,1.013860829187637,14.408686291339476
58.39999999999733,0.23582239368449484,0.31331527741414544,14.074254126572967,21135.76262636315,3642.1384878497647,7335.046425466159,22070.61357784305,3879.0165106463746,7351.380328490237,2.893036867977441e-06,1.671276767238845,13.7022613492326,offense,1.2890626641193044,-1.2724861583257214,0.6843359083602795,2.3880487603174085,1,21138.665027410505,3638.023235504361,7336.0514460102095,13.511627872794113,0.31331527741414544,14.074254126572967,1,21136.407018123246,3647.0803117761743,7333.808509661314,13.511627872794113,0.31331527741414544,14.074254126572967
58.49999999999732,0.041121603562140535,0.6083449999445162,14.12312700450787,21174.515517486954,3653.067102091415,7335.9123344012,22091.39225781613,3884.0488957190755,7351.114188764451,2.80821626431359e-06,1.6717327903591743,13.702272032209072,offense,1.2885803188713865,-0.7736921656739593,0.6842584563739699,2.3887898889936263,1,21177.4512565715,3648.8548332137852,7335.999092282744,2.3560943309207847,0.6083449999445162,14.12312700450787,1,21175.11483825965,3658.1578119602195,7335.604458382208,2.3560943309207847,0.6083449999445162,14.12312700450787
58.599999999997316,-0.14966865118292697,2.6505236150636944,14.092367461163375,21213.255049796713,3663.9677740781462,7336.94055129456,22112.168678915292,3889.0807378594113,7350.847973058791,2.724811852552875e-06,1.6721789327351262,13.702282721428693,offense,1.2879940563577765,1.1976094292378539,0.6841823030157783,2.3895161447115636,1,21216.20720134381,3659.8352565122614,7336.181341303425,-8.57538203819741,2.6505236150636944,14.092367461163375,1,21213.831665082864,3669.026128587549,7337.611270661344,-8.57538203819741,2.6505236150636944,14.092367461163375
58.69999999999731,-0.26453245709392553,4.892290482987827,13.906034256976024,21251.982491785093,3674.7787230697254,7338.305071429423,22132.942880288156,3894.112046550095,7350.581682731277,2.6428019966215866e-06,1.6726153501279115,13.702293416822556,offense,1.2870934751016014,3.0515963699290616,0.684107427776562,2.3902277530545697,1,21254.962282783305,3670.778575709801,7337.084839195025,-15.156593335707466,4.892290482987827,13.906034256976024,1,21252.527581548857,3679.7216158352976,7339.585691692223,-15.156593335707466,4.892290482987827,13.906034256976024
58.799999999997304,-0.24606082538413368,4.532749079260101,14.252080034120706,21290.711104233695,3685.4869525130207,7339.944866627947,22153.714900463743,3899.142831124039,7350.3153191274405,2.562165301404879e-06,1.6730421899929409,13.702304118322864,offense,1.2871310565168848,2.3256111922161335,0.6840338104444837,2.3909249307061913,1,21293.707101398824,3681.477370103939,7338.797456548106,-14.098246798016373,4.532749079260101,14.252080034120706,1,21291.235764307403,3690.4561473377466,7341.128561943884,-14.098246798016373,4.532749079260101,14.252080034120706
58.8999999999973,-0.19765567417201207,3.046592997675921,14.57117573531865,21329.469393046904,3696.1502468364242,7341.682571198121,22174.484777359543,3904.1731007660196,7350.048883568967,2.4828807003855705e-06,1.673459597809022,13.70231482586284,offense,1.2882128879713979,0.6915291333209213,0.6839614309607209,2.3916078923376136,1,21332.461067768592,3692.091334419387,7340.710762394685,-11.324835926869245,3.046592997675921,14.57117573531865,1,21329.995930415815,3701.176448354815,7342.593261428479,-11.324835926869245,3.046592997675921,14.57117573531865
58.99999999999729,-0.15808055524979547,1.655338077769304,15.009408437362488,21368.26601570136,3706.781108745574,7343.419917809585,22195.252548288052,3909.202864514298,7349.782377357102,2.404927391125088e-06,1.6738677263975221,13.702325539376693,offense,1.28926260289562,-0.6683503526769834,0.6838902695664184,2.3922768582923575,1,21371.270147930765,3702.70019967328,7342.588851812257,-9.05734863889791,1.655338077769304,15.009408437362488,1,21368.772795515983,3711.845757499539,7344.099481801016,-9.05734863889791,1.655338077769304,15.009408437362488
59.09999999999729,-0.10247797034175735,0.4472541788940023,15.109698253115637,21407.102467440014,3717.42713722815,7345.0078750635,22216.018249964287,3914.232131262429,7349.515801779467,2.3282846968845334e-06,1.6742667223465422,13.702336258799527,offense,1.2901882518640946,-1.6592790486462012,0.6838203066748674,2.3929320441935595,1,21410.10534416122,3713.305894366635,7344.401749108231,-5.8715551936495185,0.4472541788940023,15.109698253115637,1,21407.608659426907,3722.5233868413134,7345.383786692392,-5.8715551936495185,0.4472541788940023,15.109698253115637
59.19999999999728,-0.17240611752402804,-0.8650483552838881,15.140457170295885,21445.95757366972,3728.065449358404,7346.436811406368,22236.78191851374,3919.2609097611753,7349.24915810211,2.252932172725333e-06,1.6746567264492909,13.702346984067539,offense,1.289928202260158,-2.7250245148932626,0.6837515230739898,2.3935736569860966,1,21448.929613961307,3723.9938358436975,7345.457914122666,-9.878142896363268,-0.8650483552838881,15.140457170295885,1,21446.483400062745,3733.1297177399624,7347.1046380035805,-9.878142896363268,-0.8650483552838881,15.140457170295885
59.299999999997276,-0.35132378145521603,-1.5069529835168636,15.186895621993383,21484.79629135847,3738.6752318014405,7347.7420002074905,22257.54358948004,3924.2892086203883,7348.982447577453,2.1788496763768166e-06,1.6750378891302407,13.702357715117794,offense,1.2887727821674881,-3.0138756609968884,0.6836838996553325,2.3942019139872364,1,21487.67602184257,3734.8333916941283,7345.920814624198,-20.12936991996038,-1.5069529835168636,15.186895621993383,1,21485.398588384538,3743.5549773120665,7349.223425887003,-20.12936991996038,-1.5069529835168636,15.186895621993383
59.39999999999727,-0.4722710434555227,-0.9397708088847369,15.144787709987948,21523.616986210993,3749.2692534435478,7348.899495304057,22278.303297832023,3929.317036310683,7348.715671436343,2.1060172006436993e-06,1.6754103516504348,13.70236845188831,offense,1.2884018441200793,-2.116750311276062,0.6836174177011008,2.3948170220813156,1,21526.43845907594,3745.665794645729,7346.570616697346,-27.059137576240946,-0.9397708088847369,15.144787709987948,1,21524.274052295368,3753.9367440920355,7350.937164366256,-27.059137576240946,-0.9397708088847369,15.144787709987948
59.499999999997264,-0.5489877535731875,0.8984651233252104,14.141742651707512,21562.44093055305,3759.8344018131165,7349.975844679159,22299.06107797168,3934.3444011654115,7348.448830891461,2.0344150147566914e-06,1.6757742465106142,13.70237919431808,offense,1.2880208144345078,-0.0457698469481471,0.6835520585971783,2.3954191801572255,1,21565.229167399317,3756.3842506936635,7347.389052738924,-31.454681284111725,0.8984651233252104,14.141742651707512,1,21563.152171202622,3764.3061862577447,7352.397947199529,-31.454681284111725,0.8984651233252104,14.141742651707512
59.59999999999726,-0.6001869564638784,2.960970831039509,13.064795161727053,21601.28874168432,3770.2257955402106,7351.19028240966,22319.8169637401,3939.3713113820677,7348.181927131642,1.964023726609908e-06,1.6761297099389487,13.702389942347093,offense,1.2874309466794465,1.9672782464876108,0.6834878040435147,2.3960085886911835,1,21604.079898410517,3766.882523332758,7348.469753954255,-34.38817952418232,2.960970831039509,13.064795161727053,1,21602.016231083107,3774.5363528971825,7353.884564215059,-34.38817952418232,2.960970831039509,13.064795161727053
59.69999999999725,-0.5245969901257025,2.8547400714266042,13.398246358524473,21640.169129661837,3780.4638215508,7352.529156252704,22340.570988427626,3944.3977750247286,7347.914961338908,1.8948241665242863e-06,1.6764768835403774,13.702400695916126,offense,1.2879977314524806,1.4929071271962673,0.6834246360842926,2.3965854533998057,1,21643.00691708095,3776.935958592513,7350.1062560254,-30.057193479468875,2.8547400714266042,13.398246358524473,1,21640.848605264604,3784.9633691886197,7354.908585587698,-30.057193479468875,2.8547400714266042,13.398246358524473
59.79999999999725,-0.42386656034979536,1.5494486370583878,14.091161349755241,21679.089309009938,3790.6531208508736,7353.858730200103,22361.32318477976,3949.4238000255464,7347.647934672574,1.8267973202147572e-06,1.6768158987085944,13.7024114549669,offense,1.2887476475286006,-0.023302413663343225,0.6833625367910618,2.3971499698898016,1,21681.96098041497,3786.9181270266217,7351.81602991021,-24.285764984770477,1.5494486370583878,14.091161349755241,1,21679.726998026734,3795.3792819818163,7355.7629501669735,-24.285764984770477,1.5494486370583878,14.091161349755241
59.89999999999724,-0.3292890169803819,0.07562409862914046,14.88391511498019,21718.04884474063,3800.8299947892274,7355.092558820951,22382.073585000868,3954.4493941856017,7347.380848272649,1.7599244179761524e-06,1.6771468924203203,13.702422219442019,offense,1.2903269468931642,-1.4954152955739841,0.6833014884820319,2.3977023377461153,1,21720.96581049838,3796.948965723089,7353.419769486962,-18.86687091298758,0.07562409862914046,14.88391511498019,1,21718.628465344067,3805.7273376460244,7356.524121917379,-18.86687091298758,0.07562409862914046,14.88391511498019
59.999999999997236,-0.24781907470742587,-1.2335731787598012,15.195897382082423,21757.03286677473,3811.054776047759,7356.107598228998,22402.82222076451,3959.4745651773983,7347.113703268925,1.6941868812564923e-06,1.6774700002489642,13.702432989284915,offense,1.2903046740840356,-2.544347260626978,0.6832414739020045,2.3982427547122276,1,21759.973124921275,3807.06448657053,7354.765297249486,-14.19898706357275,-1.2335731787598012,15.195897382082423,1,21757.582569443777,3816.0590847040135,7357.119537875705,-14.19898706357275,-1.2335731787598012,15.195897382082423
