time,bank_rad,pitch_rad,heading_deg,agent_n_m,agent_e_m,agent_up_m,foe_n_m,foe_e_m,foe_up_m,foe_roll_deg,foe_pitch_deg,foe_yaw_deg,mode,mach,aoa_deg,foe_mach,foe_aoa_deg
0.09999999999854481,-0.024867406890843217,0.8795886041409167,359.9461001787168,31.84822900017728,0.0008259866923557188,7285.642256724286,3581.5107477793217,-1479.924168859869,7697.501659746909,1.7022095727606343,0.7464949229063607,176.07043054507412,merge,1.0185716897252721,0.8129175662804993,1.0404809669359838,0.7319654145868348
0.19999999999708962,-0.1199308416452119,2.619776094085141,359.76407244551643,63.71684566545781,-0.004209163369421126,7285.767186224002,3549.2335108605166,-1477.6816095982024,7697.47975611704,7.383349838630499,1.02358530274029,176.1594982718142,merge,1.0185425923872535,2.1817135042608284,1.0397452159097895,1.1577293373154363
0.2999999999956344,-0.2535382476095436,5.014205068238849,359.33506847235554,95.57504006932011,-0.05139304155462958,7286.168794701049,3516.9737837907337,-1475.4378740951513,7697.355975865853,16.155553688777843,0.10800519811601805,176.10083281760572,merge,1.0183260480358192,3.999709989444707,1.039261959271962,0.4361434637064044
0.39999999999417923,-0.38672082670568075,6.948328417657798,358.71469194049706,127.42078461246273,-0.19577875947810439,7286.900548235804,3484.7332721955227,-1473.1966625816974,7697.139749650679,27.076066531653773,0.1139692714204317,176.2127360368467,merge,1.0180804936399508,5.251026450340261,1.038613482838376,0.5933176737791179
0.49999999999272404,-0.5163817847336535,8.328460770393525,357.9737329236657,159.24091459474752,-0.505330915859205,7287.99471690614,3452.5135392582456,-1470.97574794687,7696.868126336548,36.27307670620208,0.21914176061949184,176.22183896224232,merge,1.0174584094546788,5.857147034390344,1.0377448379974166,0.6740957386700797
0.5999999999912689,-0.6484176026800419,9.330603818612786,357.1331956285031,191.01922106595475,-1.046913571701355,7289.455479296253,3420.3225179086676,-1468.8009348770022,7696.576871903274,43.16854340508105,0.1504751713469142,176.19415565589588,merge,1.0166303835715356,6.062830815471077,1.0367480505433175,0.5485159793827853
0.6999999999898137,-0.7845458176727349,10.0830176606721,356.1804372601437,222.7453754658069,-1.87709677697887,7291.25656360631,3388.157321205565,-1466.6754768882774,7696.250667915872,49.3156750883334,0.18358000513646452,176.24848389910315,merge,1.0157220340003081,6.049867726642022,1.0357081631210723,0.49994515726773797
0.7999999999883585,-0.9251607733885588,10.641772080477574,355.09891552689675,254.41300461635433,-3.0428180129252835,7293.354892388723,3356.0223361729522,-1464.6245914498834,7695.903987339494,54.03782864376629,0.18430453381129355,176.30666869122368,merge,1.0148276793583346,5.9237691331871805,1.0346334420264758,0.42826631779600444
0.8999999999869033,-1.0702770991009491,11.021720784127382,353.87697752238125,286.0191493355968,-4.582252163367118,7295.6975993062115,3323.9164527426615,-1462.650436138813,7695.527145210475,58.10936865406829,0.20034994472966877,176.40274200984973,merge,1.014010164270239,5.749300328306534,1.0334724937785904,0.35894304907431995
0.9999999999854481,-1.219708770882087,11.209828596282039,352.5178047864252,317.55761116541623,-6.52475945747808,7298.224773751027,3291.841669976567,-1460.7661647244195,7695.121870700839,61.33510962012953,0.20697034308961992,176.51784884822797,merge,1.012922304430276,5.5637493331543055,1.032345260295984,0.3119026514641019
1.099999999983993,-1.3731189138998001,11.17764491140136,351.04523986597496,349.0227002203624,-8.89139134342786,7300.872456789896,3259.797319480147,-1458.972967021428,7694.681857633236,64.05606709412092,0.21611587213086988,176.66369056803322,merge,1.0119399786608163,5.378364998779669,1.0311801628700616,0.27636191528587717
1.1999999999825377,-1.4978894546529982,10.952766007620484,349.51113107365455,380.42038079485866,-11.684065881144614,7303.572421343002,3227.7840685473648,-1457.2772457182145,7694.205504959635,66.25254315449736,0.21945668839805904,176.830451820982,merge,1.0113350398313319,5.43810192291611,1.030037199371774,0.2626276729453377
1.2999999999810825,-1.6014181645656214,10.485392133950135,348.01158825597656,411.76179609544494,-14.877432096603007,7306.272931425127,3195.8016778955234,-1455.681425297469,7693.689589094094,68.08505623587257,0.22108365362398374,177.02321886547003,merge,1.0106885558286065,5.559531355466634,1.028884920365247,0.2643763758284471
1.3999999999796273,-1.707854706903051,9.853754768529344,346.60981122774564,443.0334696181634,-18.51093500781201,7308.926073795328,3163.850388997259,-1454.1900168311915,7693.132690571568,69.58092965287405,0.2179777582390662,177.23617415157418,merge,1.0100343468899111,5.5935274477789605,1.0277442352855217,0.28312063182342284
1.4999999999781721,-1.752020760940105,9.151672029399926,345.2886077421402,474.25079324377117,-22.53679901520028,7311.494940628517,3131.9301898550966,-1452.8066224831055,7692.533384340504,70.82312063199808,0.2117007918066689,177.47094830642163,merge,1.0099076445575819,6.067922148798584,1.0266037632993958,0.31545963263601323
1.599999999976717,-1.7466847896291249,8.446326653773312,344.1385208323549,505.4235736303786,-26.919798607296133,7313.965137447667,3100.04123783756,-1451.5356401469328,7691.890994424722,71.84422917581178,0.20126519252022332,177.7239251369094,merge,1.00976064112909,6.656731332378435,1.0254700514474093,0.36002162320183567
1.6999999999752617,-1.701423468493861,7.837324503173634,343.2061155690257,536.5392016189669,-31.677912386227145,7316.328441003809,3068.1836461523594,-1450.3814218470823,7691.20509611359,72.69113047181546,0.18742841164444396,177.9951478211672,merge,1.0093575998080884,7.15092620984652,1.0243396724134413,0.41468621933212224
1.7999999999738066,-1.6433608594575253,7.330993538536983,342.46740280538796,567.5759789245824,-36.84229005157223,7318.59075057689,3036.357609561834,-1449.3486743585952,7690.47563864826,73.39058260695846,0.17000584930923707,178.28225752367635,merge,1.008437327395492,7.34029785065125,1.0232142897856578,0.47751497322044706
1.8999999999723514,-1.6340089747613311,6.85819229987217,341.8340011868825,598.4937020091298,-42.482381803028716,7320.761986655126,3004.5633395763907,-1448.442184245246,7689.702779441,73.97100843229431,0.14948780482301757,178.5846768981173,merge,1.0068491908565855,7.061736403268084,1.022093443164181,0.5470277032131259
1.9999999999708962,-1.658746432983379,6.464166075581199,341.1479854574514,629.265742589797,-48.63512809265286,7322.834066758114,2972.801105207291,-1447.6668905779286,7688.886882339058,74.45200031915559,0.12599758043412773,178.9007894183008,merge,1.0053818963908068,6.749868506978147,1.0209776013362277,0.6215473709553802
2.099999999969441,-1.6323372580501054,6.144963884818079,340.34339803764027,659.9147976577373,-55.23376354074275,7324.804164447051,2941.0712128650384,-1447.0277711902922,7688.02844815557,74.85164554985725,0.09991605793628013,179.22984931821594,merge,1.0046262653187348,6.876254771488782,1.0198672137820106,0.6999689991085564
2.199999999967986,-1.5601262597025247,5.893871541772519,339.5239009073091,690.4642526468634,-62.21678888448066,7326.685906176031,2909.3740202148556,-1446.529833650221,7687.128093321616,75.18365187769635,0.0714684086733756,179.5706989871377,merge,1.004139792006257,7.176801218672683,1.0187626809136003,0.7810541340405381
2.2999999999665306,-1.4779550412856268,5.708400503877828,338.7851542467774,720.9027794702074,-69.59195354880444,7328.5028273441885,2877.7099304515823,-1446.1780615694279,7686.186515717697,75.4598837546756,0.04097017404431734,179.9226141115844,merge,1.0032563736453206,7.273188824707712,1.0176647038294626,0.8639769856768206
2.3999999999650754,-1.4489954787082588,5.548469274859922,338.10561047098815,751.1941391622962,-77.4210138885389,7330.2867479739725,2846.0793965344765,-1445.977391428463,7685.204475340122,75.68976120645051,0.008661941971217522,180.28473463311767,merge,1.002131861053302,7.041464070957497,1.016573836133516,0.9478834522139468
2.49999999996362,-1.4525026426583536,5.481967733071255,337.3919591381924,781.3093250063168,-85.74039720055578,7332.0484001842,2814.482920091254,-1445.9326839870012,7684.182775049133,75.88121356817196,-0.02519250008816249,180.65642518375398,merge,1.000728933209806,6.830946668993806,1.015490827929179,1.0321800354829398
2.599999999962165,-1.4596312988835711,5.413258476371332,336.5922416650245,811.259421173521,-94.51158705350839,7333.788625643152,2782.9210529361985,-1446.0487053032678,7683.122246649197,76.04068123496417,-0.06037171236153555,181.03702815718324,merge,0.9997877810688285,6.710581606510534,1.0144163270949762,1.1163027710563818
2.69999999996071,-1.4849051090239611,5.362813555290395,335.7389992516355,841.028231893699,-103.75277001087487,7335.502078019053,2751.3943970479795,-1446.3301107902569,7682.023739124424,76.1735289068359,-0.096657035546177,181.42601057944086,merge,0.9985521927699241,6.629892734726441,1.013351072272177,1.1998473052004819
2.7999999999592546,-1.5028581901058355,5.267063900943719,334.82707881134877,870.620430964772,-113.43080977878688,7337.18058395201,2719.9036050765594,-1446.781433373314,7680.888109369728,76.28416463872551,-0.13385783174921387,181.82285833672358,merge,0.9973561117203571,6.61461806192918,1.0122957371771493,1.282456693180888
2.8999999999577994,-1.5351223881962106,5.1622746031155335,333.89375122542833,900.015925407311,-123.5676227868431,7338.812917940578,2688.4493807330955,-1447.407075270573,7679.716214867065,76.37625097411397,-0.17179517764487018,182.22713254629988,merge,0.9961964466597669,6.5956716719585415,1.01125100308597,1.3638723575537564
2.9999999999563443,-1.5579641400812712,4.996483472004248,332.9360980879652,929.2248988826004,-134.13544808095452,7340.389729488096,2657.032479263026,-1448.2113021513014,7678.5089078377605,76.4528175852995,-0.21031089646436069,182.63842417925045,merge,0.9950634505527486,6.610999777737882,1.0102174943843787,1.4438810913978728
3.099999999954889,-1.594043313726401,4.812423786317415,331.9766835042629,958.2255273839876,-145.15655497783618,7341.8959210354515,2625.653707185769,-1449.1982399617011,7677.267030729032,76.51638404161247,-0.249260564929115,183.0563732103876,merge,0.9939531803533332,6.60023536690113,1.0091958429590664,1.5223309268572691
3.199999999953434,-1.568650620560571,4.6657294938171745,331.00122454183463,987.044226716887,-156.58115457931513,7343.3200630727115,2594.3139219753803,-1450.371873326704,7675.991412719009,76.56904426432314,-0.2885161211244863,183.4806487984539,merge,0.9934497708267132,6.879425135177192,1.0081866360550087,1.5991060058054851
3.2999999999519787,-1.511998846551409,4.531252896215988,330.0829644687182,1015.7026064105577,-168.36830579996177,7344.672621644363,2563.0140319789894,-1451.7360456217673,7674.682867099482,76.61254385650734,-0.327962415759701,183.91095470854498,merge,0.9928624668338423,7.12789016533925,1.0071904290777103,1.674129522471494
3.3999999999505235,-1.4923710607707765,4.376381577486209,329.25545427585087,1044.1552991423598,-180.56779273115305,7345.974563591525,2531.7549962767516,-1453.2944600660542,7673.342189331982,76.64833909540054,-0.36749754241702953,184.34701964448016,merge,0.9915946898663643,7.0488662566452405,1.0062077330116284,1.7473507311117453
3.4999999999490683,-1.5011607488930239,4.28756197188181,328.43812777526534,1072.3624616631796,-193.21825733352864,7347.230474114201,2500.537824521245,-1455.0506817911441,7671.97015570111,76.67764763466926,-0.407030867383415,184.78859769889928,merge,0.9903595527739828,6.935456755068393,1.005239018737467,1.818743576096582
3.599999999947613,-1.5104232158688935,4.1805031667073544,327.5678535345261,1100.3390626484515,-206.28730268784662,7348.44096060741,2469.3635767362384,-1457.0081405222443,7670.567522401625,76.70148889229236,-0.4464825052906854,185.23546336678749,merge,0.9891838530051358,6.878305924898068,1.0042847127629257,1.8882997402867903
3.699999999946158,-1.5368640228037416,4.081920629152656,326.6646482988126,1128.0627267607981,-219.7926849580853,7349.598553462136,2438.233363089668,-1459.1701337710151,7669.135025018398,76.72071793150373,-0.4857820473792978,185.6874102988908,merge,0.9880577091536379,6.832360087829079,1.0033451988974342,1.9560262123506946
3.7999999999447027,-1.5554574776145875,3.931572062712948,325.72436563853563,1155.5481133090766,-233.70601893688269,7350.6968922120095,2407.1483436482017,-1461.539830335945,7667.673378278876,76.7360530498588,-0.5248678176425577,186.1442484105544,merge,0.9869707587443467,6.831676071218706,1.002420817192646,2.0219412922993563
3.8999999999432475,-1.5880709781694777,3.768247249885932,324.77385754783893,1182.7705616174203,-248.0465792163498,7351.722898694551,2376.109728694964,-1464.1202739569264,7666.18327607807,76.74809869942649,-0.563685864989978,186.60580268407998,merge,0.9859124395752651,6.81509142975426,1.0015118371046483,2.086072773234504
3.9999999999417923,-1.5604387429259994,3.6503931120512623,323.80191821303055,1209.7633801321795,-262.76658585351004,7352.666735812622,2345.118778413474,-1466.914387127202,7664.66539164092,76.75736434061096,-0.6021893474931954,187.07191083807157,merge,0.9854816963526157,7.08550181785714,1.0006185014133457,2.1484549591837063
4.099999999940337,-1.5018393300513215,3.544785639187006,322.8800579210953,1236.5545252391353,-277.8266210155125,7353.539766485471,2314.176802163236,-1469.9249750967524,7663.120377890191,76.76427845293759,-0.6403353888081899,187.54242880157545,merge,0.9849748465252582,7.327216880399929,0.999741018032744,2.2091297967715215
4.199999999938882,-1.479650577947126,3.4150882963970752,322.04421641287024,1263.0924742612708,-293.27155277979017,7354.364390707336,2283.2851624966916,-1473.154761570005,7661.54887797567,76.76891126746385,-0.6777799238933353,188.01810185147204,merge,0.9837763926876086,7.248684105409075,0.9988795017870458,2.2689309185697732
4.299999999937427,-1.4856535262705863,3.3537550498328343,321.2210875275678,1289.33188232233,-309.135986894846,7355.147097116268,2252.445263354157,-1476.6064217246817,7659.951542448128,76.77113366210237,-0.7142368788979782,188.49940468228712,merge,0.9826071738958225,7.139332151770552,0.998034912712817,2.328535297173184
4.399999999935972,-1.4924771073888188,3.2771453287476398,320.3470728887201,1315.2918606102255,-325.3890425373507,7355.889402497185,2221.658556750853,-1480.28255364659,7658.329017856944,76.77140470687435,-0.7497774558841331,188.98584751979337,merge,0.9814940290906354,7.083614591665554,0.997206916217056,2.3874912180996635
4.499999999934516,-1.5164199232854543,3.211246293770751,319.44242981323055,1340.9471032003626,-342.0461067118909,7356.5855567082435,2190.92655662636,-1484.185700701024,7656.681947374615,76.77008198524682,-0.784403521014366,189.4772761702636,merge,0.9804260148117028,7.039734124947191,0.9963955728444289,2.4457284426934676
4.599999999933061,-1.532647366019214,3.095961870322316,318.500410769437,1366.3158773517907,-359.080218681781,7357.2298789029755,2160.2508350130206,-1488.3183384599447,7655.010966731778,76.76743840145596,-0.8181491161455359,189.97342491313694,merge,0.9793952452393851,7.038799579878242,0.9956007526176325,2.5030679672834446
4.699999999931606,-1.5629390155634122,2.96914121953893,317.54828433021345,1391.3703722238017,-376.50797228696143,7357.811061012072,2129.633021368438,-1492.6828710861373,7653.316702728609,76.7637250733032,-0.8510285399822559,190.47412626091167,merge,0.9783902207983437,7.023241372940858,0.9948224279891588,2.5594435258103077
4.799999999930151,-1.533755720699738,2.891129181814398,316.73157042292524,1416.1651780372608,-394.2928489690218,7358.319783195386,2099.0748009834506,-1497.2816265764318,7651.599771619052,76.75914121262701,-0.8830647394757348,190.97918831811293,merge,0.9791425196398671,7.146673249816916,0.9940605046052436,2.6147684024114453
4.899999999928696,-1.4540441727584772,2.852857388872841,316.1470711886582,1440.7668991406185,-412.3924239427135,7358.76541751099,2068.5779139675656,-1502.1168543336344,7649.860778151352,76.75385956621949,-0.9142742089380922,191.48845823007207,merge,0.9801649283898465,7.186779439833234,0.9933149124135631,2.66900161698105
4.99999999992724,-1.3489247546821699,2.8922711368738843,315.4966682198812,1465.1586049575972,-430.7965292757136,7359.172982784006,2038.144153973085,-1507.1907229335911,7648.100314757324,76.74802256391669,-0.9446758802491201,192.0017827111177,merge,0.9800256561677342,7.1925611440401385,0.9925855510949811,2.722103644517228
5.099999999925785,-1.2811415939165676,2.9915888601358773,314.6664389610421,1489.273195771133,-449.5363145757788,7359.589576852754,2007.7753679813347,-1512.505318815713,7646.318961068649,76.74175073739099,-0.9742864565100299,192.51902691628774,merge,0.9793848262599879,7.172939779002999,0.9918722818034003,2.774055967282712
5.19999999992433,-1.2949254642320196,3.113058364681152,313.7985828787746,1513.046374554531,-468.65388989006783,7360.058175237224,1977.4734547076587,-1518.0626455076078,7644.517283543301,76.7351446396454,-1.003123350759845,193.0400608324224,merge,0.9781554770106742,7.015386799127092,0.991174979045396,2.8248450991576703
5.299999999922875,-1.3281133155710887,3.313710690639454,312.90513003486836,1536.4294901119058,-488.1754219484242,7360.586187836686,1947.2403631674938,-1523.8646233930249,7642.695835302044,76.72828867872474,-1.0312032545281462,193.56476442569718,merge,0.9769848517520956,6.903090067371386,0.99049351216799,2.8744676573072767
5.39999999992142,-1.3571938098483052,3.462857363432669,311.9350508375624,1559.443595136302,-508.07476055168974,7361.158356426645,1917.0780915384005,-1529.9130896377203,7640.855156021691,76.72125331839057,-1.0585429401286501,194.09302336265458,merge,0.9758717968777827,6.847260933982639,0.9898277360023144,2.922925139375949
5.4999999999199645,-1.3996893802231043,3.581259137107564,310.923346441589,1582.057349934226,-528.3647781961448,7361.762820922977,1886.9886860781794,-1536.2097983757017,7638.995771977124,76.71409745621021,-1.08515889146574,194.62472984993337,merge,0.9747940753108997,6.803608305370311,0.9891774932129918,2.9702244975164174
5.599999999918509,-1.3850270827438063,3.7041632487517946,310.03296993654567,1604.3235100431552,-549.0121245846279,7362.373021639171,1856.974240031949,-1542.7564210470189,7637.118196110553,76.70687018393302,-1.1110675088774893,195.15978107075966,merge,0.9750892303466538,6.881442637408131,0.9885426138744328,3.0163760822136676
5.699999999917054,-1.3406971239276662,3.79216719908597,309.2090508170279,1626.288886483584,-569.9760879110088,7362.986956105024,1827.0368925278342,-1549.5545468722735,7635.222928195024,76.69961227732539,-1.1362850206236532,195.69807898816595,offense,0.9746273773678155,6.925200828031549,0.9879229163822494,3.0613932798399333
5.799999999915599,-1.336993499104506,3.8605052362372203,308.21293155939816,1647.9078973834803,-591.2626502046577,7363.627488160461,1797.1788274660055,-1556.605683403421,7633.31045500474,76.6923576249924,-1.1608275121284026,196.2395297032513,offense,0.9738003907688936,6.972486331550865,0.9873182080986443,3.105291613026079
5.899999999914144,-1.403921389714649,3.871322349607891,307.18579196943955,1669.113238637089,-612.9057669820155,7364.308465235371,1767.4022723842536,-1563.9112571507756,7631.381250550104,76.68513419580323,-1.18471088700052,196.784043144635,offense,0.9724893726503442,6.824599569716691,0.9867282863476486,3.148088319853834
5.9999999999126885,-1.472811684808735,3.87803421355691,306.27815310497647,1689.9011166983246,-634.9104503318038,7364.998854366366,1737.7094973085764,-1571.472614240612,7629.435776327518,76.67796501735162,-1.2079508734012143,197.33153266709277,offense,0.9723655648964604,6.657714786334127,0.9861529391639137,3.1898018622035362
6.099999999911233,-1.4742912455604174,3.8670939939209577,305.51770231258024,1710.353503356533,-657.2336909911992,7365.662755777977,1708.1028135890672,-1579.2910211033322,7627.474481562379,76.67086898732867,-1.2305629876982795,197.8819148358159,offense,0.9729240335768918,6.6332236280613595,0.985591945968763,3.2304516307942066
6.199999999909778,-1.419501971036028,3.861151383570695,304.7590581886651,1730.5448616883243,-679.8269777237164,7366.290625955255,1678.5845727221385,-1587.3676651724484,7625.497803502027,76.66386143511178,-1.252562540201257,198.4351091019418,offense,0.9740493025193716,6.856612457531473,0.9850450785326527,3.2700576110382022
6.299999999908323,-1.3206119250150177,3.9445202614657626,303.9261537737578,1750.5055582476198,-702.665950615091,7366.892623297718,1649.1571651498343,-1595.7036555871086,7623.506167697337,76.65695473607524,-1.2739646087451475,198.99103764867385,offense,0.9749885893589959,7.195542983017088,0.9845121019947282,3.3086402043719882
6.399999999906868,-1.2043620610738923,4.1501527081808405,303.0154888001318,1770.2029290307041,-725.7508869438018,7367.5033112934,1619.8230190450276,-1604.300023893239,7621.499988278649,76.65015880118038,-1.294784012268572,199.54962527646802,offense,0.9750034474067785,7.47993175462485,0.983992775241637,3.346220125579732
6.4999999999054126,-1.1307955630306121,4.392167070516416,302.1863802461177,1789.5627953378032,-749.0985094552804,7368.185453290845,1590.5845990864711,-1613.1577247396026,7619.479668266872,76.64348143858184,-1.3150353174991893,200.11079915756937,offense,0.9742836017273907,7.456605350937256,0.9834868522589504,3.382818159314705
6.599999999903957,-1.138473128797988,4.649522614189411,301.3923101215248,1808.512624256744,-772.7294647693302,7368.997846867312,1561.4444057792994,-1622.2776363552982,7617.445599859634,76.6369286688144,-1.334732765902203,200.67448899429343,offense,0.9729182900313802,7.253279121097989,0.9829940592382722,3.4184554396889983
6.699999999902502,-1.2094305599696276,4.903105175841426,300.55299894866806,1826.9917125729564,-796.6590094968901,7369.963977741784,1532.4049740362104,-1631.6605612693427,7615.398164721957,76.63050505056862,-1.3538903526200163,201.2406265301543,offense,0.9713730243610477,7.030427181858397,0.9825141301218473,3.453152849969245
6.799999999901047,-1.2762175100615565,5.195517233066195,299.63339604139253,1845.0159460649304,-820.8740318599201,7371.03948149263,1503.4688715211846,-1641.3072271107437,7613.337734264445,76.62421386299188,-1.3725218220785078,201.80914543629808,offense,0.9704114602167865,6.9938115427281815,0.9820468093762142,3.4869309476218193
6.899999999899592,-1.2727914686555886,5.453417936139403,298.79802347192776,1862.6610084729,-845.3493547441724,7372.175266280786,1474.6386972975024,-1651.2182872848841,7611.264669915801,76.61805739997017,-1.3906406268779965,202.37998136435422,offense,0.9708338203947534,7.093668704841853,0.9815918391365501,3.519810122142292
6.999999999898137,-1.2098219133972306,5.653062553538972,298.1639030622782,1880.012866128747,-870.0563388283392,7373.347700313789,1445.9170805437163,-1661.3943216089,7609.179323411233,76.6120370511,-1.4082599342162905,202.9530718068117,offense,0.9718085047195336,7.201403369426001,0.9811489598366689,3.5518104818974687
7.099999999896681,-1.1133229798283342,5.922570584686514,297.47630947395936,1897.0936443038167,-894.9666139469037,7374.566269224948,1417.30667925297,-1671.8358369373536,7607.08203704339,76.60615347546579,-1.4253926021926422,203.5283561288467,offense,0.9717255565525665,7.312129597071875,0.9807179111410759,3.582951954157666
7.199999999895226,-1.047832697146936,6.26314067233514,296.6497624872359,1913.8391205941116,-920.0810220761368,7375.888705071304,1388.8171640270045,-1682.553808276598,7604.975752121884,75.84577585538841,-1.4135716782204388,204.0972066354265,offense,0.9711121574655427,7.379749128433594,0.9800515107405166,3.5729030691364376
7.299999999893771,-1.0610007053233208,6.608619770735479,295.8178548466412,1930.1801011263829,-945.4125278797009,7377.373698454223,1360.4660106744043,-1693.5699754995906,7602.872799912787,73.77705667485745,-1.3791348347611627,204.66280662046182,offense,0.9698494509000029,7.2822592125852195,0.9793646387001335,3.5944476346457024
7.399999999892316,-1.1361213287626024,6.932148183180691,294.9587010823416,1946.046753850074,-970.9727377442131,7379.050901795903,1332.2525169135586,-1704.8784504917721,7600.782880648408,70.89751311129571,-1.3216036109632707,205.2205830110127,offense,0.9682985056407961,7.103172188048847,0.9786874319837799,3.629989628306489
7.499999999890861,-1.2456355699523611,7.194547625178206,294.0063237289003,1961.4388082999344,-996.757238572861,7380.880946037725,1304.1775064529859,-1716.4756569382182,7598.721077821675,67.33528193788686,-1.2301725337231022,205.75553986368473,offense,0.9671017957388408,6.98204463942925,0.9780378651011102,3.667534144146593
7.5999999998894054,-1.332718758262549,7.370250851462282,293.11826777039323,1976.3887304318812,-1022.7662734174992,7382.800013008172,1276.238496991967,-1728.3529084238291,7596.704509498823,63.27561040893248,-1.101998453892928,206.2578924169868,offense,0.9670795765472174,6.854142751202371,0.9774269292479681,3.6959916858004993
7.69999999988795,-1.3457668745152154,7.461011458073423,292.36784468880137,1990.9755186898467,-1048.9864144841013,7384.755238548929,1248.4311841072106,-1740.4984773328229,7594.751529694444,58.86262049259572,-0.9387474103696839,206.71559574432993,offense,0.9677317225822836,6.871588021796528,0.9768594152618865,3.7042926879353932
7.799999999886495,-1.3482737125426005,7.455016385648949,291.46395882417124,2005.245319922967,-1075.3891407619817,7386.729457345784,1220.749384545525,-1752.897451778695,7592.88028818301,54.21799088101479,-0.7458608035612285,207.1200428534518,offense,0.9675871763492639,7.017005293536219,0.9763419212879901,3.686372421241695
7.89999999988504,-1.363068983259078,7.456277505435726,290.54258879667714,2019.1547254828122,-1101.98138036784,7388.721751616595,1193.1851590885583,-1765.5319846800821,7591.107436961818,49.446020640070934,-0.5321772683428401,207.4646231557186,offense,0.9681688601900348,7.150255661821889,0.9758774265763256,3.637840043275242
7.999999999883585,-1.3688347140220838,7.41251411933985,289.6865347717447,2032.7291309719096,-1128.7534208675622,7390.725957605821,1165.7291098684618,-1778.3818547078388,7589.447117742393,44.633412171362615,-0.30817830844501914,207.74630665528593,offense,0.9679496125688554,7.214721812821702,0.9754692615281737,3.5576449386967814
8.09999999988213,-1.3849973277739054,7.381179084508347,288.8347508371392,2045.9277878097807,-1155.708567701878,7392.741503501756,1138.3707285426615,-1791.4251726094867,7587.910225886447,39.85184042624937,-0.08499157727733612,207.96523558678052,offense,0.9684708736456256,7.258462281345334,0.9751185532859641,3.446455554496458
8.199999999880674,-1.39156900177316,7.309769927334712,288.0243441235175,2058.778088042857,-1182.8312034787168,7394.761005107591,1111.0988171767574,-1804.6391982633268,7586.504022699031,35.158340222067345,0.12693565437463813,208.12469598617628,offense,0.9678236861713946,7.2688994821375426,0.9748259659215592,3.306858441111929
8.299999999879219,-1.4084040502348272,7.278589341278488,287.0443670460448,2071.232733209822,-1210.1080077647705,7396.780868608806,1083.901903582956,-1818.0011368820583,7585.232051806963,30.59734539305876,0.31868694924554936,208.2303928079221,offense,0.9672084886259769,7.422387667317236,0.974590362892665,3.142401869306397
8.399999999877764,-1.4154700294750682,7.216803655717267,286.0444187903767,2083.315515979359,-1237.5317718284223,7398.795964318738,1056.768631427762,-1831.4888543508525,7584.094330100334,26.20124286009084,0.4835239015567926,208.28972502923807,offense,0.9665804255916293,7.596272425192582,0.9744099994422886,2.957501350361303
8.499999999876309,-1.432064010848027,7.154878738125625,285.0946932688346,2094.985689999799,-1265.1051099038575,7400.80381539343,1029.688074644083,-1845.0814445015505,7583.0877129798,21.991707265172614,0.6170858527223794,208.31098364291228,offense,0.9659102211203112,7.692684669367625,0.9742820716552444,2.7568540270056534
8.599999999874854,-1.4388052450895286,7.056262928496125,284.16940779978245,2106.2686422630595,-1292.8178919777874,7402.7991311311125,1002.6499787279008,-1858.7596455494638,7582.206384968663,17.981279293940457,0.717370324959734,208.3026388261322,offense,0.965210830624682,7.773530813836569,0.9742036133395225,2.5453109013747532
8.699999999873398,-1.4550694304560128,6.961983798325462,283.277902112291,2117.127255469812,-1320.6702218753126,7404.7779352744465,975.6449298542706,-1872.5061000250241,7581.442416576138,14.175024880088682,0.784490276357197,208.27270169377965,offense,0.9644943232241151,7.800289664109866,0.974170902615951,2.327481731429343
8.799999999871943,-1.4616531965363782,6.8359564426982455,282.3868411149298,2127.5904164071103,-1348.6521645043526,7406.735153891677,948.664450719463,-1886.3054711491568,7580.786320507729,10.571827740957996,0.820292519195441,208.22830571808075,offense,0.9637748981900304,7.840796007197587,0.9741803329313091,2.1077645063756587
8.899999999870488,-1.4778246482320252,6.717619691633268,281.5113723621191,2137.6228235209574,-1376.762743847679,7408.665879930854,921.7010346839303,-1900.1444426476712,7580.2275723445155,7.1660356656392885,0.8279130047093805,208.17543051438977,offense,0.9630560922403405,7.847416242202687,0.9742279196092762,1.89008590021682
8.999999999869033,-1.484393442098504,6.569153296084532,280.6266870771303,2147.2547404414922,-1404.992800355901,7410.5656303364485,894.7481322686159,-1914.011631752857,7579.755071688697,3.9486217775637757,0.8113377612414953,208.11881341256347,offense,0.9623443749411145,7.879313328969533,0.9743100129960309,1.6779952851543882
9.099999999867578,-1.5005592678196507,6.429162603294962,279.7523920618902,2156.4512927567553,-1433.3404033205939,7412.428731962737,867.800103239177,-1927.8974426419552,7579.357535040236,0.908524399395795,0.775003164478433,208.0619508110423,offense,0.9616383771527471,7.882584345353179,0.9744227966652962,1.474487026376353
9.199999999866122,-1.5071473109671754,6.259216867420331,278.86745430479124,2165.2433024705783,-1461.7971917784819,7414.251373317942,840.8521458875957,-1941.7938839022156,7579.023815933106,-1.966520306386736,0.7234667260215283,208.007212285116,offense,0.9609420101720105,7.913509935239276,0.974562882060984,1.2821250019589234
9.299999999864667,-1.5233152885132388,6.097836953801321,277.9920337119269,2173.596000874099,-1490.3602296254846,7416.027132158259,813.9002132578944,-1955.6943684636233,7578.743158237875,-4.689049712787479,0.6611454966879918,207.95597554372597,offense,0.9602527284922385,7.916378699118534,0.9747268033892773,1.1029103696601155
9.399999999863212,-1.5299162464251006,5.906413168749497,277.1065117914692,2181.540583977012,-1519.0219481588158,7417.752881612411,786.9409232523453,-1969.5935099067951,7578.505385881457,-7.271421760870862,0.5921323673598853,207.90881129923403,offense,0.95957400519681,7.947185112747292,0.974911537475786,0.938421189595549
9.499999999861757,-1.5460733559505582,5.723561675000305,276.23039685422447,2189.0423913456493,-1547.7783726731072,7419.421450148893,759.9714682866872,-1983.4869248204816,7578.301039317933,-9.725269308351695,0.5200681314914843,207.86564433707005,offense,0.9589031493213274,7.949726742983599,0.9751140133432277,0.7897110039283717
9.599999999860302,-1.552671593425639,5.510582667021168,275.34494720522974,2196.132947212149,-1576.6227401108702,7421.030403182477,732.9895277809188,-1997.3710478780179,7578.121463329787,-12.061360204224934,0.44807504931518033,207.82593020346891,offense,0.9582436264725896,7.980259606942778,0.9753315885568116,0.6574586212137876
9.699999999858846,-1.5688012397093294,5.306203004329425,274.46882316058543,2202.777754358643,-1605.5500195898412,7422.5718232265535,705.9931863779111,-2011.2429634667594,7577.958856846583,-14.289333927462874,0.3787237824532381,207.78878939527291,offense,0.9575927518191018,7.982308080393196,0.975561581680499,0.5418900908538591
9.799999999857391,-1.53192095409335,5.182425112559112,273.58206464270717,2209.0322836831306,-1634.5548063188558,7424.041930647183,678.9808590113499,-2025.1002563304846,7577.806288366905,-16.417768390495517,0.3140426873911574,207.75314438945415,offense,0.9574170039304813,8.23071731695541,0.9758017215738692,0.44293542423464477
9.899999999855936,-1.4697836264265947,5.0803557973666855,272.74343506469205,2214.901845579601,-1663.6316419220666,7425.4548167388175,651.9512243147071,-2038.9408808897442,7577.657689088765,-18.4541541411485,0.25553945334107275,207.71780900425912,offense,0.9568663061807716,8.362194211299139,0.9760496681758162,0.3601572644646262
9.99999999985448,-1.4436707475234771,4.9513190344822275,271.9591031398832,2220.3047717969876,-1692.7697793509385,7426.835898141369,624.9031658873797,-2052.7630503848814,7577.507822334847,-20.405117824832203,0.20425079276652905,207.6815832806854,offense,0.9556183791174702,8.188408257946898,0.9763034878738006,0.2929196465414144
10.099999999853026,-1.44624176528906,4.902800601546055,271.1624298944094,2225.1850488887703,-1721.9571281423316,7428.194494008029,597.8357210851909,-2066.5651512280233,7577.3522229809405,-22.275947378883984,0.16079785122973345,207.6433190423103,offense,0.9544269016114628,8.016816374559939,0.976561430454229,0.24038962964292737
10.19999999985157,-1.4510968765720003,4.8550938239149275,270.292594135744,2229.583608329762,-1751.1878636779875,7429.531709419871,570.748039669424,-2080.345667922341,7577.187146643725,-24.07090700849359,0.12544751505708562,207.60194672787455,offense,0.9533096571101336,7.924468081765972,0.9768218409035883,0.20156906877463254
10.299999999850115,-1.4730691878175957,4.823778683794126,269.3793323190524,2233.471329047505,-1780.4527239390336,7430.8438003694155,543.6393498235979,-2094.103120332852,7577.009516953021,-25.793764933904008,0.0981633738399231,207.55650377924297,offense,0.9522452868983807,7.86061725045239,0.9770831396290347,0.17532770054774766
10.39999999984866,-1.4880137612443805,4.7506620358518035,268.41714699149986,2236.8835524981077,-1809.7480506346665,7432.124516183281,516.5089302519626,-2107.836021947755,7576.816852341324,-27.447771470014892,0.07867269394010808,207.50616899614906,offense,0.9512224152317532,7.849958936314777,0.9773440727892033,0.16051132176369493
10.499999999847205,-1.5169187205711152,4.664552327110207,267.44015336814135,2239.787355112342,-1839.063400692072,7433.364446147508,489.3560889321149,-2121.5428470505976,7576.607200157109,-29.035724446991296,0.06651806999153169,207.45025655205916,offense,0.9502231457783706,7.829842376229532,0.9776033568726358,0.15589493464521872
10.59999999984575,-1.536865454702333,4.5209210165495834,266.4396936038066,2242.2161202744946,-1868.3957297263344,7434.5553274897375,462.18014716324444,-2135.222010044402,7576.379067409202,-30.56011214568441,0.06111339779548745,207.38822673437397,offense,0.9492379055652802,7.840850929010595,0.9778600564789018,0.16030970533276884
10.699999999844295,-1.5698530718377481,4.354398206440618,265.4390814319589,2244.136428666553,-1897.7331023157967,7435.683773016116,434.98042842573096,-2148.871852151089,7576.131357735792,-32.02310062932425,0.06178250441185804,207.31966863877324,offense,0.9482706183240474,7.8243845299823755,0.97811317449721,0.1725713023876194
10.79999999984284,-1.5473867112028572,4.249816498754901,264.419269643856,2245.6120543982083,-1927.0789876034498,7436.739138842816,407.7562511135185,-2162.4906359524634,7575.863309999425,-33.42668766849885,0.06780418703548624,207.24429938694945,offense,0.9479805922964559,8.115762182602744,0.9783620474416193,0.19160098632849437
10.899999999841384,-1.4940243586379875,4.152316405793999,263.4419923401452,2246.697035938139,-1956.4370304467698,7437.730469685969,380.5069243965507,-2176.07654266329,7575.57444698427,-34.77274917060928,0.0784342135114551,207.16193931939463,offense,0.9476169029466812,8.390629166331095,0.9786058845088176,0.21632794564504004
10.999999999839929,-1.4714488412879945,4.009177190921368,262.54673536095737,2247.319643355122,-1985.7863224314503,7438.678546225504,353.2317463361989,-2189.6276725159228,7575.264528972495,-36.06334811394029,0.09293690954194848,207.07250604580543,offense,0.946521604201415,8.325911189326767,0.9788441667139073,0.24579867194448898
11.099999999838474,-1.4761602764751216,3.9345514976633895,261.67191149342045,2247.419950159732,-2015.1054932484387,7439.589817152554,325.9300050305942,-2203.1420614919093,7574.933494681728,-37.3001365554924,0.11061045502833461,206.97600992845557,offense,0.9454557059193625,8.219937607519428,0.9790765715602593,0.2791746216040043
11.199999999837019,-1.4821393681797752,3.8538147643440244,260.75318509439256,2247.0367901633117,-2044.3944227754778,7440.465697851295,298.6009805310372,-2216.61768931089,7574.581424934617,-38.48440166819669,0.13079667011392213,206.8725217279601,offense,0.9444312341034431,8.16089541637692,0.9793027629201677,0.3156900039134865
11.299999999835563,-1.5048670949853986,3.7832352246181538,259.8108531795148,2246.1408642153447,-2073.6380959199655,7441.30114217602,271.24394684804514,-2230.052480993127,7574.208520524002,-39.61755673802499,0.15288155177964644,206.7621575112046,offense,0.9434393336656882,8.106687431846606,0.9795223972985816,0.35464419654867985
11.399999999834108,-1.520428750250326,3.6684394001794973,258.8323981412961,2244.767909185984,-2102.8378224555,7442.090484631795,243.8581756126136,-2243.4443204092972,7573.8150693376965,-40.70101101906338,0.17631230506816023,206.64508151773578,offense,0.9424710828000529,8.09501194839146,0.9797353580772831,0.395461457458321
11.499999999832653,-1.5497466837904357,3.537658043371193,257.8448769732811,2242.8868181283424,-2131.9772320915145,7442.822953160835,216.4429395155653,-2256.791058243234,7573.401426214144,-41.73616109908526,0.20059220733931124,206.5214840620442,offense,0.9415250571740758,8.067594268813673,0.9799413971974793,0.4376002497520206
11.599999999831198,-1.5247874692624734,3.477693376826064,256.8331974350629,2240.5617755897747,-2161.068043167312,7443.488488283363,188.99751608428494,-2270.0905226076893,7572.967992157665,-42.724446024206294,0.22528938909294277,206.39158238537027,offense,0.9412702434662411,8.345396647004845,0.9801405214024074,0.48064450274232295
11.699999999829743,-1.4693052437352636,3.4260799763556773,255.8568136924802,2237.8476018590422,-2190.1213357030683,7444.096281389657,161.5211908737272,-2283.340524810619,7572.515202997399,-43.66735030133002,0.25002419942507315,206.2556019818985,offense,0.9409472882607994,8.60854582034373,0.9803325244628612,0.5241816527052262
11.799999999828287,-1.4441988237999008,3.3257457635532295,254.95632312512583,2234.6759863486145,-2219.1073350135584,7444.669800462681,134.01326023925967,-2296.538863529266,7572.0435202218,-44.56668438409272,0.27447402788568864,206.11377738010094,offense,0.9398858095985034,8.540857995111624,0.9805174008019423,0.5678957386371467
11.899999999826832,-1.4462674971519862,3.294920995090838,254.07768837471713,2230.9897411126567,-2247.996967764664,7445.2184013948445,106.47303608200785,-2309.683344973693,7571.553407254163,-45.42391426670772,0.29837790135298653,205.9663565993596,offense,0.9388560426629325,8.438090764228612,0.9806952850554972,0.6115582469219107
11.999999999825377,-1.449917288254317,3.2622029124360226,253.15616718609533,2226.827865657375,-2276.7951504959124,7445.743685339776,78.89984853845512,-2322.7717889151045,7571.045323704878,-46.2401589030138,0.32152357447981716,205.81358158810525,offense,0.9378610935754471,8.381322383648156,0.9808662322514424,0.6549712931364504
12.099999999823922,-1.4701347702886078,3.2417543437888394,252.21352237354375,2222.1627602021667,-2305.4827417552306,7446.242887084267,51.293046983999545,-2335.8020244563736,7570.519730241457,-47.016686381536516,0.3437344952840113,205.6556833206907,offense,0.93689481940714,8.330648370468122,0.9810302246025475,0.6979515203297174
12.199999999822467,-1.4833629914965931,3.1804542910550864,251.2339022639606,2217.0299953863296,-2334.065574404234,7446.710414443767,23.652002721268662,-2348.7718993514377,7569.977079956701,-47.75475823327393,0.36487916912516916,205.49289309492494,offense,0.9359503075314751,8.320306430131163,0.9811874341865245,0.74039334657524
12.299999999821011,-1.5102946035530513,3.104455010728159,250.24514584171067,2211.4002008920265,-2362.522920802401,7447.137900021583,-4.023889609311203,-2361.679281663543,7569.417818939844,-48.45560867464344,0.38485580353637033,205.32543092449447,offense,0.9350247114155983,8.295971292329034,0.9813378406308478,0.7821693299436524
12.399999999819556,-1.4837956225447297,3.10533153856793,249.23486425467772,2205.3359705047083,-2390.874758020444,7447.513959215561,-31.735210386795707,-2374.522064551461,7568.842382981417,-49.120497729231964,0.4035986458984103,205.15351322266264,offense,0.9347985769466279,8.570181333953562,0.981481655434018,0.823231029357923
12.499999999818101,-1.4269448667145384,3.1141935106579814,248.25683826088613,2198.8915464643233,-2419.1397501557967,7447.8463870679325,-59.48251438772532,-2387.2981653076204,7568.251200949002,-49.75071312433066,0.42106002474353604,204.9773427388677,offense,0.9345060217005629,8.828642678814923,0.9816188217996815,0.8634788621951085
12.599999999816646,-1.3999082708624593,3.069444271404051,247.3501600894768,2192.003516258225,-2447.2797118973003,7448.162343574906,-87.26633054356155,-2400.005522896516,7567.644697684944,-50.34788373977815,0.4372156602621553,204.79711379490968,offense,0.9334658967743281,8.761074713404149,0.9817494629835398,0.9028652982199565
12.69999999981519,-1.4410287752934936,2.971030677847819,246.45607593826415,2184.5911976801654,-2475.2434452976495,7448.481138156966,-115.0871589440889,-2412.64211531516,7567.023280297843,-50.913253231142164,0.45207123337271027,204.61302192933744,offense,0.9317637614794632,8.426607022761267,0.9818738322053874,0.9413943178809314
12.799999999813735,-1.4942187381826513,2.936334221874534,245.50900842027207,2176.6119633153585,-2502.996460162161,7448.787808846969,-142.94547001002235,-2425.2059636366757,7566.387337630016,-51.447564667888855,0.4656502247255424,204.4252523483529,offense,0.9302103489052038,8.160146694317296,0.9819921251847626,0.9790767889712771
12.89999999981228,-1.4920039451519589,2.95722698117431,244.4638549776236,2168.1381468214577,-2530.567256309718,7449.056851662496,-170.84170499932358,-2437.6951277015687,7565.737246804611,-51.9513742372538,0.47798528351295366,204.2339794311627,offense,0.9294251601297336,8.27545810484989,0.9821044986213329,1.0159239275143885
12.999999999810825,-1.458585385505597,2.943643972500237,243.38595004622235,2159.2306512374175,-2557.981797608124,7449.287102381596,-198.77627747519708,-2450.107695109488,7565.073385096925,-52.425532446237426,0.4891090700945914,204.03936398091727,offense,0.928723249916292,8.487756240648693,0.982210927341486,1.0518979951347978
13.09999999980937,-1.456826409778343,2.839411870170496,242.33831384539207,2149.863883510918,-2585.2158395099186,7449.492172182906,-226.74957321285248,-2462.4417806301467,7564.396131643296,-52.871287330281945,0.49906480518173635,203.84156371439332,offense,0.927587205347102,8.489281559947575,0.9823115264983391,1.086988890218806
13.199999999807915,-1.4822993606095722,2.7613207704642444,241.31140710952266,2139.998129867247,-2612.234216383481,7449.671117151475,-254.76194816232228,-2474.6955398106033,7563.705858192695,-53.28967952687487,0.5079121764963833,203.64073836262173,offense,0.92646639860412,8.436274900701063,0.9824065101366023,1.121217359773062
13.29999999980646,-1.467637967620619,2.7776432746840425,240.26252626773348,2129.694545659741,-2639.0661939100482,7449.8107790584,-282.8137281333395,-2486.867171924252,7563.002929065863,-53.68142949991751,0.5157170665112665,203.43704224777954,offense,0.9260664201612759,8.66819145431732,0.9824960490123235,1.1546017100723134
13.399999999805004,-1.4267739069466818,2.7916759124027353,239.2291051716189,2119.006442769607,-2665.7393530092077,7449.915356218914,-310.9052106753807,-2498.954907676979,7562.2877126666845,-54.047466442750796,0.5225371884282587,203.230617576699,offense,0.9256126077999756,8.901723231033618,0.9825801296645008,1.1871080910774752
13.49999999980355,-1.4201674594981801,2.7271222110381426,238.25227946583144,2107.876882787636,-2692.205485641465,7450.007290162692,-339.03666526275754,-2510.9570081618813,7561.560582686922,-54.38906280967228,0.5284341176180336,203.02160371597594,offense,0.9244079104243417,8.816066158954987,0.9826588774096335,1.2187282358751723
13.599999999802094,-1.4415643248204677,2.6991509215106357,237.29134542065614,2096.2580375161083,-2718.418835715847,7450.091752172015,-367.20833098199313,-2522.871782512547,7560.821905648989,-54.707109685172874,0.5334842000798158,202.81014497888438,offense,0.9232370406966,8.69616627557107,0.9827325864662787,1.2495048429160132
13.699999999800639,-1.467871087310036,2.6401027059836295,236.28289058502932,2084.1862907241734,-2744.3944990009427,7450.160038719723,-395.42041668633027,-2534.6975893050617,7560.0720420834305,-55.00204477138869,0.5377624981343426,202.5963801096288,offense,0.9221053152187952,8.614415456426828,0.9828014182076502,1.2794571244697621
13.799999999799184,-1.5099274608586666,2.5557887051127035,235.24534074418497,2071.6400028653234,-2770.10464738283,7450.199309148145,-423.6731031111386,-2546.4328231750173,7559.311358070964,-55.27448236060192,0.5413332613335452,202.3804382751879,offense,0.9210097489651395,8.531343951132246,0.9828654182124559,1.3085684476097035
13.899999999797728,-1.5040206017507407,2.528996458088039,234.16661073228727,2058.677595566179,-2795.5854784524686,7450.190302682538,-451.966542082742,-2558.075922171684,7558.540220691518,-55.52502661169319,0.5442687666965267,202.16245210424088,offense,0.9206487149386539,8.773049836624342,0.9829248476250186,1.336874565903481
13.999999999796273,-1.4694967957967393,2.4781810991844218,233.09914118890086,2045.348888808504,-2820.869908045365,7450.134400094587,-480.3008575518015,-2569.6253617933803,7557.759004517976,-55.75437157754782,0.5466295469467363,201.9425471235355,offense,0.9202320979521532,9.032151697937502,0.9829796531016624,1.3643267355387343
14.099999999794818,-1.4667064432809789,2.337650948106073,232.0943398425131,2031.6000481061476,-2845.9027170267063,7450.048337114445,-508.6761463653092,-2581.0796501880804,7556.968094843182,-55.96365472705697,0.5484755997563444,201.7208467736478,offense,0.9190543273857894,8.955337608885122,0.9830299787651762,1.3909136199802945
14.199999999793363,-1.4913419124244616,2.227223397435323,231.10793158008678,2017.3871379143918,-2870.6324617150144,7449.932254282451,-537.0924758627148,-2592.4373494856973,7556.16787290068,-56.15358108991872,0.5498796441391632,201.4974823106881,offense,0.9179115388667526,8.830183186105945,0.9830761338210042,1.4166747743678643
14.299999999791908,-1.4774040494103593,2.22008607419492,230.0816550561583,2002.7687009505169,-2895.1004311769007,7449.773305048988,-565.5498843055349,-2603.6970766932372,7555.358716921834,-56.324380857176855,0.5509096574871161,201.2725812478476,offense,0.9175177641282358,9.018826504360941,0.9831182891678479,1.4416254780189777
14.399999999790452,-1.4375597741473378,2.214827787460592,229.05367183502915,1987.794650286091,-2919.3446101365525,7449.575789130029,-594.0483835026957,-2614.857485450047,7554.541016091872,-56.47660656806071,0.5516156844578342,201.04626108267226,offense,0.917082479960363,9.230705157495574,0.9831564235466553,1.465721876265581
14.499999999788997,-1.4308572930773973,2.1292746912182974,228.0723215920628,1972.4168214826825,-2943.307722398996,7449.361164186574,-622.5879590452334,-2625.9172658028083,7553.715170401141,-56.611235731026326,0.5520474802554027,200.81863946478293,offense,0.9158924854077798,9.12857209364804,0.9831906671979677,1.4889462995312774
14.599999999787542,-1.4519634761492457,2.080345681250092,227.1023681307611,1956.595675884615,-2966.936045837048,7449.13387014792,-651.1685683126021,-2636.8751647978324,7552.881576521016,-56.72885089909142,0.552267490522086,200.58984198748806,offense,0.9147403674730644,8.995555584726416,0.9832213430088109,1.5113391682818953
14.699999999786087,-1.4354819899552866,2.142775664492838,226.0922538060436,1940.3872290158315,-2990.275059894815,7448.880132349545,-679.7901409222376,-2647.729988257066,7552.0406280684565,-56.82954563757724,0.5523328770504982,200.35999188588798,offense,0.9143429307146053,9.171596001941095,0.983248622888453,1.532914002592984
14.799999999784632,-1.3932019929553499,2.210120733641387,225.07592725996793,1923.8395810118934,-3013.3668619848017,7448.603178961274,-708.4525813622729,-2658.480581309977,7551.1927299027,-56.91376436911484,0.5522818480405299,200.12920255411822,offense,0.9139071615120393,9.370189565579823,0.9832724795782581,1.5536232018967577
14.899999999783176,-1.3839609828541486,2.1958381897516217,224.0989860305516,1906.909577401949,-3036.151860987237,7448.328745894048,-737.1557692984088,-2669.12582809214,7550.33829779597,-56.982407355452615,0.5521520709142619,199.89758778855423,offense,0.912713606388662,9.267112987801752,0.9832930405594849,1.5734460861386548
14.999999999781721,-1.4024625809200983,2.2189545806092315,223.13481921684192,1889.5616460574038,-3058.5738427622155,7448.0656023255415,-765.8995578519347,-2679.664673226737,7549.477743611071,-57.035977207958844,0.5519943733603931,199.66526969010698,offense,0.9115542195564287,9.140944002336388,0.9833106353626314,1.5924233071858553
15.099999999780266,-1.426210054141021,2.217477719632437,222.12024454333027,1871.8283052067122,-3080.6564120594876,7447.804742207998,-794.6837741845643,-2690.096123728519,7548.611475218502,-57.07447275899055,0.5518540647951309,199.43236838895598,offense,0.9104332090804905,9.056444569124046,0.9833254367781404,1.6105681461212704
15.199999999778811,-1.4656123204414353,2.19282885902633,221.07514411790325,1853.6949042666176,-3102.3664201181828,7447.5361322637145,-823.5082216993119,-2700.4192325984322,7547.739908322358,-57.09812459289396,0.5517608143560383,199.19899620738667,offense,0.9093449355782406,8.973926915533898,0.9833374768207983,1.6278512266160525
15.299999999777356,-1.4587148277233943,2.234776922333075,219.99062879718727,1835.2101544038965,-3123.7531777277586,7447.23865003902,-852.3726797270738,-2710.6331076417723,7546.863460343564,-57.10717403230404,0.551752114363213,198.965270893258,offense,0.9090046467701818,9.21340527180754,0.9833470417760581,1.6443067947932513
15.3999999997759,-1.423328814946972,2.253682978828769,218.91363184961935,1816.411194922965,-3144.86535211222,7446.911927026705,-881.2769047430592,-2720.7369041726447,7545.982556835267,-57.101985394770125,0.5518498506905356,198.73130440135196,offense,0.9089935060454482,9.465058907028522,0.9833540450286872,1.65987021805623
15.499999999774445,-1.4184124769749353,2.1752331019041637,217.89623223861818,1797.2535441485809,-3165.6403603948634,7446.577100409731,-910.2206313603813,-2730.729817993841,7545.097634921041,-57.083496775085614,0.5520732680249404,198.49720630217766,offense,0.9082211758511073,9.379771065176369,0.9833586130590056,1.6745174130028577
15.59999999977299,-1.4406209085687223,2.1254351553826365,216.9003984834226,1777.7109742494763,-3186.0129207572545,7446.23829347612,-939.2035709331948,-2740.611110286471,7544.209125611097,-57.05220898986276,0.5524558032724594,198.26309525809552,offense,0.9070952366218634,9.253279109398177,0.9833610735532359,1.6882873892873114
15.699999999771535,-1.4257503412357613,2.1887548618453403,215.86869498203367,1757.8363726545224,-3206.033217749236,7445.879821024347,-968.2254123139761,-2750.380110346611,7543.317452470377,-57.008050023115935,0.5530264650252206,198.0290877064819,offense,0.9067133871497841,9.440983829188276,0.9833616175747724,1.7012000110697358
15.79999999977008,-1.3851450278452295,2.2568026416741795,214.83407962568296,1737.665300979681,-3225.7546249225034,7445.503671875149,-997.2858242184767,-2760.03619391845,7542.423046603338,-56.9512769195574,0.5537933029106415,197.79528896655316,offense,0.9066735183013559,9.645889547150821,0.9833601927851985,1.7132049015021165
15.899999999768625,-1.3765255061985793,2.2382395405792743,213.84406403242866,1717.1594092162306,-3245.113790970713,7445.136066578991,-1026.3844559180457,-2769.578780145268,7541.526347404486,-56.88269029039957,0.5547626643197173,197.5618028206518,offense,0.9058791925340361,9.53480063161322,0.9833568988545104,1.7242775841977884
15.99999999976717,-1.4288856549339497,2.1396106708524782,212.85912441688248,1696.2775401276306,-3264.020181013047,7444.792577049431,-1055.5209364369025,-2779.0073548213945,7540.627785730747,-56.80270076187353,0.5559561923171756,197.32874150394505,offense,0.9044512456524597,9.156980385375725,0.983352071599885,1.7344652765866764
16.099999999765714,-1.5258233134798598,1.969643955439668,211.81026597240802,1675.0137846052114,-3282.437940746102,7444.450022022924,-1084.6948752111311,-2788.321477496711,7539.727779523087,-56.71100862388967,0.5573953459174633,197.09621731100876,offense,0.9032907373627861,8.800461135647078,0.9833459528366685,1.7438104022566667
16.19999999976426,-1.6122964034481422,1.7799241524891327,210.66282912941875,1653.4062160560347,-3300.4131465743567,7444.054548948769,-1113.9058638101492,-2797.5207693494804,7538.8267428130575,-56.607167403436584,0.5590907112615712,196.86433671271692,offense,0.9027432518299443,8.666214853306451,0.9833386660727094,1.752328777106992
16.299999999762804,-1.677991078009239,1.419452284547048,209.4601747991004,1631.4910833272695,-3317.9957227617106,7443.57377634033,-1143.153477367945,-2806.604899286296,7537.925096028302,-56.49114483557613,0.5610404898752133,196.6332004527778,offense,0.9022359936255716,8.615664880511353,0.9833301910737868,1.7599885841024658
16.39999999976135,-1.7491211604174444,0.9238846413841623,208.26048797719224,1609.2621398852264,-3335.150346510086,7442.9682873891325,-1172.4372751541011,-2815.573582424614,7537.023266692007,-56.363399391158865,0.5632422781527264,196.4029094050857,offense,0.9017677323536072,8.541107101913633,0.9833205931355788,1.7667676892653894
16.499999999759893,-1.808476649323698,0.28503745847471884,207.07510861691725,1586.744701492074,-3351.9074015470546,7442.215052041966,-1201.756800540262,-2824.4265963672947,7536.121677518651,-56.22421515509008,0.565704735095265,196.1735711280078,offense,0.9013282645150712,8.509643131900283,0.983310119297854,1.7726958028868691
16.599999999758438,-1.878910532338562,-0.45910830437513067,205.9223193685183,1563.94232784173,-3368.231759876808,7441.272522515774,-1231.1115821627106,-2833.163773421472,7535.220752003915,-56.07388096260438,0.5684228002777973,195.94528578667772,offense,0.9005475545115722,8.429263765840204,0.9832987168111696,1.7777276304591778
16.699999999756983,-1.8982341258184838,-1.195560266156622,204.74777451253522,1540.8985981075853,-3384.1840898053174,7440.131878163231,-1260.5011345704484,-2841.7850050795264,7534.320909254891,-55.91271417122732,0.5713991774929681,195.7181558438219,offense,0.9005070911929499,8.788868560046936,0.9832866817643738,1.7819078252129872
16.799999999755528,-1.8872818685642656,-1.9653144769496327,203.62742687463222,1517.639724164814,-3399.8142654461444,7438.802547671628,-1289.9249592820008,-2850.290235096809,7533.422569107646,-55.741092944896046,0.5746194489173977,195.49227497548839,offense,0.9004185091108601,9.21106910891361,0.9832738629610007,1.785167095015296
16.899999999754073,-1.9025676366487367,-2.807179788943266,202.64032418943944,1494.1503059452282,-3415.0591328375112,7437.262939546842,-1319.3825456824197,-2858.679451218037,7532.526155035151,-55.559975707162074,0.5780681353571602,195.26773182042632,offense,0.8997099312849993,9.24531841651922,0.983260384218793,1.7874951236992869
16.999999999752617,-1.9440721878097977,-3.621880345582622,201.7017431161084,1470.4237603982688,-3429.862974357918,7435.478076924455,-1348.8733713801628,-2866.952710568471,7531.632074147138,-55.36980013136617,0.5817443810645283,195.04462257477306,offense,0.8990367935861789,9.138961168344917,0.9832465411640126,1.7889409878930316
17.099999999751162,-1.9464586542354758,-4.352442599163416,200.71208209869528,1446.4917623052836,-3444.291053065368,7433.458223778714,-1378.3969034697036,-2875.1101385621905,7530.740717225308,-55.170467507321646,0.5856421911358247,194.82303712163895,offense,0.8991363544115767,9.41047825516253,0.9832324728370642,1.7895306845406227
17.199999999749707,-1.906555874181666,-5.022784764103077,199.71666449560894,1422.3804292787222,-3458.41321438416,7431.231094783312,-1407.9525998238562,-2883.151905573471,7529.852474469996,-54.96228277073961,0.5897353795641512,194.60305068771126,offense,0.8995897657086607,9.896770888733329,0.9832180734519194,1.7892198823629655
17.299999999748252,-1.8468794586834736,-5.619862395079994,198.7889182672601,1398.088385553845,-3472.211753623051,7428.802447577593,-1437.5399098045414,-2891.0782230297405,7528.967735786319,-54.74615145957844,0.5939972576574765,194.38473431660805,offense,0.8995715283050285,10.184648528116995,0.9832033914523828,1.7879916446173518
17.399999999746797,-1.819641984713741,-6.208171605211814,197.94995798106268,1373.5951990272106,-3485.5892036939317,7426.160449391127,-1467.1582750655525,-2898.889360649356,7528.086875814155,-54.522784508910945,0.5984127381686222,194.16816259517336,offense,0.8987750419166091,10.054050235037634,0.983188633707812,1.7858779330059726
17.49999999974534,-1.8210466057305243,-6.699542909018738,197.10310524910776,1348.8944001488198,-3498.479276570688,7423.29099411614,-1496.8071308363767,-2906.5856589026375,7527.2102428959315,-54.292159685427364,0.602975669121117,193.95341083002754,offense,0.8980579971733431,9.857727238814947,0.9831741014617368,1.7829565387473583
17.599999999743886,-1.8254783587699586,-7.18534696636158,196.20226012522983,1324.0041238896804,-3510.9187654730213,7420.210336454049,-1526.4859072496404,-2914.167522950357,7526.338163140467,-54.05373192087184,0.6076736095820316,193.74054684799788,offense,0.8974086635213899,9.716427080908211,0.9831599289126961,1.7792776372409944
17.69999999974243,-1.8464619555468718,-7.664228327510541,195.26434826400967,1298.9292480806603,-3522.8760904472974,7416.904172475762,-1556.19403013657,-2921.6354019552236,7525.4709556586895,-53.807268828465226,0.612479605811445,193.52962626449045,offense,0.8968231919218408,9.585444171984726,0.9831460568799008,1.7748355386132457
17.799999999740976,-1.8199595666241013,-8.048714669852147,194.243591197175,1273.6924102808518,-3534.4203155618743,7413.3874159103125,-1585.9309219319537,-2928.989796708433,7524.608925742874,-53.55260660698547,0.6173793557836075,193.32071008414323,offense,0.8970239099846842,9.814960411895907,0.9831327349365216,1.769701791788708
17.89999999973952,-1.7642574070924915,-8.408036582532752,193.22040157805563,1248.3015308287877,-3545.60865122796,7409.686441861323,-1615.6960022394726,-2936.231249201016,7523.752373867504,-53.289772497094475,0.6223437689667257,193.11384924578726,offense,0.8975692900123033,10.058047616832827,0.9831197498874467,1.763826487663052
17.999999999738066,-1.7345468472987269,-8.80370953023143,192.2743152105431,1222.7407568929316,-3556.360276694822,7405.801192411951,-1645.4886882075912,-2943.360333676187,7522.901599964306,-53.019479998083206,0.627345362377569,192.9090912869201,offense,0.897351603753586,9.95740613070247,0.9831071710715613,1.75721683064372
18.09999999973661,-1.7687007054996071,-9.25284675624332,191.36789871077292,1197.0049285715354,-3566.571591275816,7401.719671187791,-1675.3083961766263,-2950.377684459817,7522.056880213282,-52.74185678777964,0.6323768422388168,192.70649540787053,offense,0.8964454415222719,9.551591916700813,0.983095298888782,1.749954320184694
18.199999999735155,-1.8159693778961714,-9.640357202626275,190.39848441841238,1171.1106454069563,-3576.185002463318,7397.414569747165,-1705.1545430247927,-2957.2839996114562,7521.218464029166,-52.45620272531174,0.63743266118157,192.50611790160193,offense,0.8952755334795581,9.195328578471674,0.9830843174274306,1.7421130810805177
18.2999999997337,-1.8120925190728026,-9.98056808128399,189.3062610590068,1145.0881124474788,-3585.280171738017,7392.890540748257,-1735.0265467914994,-2964.0800291654937,7520.386583588013,-52.16153619020826,0.6425009066727934,192.308008707762,offense,0.8949347328900262,9.25328732335151,0.9830743306056408,1.7337529935995006
18.399999999732245,-1.7773150535444209,-10.360546938655462,188.17486955014817,1118.9444683031927,-3593.927407736985,7388.168070671109,-1764.9238262927033,-2970.766552616943,7519.561472962108,-51.85743425561715,0.6475515548144823,192.11220525582198,offense,0.8951425993158442,9.443087081801563,0.9830651142167716,1.7248358435276552
18.49999999973079,-1.7707065882935071,-10.830280166383185,187.0930376865168,1092.6776392963302,-3602.0961206482248,7383.250364959145,-1794.8458011736566,-2977.3443746159483,7518.743370606647,-51.544252565197475,0.6525574953060533,191.91874627737923,offense,0.8949501253942002,9.42661740358062,0.9830566618736045,1.715359321338426
18.599999999729334,-1.7905754922000898,-11.267150081633298,186.0237791346977,1066.303234758615,-3609.7315518860423,7378.123681762881,-1824.7918934471197,-2983.814345259761,7517.932502110827,-51.222127556086846,0.6575065158130317,191.72768083655905,offense,0.8944023880117397,9.354678610850094,0.9830491265089694,1.7053669848055637
18.69999999972788,-1.773061698511229,-11.598267205631968,184.89495039115667,1039.8442355238828,-3616.903261978284,7372.800497731501,-1854.761528520722,-2990.1773640977194,7517.129076471251,-50.89072268314408,0.6623886163683722,191.53905707211388,offense,0.8942791014621467,9.593578112444,0.98304260844185,1.6949016248631485
18.799999999726424,-1.709505312154969,-11.847864695248662,183.74612098065572,1013.3155103162688,-3623.6981348476174,7367.309644763616,-1884.7541344506296,-2996.434358513389,7516.333303724608,-50.550068499932266,0.6671743769641991,191.3529077630056,offense,0.8944186656406492,10.044952059939705,0.9830368819373325,1.6839150529574118
18.89999999972497,-1.6088482738698995,-11.955521833057677,182.7877442215993,986.6982922069154,-3630.1397966304635,7361.669863742692,-1914.769141723353,-3002.5862758281182,7515.545399046717,-50.20095337927799,0.6718320984584011,191.1692619371159,offense,0.8960872856044578,10.275614954382661,0.9830318822175161,1.6723828838765493
18.999999999723514,-1.4774742877624891,-11.879884503855003,182.09740883241759,959.9649071710121,-3636.2225496363867,7355.903439411781,-1944.8059845734876,-3008.634095844879,7514.765569744599,-49.844234879382846,0.6763376267546047,190.98815223466488,offense,0.8977660929384149,10.165746762714162,0.9830276308242706,1.6603032248635123
19.09999999972206,-1.3184052780370605,-11.6095743695378,181.50408219185786,933.1130926324084,-3641.9484118884448,7350.049158066202,-1974.8641019318525,-3014.5788339838477,7513.994009691552,-49.48061306099405,0.68066876535984,190.80960731934087,offense,0.899497728388551,9.862786600664089,0.9830241594232065,1.6476844638688726
19.199999999720603,-1.1335747308801458,-11.1165056863052,180.97972029621528,906.138849015814,-3647.3325120132095,7344.152448406739,-2004.9429380495499,-3020.421539068528,7513.230898137171,-49.110678071613876,0.6848014996126822,190.63364898466057,offense,0.901317828493318,9.398016542770947,0.9830214844651244,1.634537270551003
19.299999999719148,-0.9515698085079755,-10.399374162991787,180.37920431062187,879.0520505165156,-3652.385526730901,7338.274602843833,-2035.0419429418725,-3026.1632894672885,7512.476400087736,-48.73502045316541,0.6887097514297683,190.46029108241538,offense,0.9018641102810856,8.907199354250167,0.9830195982867663,1.6208699445200903
19.399999999717693,-0.82229697196318,-9.457653384732138,179.65711664812494,851.8639516263426,-3657.064008592368,7332.511276914597,-2065.1605730673023,-3031.8051921947035,7511.730664054576,-48.35421303598248,0.692368944629993,190.28954232621936,offense,0.9017348850635686,8.609524381198863,0.9830185325252666,1.6067045870811851
19.499999999716238,-0.7592031684599848,-8.386525045211986,178.98013989790104,824.5683271697515,-3661.3201988154506,7326.9653869104895,-2095.2982928374013,-3037.3483895397303,7510.9938133064215,-47.968467116647254,0.6957632374589096,190.12141150745313,offense,0.9012245911747567,8.478169286028045,0.9830184440575495,1.5921064082393035
19.599999999714782,-0.7483518535825819,-7.261067243791266,178.35845881675965,797.165386308039,-3665.1148139681977,7321.7237716227655,-2125.4545754424153,-3042.79405836319,7510.265945107502,-47.577556829410426,0.6988781589351122,189.95590167499694,offense,0.9003334662282946,8.50898159233267,0.9830194003126091,1.5771307349787536
19.699999999713327,-0.7785591439299363,-6.157015059297487,177.724251217269,769.6668657322865,-3668.4432831957856,7316.811345062587,-2155.628903062776,-3048.143404661765,7509.547134586091,-47.18105338133367,0.7017004676254377,189.79301071036684,offense,0.8993902813217205,8.686732765451104,0.9830214837995052,1.5618424083339995
19.799999999711872,-0.8425061061387553,-5.147998509153865,177.02840317083823,742.0863259706291,-3671.2947973920973,7312.22574960224,-2185.820766789199,-3053.3976577210606,7508.837440175665,-46.778492105609,0.7042151372007315,189.63273124653142,offense,0.8984171376341096,8.894265178425984,0.9830246733220276,1.5462806124163129
19.899999999710417,-0.929777980663951,-4.273045923867465,176.24645080865875,714.4379132470696,-3673.6596998668524,7307.936530235204,-2216.0296667821094,-3058.5580676521954,7508.136905737102,-46.36945206976286,0.7064108493284256,189.47505570146004,offense,0.8975934449062264,9.07448221320044,0.9830290155905679,1.53049979841238
19.99999999970896,-1.0298595933995929,-3.562615899470158,175.36278786817348,686.735747736612,-3675.52814968283,7303.898709393678,-2246.2551126091635,-3063.625905213221,7507.445561216114,-45.95344841078389,0.7082782538761383,189.31997651680766,offense,0.8968581597025302,9.149295741461534,0.9830345052317603,1.5145411959608557
20.099999999707507,-1.138459544818604,-3.042257892957856,174.36803286598894,658.9947023977953,-3676.8845555534976,7300.065093317235,-2276.496623217135,-3068.602459148969,7506.763425489861,-45.53000603951806,0.7098097759895862,189.1674857509574,offense,0.8961948825101014,9.10488600624039,0.9830411498382112,1.49844752539489
20.19999999970605,-1.2223740244665628,-2.670955442862761,173.42682158231406,631.2178632430572,-3677.731656294229,7296.374812613082,-2306.753727171322,-3073.489036203537,7506.090506827963,-45.098594430815076,0.7109998948233799,189.01757699370177,offense,0.8966353129881266,8.99054911201689,0.9830489558932136,1.4822602147425152
20.299999999704596,-1.2382530181492795,-2.402925356980568,172.60698380178553,603.3925892803097,-3678.1467140968407,7292.761655950911,-2337.0259622418694,-3078.2869570743205,7505.426807605818,-44.65874595631051,0.7118413867447446,188.8702417970728,offense,0.8978483243811879,9.030020983234408,0.9830578603320378,1.4659996640053508
20.39999999970314,-1.1996156684780697,-2.175786855956232,171.7887739929383,575.5095383235913,-3678.217644303909,7289.187405357814,-2367.312873582645,-3082.9975441766906,7504.772337233055,-44.21053729524673,0.7123169955507456,188.7254636475374,offense,0.8995780934465677,9.310041203618223,0.983067624857289,1.449627805384121
20.499999999701686,-1.1188697053040868,-2.0377707134365517,171.29214657372356,547.5643340835761,-3677.976397923293,7285.649061854875,-2397.6140130603953,-3087.6221179815666,7504.127114515302,-43.75472473782047,0.7124082100112431,188.58322643386776,offense,0.9015034405928567,9.33901274777474,0.9830781031552746,1.433113144747422
20.59999999970023,-1.003789166107643,-2.294172681557354,171.77081672191923,519.552283915714,-3677.4560342843974,7282.152241793955,-2427.928940768365,-3092.162006393739,7503.491155642068,-43.29217834724517,0.7121034368872423,188.44352064530204,offense,0.9036314041636068,8.389794336203911,0.9830892664234306,1.4164515422617063
20.699999999698775,-0.8559486269173364,-2.7132906344831604,172.6029447522884,491.47146729659414,-3676.7112472981953,7278.698403107501,-2458.2572252678206,-3096.6185446139125,7502.864471948737,-42.823758201263495,0.7113901463813141,188.30633207182555,offense,0.9056747235025399,7.067783586029721,0.9831010061064895,1.3996215684809712
20.79999999969732,-0.700713113045816,-2.441292463838573,172.55459937650625,463.3392669443238,-3675.7662616012876,7275.317849439544,-2488.598442997714,-3100.993069449118,7502.247072589455,-42.350547542103826,0.7102526316836195,188.17163925462714,offense,0.9064957303235796,6.686554332004376,0.9831132085035357,1.3825981552521365
20.899999999695865,-0.5961187114869129,-1.360879296587606,171.75892920295925,435.182303924864,-3674.577670172382,7272.1100655186565,-2518.9521793350145,-3105.2869228444756,7501.6389566649295,-41.87362227207509,0.7086800730084247,188.03942091499192,offense,0.9065079152531272,7.164840476416473,0.9831258764601144,1.3653886368807224
20.99999999969441,-0.5679982066934339,-0.08695614738073895,170.90635959690607,407.00833911283905,-3673.092099689022,7269.194475104357,-2549.318030783704,-3109.501460547145,7501.0400999317735,-41.39354987456604,0.7066717696206579,187.90965859293934,offense,0.9063935014112394,7.683855076671429,0.983139135315134,1.3480457629681677
21.099999999692955,-0.5998111007202772,1.125407626494909,170.13867105866302,378.83469938662165,-3671.2611778677397,7266.670456786162,-2579.695605593064,-3113.638051651109,7500.45045310725,-40.910335080420005,0.7042298501440132,187.78232774947782,offense,0.9053843218917058,8.068373988217807,0.9831530399805614,1.330619949152961
21.1999999996915,-0.6371714580659035,2.179972657592057,169.5636611751032,350.67346392521534,-3669.0700459701084,7264.5408459458295,-2610.0845235920874,-3117.698074515314,7499.869944910053,-40.42363882730353,0.7013588974632523,187.6573988874987,offense,0.9052881046862108,8.289780914220783,0.9831676679102337,1.3131759634371092
21.299999999690044,-0.616512933948345,3.0705086185225445,169.18554389439015,322.50740807916696,-3666.5610411472117,7262.732571085167,-2640.484415465027,-3121.6829114168163,7499.298488379192,-39.932982339918055,0.6980622292930849,187.53483644286902,offense,0.9058712716031329,8.408679526272193,0.9831829857907748,1.2957532401158216
21.39999999968859,-0.5374187635227852,3.696819220015975,169.03293704901552,294.31984947322326,-3663.805906329428,7261.166267698932,-2670.8949206782167,-3125.593937992011,7498.735993848994,-39.43823181640423,0.6943381058300035,187.41459672011973,offense,0.9072059778396087,8.392559880389182,0.9831988491056448,1.2783546237962704
21.499999999687134,-0.4247361725592342,3.3832451759490154,169.43549064014434,266.09506244519434,-3660.8820510054984,7259.769116007534,-2701.3156862877336,-3129.4325179968964,7498.182375046564,-38.93979113997524,0.6901827382804298,187.29663472002926,offense,0.9084571790462895,7.339604374966603,0.9832151091119107,1.2609683837445385
21.59999999968568,-0.3371897766397132,2.5345985206624397,169.9410313488968,237.84741822439238,-3657.813777288876,7258.568419637132,-2731.7463666506424,-3133.2000023698174,7497.637549276865,-38.43851393540424,0.6855927137470448,187.18090618543496,offense,0.9090194692647664,5.677854167880807,0.9832316134083535,1.243571491195695
21.699999999684223,-0.3183439579601684,2.101844253998508,170.1485716362817,209.5882188559964,-3654.600928855502,7257.622504600382,-2762.186624889521,-3136.897735043299,7497.101427630446,-37.93531062517784,0.6805722148995987,187.0673743288397,offense,0.9096285372136788,4.527742628256522,0.9832483745657636,1.2261812803710237
21.79999999968277,-0.3429267583143062,2.1960579397411575,170.19042616386105,181.32285819654174,-3651.2369372171197,7256.962158278141,-2792.6361339678624,-3140.5270562641003,7496.57390870997,-37.43082850064722,0.6751293425235072,186.95600250360812,offense,0.91017199587662,4.043756817551311,0.9832653669039985,1.2088125088519477
21.899999999681313,-0.3429814469272894,2.8607338992445634,170.16656134404622,153.03670677715448,-3647.7411146065165,7256.513752606443,-2823.09457657572,-3144.0893002239563,7496.054879218394,-36.92554774509548,0.6692744660346575,186.84675099972517,offense,0.9117428357379819,4.305965336770684,0.9832825927807725,1.191491960011215
21.999999999679858,-0.31752079108894987,2.915085566839772,170.29387832602274,124.71306511296515,-3644.1505407687614,7256.200068121943,-2853.561644387617,-3147.5857907212435,7495.5442181181825,-36.41993335274866,0.6630161500357078,186.7395742060153,offense,0.9128322476623157,3.941361220605304,0.9832999630001519,1.1742242491154822
22.099999999678403,-0.2937803757056683,2.6679564690810103,170.5253174006767,96.36374693030213,-3640.461429343807,7256.038749694884,-2884.0370371673366,-3151.0178365559623,7495.0418009222485,-35.91464163833854,0.6563627149674506,186.6344229769437,offense,0.9144365129964355,3.34410300275791,0.9833173986204068,1.1570130538175962
22.199999999676947,-0.2543043143943954,1.7560022719330086,170.89021903279388,67.96621975967777,-3636.7078754984614,7255.952291246966,-2914.5204641596074,-3154.386735887864,7494.5474916378025,-35.410208705637764,0.6493290311140751,186.53125463773435,offense,0.916040137945596,2.1454285144417726,0.9833349486792231,1.1398960275839884
22.299999999675492,-0.2746516904027186,1.9750495420635295,170.79712743668185,39.55169849751471,-3632.8825444991144,7255.998784314332,-2945.011643000589,-3157.693771411546,7494.061148877445,-34.90716903154245,0.6419272213150509,186.43001794195618,offense,0.9161798836781581,1.9794978675112744,0.9833524592064369,1.1228611856088364
22.399999999674037,-0.3099317162283617,3.3829532833691816,170.44306755359221,11.142925068280826,-3628.954332476538,7256.266951774496,-2975.510300416811,-3160.9402115218872,7493.582621425161,-34.40603347186996,0.6341761924023094,186.3306687105621,offense,0.9170016186650747,2.9866791370611208,0.9833700356020867,1.1059610983302597
22.499999999672582,-0.2886091332347518,3.741696427736558,170.51066553880347,-17.287674783276994,-3624.936576292534,7256.692288176173,-3006.016173771591,-3164.1273152155986,7493.11174085691,-33.906846650867244,0.6260992202337449,186.23316501279845,offense,0.9184310504752815,3.081670354304421,0.9833876906214473,1.0892341097144487
22.599999999671127,-0.23483955172883184,2.8304351151142426,170.869847492256,-45.75507680530864,-3620.867017838204,7257.180364283672,-3036.529008651648,-3167.2563229732104,7492.6483347733765,-33.40970665224827,0.6177163019692747,186.13745483721036,offense,0.9195459821660309,1.9306108395598165,0.9834053275660757,1.072690318319906
22.69999999966967,-0.17298921809610338,2.660125181999316,171.02578695864293,-74.25120792727522,-3616.7486525341137,7257.739190816921,-3067.0485577381705,-3170.3284528263816,7492.192232218426,-32.91497917127812,0.6090450383105506,186.04348596407,offense,0.921195312686536,1.6115003306543585,0.983422867796406,1.0563360226575944
22.799999999668216,-0.09708909335683516,2.7446727288261306,171.06224860672944,-102.79622116077579,-3612.6013478236614,7258.317465482891,-3097.574581976282,-3173.3449042857233,7491.74325708544,-32.422995413225095,0.6001079632702891,185.9512138797188,offense,0.9225994424499612,1.6003589279628134,0.98344033296465,1.0402013072546137
22.89999999966676,-0.07870689337568605,2.5344820795749934,171.01627323733723,-131.36659571008934,-3608.429478242969,7258.969399878771,-3128.1068498960994,-3176.3068563663387,7491.301231633857,-31.93406719541557,0.5909259756339799,185.86059107098237,offense,0.9231249194757191,1.1355160348564182,0.9834576169755851,1.0242836151450159
22.999999999665306,-0.09324032177016918,2.588414940469111,171.01356756516904,-159.9495082407937,-3604.227631154435,7259.75638304337,-3158.645137605081,-3179.2154672638358,7490.865975869215,-31.44853088008252,0.5815224086187976,185.77157452295987,offense,0.9242026829214933,0.992312275177005,0.9834747484168823,1.00861155903103
23.09999999966385,-0.1157713675551879,1.933893258153754,171.0615361839537,-188.5625531794128,-3600.0025210379986,7260.609277976713,-3189.1892294070017,-3182.071876474561,7490.43730440698,-30.966527392231857,0.571921549705026,185.684123567611,offense,0.9250813868862614,0.19709099801858132,0.9834917001312973,0.9932016630492725
23.199999999662396,-0.1966072075222209,2.4111611551732075,170.88561253127082,-217.17563611661146,-3595.7447447849254,7261.590335439402,-3219.7389166604776,-3184.8772014737256,7490.0150320533785,-30.488213898163917,0.5621466977782027,185.5981950331126,offense,0.9249458556305777,0.3738464536523437,0.9835084232143071,0.9780635418057537
23.29999999966094,-0.28357378740595973,4.263324799628022,170.49728726203642,-245.76523201185657,-3591.4285717768435,7262.753953886998,-3250.2939983232027,-3187.632539543663,7489.598970671502,-30.013651149547666,0.552222618273416,185.51375164434472,offense,0.9247788490085902,1.9386948979480003,0.9835249497493497,0.9632257298030147
23.399999999659485,-0.30596814309307885,5.0608746802678635,170.423918355408,-274.3566383546506,-3587.050332436403,7264.043361485008,-3280.8542814926573,-3190.338969833848,7489.18892662991,-29.542643419231382,0.5421760461757553,185.43075907423494,offense,0.9260582843059636,2.563599616479762,0.9835412993832268,0.9487165108882119
23.49999999965803,-0.2529046916504192,4.248851955707435,170.82901631266492,-302.99824121608185,-3582.634955384884,7265.34598410692,-3311.419579980542,-3192.997550123885,7488.78470801172,-29.07497160768669,0.5320307354972765,185.3491794361918,offense,0.9283571947867112,1.7549811911239055,0.9835574111466151,0.9345421717574648
23.599999999656575,-0.1593567793536552,3.4235623252359115,171.11157558310651,-331.71162918292725,-3578.208157283059,7266.577227945042,-3341.9897126908227,-3195.609313435961,7488.3861320428405,-28.610653108094585,0.5218060935746297,185.26897317701687,offense,0.9303003661441427,1.0495037024404281,0.9835731909829777,0.9206931045090053
23.69999999965512,-0.09888579320088843,2.5910258936572723,171.17895228042627,-360.4733610977226,-3573.771114479024,7267.767205549738,-3372.564503440055,-3198.1752686746677,7487.993024905756,-28.14990189405141,0.5115198054103433,185.1901052531198,offense,0.9313505126901324,0.21428856456540213,0.9835885821873475,0.9071618433408003
23.799999999653664,-0.0688094213729761,3.196694911783903,171.12411330060576,-389.2624722216021,-3569.313417478965,7268.989058232343,-3403.143781925697,-3200.6964040633225,7487.605216071269,-27.692881539764333,0.5011908236391389,185.11254788254146,offense,0.9327119719197621,0.755652019740489,0.9836035896842058,0.8939547158668781
23.89999999965221,0.012810024630362604,4.779079522563121,171.14638202802294,-418.0990490411172,-3564.8386481221582,7270.224630193591,-3433.727384024328,-3203.1736887180305,7487.222536272821,-27.23959633465869,0.4908382652619386,185.0362757183992,offense,0.9345006550646003,2.352183245894922,0.9836182053956827,0.8810761561697514
23.999999999650754,0.1423276649186063,6.543799333047004,171.3423096100306,-446.9929871373336,-3560.355039236784,7271.4664033751615,-3464.315150770128,-3205.608070904717,7486.8448218712365,-26.790053122828333,0.4804786460588696,184.96126116674054,offense,0.936318904158007,4.036669092984683,0.9836323744415539,0.8685174082114065
24.0999999996493,0.30916099523298374,8.429919384431615,171.82728495699973,-475.9393967667348,-3555.8833152951547,7272.788449855748,-3494.906927910352,-3208.000477773616,7486.471916111685,-26.344329346647303,0.4701265431135484,184.88747835085314,offense,0.9379631621837957,5.62748433586854,0.9836460682281144,0.8562728036285124
24.199999999647844,0.5060140859558642,9.873647155909788,172.57863843278423,-504.9331105096568,-3551.465935660577,7274.253629796213,-3525.502565467539,-3210.3518153317177,7486.103670325006,-25.902582232475957,0.45979418872482847,184.81490157340258,offense,0.9392379067983208,6.566378173506108,0.9836592188658726,0.8443238648171405
24.29999999964639,0.6887156739594834,10.619602997403572,173.24804939114014,-533.9737389293399,-3547.1638184743933,7275.8917841632965,-3556.101916593339,-3212.6629666451054,7485.739948236815,-25.465203831989033,0.44949029081567315,184.7435034824858,offense,0.9404326715937695,6.577921330068826,0.983671727127141,0.8326391048620596
24.399999999644933,0.8009444424521274,10.228324456883776,173.1458995927798,-563.0590131766878,-3543.0435420563385,7277.721067184776,-3586.704836681423,-3214.9347905275395,7485.380628614277,-25.03291265981738,0.4392195900360338,184.673256212022,offense,0.9411706234712444,5.2633453526706155,0.9836834730909552,0.8211751749216016
24.499999999643478,0.8425412078282492,9.34330137083593,172.56380311680874,-592.1766950662666,-3539.1491858513955,7279.733944308517,-3617.311183051892,-3217.1681211681935,7485.025604851663,-24.606745344085677,0.42898429164167307,184.60413303704516,offense,0.9411460858272926,3.457855424417207,0.9836943476653763,0.8098860210819255
24.599999999642023,0.8358617048066512,9.388067191613663,172.98750116508972,-621.2981383808128,-3535.529380600049,7281.946331274748,-3647.920815869217,-3219.3637698948432,7484.674778667364,-24.18786100272057,0.41878695391761345,184.53611198722916,offense,0.9403256087947716,3.1273247536378226,0.983704312095561,0.7987418175506834
24.699999999640568,0.8007615171826072,10.356074788567714,174.4299982669791,-650.4171942399931,-3532.199125331714,7284.371202072394,-3678.5335982807665,-3221.522524956332,7484.328057962394,-23.777468137658083,0.40862981517830926,184.46916933800145,offense,0.9400207739461239,4.278783252234473,0.9837132849927889,0.7877038770526786
24.799999999639113,0.746033394694849,11.251196680991168,175.70070411274637,-679.5433343302133,-3529.158657669709,7287.024425718293,-3709.149397426158,-3223.6451524309455,7483.985350594622,-23.37671372106457,0.3985177531367677,184.40328507063072,offense,0.9399340215092951,5.19276947089845,0.9837213055861225,0.7767669055242395
24.899999999637657,0.6542751624736816,11.096552162876273,175.8242410503555,-708.6661039729324,-3526.4177394247554,7289.945222230607,-3739.7680854840223,-3225.7323973686575,7483.646558720729,-22.986489724946008,0.38845820004004084,184.33843852519607,offense,0.939700154813595,4.6485462934317185,0.9837283846914172,0.765925793156389
24.999999999636202,0.5292308905205693,10.054449553528299,175.1972247402628,-737.7781641153259,-3523.913416610873,7293.114645677296,-3770.3895391722076,-3227.784981652032,7483.31158076284,-22.60757943432392,0.37846025978803555,184.27460444042887,offense,0.9395876143705281,3.097489408129096,0.9837345308872102,0.7551799251159111
25.099999999634747,0.42223348282427786,8.904238780958286,174.73979970176103,-766.8790937107714,-3521.5604797037145,7296.484351949135,-3801.0136425921824,-3229.8036082604613,7482.980297839675,-22.24028314552889,0.3685399275117275,184.21176781588008,offense,0.9398580853203664,1.6861418675279747,0.9837399611484939,0.7445889676039539
25.19999999963329,0.3449017719503873,7.994492086687114,174.45599494632745,-795.9869217835674,-3519.288067811356,7299.965676046846,-3831.640288690981,-3231.7889637369303,7482.652568207297,-21.88416158175545,0.3587195637117623,184.1499119298593,offense,0.9402907850252489,0.6078663116824929,0.9837448125176413,0.7342071740178262
25.299999999631837,0.22932969965844743,7.080321868465915,174.17027638060492,-825.092608694532,-3517.0773964737646,7303.558768028266,-3862.269377891195,-3233.741715606571,7482.328235157431,-21.538384525538934,0.3490237675576705,184.08901351249392,offense,0.9404870209070213,-0.40311731487522945,0.983749208395838,0.7240919315084385
25.39999999963038,0.12770238036215636,5.913675396941694,174.0594364599868,-854.1985451592446,-3514.888097281156,7307.212385906232,-3892.9008160199246,-3235.662509607882,7482.007137992898,-21.202067039557914,0.3394742246631006,184.02904112394634,offense,0.9408661307672658,-1.4356745571510987,0.9837531464407319,0.7142678640550889
25.499999999628926,0.1085377457877605,4.860082410856731,174.16517993037291,-883.3342438411289,-3512.6875471459643,7310.801483436701,-3923.5345143810605,-3237.5519709401124,7481.689112336469,-20.874292778759802,0.3300932360360303,183.96996919728022,offense,0.942023854126891,-2.1738325756334134,0.9837567541388501,0.704788136295986
25.59999999962747,0.13277129788947786,3.8303810769718845,174.1763065879946,-912.5254685653775,-3510.4665811934474,7314.2218327656,-3954.170389603981,-3239.410706015328,7481.373991770476,-20.55400412100924,0.32090135476285264,183.91177206409193,offense,0.9430206155912094,-2.870717819628946,0.9837600424792737,0.6956751846498617
25.699999999626016,0.11075597911318115,2.7191104132351906,174.0299056537292,-941.750241554472,-3508.227454276777,7317.495378476877,-3984.8083617651223,-3241.2393010004357,7481.061617023892,-20.240297908432204,0.3119159817144369,183.85442213069976,offense,0.9432515598234883,-3.7290081928702667,0.983763013951916,0.6869430588619452
25.79999999962456,0.029673972251034648,1.8792164164405118,173.92162803429113,-970.9836822722891,-3505.9732428702723,7320.664976588139,-4015.448353914576,-3243.0383229948097,7480.751838069535,-19.932419582330834,0.30314978555602606,183.7978949859662,offense,0.9431212263332096,-4.27108042508309,0.9837656578339027,0.6785946756672806
25.899999999623105,-0.09702025633349208,1.7002825751522819,173.9135685766994,-1000.220047122721,-3503.700654865922,7323.7344430433395,-4046.090291694521,-3244.808321290987,7480.444515525243,-19.629746012484294,0.29461250448157944,183.74216922844897,offense,0.942911882215763,-4.05996191305988,0.9837679627073583,0.6706268112122505
25.99999999962165,-0.20239938089907955,2.310283289494874,174.03382453100045,-1029.4609348744893,-3501.404691432129,7326.717802779016,-4076.7341032562304,-3246.5498289734774,7480.1395204551645,-19.331734655473877,0.2863103201236857,183.68722742907732,offense,0.9431072307087439,-3.0554199824873103,0.9837699252837182,0.6630329212573509
26.099999999620195,-0.2125325067799368,1.9728212116986348,174.4330809250921,-1058.7277809739587,-3499.1016009704417,7329.54780222061,-4107.379719104345,-3248.263364294328,7479.836734402684,-19.037892097320213,0.2782466710072473,183.63305468819166,offense,0.9437909684166448,-3.053871998216327,0.9837715362948979,0.6558013039689603
26.19999999961874,-0.1765181599080194,1.2192553574027996,174.764025921045,-1088.043104809293,-3496.8107026079815,7332.158620398251,-4138.027070966308,-3249.9494304631494,7479.536053722239,-18.74789909602538,0.2704204076359639,183.57963448877737,offense,0.9446058482322026,-3.503285704404832,0.9837727263632678,0.6489004440731586
26.299999999617285,-0.1325250695589492,0.5024723298379715,175.05135117021263,-1117.4018937849278,-3494.521506974983,7334.565075593493,-4168.676091344019,-3251.608516156125,7479.237390313965,-18.461659844363822,0.2628265641956965,183.52695287929586,offense,0.9457537180414033,-3.8475041017524316,0.9837734600717749,0.6423016382977892
26.39999999961583,-0.012619190014850819,-0.3482843616678961,175.35022149984707,-1146.8292265971716,-3492.2422004270893,7336.680738973708,-4199.326714914948,-3253.2410986389814,7478.940663896835,-18.17903974003957,0.25545938868781554,183.47500369305664,offense,0.9475112492154041,-4.108944959404642,0.9837737744841958,0.6359929626305475
26.499999999614374,0.16691850669017785,-0.9834186203125398,175.48504209163863,-1176.3395040680684,-3489.959185619834,7338.419225916866,-4229.97887780373,-3254.8476438193784,7478.645804419256,-17.89991826877515,0.24831120137384347,183.4237770069359,offense,0.9493982966108269,-3.939313265443618,0.9837736011577802,0.629936793707949
26.59999999961292,0.3429329750362431,-0.9553489310360148,175.47258238957517,-1205.9205520301552,-3487.6406256984455,7339.807208709348,-4260.632517984405,-3256.4286073183657,7478.352748939938,-17.624194496518054,0.24137377303574054,183.37326821978496,offense,0.9509147132867042,-3.191633986326648,0.9837730027251519,0.6241269878488326
26.699999999611464,0.4903115189178985,0.27861342340797973,175.91009293032297,-1235.5513525541323,-3485.282033148019,7340.971449236978,-4291.28757668787,-3257.9844374135923,7478.061434371117,-17.351513178140124,0.23464000693882717,183.32347623383063,offense,0.9524388965791735,-1.3462784962880918,0.9837720223380998,0.6185565867164563
26.79999999961001,0.6264362503152306,2.5718280909064184,177.10796726023037,-1265.2400576420002,-3482.909192478217,7342.0043801878455,-4321.943996986343,-3259.515573977424,7477.771803451118,-17.081504920960967,0.22810244868373156,183.27439404126304,offense,0.9541560769403906,1.4487739160180726,0.9837706348730504,0.6132036286870037
26.899999999608553,0.6888102817753424,4.608450237779354,178.35247586016308,-1294.98049726233,-3480.6287915682565,7343.071159530267,-4352.601722242663,-3261.022447194477,7477.483810870207,-16.814039594103495,0.22175005866924513,183.22601061449765,offense,0.9553089753964902,3.531789751812821,0.9837687784990173,0.6080336477629819
26.9999999996071,0.6584658996131132,5.043725802267634,178.45539193918853,-1324.7507212566861,-3478.5353512844113,7344.278777195362,-4383.260692839721,-3262.5054740834166,7477.1974368246765,-16.549643625710097,0.21556511272326515,183.17830352080463,offense,0.9556220273645012,3.414357889590025,0.9837662104248824,0.6029594784485881
27.099999999605643,0.5597487441698751,4.312160154946591,177.7282448156356,-1354.5330750455214,-3476.6489524979606,7345.663798247749,-4413.92084619418,-3263.9650582107492,7476.912684434796,-16.289499489093288,0.2095255545958514,183.1312575893072,offense,0.9558101512430389,1.8946279594664768,0.9837628566632163,0.5979261591642514
27.199999999604188,0.45544756875106907,3.440652819651467,177.16482834085113,-1384.3264626025862,-3474.9079777063266,7347.188387488899,-4444.5821207454355,-3265.401594303841,7476.629559591374,-16.03471012321654,0.20361199329403903,183.08487188416942,offense,0.9563749318453264,0.5846080134645343,0.9837587559264395,0.5929094051179862
27.299999999602733,0.36575870284518164,2.586570719224281,176.71020453047444,-1414.1454710226046,-3473.242925004101,7348.763968004635,-4475.244459462022,-3266.8154716478257,7476.348054070214,-15.78579259536025,0.1978135925129868,183.0391551393747,offense,0.95711571397555,-0.5055434884232003,0.9837540834776306,0.5879313183691596
27.399999999601278,0.26983551944899586,1.523867359390177,176.3261381216274,-1443.9839358714821,-3471.6241075915946,7350.367373845474,-4505.907810534458,-3268.207074346864,7476.068142628715,-15.542632131271448,0.19212561945604265,182.99411123644876,offense,0.9578051773048041,-1.623687743394622,0.9837489400463969,0.5830089690703161
27.499999999599822,0.18538972242850615,0.9220855583109433,176.13002533075107,-1473.846333277552,-3470.019310917465,7351.927874858317,-4536.572125413599,-3269.57677860388,7475.789792345104,-15.304915579064225,0.18654619295045402,182.94973331670334,offense,0.95821344370022,-2.1804822427563884,0.983743366707813,0.5781512365752505
27.599999999598367,0.049633045835236374,1.8547003478401698,176.17409647247766,-1503.7106610143553,-3468.4316619159217,7353.508653535143,-4567.237358817338,-3270.924952788671,7475.512962743336,-15.072207950443788,0.18107493073506506,182.90601450124623,offense,0.9581690179824918,-1.3016610184848312,0.9837374584887718,0.5733824351021074
27.699999999596912,-0.06715469378230891,3.794081145145281,176.31403608011988,-1533.5825882908437,-3466.848110637978,7355.175143680591,-4597.903467554162,-3272.2519568357816,7475.23761156241,-14.84408374232109,0.17571221295642367,182.86294100825356,offense,0.9591337288311741,0.5556882011848961,0.9837311856388449,0.5686975111565734
27.799999999595457,-0.09370099350588536,4.275251857740268,176.48438724289878,-1563.4718504258901,-3465.257431794524,7356.8887425534995,-4628.570410470048,-3273.5581425344603,7474.96369495394,-14.620189784638034,0.1704589514239219,182.82050257464195,offense,0.9594530563362098,1.0405136322462225,0.9837246323593517,0.5641179343336037
27.899999999594,-0.08013947925745296,3.284791114142832,176.63753190476325,-1593.386866130099,-3463.662574844076,7358.57329568275,-4659.238148837748,-3274.8438548856707,7474.691165952677,-14.400093472240249,0.1653165682782926,182.77868878433802,offense,0.9605778545302238,0.08195596463486414,0.9837178064066259,0.5596471293724136
27.999999999592546,-0.058218774688307294,2.3335511818375423,176.78084261652896,-1623.3387856117527,-3462.0568701279467,7360.230180456332,-4689.906645180583,-3276.1094313816475,7474.4199799063235,-14.183474667294039,0.1602864938037067,182.73748671598594,offense,0.9619703884584379,-0.7365466945279926,0.9837107136810415,0.5552868321698436
28.09999999959109,-0.02020521887925381,0.9252027960996312,176.85359857842187,-1653.3431684166756,-3460.4505112586653,7361.766033262101,-4720.575863676017,-3277.355203018277,7474.150092514578,-13.970040468337292,0.15536912078899456,182.6968866961336,offense,0.9633371848045795,-1.891357212899664,0.9837033898930889,0.5510442284751355
28.199999999589636,-0.04764217215200609,-0.14377883509594352,176.79386880126313,-1683.3822695037557,-3458.8428903602307,7363.19218140193,-4751.245769446123,-3278.581494241289,7473.881463025475,-13.759576676808573,0.150564426729604,182.65687623598598,offense,0.9638761632304086,-2.7975806535105576,0.983695800632548,0.5469083633203793
28.29999999958818,-0.14395484962512517,-0.10760781762204921,176.6837139359041,-1713.4243069608704,-3457.2279456309807,7364.571402574415,-4781.916328698798,-3279.7886233837567,7473.614053263429,-13.551945300147446,0.14587142807710962,182.61744650576344,offense,0.9635409009394625,-2.6823301941682587,0.9836879878506701,0.5428849777426648
28.399999999586726,-0.24189777444629837,1.4556400406786445,176.44907091390303,-1743.4587036525718,-3455.5905358024625,7365.953995954308,-4812.587509290821,-3280.976903805504,7473.347824912057,-13.346939152430535,0.14128930471051832,182.57859016727656,offense,0.9636768047464404,-1.0898464992934775,0.9836799623991166,0.5389726618453207
28.49999999958527,-0.2616875758101851,3.9113045906373634,176.00139249161353,-1773.5008431381605,-3453.919191467005,7367.368774732241,-4843.2592807395,-3282.146644236911,7473.082739379055,-13.144299788878707,0.13681786635980797,182.54030114853649,offense,0.964215930163824,1.3306563205794628,0.9836717683596088,0.5351786622486532
28.599999999583815,-0.19896652830064754,4.767810389838411,175.94133897110981,-1803.560623715773,-3452.217576791834,7368.794329036814,-4873.931614112502,-3283.2981492053195,7472.818758239034,-12.943714076436494,0.13245651241179696,182.50257265005146,offense,0.9650429669150491,2.197421774936019,0.9836634143386365,0.5315018155223689
28.69999999958236,-0.0964172149599398,4.02390832747802,176.1635071680729,-1833.6629208227625,-3450.5020820802188,7370.175601277554,-4904.604481167476,-3284.4317186768567,7472.555846949908,-12.744946832846097,0.1282039386584186,182.4653956290784,offense,0.9666678483112443,1.453385416297073,0.9836548882499743,0.5279348354020286
28.799999999580905,-0.030570212338897368,3.029792518492277,176.21809757295338,-1863.8087313016474,-3448.7750442285956,7371.547362073517,-4935.277853722747,-3285.547647894265,7472.293977344111,-12.547915905832918,0.12405667808276422,182.42876004319717,offense,0.9678706666805652,0.42662454543795514,0.9836461575085618,0.5244627741307103
28.89999999957945,-0.04762404763664999,1.4264906200104253,176.1952048891739,-1893.9833529490134,-3447.037662539888,7372.926704367561,-4965.951704219256,-3286.646228151415,7472.0331245719135,-12.352596565567302,0.1200107695312623,182.39265994593993,offense,0.9685924557829219,-1.1896688341012496,0.9836372460520502,0.5210833406911775
28.999999999577994,-0.10965440938947055,0.07258371696472066,176.25629656860895,-1924.17116962592,-3445.286774866487,7374.298763665697,-4996.626005987519,-3287.727747401816,7471.773265586713,-12.158936422611678,0.11606214395119523,182.35708992286212,offense,0.9689917957424983,-2.407637487707296,0.983628145814586,0.5177868943124475
29.09999999957654,-0.19306301556901873,-0.3921413276952491,176.28749403636655,-1954.3721787915595,-3443.5262328915915,7375.588828265074,-5027.300733199921,-3288.79249032382,7471.514379022399,-11.966882101887405,0.1122069924104996,182.32204542152905,offense,0.969016795472486,-2.687236936078895,0.9836188776023697,0.5145711546018357
29.199999999575084,-0.31077181934923837,0.6760045249611272,176.02918620545856,-1984.5637193363284,-3441.7423948952237,7376.852646897662,-5057.975860683796,-3289.8407383981757,7471.25644576563,-11.776386937441247,0.10844097580113703,182.28752070610514,offense,0.9686952605263502,-1.484879576941026,0.983609424801399,0.5114248850456997
29.29999999957363,-0.3841127241039597,2.646399464601042,175.52408581123788,-2014.7530458832375,-3439.917663637044,7378.123164002878,-5088.65136450934,-3290.872770458076,7470.999445952521,-11.587352959166259,0.10476060467282239,182.25351368906786,offense,0.9690735034178014,0.5655825408185765,0.9835998444989063,0.5083556590212492
29.399999999572174,-0.36274708018084556,3.1471267961248888,175.54477063666465,-2044.9727766605738,-3438.058503014658,7379.373642645309,-5119.327222391839,-3291.888863408754,7470.743357149619,-11.39954234130609,0.10116332780730872,182.22002222492947,offense,0.9708193895576078,1.1107726301571665,0.983590153737794,0.5053633000615234
29.49999999957072,-0.2665252636191851,1.956113683889083,176.13112087346317,-2075.2650930462387,-3436.197016618284,7380.51199475382,-5150.003412332565,-3292.889291392713,7470.488160359404,-11.212796755489594,0.09764649351618601,182.18703925620898,offense,0.9733760125967874,0.049063434425917846,0.9835803213794482,0.5024358573038996
29.599999999569263,-0.14230435939756983,0.35140717315669845,176.59614394906947,-2105.6367710334866,-3434.3516049108825,7381.477535826221,-5180.679911413399,-3293.874324996486,7470.233844999308,-11.027209032227677,0.09420473568205408,182.15455456839157,offense,0.9752380734097637,-1.3084358701347645,0.9835702828517664,0.4995499342181658
29.699999999567808,-0.009912310459120777,-0.78088192403225,176.8147240236271,-2136.070896999307,-3432.5145850333665,7382.25688401104,-5211.356696407958,-3294.8442316741166,7469.980405513484,-10.843018029015877,0.09083172323283324,182.12256249861528,offense,0.9772729000105143,-2.0377367497638015,0.9835600428525185,0.49669730563439546
29.799999999566353,0.1685068839619957,-0.5238749088431265,176.93064913059322,-2166.572289052623,-3430.676665378487,7382.804393801138,-5242.033745213141,-3295.799276855455,7469.727834527063,-10.660354201996059,0.08752215453501314,182.09106237546737,offense,0.9791005474176098,-1.2749448836346184,0.9835496359481877,0.4938786346829496
29.899999999564898,0.33588649829352635,0.6496117972778214,177.11002509724747,-2197.133416032835,-3428.8288112848936,7383.183919173896,-5272.711036859351,-3296.7397239076877,7469.476122711039,-10.479238853158543,0.08427249511000319,182.06005235380198,offense,0.9808628305082449,0.21674903144486174,0.9835390728953006,0.49109142348668894
29.999999999563443,0.4201346054728931,0.907061036180601,177.02547064002374,-2227.7406521385424,-3426.9929932898717,7383.507358642995,-5303.388551407378,-3297.665833927874,7469.22525914788,-10.299636045079698,0.0810798550925167,182.02953021011908,offense,0.9819833402513823,0.43514217091856927,0.9835283806185097,0.4883383423731714
30.099999999561987,0.4621911087081092,1.819684352450843,177.41186117547892,-2258.3745416915053,-3425.212452640595,7383.872724165121,-5334.066268754423,-3298.5778649707554,7468.975236583078,-10.121608819802224,0.07794090310795176,181.99948794051124,offense,0.9825425271779584,1.2682885337832885,0.9835174949854956,0.4855997357497348
30.199999999560532,0.5583056483136484,3.8266784892126093,178.54781252419923,-2289.0411867041175,-3423.5074024111727,7384.303548707236,-5364.744167403456,-3299.4760709034663,7468.726056453002,-9.945516430171415,0.07485020782865755,181.96991495481777,offense,0.9839303071612132,3.3904264376731232,0.9835063565561222,0.48285409570409377
30.299999999559077,0.675193876272962,5.2146591723984645,179.48977977717368,-2319.7621455875274,-3421.905485787135,7384.816968540537,-5395.422225588136,-3300.3607017990075,7468.477723210958,-9.771819013680075,0.07180133109989163,181.9408061503724,offense,0.9855542324925497,4.701903219365749,0.9834949717568063,0.4800947861342911
30.399999999557622,0.7424614319018117,5.092117441589243,179.35042689844227,-2350.5293922020073,-3420.4697029374647,7385.4619182746355,-5426.100421173669,-3301.2320035281605,7468.2302444407405,-9.601033399591273,0.06878832733188264,181.91215433488503,offense,0.9865484297748132,4.024465092939393,0.9834832819681251,0.47730011984156917
30.499999999556167,0.72951051355276,4.149732356152482,178.48532358306366,-2381.321702449232,-3419.229020241925,7386.247795629189,-5456.778729916716,-3302.090215761236,7467.983638060043,-9.433995095831762,0.06580333998892379,181.8839462262822,offense,0.9868676619702786,2.3248567647732257,0.9834711781225279,0.4744341217716141
30.59999999955471,0.6634354644560405,3.0956926260510667,177.59237500968757,-2412.127908923469,-3418.1610946482974,7387.153630060316,-5487.457126971304,-3302.9355716655327,7467.737924723036,-9.271655575437547,0.06283757736650028,181.8561761744891,offense,0.987289725400302,0.7013962181107644,0.9834586904776486,0.4714937714961524
30.699999999553256,0.5484156150445749,1.934350082000817,176.7420917256023,-2442.948257115546,-3417.2135676511707,7388.139619310001,-5518.135589714572,-3303.7682987573394,7467.4931149804925,-9.11462749804451,0.059886054101916546,181.82884598677668,offense,0.9877163564492876,-0.7709984993746709,0.9834459016011854,0.4684941740133451
30.7999999995518,0.3960167422457652,0.9123049185371968,176.1894151254541,-2473.7818881870853,-3416.3262672078563,7389.155598020724,-5548.814099009971,-3304.5886188347454,7467.249204023704,-8.963059972792562,0.056949503618955594,181.8019589177207,offense,0.9881355861118918,-1.7410841390706362,0.9834329300542592,0.4654666740493766
30.899999999550346,0.22567938310913763,0.23069580763893602,175.99611602261356,-2504.63005492403,-3415.4520268270317,7390.151801949424,-5579.492639635596,-3305.3967478383333,7467.006170608056,-8.816655396379648,0.05403337431157426,181.77551617575466,offense,0.9886094893622044,-2.0827753133338662,0.983419889706876,0.4624476940022511
30.99999999954889,0.053315590617055125,0.26807995475015994,176.09053467638478,-2535.4925546368545,-3414.5718629247403,7391.117851804815,-5610.171199649651,-3306.192895608193,7466.763980862523,-8.67483295135397,0.051146786582476345,181.74951396827228,offense,0.9889692788467266,-1.6549447144275422,0.9834068587737603,0.45946901513640576
31.099999999547435,-0.1151224229643565,1.130083698265047,176.25162158083756,-2566.3668791919126,-3413.6785841066567,7392.10179756209,-5640.849769009311,-3306.9772656188666,7466.522595335251,-8.536968381536932,0.04829970152951669,181.72394245499973,offense,0.9894413909195424,-0.5007949776242331,0.9833938605288268,0.4565491739732675
31.19999999954598,-0.23090088979114984,0.6630065662225942,176.60819134281942,-2597.251240844342,-3412.7562514782526,7393.104272177938,-5671.5283388329335,-3307.750055233469,7466.281972817821,-8.402512782739565,0.045501456693664136,181.69879033578974,offense,0.9899229460866622,-0.7591856245442727,0.9833809212019504,0.45370542818666226
31.299999999544525,-0.24448650818568354,-0.3701598208111487,177.12936594882314,-2628.1647178667304,-3411.8127385100206,7394.028439208722,-5702.206901739696,-3308.5114567295277,7466.042069272221,-8.270912624427831,0.04276078818901682,181.67404879220095,offense,0.9911136662356161,-1.6335533829406148,0.9833680863148435,0.4509578884320464
31.39999999954307,-0.160087752065536,-0.4302239203362899,177.3966756950631,-2659.134975319945,-3410.869090772204,7394.782936814189,-5732.885450712712,-3309.261657614833,7465.802843326522,-8.141720316674368,0.04008536922305661,181.6497048227683,offense,0.9933818207326306,-1.472020225408799,0.9833553138800372,0.4483032255109358
31.499999999541615,-0.03475370039123413,-0.5642526119169354,177.5246688817894,-2690.1733579264223,-3409.9306400078253,7395.326230872104,-5763.563978062574,-3310.0008405644185,7465.56426083605,-8.014742263152733,0.03747980501018063,181.6257447452043,offense,0.9948611821581287,-1.3691432068664917,0.9833425775460763,0.4457374256357184
31.59999999954016,0.041835965148221736,-1.4873436410774374,177.52907415541392,-2721.250731095746,-3408.986914081691,7395.700286997486,-5794.242476242551,-3310.7291842971904,7465.326291055728,-7.889867381067521,0.03494639950328899,181.60215974638476,offense,0.9958430597816449,-2.0884567235615084,0.9833298877177815,0.44326255978266443
31.699999999538704,0.08687815120390847,-1.8617907871868233,177.5699601248051,-2752.360075896121,-3408.0307992719736,7395.944927179385,-5824.920938600322,-3311.4468643711657,7465.088903217763,-7.766919832830111,0.03248732427356894,181.57894440896118,offense,0.9970266137881837,-2.22853379614522,0.9833172710991935,0.44088427211704334
31.79999999953725,0.18930162018622207,-0.6923453646764033,177.8299059877237,-2783.515562403058,-3407.060610642304,7396.043481508488,-5855.599359136357,-3312.154053425144,7464.852067659179,-7.645684106786574,0.03010430874194513,181.55609239868312,offense,0.9988045459147671,-0.8069551086802554,0.983304726570882,0.43860118232544926
31.899999999535794,0.3443687813251442,1.7563271063595016,178.493596738017,-2814.729988726576,-3406.080822355584,7396.044876874352,-5886.277732084843,-3312.8509212306662,7464.615757573834,-7.525977575873259,0.027798080076668015,181.53359672120536,offense,1.0006700257739023,1.7612307132163536,0.9832922529104053,0.43641080543738914
31.99999999953434,0.4936509151817507,3.766223894966101,179.2641145839879,-2845.999033667226,-3405.1326231090316,7396.074800951707,-5916.956051672206,-3313.537634878308,7464.379949894688,-7.40767224924121,0.025568015782763708,181.51145001426903,offense,1.0021136612255408,3.6290490589806614,0.9832798339628184,0.43430574170896696
32.09999999953288,0.5709519078611504,3.8129482638226166,179.2294852842359,-2877.3074552886465,-3404.281051276083,7396.225908903257,-5947.634310487058,-3314.2143582254976,7464.14463223832,-7.290897573519262,0.02341108690631116,181.4896391330323,offense,1.0031217261154481,3.236212335038535,0.9832673650820299,0.4322543363707055
32.19999999953143,0.5631084255982591,2.8159041094129074,178.5957356075311,-2908.6400527637534,-3403.5610330667173,7396.519392801646,-5978.31249818866,-3314.881250967783,7463.909807805616,-7.176214602430647,0.02131986707074387,181.46814895321447,offense,1.0035202797334273,1.7093716602169868,0.9832547403996571,0.43021986524798456
32.29999999952997,0.4990292275692738,1.7204297365992247,177.9584295245221,-2939.98688378434,-3402.960726545276,7396.936197401012,-6008.990602993899,-3315.5384686598613,7463.6754877502835,-7.064357714163721,0.01928421010526302,181.44697208178212,offense,1.0040177585975218,0.2705349786057898,0.9832419472577404,0.4281858940349897
32.39999999952852,0.38477483285467,0.5173658350974328,177.36634966195996,-2971.3488995797725,-3402.4386782856022,7397.430160048503,-6039.668614058232,-3316.186163130523,7463.441680017195,-6.9558511411075905,0.017295554705014052,181.4261090872989,offense,1.0044774536193877,-1.039201238760956,0.9832290393397689,0.4261549944882574
32.49999999952706,0.23201393942493523,-0.1354796221482023,177.13997904553798,-3002.7210565979394,-3401.951293968186,7397.9555733028565,-6070.346522873686,-3316.824482534528,7463.208383070061,-6.8508386062412425,0.01534918911386931,181.4055634017547,offense,1.004676161361151,-1.5478046050469385,0.9832161010202971,0.42414243051597406
32.59999999952561,0.06283764805626016,0.8399230336390555,177.36884342399853,-3034.098972505165,-3401.4778136122895,7398.519672246614,-6101.024323436122,-3317.4535711727376,7462.975585497425,-6.749124315349271,0.01344414038722143,181.38533627018592,offense,1.0049274366447292,-0.38884879174587333,0.9832032007093108,0.42216446093519877
32.69999999952415,-0.05565142704600882,2.7295552597938615,177.64596694061464,-3065.4794249922634,-3401.0045419844623,7399.188870684556,-6131.702011196153,-3318.073569135297,7462.743271075711,-6.6503837879674315,0.011581560404316573,181.36542313131613,offense,1.0049883876674324,1.483090276421794,0.9831903556657158,0.4202272713282373
32.7999999995227,-0.07180072673567436,2.8215916513577337,177.89594716551662,-3096.877452808743,-3400.5161350877406,7399.9348073039,-6162.3795826069745,-3318.684612338331,7462.5114209765825,-6.5542769690362945,0.009763066496520334,181.3458181100995,offense,1.0063546389651699,1.5328046846824486,0.9831776005192263,0.41834155232761916
32.89999999952124,-0.04683003777926583,1.5607440621603126,178.08617783243224,-3128.323402695125,-3400.0148505407965,7400.670912196872,-6193.0570352848235,-3319.2868331177046,7462.280013242349,-6.460413896972913,0.007990865554837528,181.32651565561255,offense,1.0077109462227616,0.2585553919667325,0.9831649636444199,0.4165167936812062
32.99999999951979,-0.07388607980505736,1.4004528961960399,178.10237089646063,-3159.798912117141,-3399.49900300465,7401.431231886328,-6223.734367114971,-3319.880360456466,7462.0490270099135,-6.368470101019815,0.006267232413857933,181.30750688060317,offense,1.0085102914654769,0.02107008949973183,0.9831524241624091,0.41474992396494864
33.09999999951833,-0.12774443049134088,0.7917032497723315,178.22203720229652,-3191.2949753671082,-3398.9615476031154,7402.234233631674,-6254.411576254155,-3320.465320347903,7461.818442419932,-6.278196089234859,0.004593381303881518,181.28878490647116,offense,1.009241825050217,-0.5465332367089621,0.983140006449963,0.4130474878746655
33.199999999516876,-0.18849901616678155,-0.3658360744520273,178.40501069508014,-3222.8185184771123,-3398.4091718672835,7402.996594065706,-6285.088661533362,-3321.041836500671,7461.588238881818,-6.189315318383255,0.002970450576471797,181.27034422673995,offense,1.0099639285799766,-1.5954271101574138,0.9831277190432159,0.41141188741243306
33.29999999951542,-0.3059393321424925,-0.039151788511365526,178.2889714852894,-3254.345275660749,-3397.827573223249,7403.760186341107,-6315.765621650973,-3321.610030452152,7461.358398694754,-6.1016312500580066,0.0013992369739267085,181.25217686812604,offense,1.0096473797601841,-1.238104764750808,0.9831155360632543,0.40983636275895535
33.399999999513966,-0.4097951838069513,1.291011189297096,177.95066551691193,-3285.8749846588125,-3397.186562704771,7404.583069735363,-6346.442455985084,-3322.1700220761045,7461.128903292695,-6.0149267758626666,-0.00012032380400469806,181.23427994432427,offense,1.0104809584171912,0.09925818406699118,0.9831035139986819,0.40833340702258475
33.49999999951251,-0.42425067394500166,1.1477984739952334,178.21860202237974,-3317.43516326222,-3396.4961198359197,7405.413921777034,-6377.119165559566,-3322.72193052187,7460.899729107857,-5.928787876541269,-0.0015869035183146871,181.2166530354146,offense,1.0117293080205443,-0.07289718294572177,0.9830916955151205,0.406913689262489
33.599999999511056,-0.3491567035096651,-0.1648221601709398,178.94927553969296,-3349.0453096065626,-3395.803556482952,7406.137632791931,-6407.7957510277365,-3323.2658740801953,7460.670856715781,-5.842894112046155,-0.002999039478174177,181.19928758549543,offense,1.013471472395334,-1.2921988699329225,0.9830800119081137,0.4055605073030858
33.6999999995096,-0.20904716509091908,-1.1669188062690319,179.41401417584183,-3380.7227742225264,-3395.1486979624137,7406.648180265812,-6438.472210674267,-3323.801969619859,7460.442279333178,-5.757321141931519,-0.004359152848259788,181.18217027737242,offense,1.015714717981305,-1.9445086321772578,0.9830683696352407,0.40424684252693943
33.799999999508145,-0.018006043697213755,-1.0712654830372808,179.5048881094908,-3412.4634144911774,-3394.5254388812277,7406.916602814648,-6469.148540841469,-3324.330332624492,7460.214000176829,-5.672429659980695,-0.005673325576227779,181.16529197522883,offense,1.0172014255414377,-1.3799993772045294,0.9830567220158126,0.4029534335166766
33.89999999950669,0.15744790797135172,-0.1565995618601728,179.4508777832657,-3444.2546172966104,-3393.908375472917,7407.008277703563,-6499.824738143261,-3324.851077679138,7459.986022050208,-5.588503349287769,-0.006947894566619936,181.14865304489192,offense,1.0187899953613635,-0.13041199815580162,0.9830451191380751,0.40168486339915827
33.999999999505235,0.24081812990337276,-0.29420413095143333,179.25277929684506,-3476.0869881931903,-3393.2953410372875,7407.022362855131,-6530.500800576783,-3325.364318766239,7459.758342424626,-5.5055645791679995,-0.008186768330564156,181.13225601147366,offense,1.0199046239264942,-0.21243207073096115,0.9830335951769518,0.400445034336508
34.09999999950378,0.21833869675511056,-0.9981681199161703,178.93053041081706,-3507.947422200064,-3392.7050321080815,7407.0305294907785,-6561.176726316568,-3325.870168757437,7459.530958819083,-5.423588631291083,-0.009392372871577301,181.11609774527557,offense,1.0204899643781487,-1.0031532841307744,0.9830221254065028,0.3992252435716376
34.199999999502324,0.11537651313210719,-1.89437351705677,178.62527786388193,-3539.8188359621427,-3392.1387394694484,7407.050316797018,-6591.852512678072,-3326.36873886487,7459.3038732081595,-5.342688115127438,-0.010568258510256672,181.10017182538493,offense,1.0206338468413356,-1.971697832313186,0.983010672596536,0.3980128598124723
34.29999999950087,-0.04519577104970728,-1.1374015623495701,178.5692583266218,-3571.691937324718,-3391.5837335635993,7407.093051811159,-6622.528156970335,-3326.860138685505,7459.077087927515,-5.262992662234114,-0.011718465002846672,181.0844760133336,offense,1.0207330679642177,-1.2375580960868369,0.982999262741011,0.3968103648223491
34.399999999499414,-0.17279025068137654,0.5916171122852049,178.5369883370122,-3603.583768935476,-3391.0206407645337,7407.188099281052,-6653.203657346322,-3327.344476480889,7458.850601860982,-5.184500605559709,-0.012845684689708143,181.06901012602347,offense,1.021857822456427,0.45066898764548297,0.982987918034023,0.39562101354519924
34.49999999949796,-0.255694930794738,1.202924340998921,178.46934330417122,-3635.5045456741896,-3390.4375273350247,7407.339610061619,-6683.879012946671,-3327.821859209294,7458.624409911446,-5.1070864517073495,-0.013950861434937449,181.0537742445377,offense,1.0223673345023618,0.9071715196248004,0.9829766749091153,0.3944533402546589
34.599999999496504,-0.31889316602870804,1.9537804693092566,178.3250255977951,-3667.4426119915547,-3389.797081814927,7407.612371328637,-6714.554223649865,-3328.292392625766,7458.398504297537,-5.030548783520004,-0.015033961215141178,181.0387665653789,offense,1.023451680666027,1.455230334374375,0.9829655411979643,0.3933099677218232
34.69999999949505,-0.2945749532582502,1.579732006254784,178.55578710801865,-3699.422750052433,-3389.109830020708,7407.9378394597925,-6745.229291065191,-3328.7561817360206,7458.172870278606,-4.954513600792305,-0.01609350932167884,181.0239900192148,offense,1.0250885640003213,1.0389998349930114,0.9829546131056035,0.39221650360272975
34.79999999949359,-0.23386713634887907,0.20935095809869253,178.96804825696748,-3731.453921470337,-3388.413030881454,7408.209919631938,-6775.90421674012,-3329.2133310834274,7457.947494546962,-4.878633437955715,-0.017127048791844776,181.00943747028222,offense,1.0264766017170806,-0.2729861119988307,0.9829437944723353,0.3911522083789796
34.89999999949214,-0.16261824319251902,-1.0535726519020412,179.28575887633892,-3763.5315436813744,-3387.7129122773226,7408.396206537447,-6806.5790001401265,-3329.66394414479,7457.722373901719,-4.802948573639251,-0.018134810547050725,180.9950985959273,offense,1.0282739381695685,-1.3088212011567562,0.9829330385008596,0.39010508665732413
34.99999999949068,-0.027638231215654147,-2.1010076902222776,179.50554666506906,-3795.6723558174167,-3387.0302849604846,7408.379817923418,-6837.253640515527,-3330.1081239192226,7457.497506560192,-4.727552637659045,-0.01911981614476761,180.9809712434474,offense,1.0303921077632414,-1.8621871572298276,0.9829223665158584,0.38907733508273196
35.09999999948923,0.1560357465522433,-2.027992133307671,179.5745315011732,-3827.873733103738,-3386.358404691287,7408.117969913095,-6867.928136359367,-3330.5459729795084,7457.272894528753,-4.652600261913729,-0.020084029450820995,180.96704987565892,offense,1.0321387561067912,-1.237475594450068,0.9829117059586404,0.3880489641309837
35.19999999948777,0.32446131999030176,-1.138190245501591,179.64832538255655,-3860.127949924722,-3385.6843147680725,7407.6831035539635,-6898.602486171638,-3330.977593181328,7457.048539835349,-4.578258485930026,-0.021030699092581696,180.95333499803206,offense,1.0337638068426727,0.016064322658876633,0.982901119144769,0.3870321126403113
35.29999999948632,0.4013249156065736,-1.2288584925990391,179.4159633568974,-3892.4228151503407,-3385.024309119068,7407.177329413587,-6929.276689403832,-3331.403086030474,7456.824440447492,-4.504507200387767,-0.02196152119045455,180.9398275971572,offense,1.0348069889642406,-0.08305858196064514,0.9828906032972182,0.3860248734618621
35.39999999948486,0.37043062020531403,-0.9794357354268256,179.33890445866217,-3924.744951607189,-3384.4208341530825,7406.699912966118,-6959.950744715188,-3331.8225521073678,7456.60059803432,-4.431431402801179,-0.022877439028842407,180.92652239081772,offense,1.0354360940471874,-0.05358908833711919,0.9828801086276009,0.385014369070505
35.49999999948341,0.25951655548738517,-1.2593698256427932,179.10416184277358,-3957.0841671091885,-3383.8888389939825,7406.301185102213,-6990.624648806241,-3332.2360904658854,7456.377022794611,-4.359386321582191,-0.02378226753689222,180.91341049063766,offense,1.0358361596307026,-0.598157468617149,0.9828695532047546,0.3839772895291441
35.59999999948195,0.09358617135807631,-1.2637726607091624,178.98278596327685,-3989.435963916785,-3383.4048937864072,7405.975742152343,-7021.298397625894,-3332.643798317449,7456.153727602306,-4.288819449581198,-0.024681059609304112,180.9004895145305,offense,1.0361019853626168,-0.760215590325782,0.9828589582083039,0.38291446207271074
35.6999999994805,-0.09034795010414594,-0.35462034352020066,178.99675276046287,-4021.8026388878866,-3382.94008754028,7405.722234889269,-7051.971988489105,-3333.045771194313,7455.930718536705,-4.219928192048472,-0.025577385443835834,180.8877635402317,offense,1.0367178122954606,0.04902686029227788,0.9828483837632251,0.3818383514383699
35.79999999947904,-0.2243686347561742,-0.9000414743449374,179.20479799087505,-4054.187582229069,-3382.4697048182475,7405.509419084341,-7082.645420294205,-3333.4421028266283,7455.707994242058,-4.15265542818121,-0.026471264202075427,180.87523547979336,offense,1.0374159814650772,-0.4854233618593347,0.9828378709221076,0.3807602258429385
35.899999999477586,-0.3194485530719589,-2.0791493291021332,179.4810829271051,-4086.595996236718,-3381.9953378617893,7405.244831759709,-7113.318693235376,-3333.832885012568,7455.485547544474,-4.0867901367791415,-0.027361012241905944,180.862906292383,offense,1.0378830046695524,-1.5994189670370684,0.9828274606522729,0.37969314447146063
35.99999999947613,-0.4454092947151595,-1.7222215418968552,179.28054428205698,-4119.009162934281,-3381.4969778343498,7404.948864734817,-7143.991807693055,-3334.2182076205168,7455.263370648962,-4.022136328172328,-0.028244028646257222,180.8507714447888,offense,1.0380079360885042,-1.160095012670367,0.9828171237728717,0.37863351064933876
36.099999999474676,-0.5240997272772262,-0.42043286300530214,178.7372438164148,-4151.429516866883,-3380.9539072632497,7404.64644335053,-7174.664764943848,-3334.598158779341,7455.041452075938,-3.958461807885572,-0.029117923635025772,180.83883119353175,offense,1.0383854364642682,0.24977453530270496,0.9828069387717737,0.37760363104143074
36.19999999947322,-0.5014912499483997,-0.07510245185038714,178.69498622494748,-4183.876710853406,-3380.3803602124904,7404.305986317784,-7205.337567642766,-3334.9728256384433,7454.819774925087,-3.895372834416274,-0.029978849472433778,180.82708519615755,offense,1.0398291413331497,0.6424824371392559,0.9827969156021902,0.37661023594362053
36.299999999471765,-0.4007942798828967,0.4287327211705505,178.54740181200327,-4216.38347372993,-3379.7906372382936,7403.897919619614,-7236.010217781603,-3335.3422943848527,7454.598326162365,-3.8326315037784124,-0.030822731072763496,180.81552613458518,offense,1.0422106125967694,1.2762685422041185,0.9827870013962102,0.37564415528211503
36.39999999947031,-0.27162280077295414,0.1625460618734736,178.66534424637132,-4248.955590015294,-3379.186623664137,7403.42642395219,-7266.682716549662,-3335.706650350707,7454.377097073055,-3.770181901120601,-0.031648457244450846,180.80414845337756,offense,1.043887088652322,1.0475301213625936,0.9827771899083203,0.3747046550843695
36.499999999468855,-0.19761649581613627,-0.03494479891072855,178.65182690290527,-4281.565272733173,-3378.5554344404254,7402.959531073174,-7297.355065139705,-3336.0659784348672,7454.156079603276,-3.707980153923164,-0.03245543882233689,180.7929497714372,offense,1.0445760855214252,0.7444416342287289,0.9827674817460357,0.37379201961277475
36.5999999994674,-0.15957363499219462,0.7050346176072396,178.52326568295172,-4314.20215018721,-3377.8806651713567,7402.575808839718,-7328.0272653188385,-3336.4203633533766,7453.935263854015,-3.6459094020861778,-0.03324286349619556,180.7819304872198,offense,1.0459328417479765,1.3596631261403678,0.9827579088179241,0.3729143803260741
36.699999999465945,-0.1193570002035105,-0.019861255266197645,178.58107594933725,-4346.87967527734,-3377.1837085673915,7402.225664302129,-7358.699319657704,-3336.7698899455536,7453.714637207947,-3.583743182041275,-0.034009176593596924,180.77109121637264,offense,1.0469693180061248,0.594314276650764,0.9827484894619145,0.37207720180291165
36.79999999946449,-0.1624537693068804,-1.324989144095081,178.64830316930895,-4379.582167906748,-3376.4678587087183,7401.909787695801,-7389.371229717924,-3337.114643154378,7453.494192477555,-3.521398682090138,-0.03475316503751513,180.7604252063475,offense,1.0473742021988288,-0.8077787073148732,0.982739141837321,0.37126094851452945
36.899999999463034,-0.2799459138223152,-0.7999192453381994,178.42248739024728,-4412.279468032146,-3375.716348267111,7401.683300749281,-7420.042996539781,-3337.4547079067984,7453.273925325349,-3.458910134788893,-0.0354759769130517,180.74993093576458,offense,1.046847212753584,-0.441412682755856,0.9827299048737137,0.3704734022826614
36.99999999946158,-0.38895287418348046,0.8215688956515018,177.9690771407345,-4444.962822813508,-3374.896706826226,7401.590617520071,-7450.714622134367,-3337.790169676362,7453.053827726975,-3.3961460421082146,-0.03617824041584737,180.73961074596477,offense,1.0465766602091384,1.0159740343528125,0.982720799318901,0.36971868786888984
37.099999999460124,-0.4064674794980688,0.6895278372719188,178.17604279744555,-4477.654625695705,-3374.0137150357405,7401.572738947705,-7481.38610986463,-3338.121114729162,7452.833886436058,-3.332795598349593,-0.03685848884989264,180.7294689578634,offense,1.0476344331490723,0.7670520954753636,0.9827118894684265,0.3690133915330422
37.19999999945867,-0.3340552475364319,-0.7223841691486267,178.87736481913154,-4510.397148382919,-3373.116139655639,7401.496983338276,-7512.057462947151,-3338.4476304387313,7452.614089876494,-3.268564261390193,-0.03751500040426413,180.71950216736363,offense,1.0497425225060741,-0.5821223792817312,0.982703106447805,0.3683417987508252
37.299999999457214,-0.26230601235440026,-1.2752519624169014,179.0255447164525,-4543.201807246597,-3372.239294922783,7401.285487623329,-7542.728681935683,-3338.7698049448477,7452.394439005486,-3.203565406308062,-0.038148477927180645,180.70969998110354,offense,1.0513840235125602,-0.9421385985702917,0.9826943454570228,0.36767654869849137
37.39999999945576,-0.2825208335873819,-0.12541249641847485,178.5793831517621,-4576.037152936252,-3371.35018913888,7401.034356244031,-7573.3997654481755,-3339.087726970297,7452.174943406386,-3.138181588023618,-0.03876417903664601,180.70005744530974,offense,1.0517503548900016,0.1840055814394359,0.9826855764870762,0.36700486004040656
37.4999999994543,-0.3227478515784961,1.820439238929322,177.98834154152374,-4608.890946795427,-3370.401093433866,7400.889867156279,-7604.070713552327,-3339.4014860252355,7451.955605958742,-3.072540858001205,-0.03936660523141415,180.6905831440734,offense,1.052845088071771,1.962122303457697,0.982676912789037,0.366350234226739
37.59999999945285,-0.28784658819324466,1.8412343993908726,178.05440578920386,-4641.783592199074,-3369.397921715991,7400.8288701515885,-7634.741528778806,-3339.7111728269088,7451.736418766508,-3.0063478497330274,-0.03995604034334193,180.6812858190888,offense,1.054377677056355,1.9120210700960143,0.9826684039532962,0.3657248671889144
37.69999999945139,-0.22188090742345787,0.5621763975307783,178.40329326764015,-4674.731056785893,-3368.376432803433,7400.7577587797105,-7665.412213252657,-3340.016879133891,7451.5173761932165,-2.9393613140204295,-0.040530779202409696,180.67216239019243,offense,1.0560297551758684,0.6225271283469362,0.9826599812381198,0.3651135416048877
37.79999999944994,-0.1498544508126397,0.5654136663467457,178.44260739874431,-4707.719696649245,-3367.3345503055384,7400.687628661529,-7696.082767098286,-3340.318697437098,7451.298481627107,-2.871665131959322,-0.04109237034973485,180.6632059682744,offense,1.0575041211962013,0.6720172372671752,0.982651581345552,0.3644992411254415
37.89999999944848,-0.01529980101276023,0.03682429460063795,178.54595565013432,-4740.761669545947,-3366.288810841485,7400.538671442846,-7726.753190380255,-3340.6167210670596,7451.079738476855,-2.80336319331623,-0.04164402861796658,180.6544187813407,offense,1.0592489010964035,0.4190537046988016,0.9826432540039276,0.3638914555097958
37.99999999944703,0.12673822968429238,-1.3830697019672455,178.50030545344873,-4773.858142162732,-3365.248577801693,7400.242926803998,-7757.423482615193,-3340.9110444178446,7450.86115237552,-2.7345630560159147,-0.04218789449447388,180.645798587057,offense,1.0608851609459526,-0.7101928918586989,0.9826349172835209,0.3632684108835036
38.09999999944557,0.2616502362276642,-1.911071370438714,178.4681140903015,-4807.001499861729,-3364.2052470019194,7399.8125029357825,-7788.093642444892,-3341.20176237744,7450.642732304657,-2.6654978942407417,-0.042727151882121325,180.63734516768173,offense,1.0625701207914249,-0.9181906550482514,0.982626590648327,0.36263229837987687
38.19999999944412,0.44479123402597603,-0.7571270555654337,178.93344157845755,-4840.19684018678,-3363.153038964993,7399.240400441444,-7818.763669070653,-3341.488970378013,7450.424484168702,-2.5962702020793387,-0.04326511610608716,180.62906196748835,offense,1.0642363960569161,0.5975421777080018,0.9826182882125617,0.36198448383102955
38.29999999944266,0.6123641380307512,1.4152646536306106,180.03656090983455,-4873.441105940302,-3362.1389245236924,7398.645240120337,-7849.433561933566,-3341.77276423708,7450.2064122517795,-2.5269164619437854,-0.043802869533072546,180.62095080502576,offense,1.0655123699114823,2.907512053572983,0.9826100113667735,0.3613251032622339
38.39999999944121,0.7562566256150635,3.116459344792608,181.34264389091078,-4906.723905753717,-3361.2656072581035,7398.176071410487,-7880.103318329893,-3342.053239815107,7449.988529719645,-2.4577333193628195,-0.044342785570964056,180.61300334470016,offense,1.0665027783234715,4.617054259847295,0.9826016243029042,0.3606196360272799
38.49999999943975,0.9015953546684012,3.9029674701921495,182.1874154359728,-4940.050467990778,-3360.597469470988,7397.848021335278,-7910.772930484287,-3342.330491919527,7449.770870796454,-2.3896870545959352,-0.04489164976668374,180.60520267803705,offense,1.0677259602487814,5.144237840731987,0.982592931870835,0.35981489293818747
38.599999999438296,0.9763396811979391,3.57893647878252,181.77482279346515,-4973.41182125799,-3360.1980028315506,7397.665277608073,-7941.442387359037,-3342.6046128515063,7449.553481558383,-2.3241146958251844,-0.04546225658236454,180.59754242174915,offense,1.0683987347900687,3.959997350967689,0.9825839022367191,0.35889334237984183
38.69999999943684,0.9584857043761632,2.5726372548356515,180.3354837350403,-5006.789812993775,-3360.069362725224,7397.604679845455,-7972.111675441102,-3342.875691091601,7449.336415816418,-2.262468834796217,-0.04606758145576697,180.5900157235572,offense,1.0686275781352812,1.7749819693141498,0.9825744039862951,0.35781384029305763
38.799999999435386,0.8918703718344062,1.3969325527492642,178.8345860365365,-5040.172751104038,-3360.1451757540003,7397.627076282272,-8002.780780984063,-3343.1438090303263,7449.119724507675,-2.2060935497922074,-0.04672037037403758,180.58262678397537,offense,1.0689328765416308,-0.24397670333887686,0.9825645395710255,0.356593995831669
38.89999999943393,0.8027105102725048,0.5187239935363551,177.87543560660595,-5073.571099674933,-3360.307456507593,7397.655133780021,-8033.449694271345,-3343.4090418301334,7448.903437094155,-2.155595153489694,-0.047428119137674606,180.5753896477351,offense,1.069339788545241,-1.4407700597557358,0.9825544630172062,0.3552701626807624
38.999999999432475,0.6636773756283871,-0.03704613827338412,177.38338128546835,-5106.972739654667,-3360.5286236077213,7397.683561405295,-8064.118411849761,-3343.6714567467257,7448.687552854836,-2.1106775159209894,-0.04818776035294431,180.56832256778614,offense,1.0693172350665539,-1.9373040046398498,0.9825444255550406,0.3539118898695745
39.09999999943102,0.4963977147127748,-0.3499410948230778,177.26972674668073,-5140.37654406783,-3360.7788030723636,7397.702384297973,-8094.7869327885655,-3343.9311134763852,7448.472058955518,-2.0707327457252416,-0.04898914717777789,180.56142117114587,offense,1.0694817619918116,-1.8321541389512257,0.9825343577066495,0.352515666822144
39.199999999429565,0.32462480687453094,-0.6710559881550143,177.2633776925788,-5173.78648345076,-3361.0344801839,7397.703325936309,-8125.455257536421,-3344.1880638768325,7448.256936053494,-2.03523841352097,-0.049821612566346776,180.55468206260826,offense,1.069701430750446,-1.6413946397984664,0.9825244089574855,0.35113070923139356
39.29999999942811,0.1538301802628456,-1.033549099550194,177.31550293772958,-5207.203692702504,-3361.2836166299653,7397.696050578699,-8156.123388928898,-3344.4423533804647,7448.04215473786,-2.0034812292748128,-0.05067388035589656,180.54810028341313,offense,1.0699419250686766,-1.4833326039427785,0.9825145857044135,0.34977102792369114
39.399999999426655,-0.015852933247226815,-1.4246932860544508,177.4295051650029,-5240.628800755535,-3361.511629595062,7397.689743092153,-8186.791330643344,-3344.6940217492006,7447.827683045179,-1.9748419284948324,-0.05153237055449753,180.5416678777576,offense,1.0701966106973506,-1.3707701540943202,0.9825049325091225,0.34846016607299496
39.4999999994252,-0.18503287984358682,-2.146108903368746,177.6503942069918,-5274.059309440007,-3361.7022076513363,7397.678573546595,-8217.459087592237,-3344.943104132504,7447.613485215005,-1.9486966012557883,-0.05238611523879152,180.53537822525013,offense,1.070250678824216,-1.5794394426286948,0.982495481386872,0.34721566347047744
39.599999999423744,-0.35520343937499915,-3.0334118706478117,177.9962379502611,-5307.487382256021,-3361.8421371241584,7397.631637437595,-8248.126665773669,-3345.189632084527,7447.399522851473,-1.9244182487312866,-0.053222992992020185,180.52922504348908,offense,1.0699918281499028,-1.9761374576281894,0.9824862668763324,0.3460554048773369
39.69999999942229,-0.5067078366712927,-2.4789515483793356,177.9385973443279,-5340.908049715688,-3361.915610065458,7397.550881159109,-8278.794072031822,-3345.433634563637,7447.185756378964,-1.9013897953864984,-0.05403265719409308,180.52320183713505,offense,1.069883426785231,-1.0091930532629407,0.982477307160152,0.34499101599407234
39.799999999420834,-0.5786720798587776,-1.1564768170293314,177.53663998024123,-5374.328951506218,-3361.897967438822,7397.468343046708,-8309.461314016835,-3345.6751388679913,7446.972145513327,-1.8789989961090634,-0.05480522573265908,180.5173031803905,offense,1.0699809990298652,0.44977795812931853,0.9824686327024514,0.3440358350274932
39.89999999941938,-0.6038412178605074,-0.885031529625229,177.56225690045596,-5407.761933458114,-3361.7909720536236,7397.3846909227705,-8340.128400553263,-3345.9141716439512,7446.758647920889,-1.8565693588525078,-0.055532031525550085,180.5115258947715,offense,1.0704688182680984,0.5757621561766003,0.9824602861430982,0.34320463769011655
39.99999999941792,-0.6276278080055829,-0.2356970112854997,177.33330499730315,-5441.212628563844,-3361.5445105622207,7397.352742784277,-8370.795340355746,-3346.1507599440943,7446.545225114948,-1.8335088549508676,-0.05620500169188626,180.50586191636413,offense,1.0714975996510407,1.0876066908412803,0.9824522197383435,0.3424888481658442
40.09999999941647,-0.568462938478306,-0.6185149200480659,177.89630559655484,-5474.704562246637,-3361.206323195074,7397.310139409539,-8401.462143986033,-3346.3849319036067,7446.331833742181,-1.8090920254850444,-0.05681821529385685,180.50031504667402,offense,1.0731261210734715,0.41970395006676214,0.9824445901081789,0.34192793770315094
40.19999999941501,-0.4758617382140741,-1.72430567196894,178.71233065637094,-5508.254560064875,-3360.8574219816473,7397.156825130317,-8432.128820151895,-3346.616718377277,7446.118442353517,-1.7828107703873484,-0.057365424004299066,180.49486908202053,offense,1.074870565360829,-0.9089940508932434,0.982437137043607,0.3414589163115439
40.29999999941356,-0.45038541418995,-1.416239160011776,178.5619055092876,-5541.83340984712,-3360.478525953618,7396.931900963134,-8462.795372285298,-3346.846152371949,7445.905045427174,-1.7550043938005544,-0.05784820870099209,180.48950562514023,offense,1.0750895497189956,-0.621585632353925,0.9824297690720023,0.34105299134792616
40.3999999994121,-0.4574639228270543,-0.1196652035132085,178.0103106162725,-5575.428482533394,-3360.016972147056,7396.734935211584,-8493.461804483806,-3347.073269098539,7445.691636096973,-1.7258674237967608,-0.05827494246638161,180.48423023113452,offense,1.0761873877171586,0.6795936036208359,0.9824226029891917,0.34072803864827456
40.49999999941065,-0.3997062872866562,-0.49315134078775674,178.3570392074168,-5609.0629753206695,-3359.50054755596,7396.520584894806,-8524.128123410595,-3347.2981065929202,7445.478197949717,-1.6950921060593696,-0.05864760989676051,180.47905212615936,offense,1.0777435568807765,0.25911248834663647,0.9824156905531843,0.3404917377872845
40.59999999940919,-0.3133221256589598,-1.8642317629904877,178.96399583380256,-5642.754427484534,-3358.986375709487,7396.185726465414,-8554.794333982474,-3347.520705878099,7445.264724149886,-1.6625439243506157,-0.05896788353088467,180.47396313329196,offense,1.079488515593724,-1.0891959273448173,0.9824088800707458,0.340302307585835
40.69999999940774,-0.29695548619396683,-1.5531853067279575,178.81541263004857,-5676.472930726054,-3358.4592260946542,7395.775705840588,-8585.46043751147,-3347.7411103352197,7445.051224764544,-1.6286003624530365,-0.05924254276333109,180.46895262164574,offense,1.0796470051649032,-0.7575274525806456,0.9824020851352077,0.34012992857652974
40.79999999940628,-0.3133400072459797,-0.15469721290035884,178.41622447626673,-5710.207435395262,-3357.8795304834234,7395.400494603119,-8616.12643567676,-3347.959365335031,7444.83770838351,-1.5935296860023964,-0.059481508606256735,180.4640267728988,offense,1.0807359024948955,0.6085834630979158,0.982395403086344,0.33998832556258946
40.89999999940483,-0.3313465466746472,0.00349278944245928,178.33651360508054,-5743.970481120217,-3357.253736659491,7395.062003061775,-8646.792332169576,-3348.175518528175,7444.6241749511455,-1.5571890828625483,-0.05969004483807994,180.45919436723304,offense,1.081233264604778,0.6552350608161192,0.9823888699379755,0.3398807550045347
40.99999999940337,-0.3653527578949956,0.32955996257141335,178.26780829694525,-5777.751533311581,-3356.5552101990575,7394.812444184831,-8677.45813005182,-3348.389619837963,7444.410627509371,-1.5194725127838304,-0.059871347071885316,180.45445357149106,offense,1.0822851882459852,0.8386852963656974,0.9823824175287498,0.3397868084578152
41.099999999401916,-0.3901756571100327,0.39850560735188484,178.2050010981464,-5811.5606811377265,-3355.7990343991664,7394.619225438399,-8708.123833111129,-3348.6017211518733,7444.19706586175,-1.4802106577394771,-0.06002992413412287,180.4498107237942,offense,1.0826221794304487,0.7537919313854877,0.9823761539530285,0.3397287908778964
41.19999999940046,-0.42909231155134775,1.2902279895545654,177.86132432921022,-5845.381415060417,-3354.9502785929867,7394.54045517945,-8738.78944474209,-3348.8118770851925,7443.983491701267,-1.439216911811613,-0.060168016504856335,180.44526298247897,offense,1.0835723948804454,1.48412482064328,0.9823699558356059,0.33967424062885454
41.299999999399006,-0.38689699891790935,0.7080212237905524,178.2363686818016,-5879.238921807234,-3354.040302809945,7394.502323030931,-8769.454969141429,-3349.020144565235,7443.769902970452,-1.3962783109989345,-0.06028849802626383,180.44081875346714,offense,1.08507958338543,0.8423420184197039,0.9823639877137237,0.3396609210595195
41.39999999939755,-0.3133262112442883,-0.8446487380124847,178.84307870659052,-5913.153042471067,-3353.1292998331337,7394.381986975855,-8800.120409650524,-3349.226583969561,7443.55630149968,-1.351199201222888,-0.060392936417180416,180.43647230052534,offense,1.0868791532957591,-0.6545342594766161,0.98235804545752,0.3396374721296356
41.499999999396096,-0.308088948055243,-1.3757467397730199,178.9041475025602,-5947.1040648881035,-3352.213803460413,7394.190299795866,-8830.785765594217,-3349.4312583841893,7443.342706286476,-1.3044081370669338,-0.06048553174794747,180.43221433260868,offense,1.0874436333565771,-1.1383209770214728,0.9823520677471634,0.33958495114630605
41.59999999939464,-0.39524876471296677,-0.1384834761566991,178.33152339985344,-5981.052570272034,-3351.2538882195054,7394.034837756434,-8861.451036428238,-3349.6342332227437,7443.129134403742,-1.2562550426236008,-0.0605758027937526,180.42805120111754,offense,1.086955880696775,0.010764612125358118,0.9823461143360775,0.339510988183973
41.699999999393185,-0.4630909664442243,1.790969412475316,177.55521868108582,-6014.989842471468,-3350.2049030507296,7394.001649189023,-8892.116223601823,-3349.8355762206493,7442.915592983357,-1.206706234049439,-0.06066713103288836,180.42399434470272,offense,1.086894506792355,1.831831611339126,0.9823402547944591,0.3394308019815367
41.79999999939173,-0.4314732425174511,1.7983289682147323,177.67255602293292,-6048.932084542037,-3349.081404917043,7394.045082437933,-8922.78133060483,-3350.035357478335,7442.702079376272,-1.1554098849178898,-0.06076041294819161,180.42005421812829,offense,1.0875675656701884,1.73271276807304,0.9823345567842917,0.3393616483690646
41.899999999390275,-0.3183549775145636,0.544415073189379,178.3165758601129,-6082.921009420402,-3347.940448630659,7394.044237204278,-8953.446360233847,-3350.2336499394073,7442.488593577946,-1.1021012363227254,-0.060853796849669455,180.41622856718368,offense,1.0898175592389554,0.532375281289242,0.98232891843172,0.33928104858556907
41.99999999938882,-0.1606731505836765,-0.8380467370279157,178.7501321658671,-6116.967416580189,-3346.8158574601,7393.9192427500875,-8984.1113120252,-3350.430529249739,7442.275149190155,-1.0470154941668937,-0.06094917740926288,180.4125087514767,offense,1.091006907029432,-0.6049571497976776,0.982323231056362,0.3391615156346086
42.099999999387364,-0.05333833222074847,-2.0780407421118747,178.81485766410913,-6151.044297355004,-3345.708460527658,7393.661198231033,-9014.77618362513,-3350.6260733154236,7442.061766713783,-0.9906324447608656,-0.061052501713001216,180.40889352995353,offense,1.091796715260484,-1.5866358466052621,0.9823174731530253,0.33899401611371327
42.19999999938591,0.013501352625520198,-2.039393988025165,178.81905170780485,-6185.144110546191,-3344.60407094708,7393.3000426990275,-9045.440972627383,-3350.8203618940624,7441.84846514749,-0.9333448541838931,-0.06116940206647516,180.40538826498266,offense,1.0927721758950457,-1.3279780814201654,0.9823116593673897,0.3387790957155742
42.299999999384454,0.14968270473117076,-1.130762704643439,178.91129096192842,-6219.284116697791,-3343.5041284079102,7392.813513836521,-9076.105677261896,-3351.01347613885,7441.635258980987,-0.8753683863638062,-0.06130362518963261,180.40200010320578,offense,1.0943613256170586,-0.05634427727289631,0.982305817176785,0.33852236590131274
42.399999999383,0.2895024691632948,-1.8242295809842644,178.68171131380052,-6253.4701283460145,-3342.401757799633,7392.166850021911,-9106.770295697306,-3351.205498298452,7441.422161443618,-0.81686155730401,-0.06145716949374809,180.39873200174108,offense,1.0957769641435051,-0.4400240779029661,0.9822999196868372,0.3382176477486794
42.499999999381544,0.42082964383146026,-2.8322280177785566,178.37821729676136,-6287.694764625395,-3341.2900348383555,7391.376246640876,-9137.434826271447,-3351.3965112304577,7441.209183433611,-0.7579481334613913,-0.06163168447603753,180.39558860319738,offense,1.097123907333109,-1.1251624700859977,0.9822940033012779,0.3378747503793105
42.59999999938009,0.6062729520539036,-2.1695479821244747,178.82875708096455,-6321.965413544507,-3340.155840240669,7390.414192832905,-9168.099267841253,-3351.586598348982,7440.996332179356,-0.6986461924991842,-0.06182757372520058,180.39257396819275,offense,1.0990312986793709,0.05006732617266224,0.9822880675091331,0.33749549032225673
42.69999999937863,0.7687145110473993,-0.30518460124541297,180.16619367831416,-6356.288484567229,-3339.0554474204996,7389.384885650218,-9198.763619850177,-3351.775843482448,7440.7836110997505,-0.6389014637476883,-0.06204381875819732,180.3896928818523,offense,1.100280888215073,2.311881286377852,0.9822821506768274,0.3370921964371905
42.79999999937718,0.8997360471755347,1.3133859916167048,181.835460830514,-6390.65073653801,-3338.1201083173296,7388.439818625615,-9229.42787925574,-3351.9643312393314,7440.571033551309,-0.578964650814211,-0.06227958373571738,180.38693568831908,offense,1.1012770553450921,4.270881334235287,0.9822760638406884,0.33662095842204354
42.89999999937572,1.0377479831520477,2.0671511343399804,182.8649097625219,-6425.0590011299655,-3337.4252165651255,7387.597141533566,-9260.092036117449,-3352.1521462322708,7440.358641450986,-0.520028100148972,-0.06254002143062641,180.38428022170254,offense,1.102488707278045,4.976831457965403,0.9822695495046655,0.3360159046274525
42.99999999937427,1.104071832825312,1.8495909024455297,182.3983589291025,-6459.502743429781,-3337.04229222227,7386.862065397749,-9290.756076447782,-3352.339370860848,7440.146491236109,-0.46375374277576076,-0.06283942074887366,180.38171993104402,offense,1.1030616536805524,3.8210823073522238,0.9822625843754423,0.33526246474362215
43.09999999937281,1.0702414582465034,1.0891804845077238,180.83883317365468,-6493.960695066373,-3336.9715522804195,7386.217708218098,-9321.419983365906,-3352.526083621395,7439.9346481518305,-0.41190738791545245,-0.06319201615786936,180.3792478666951,offense,1.103150382503626,1.6455757009790795,0.9822550043586978,0.33431271169282156
43.19999999937136,0.9887932000414352,0.13168866474517077,179.24157265773482,-6528.42018296673,-3337.135824491113,7385.636569178457,-9352.083739680322,-3352.71235588921,7439.723174149311,-0.3661199027383977,-0.06361252300856672,180.37687045748189,offense,1.1033318270035837,-0.3523211316222169,0.9822469396565622,0.3331918866982535
43.2999999993699,0.8882186719828051,-0.7132594160652496,178.05715810683446,-6562.891401216291,-3337.394238670158,7385.0467876499,-9382.747333058305,-3352.898249824427,7439.512105516988,-0.32712095813954783,-0.06411000204973875,180.37460590677995,offense,1.1035907670164318,-1.6954697018859033,0.9822385722277439,0.33194389288672654
43.39999999936845,0.7314391405144391,-1.306199648229783,177.35444301575365,-6597.358959140605,-3337.7018828867203,7384.437971068651,-9413.410758898062,-3353.0838171873197,7439.30144162922,-0.29452687821608436,-0.0646810071719049,180.3724788448795,offense,1.103299590776139,-2.328575836188817,0.9822302217522358,0.3306563600061923
43.49999999936699,0.5538613592244129,-0.6937383953915076,177.90040206965952,-6631.819980479195,-3338.0419105509886,7383.81967557039,-9444.074016267683,-3353.2691005414217,7439.091164793134,-0.26748896108063386,-0.06531235751973491,180.37048811919433,offense,1.1032000111827207,-1.1653815980267117,0.982221830818497,0.32933102251458507
43.59999999936554,0.43867940821744145,0.5005373153660051,178.89414299476041,-6666.275985991103,-3338.4402185856534,7383.254986852948,-9474.737105081598,-3353.4541334976,7438.881253441644,-0.24536297528094678,-0.0659898487446555,180.3686271668492,offense,1.1029427120845685,0.4976316770251879,0.9822135077512961,0.32800938965400783
43.69999999936408,0.37118185438291307,0.04900043762320371,178.85010627403156,-6700.734685379317,-3338.8853080273984,7382.73649404282,-9505.400025262195,-3353.6389421832514,7438.671686498184,-0.2276769367270807,-0.06670132632973758,180.36688141409712,offense,1.1032503779996183,0.11535859654666474,0.9822051492622059,0.32667841314861873
43.799999999362626,0.24664696731636948,-1.3708358823159248,178.36487091127736,-6735.198058633517,-3339.3589047134283,7382.282317684115,-9536.06277736747,-3353.823545477298,7438.462440801466,-0.21411885765974448,-0.06743545114509344,180.3652451136903,offense,1.1031192084260084,-1.2517171986627564,0.9821968859883968,0.32538039696263515
43.89999999936117,0.08016663109575214,-1.3149287822577755,178.38038400300272,-6769.653190826639,-3339.8381839992985,7381.90080510639,-9566.725363980187,-3354.007956157184,7438.253485637069,-0.2041818802847111,-0.06818180473832612,180.36371325444742,offense,1.1028514822089472,-0.9348177991063895,0.9821887193672958,0.3241247691179339
43.999999999359716,-0.09405416908103076,0.5129605283464226,178.50099563872791,-6804.104937100562,-3340.3016747937745,7381.637118938372,-9597.387788948445,-3354.192181564052,7438.044786616195,-0.19734428927478018,-0.06892754286258941,180.3622808918379,offense,1.1027200011011231,0.9805034914115761,0.9821807256607067,0.32293972331842496
44.09999999935826,-0.20901027240356937,2.8547656091905242,178.4554642829706,-6838.547535095944,-3340.711997996532,7381.613083139411,-9628.050057728979,-3354.376224575541,7437.836304649204,-0.1929797651718192,-0.06966181769604571,180.36094283409983,offense,1.102224398787756,3.0802467206443276,0.9821729326587926,0.32183946363236576
44.199999999356805,-0.21241148555822936,2.9586950215700667,178.71013504964193,-6872.996459470793,-3341.049304321615,7381.799392689568,-9658.712177777146,-3354.5600844755604,7437.627994712502,-0.1903357574273623,-0.07037216652010775,180.359696987415,offense,1.1032927916535467,2.8695215294928733,0.9821654371425154,0.32085517290710125
44.29999999935535,-0.17813048807903126,1.8929504382371845,179.0152355574067,-6907.478033638391,-3341.3357919682257,7382.087821226791,-9689.374157924705,-3354.74375839694,7437.419809145934,-0.1885810892604059,-0.0710467263041856,180.3585372660095,offense,1.1039770981052839,1.5632654806834543,0.9821582347012199,0.3199920365156625
44.399999999353895,-0.21442799449711686,0.7773907219702693,179.19564592092547,-6941.975519969962,-3341.570517032971,7382.470115583649,-9720.036005780416,-3354.9272425813674,7437.211709243649,-0.18718667943320166,-0.07167476539939631,180.35744972387533,offense,1.104398000055203,0.3122298006141641,0.982151251713694,0.319236336903782
44.49999999935244,-0.27964463010516144,-0.5652343153024559,179.56757097239938,-6976.4803214740805,-3341.750586122315,7382.909498134688,-9750.697728687937,-3355.1105328398235,7437.003660715637,-0.18578374063689498,-0.0722510886615011,180.35642784261842,offense,1.1046126721785037,-1.0426638179436996,0.982144535102726,0.31859928834041523
44.599999999350985,-0.3484984545885001,-0.34174809874141526,179.4815748969066,-7010.9883262559215,-3341.8927253893335,7383.336503983883,-9781.359334272775,-3355.2936255036043,7436.795631269172,-0.18397686942311728,-0.07277096947978336,180.3554659313712,offense,1.1044228842791306,-0.7863668084277655,0.9821380554700055,0.31807281705375823
44.69999999934953,-0.42871151598302415,0.7927047856353618,179.1312216696218,-7045.499330383016,-3341.9616845395167,7383.821507409203,-9812.020828916606,-3355.476518012723,7436.5875971298165,-0.18157176787234341,-0.07323160563025424,180.35455483765787,offense,1.1050869694292516,0.33796119879600994,0.982131761267629,0.317641739892697
44.799999999348074,-0.42555939552771305,0.8815104816558897,179.28652449900986,-7080.034317881737,-3341.971229973057,7384.322913371668,-9842.682220325485,-3355.65920882925,7436.379531315431,-0.17822977646245333,-0.07363317214610444,180.35369801812692,offense,1.1059377766127172,0.347052672892464,0.9821257794956891,0.31733250868572865
44.89999999934662,-0.3219694394158575,1.4714788451254972,179.2347745558848,-7114.613593121714,-3341.949546189084,7384.782898094497,-9873.343515765147,-3355.841698712282,7436.171411648047,-0.17359900397005817,-0.0739736179854645,180.35288748875516,offense,1.1079960877790525,0.9627840411429754,0.9821199659683226,0.3171068059204213
44.999999999345164,-0.18298330376199873,1.2710612524563014,179.35012297202329,-7149.253145439524,-3341.9152992221548,7385.169770654601,-9904.004720073193,-3356.0239905927506,7435.963228875867,-0.1677251190940939,-0.07425478283983648,180.35211434376637,offense,1.10947789511106,0.7492786269974383,0.9821143020231262,0.31695414664595895
45.09999999934371,-0.10818437952631114,0.7816036692934777,179.36116857316964,-7183.927268233336,-3341.858350303239,7385.547660995892,-9934.665837053559,-3356.2060896115318,7435.754979901332,-0.16073699236346178,-0.07448257436797334,180.35137381352152,offense,1.1102268748618096,0.17872577319208147,0.9821087361583284,0.3168535429638496
45.19999999934225,-0.06910812587757026,-0.0033326474200125315,179.50336504673504,-7218.623449657443,-3341.773864277367,7385.940457957051,-9965.326870515886,-3356.3880028112285,7435.54666275327,-0.1527126592446984,-0.07466231548890857,180.35066742879073,offense,1.1111214708096775,-0.5686710594920409,0.9821033149254077,0.3168088793180154
45.2999999993408,-0.024246525560114706,-1.1607035074672318,179.54358796465118,-7253.347689719376,-3341.686214304069,7386.242355848354,-9995.98782442906,-3356.569739264177,7435.338275742102,-0.14361770507671826,-0.07479940257381057,180.34999517847484,offense,1.1116770431883858,-1.5881588421149548,0.9820980060210989,0.31680536528564907
45.39999999933934,-0.07614375529242182,-0.7928002746549683,179.4185479862267,-7288.076855709667,-3341.589273914119,7386.505998776597,-10026.6487010849,-3356.751310045944,7435.129825234401,-0.13360466501678459,-0.07489864222997775,180.3493511461435,offense,1.1115234391472244,-1.247417399826113,0.9820927359515649,0.31681878920308076
45.49999999933789,-0.15382147695299966,0.43312517059731154,179.33943124583507,-7322.804962194816,-3341.4682276940935,7386.847963409454,-10057.309502629398,-3356.9327276061913,7434.921318337066,-0.12282473818944205,-0.07496774189921425,180.348737426658,offense,1.1118608176228018,-0.11702878075614474,0.9820875618701916,0.31685562878234774
45.59999999933643,-0.15214207254896772,-0.11528798889780191,179.58085947085888,-7357.548383070543,-3341.327651848127,7387.208458793709,-10087.970232055532,-3357.1140058446995,7434.712758450822,-0.11122653337799754,-0.07501182470985097,180.34815721665512,offense,1.1125924711471886,-0.6089682099105346,0.9820824835762685,0.3169106982158002
45.69999999933498,-0.11950067130921439,-1.273649780688925,179.74505304186837,-7392.324839858022,-3341.1890844200148,7387.472831551132,-10118.63089183545,-3357.295160163391,7434.504151242793,-0.09880116962823456,-0.07503475715685047,180.34760906389894,offense,1.1135854337433253,-1.6316528575723128,0.9820774715518764,0.31697285211158827
45.79999999933352,-0.16795604911257062,-0.7422789997981647,179.56674925081802,-7427.1083685331105,-3341.0384509657974,7387.701617950774,-10149.291483128623,-3357.476207371304,7434.295507808778,-0.08570032610207193,-0.07504165360073824,180.34708885992828,offense,1.1130968275471482,-1.13748449701622,0.9820724718195599,0.3170244258961075
45.89999999933207,-0.24455103341391385,0.6835589366336412,179.32256059495063,-7461.884856511429,-3340.8477396200487,7388.02109822976,-10179.952007528393,-3357.6571651636905,7434.086836637539,-0.07200723640199198,-0.07503816100850556,180.34660095230788,offense,1.1134440868009037,0.16261987819878113,0.9820675600065422,0.31707961505982013
45.99999999933061,-0.24369364884488084,0.22974136741751122,179.58344532631313,-7496.673329233304,-3340.624425263138,7388.378980296967,-10210.612468256002,-3357.838052284344,7433.8781385250395,-0.05752297266533922,-0.07502721624226057,180.34615150923378,offense,1.1139529875062142,-0.2912297019628954,0.9820627686758266,0.31714457298933724
46.09999999932916,-0.21277470839980728,-1.1157636243124343,179.89011320402253,-7531.491544805915,-3340.401654870507,7388.656403252551,-10241.272868040409,-3358.0188889419596,7433.6694160828565,-0.04210732376323576,-0.07500923869099992,180.34573820669291,offense,1.1149530420831852,-1.5376137789759536,0.9820580407707017,0.3172051919851665
46.1999999993277,-0.2631323951089753,-0.6471590314990417,179.66117126308635,-7566.315415013185,-3340.1617822407748,7388.905016983697,-10271.933207633807,-3358.199696804064,7433.4606800434385,-0.025915702772845974,-0.07498704210412736,180.34535468911093,offense,1.1144128152752557,-1.1052966640942437,0.9820533065941744,0.31724260620879147
46.299999999326246,-0.34172679614542306,0.7798481540676817,179.26342551664496,-7601.116630981639,-3339.865529734733,7389.244418171552,-10302.5934884528,-3358.3804983951436,7433.251937217326,-0.009023997130496474,-0.07496492826335564,180.34500693713122,offense,1.1137580335872,0.2077702993660082,0.9820486694477045,0.31727969264629835
46.39999999932479,-0.34241666703631585,0.35622828883864716,179.55581326374792,-7635.917804151128,-3339.525187634893,7389.622428738517,-10333.253714257036,-3358.561317395156,7433.04318346687,0.008875407226593043,-0.07494357789640854,180.34470387389092,offense,1.114638721895293,-0.24890939953510172,0.9820441811022156,0.31732963593183783
46.499999999323336,-0.24305403976247128,-0.9389403490653814,180.13492811190363,-7670.764446949551,-3339.1931635080036,7389.8911708649575,-10363.913888097697,-3358.7421793305393,7432.83441752716,0.027995353410845362,-0.0749206747964108,180.34444203710478,offense,1.1164171396423364,-1.344587482836011,0.9820397543423639,0.3173734378158586
46.59999999932188,-0.06856754471092702,-0.4227690545224653,180.18515012396688,-7705.670281127466,-3338.893331038927,7389.965030052397,-10394.574009949472,-3358.9231116105593,7432.625651090116,0.04808399820613175,-0.07489769444938117,180.34421148117266,offense,1.118372341809218,-0.45828886732674945,0.9820352786444888,0.31738340941492577
46.699999999320426,0.09879415686626236,0.9534170077178674,180.0782748724384,-7740.633720008737,-3338.6029541827743,7389.925287787995,-10425.234078294876,-3359.1041428445897,7432.416901201389,0.06869199723020274,-0.07487989816143804,180.3440108087656,offense,1.1198056841120947,1.088234294278485,0.982030759380281,0.3173577802888948
46.79999999931897,0.1690077981605371,0.9369613348037362,179.910737708793,-7775.6275071158125,-3338.323004854783,7389.903283554483,-10455.894092876051,-3359.285302279881,7432.208178023422,0.08962563276808382,-0.07487178727018805,180.34384823278629,offense,1.120366967139905,0.933261606851373,0.982026268517945,0.31731215116270073
46.899999999317515,0.1990552808277388,1.8817975721776306,180.09920535105525,-7810.627705197487,-3338.074561553705,7390.008125375668,-10486.554053520069,-3359.4666199244953,7431.999490326575,0.11079495633859725,-0.07487443183799526,180.343724763922,offense,1.1206056736280694,1.663341248665134,0.982021747950167,0.3172328965890032
46.99999999931606,0.3085323062001112,3.652857705887647,180.64040514111102,-7845.6467019762895,-3337.8749166163498,7390.244303515033,-10517.21395860495,-3359.648126124253,7431.790852081651,0.1319163263664575,-0.07488989255804811,180.34363748363916,offense,1.1214683566346688,3.2794971453542416,0.9820171630515898,0.3171113574897111
47.099999999314605,0.4807801458634059,5.472041447660512,181.45516351468623,-7880.696601946712,-3337.7540104630307,7390.635694480071,-10547.873805626166,-3359.829851045679,7431.582279763163,0.1526226009601885,-0.07492184170994383,180.3435852662198,offense,1.1225280110742313,4.856875376435131,0.9820124895224465,0.31694050084080516
47.19999999931315,0.6443186190426393,6.373438055816478,182.00929384322862,-7915.775147363021,-3337.7825750719508,7391.242382063592,-10578.533590561341,-3360.0118242695453,7431.373794966585,0.172404749495151,-0.07497388986618218,180.34356406934177,offense,1.1234491894813654,5.216088963594482,0.9820076550614673,0.3167016145762432
47.299999999311694,0.7182609120516806,5.9136164175027135,181.63717625313998,-7950.866549123945,-3338.0300566816736,7392.096026836476,-10609.193305639186,-3360.1940741444287,7431.1654338486405,0.1903219469452595,-0.07505211829300526,180.3435615076945,offense,1.1237984067145805,3.9380275115717294,0.9820024920322362,0.3163510971361784
47.39999999931024,0.6880726772626625,4.567688739995154,180.4677992831751,-7985.952471051127,-3338.502158270714,7393.1695741785325,-10639.85293920906,-3360.376626048407,7430.957246804828,0.20499452994270184,-0.07516733702234565,180.34356731109713,offense,1.1236696822065644,1.7487311766731641,0.9819969095574844,0.315861107150742
47.499999999308784,0.581030454518496,3.0813129266826764,179.29346994699458,-8021.018752485392,-3339.1466793626223,7394.416015298287,-10670.51247948091,-3360.559500062086,7430.749281373805,0.21518207971250544,-0.0753322013425656,180.34358527352842,offense,1.1232562240540056,-0.24555841133313358,0.9819909780429573,0.31524314929318314
47.59999999930733,0.42012230777856374,1.9621232691792834,178.63199757364268,-8056.07052126355,-3339.877093694038,7395.7606140451135,-10701.171917992597,-3360.742709230507,7430.541567259428,0.2202766264519764,-0.0755540403354243,180.3436283416934,offense,1.1231191305529318,-1.3107241409025778,0.9819848394574718,0.31453104536144866
47.699999999305874,0.24021558389559217,1.015102457969252,178.33386422411752,-8091.119850246293,-3340.6168667026823,7397.1167292549135,-10731.831251456402,-3360.926258642179,7430.334109128473,0.22044534772589963,-0.07583223156918834,180.34371235365407,offense,1.12311326712365,-1.8406495475982845,0.9819786895636377,0.31377795118737223
47.79999999930442,0.12106321399817695,-0.04938936192169549,178.37547822605413,-8126.171338880481,-3341.3269005862894,7398.41208908431,-10762.490481442892,-3361.110145829439,7430.1268893573315,0.21646775661164783,-0.07615793992335845,180.34384678946353,offense,1.1232446202809117,-2.3766230660260876,0.9819726560725387,0.3130259187582465
47.89999999930296,0.05071926554947852,-0.8087407358739741,178.39905014151614,-8161.237564281217,-3341.998473890947,7399.554284526542,-10793.149612196092,-3361.2943619732755,7429.919878831459,0.20930600193448354,-0.07651741752298302,180.34403079346535,offense,1.1234554050456707,-2.719446739459714,0.9819667918454653,0.3123011258285805
47.99999999930151,-0.07973623817286543,-1.1397009438217292,178.44855582393572,-8196.29987661354,-3342.6286130396884,7400.601672932062,-10823.808648918217,-3361.4788933166947,7429.713045229742,0.19981744525448827,-0.07689653874631885,180.34425711212225,offense,1.1227944314831824,-2.5960940422749994,0.981961108189925,0.3116185663071503
48.09999999930005,-0.24818853179501907,-2.115855193447957,178.66372089834988,-8231.345117083858,-3343.213208589581,7401.564827128217,-10854.467597346205,-3361.663722450138,7429.506355321562,0.18871349459355904,-0.07728244830580681,180.34451829159315,offense,1.122346785145151,-2.9343518299241174,0.981955625795059,0.3109934570253649
48.1999999992986,-0.4246611519844061,-2.654091890773008,178.9374636343324,-8266.378133276468,-3343.7532395819167,7402.404240666971,-10885.126463775729,-3361.8488295373977,7429.299775189341,0.17661705570491293,-0.07766363259596633,180.34480791533397,offense,1.1217346874036869,-2.8084948438892083,0.9819503575217612,0.31043722311718763
48.29999999929714,-0.5349823869579629,-1.8057965477465827,178.82573042536458,-8301.398599792146,-3344.237581215599,7403.144154845506,-10915.785254625014,-3362.034193414332,7429.093272409773,0.16404155784046312,-0.07802984998214756,180.3451190788788,offense,1.121518071897038,-1.5668643278165015,0.9819452969614417,0.30995468972064977
48.39999999929569,-0.5159803093719958,-0.3745819901260989,178.39299018354922,-8336.439236210437,-3344.666117741795,7403.805156341011,-10946.4439768926,-3362.2197923205836,7428.886814173499,0.15147283253385846,-0.07837272314966288,180.34544846083924,offense,1.1228580301903488,-0.07542110545695734,0.9819404836739618,0.3095600245784255
48.49999999929423,-0.3807658640645717,-0.61843764500752,178.857470530589,-8371.522789486266,-3345.0733247169533,7404.332067976607,-10977.102637695854,-3362.4056048950697,7428.680369496989,0.13936004160886048,-0.07868452804023096,180.34579058798462,offense,1.1240817516540533,-0.5370096532180002,0.9819358870902087,0.3092490733004446
48.59999999929278,-0.20404522688443003,-1.9760878207935852,179.51047050671852,-8406.652642927009,-3345.500649283812,7404.6365976590305,-11007.761242070525,-3362.5916109433024,7428.473918829748,0.12781726099076085,-0.07896005904569861,180.3461333533271,offense,1.1254734317452595,-1.994759661198192,0.9819314046934217,0.3089976289511654
48.69999999929132,-0.01376038368101299,-2.810704907545965,179.86109837301146,-8441.819750728167,-3345.9339122335587,7404.691523606694,-11038.419792421913,-3362.777791406894,7428.267455857435,0.11657732063860984,-0.07919955265470019,180.34646561398327,offense,1.1266870134110256,-2.6360801958003828,0.9819269634726785,0.30878463123888483
48.79999999928987,0.24470541722265185,-2.4664375492813124,180.09911336397525,-8477.031023485186,-3346.3579287656107,7404.437592641286,-11069.078291600401,-3362.964127683662,7428.060973423192,0.10546789726608016,-0.0794062612737821,180.34679014130919,offense,1.1281445223397313,-1.925590107952669,0.9819226536313607,0.30862718924096516
48.89999999928841,0.4577497936684935,-1.4646705215713982,180.31344981768706,-8512.275411828943,-3346.7536555682245,7403.977650124955,-11099.736743443158,-3363.1506018823084,7427.854461269198,0.09456526094173662,-0.07958107642516059,180.34710827966373,offense,1.1287420023274508,-0.6967460005223461,0.981918453165869,0.3085168944473793
48.999999999286956,0.5409343499150705,-1.9778417215415645,179.84625752708175,-8547.53090144713,-3347.1411054465143,7403.428898039228,-11130.395152311232,-3363.3371966471136,7427.64790803963,0.08402246749561457,-0.07972419808154609,180.34742180486234,offense,1.1290877070387684,-1.3028256345390572,0.9819144167273094,0.3084647190752521
49.0999999992855,0.5803814569364528,-2.71772783015383,179.45514393624111,-8582.799250183023,-3347.537186804597,7402.819589675224,-11161.053521555636,-3363.5238956885246,7427.441308020812,0.0739005819676761,-0.07983620508925302,180.34772372309288,offense,1.1297484111863068,-2.0218850427003394,0.9819104315312313,0.30844034495317985
49.199999999284046,0.6235959317021519,-1.8604474447161232,179.99378621821597,-8618.086828674343,-3347.9431864143153,7402.123663166472,-11191.711852987542,-3363.710683391044,7427.234662998838,0.06401831331265719,-0.07991995068235111,180.34800940439044,offense,1.1302189266431133,-1.0085296518397204,0.9819065045654846,0.30844125822207197
49.29999999928259,0.6443828418626864,0.13279828834864096,181.50946036758143,-8653.38381812981,-3348.4378522295465,7401.469207821635,-11222.370148412105,-3363.897544656667,7427.027975145856,0.054253760778258,-0.07998021413477076,180.34827846735777,offense,1.1305767211867739,1.2492128989011821,0.9819026264438744,0.30846012115954485
49.399999999281135,0.6797304436985039,1.9318871784276233,182.84891841795906,-8688.697937160852,-3349.1002978375677,7400.940399915066,-11253.028405280163,-3364.0844652526976,7426.821265929035,0.043985761001158426,-0.08002129845536904,180.34851265876566,offense,1.1310396278607802,3.043839053236385,0.9818985353672172,0.30842792206152553
49.49999999927968,0.6240737025352293,1.9266785255066385,182.71979970766603,-8724.009879660933,-3349.999621108006,7400.630177034545,-11283.68661586845,-3364.2714300621788,7426.614578341752,0.03191394252211144,-0.08005636172800591,180.34869754596966,offense,1.1307190052707567,2.42756761291729,0.9818941464598789,0.308313302177783
49.599999999278225,0.4870840506060768,1.0114658194807604,181.97006289418815,-8759.304305715004,-3351.117587732516,7400.551423535112,-11314.344768919671,-3364.4584214044166,7426.407968595377,0.016479752702589258,-0.0801023648168686,180.3488223671685,offense,1.1303574789132211,0.8764433229263751,0.9818893108917283,0.3080675927246004
49.69999999927677,0.3655195317862248,0.19900818359277442,181.6540093158608,-8794.592472915061,-3352.354922639001,7400.62192607106,-11345.002853786531,-3364.6454161091124,7426.201487012735,-0.0036180731548854685,-0.08017641689564385,180.34889564849294,offense,1.130686378307552,-0.11187247114136438,0.9818842000950928,0.3077219616719801
49.799999999275315,0.2765553950612854,-0.5706203919080494,181.35232324861803,-8829.895388553085,-3353.642928509031,7400.722908471206,-11375.660866107612,-3364.8323838800034,7425.995153514487,-0.02859505726195434,-0.08028845317073231,180.34893980151244,offense,1.1311019410307595,-0.9360817899171644,0.9818790478013825,0.307329424712983
49.89999999927386,0.11609698221354942,-1.7513457465325326,180.9892038108319,-8865.197605461426,-3354.9522696360814,7400.841224123625,-11406.318805993295,-3365.0192874567383,7425.788966948131,-0.05797938857201881,-0.08043545495367792,180.3489637183667,offense,1.130892027018733,-2.040359298766511,0.9818739252489198,0.30691275925614636
49.999999999272404,-0.07435673443542787,-2.569113833128413,180.89400184562166,-8900.496817689253,-3356.249314194893,7400.904587478698,-11436.976675410928,-3365.206082942124,7425.582917376048,-0.0911860533833964,-0.08061135564585854,180.34896564820443,offense,1.1308281080660039,-2.509567262651209,0.9818688883123332,0.3064926784311162
50.09999999927095,-0.2650081610486132,-1.8309053370391877,180.79795018151867,-8935.789869574497,-3357.520336470523,7400.907526045015,-11467.634478729222,-3365.3927204676843,7425.376984281457,-0.1274860768951687,-0.08080811188166849,180.3489450307251,offense,1.1304286938192252,-1.4487314246742893,0.9818640345194591,0.3061011123018304
50.199999999269494,-0.387837714129847,-0.43090717709894505,180.59358776255277,-8971.088328006601,-3358.7408679075843,7400.926547520912,-11498.29222175634,-3365.5791456264456,7425.171141500894,-0.16611364307807924,-0.08101524979669061,180.34889585848924,offense,1.1311804898008748,0.08073044831399391,0.9818593636972094,0.3057470130311928
50.29999999926804,-0.38644877340331435,-0.12586882920474607,180.73453110531048,-9006.41748379312,-3359.9166112347953,7400.9346430944,-11528.949911813077,-3365.7653004213557,7424.965357298014,-0.20630668409260203,-0.08122240495488789,180.34881516485828,offense,1.1322127954237788,0.3360617886797171,0.9818549694172397,0.3054614683333175
50.39999999926658,-0.27456339786338385,0.8972103298603107,180.59748695252648,-9041.785217754177,-3361.060655818833,7400.895564905334,-11559.607556512054,-3365.9511248940667,7424.759600273708,-0.24738612393810583,-0.08141890957555566,180.3486930167659,offense,1.1336480320474729,1.3109272482950842,0.981850782560456,0.3052350621613769
50.49999999926513,-0.12808642666105863,0.8531842937266231,180.68022402122125,-9077.199778482842,-3362.1804017023733,7400.807202967135,-11590.265162508183,-3366.1365578665445,7424.553844895831,-0.28897406118524177,-0.08159642978778672,180.3485193782969,offense,1.1350119949438298,1.1350248392766054,0.9818468056457149,0.3050734885020819
50.59999999926367,-0.0503170298068326,-0.12080196724491299,180.72344974320177,-9112.651516728487,-3363.271481246456,7400.72557675742,-11620.922736238692,-3366.321537656336,7424.348068158657,-0.3307925461406723,-0.08174995169443251,180.34828708109802,offense,1.135917135661539,0.05015033199613631,0.9818430192187412,0.30497420325512375
50.69999999926222,-0.08512694868774613,-1.292528617473566,180.69985019716776,-9148.119855732903,-3364.333909407708,7400.673079441721,-11651.580284250877,-3366.506002515138,7424.142248148779,-0.3725985381112111,-0.08187480522690539,180.34799218321893,offense,1.1358704915215967,-1.1757591437072994,0.9818394460040013,0.3049444062574011
50.79999999926076,-0.20704069379426976,-0.4707842855087249,180.5023460726955,-9183.569370820896,-3365.3542679603934,7400.722001663366,-11682.23781307924,-3366.6898911504077,7423.936364618522,-0.4141601368530996,-0.08196771520960719,180.34763000948573,offense,1.134909995750196,-0.4407421424976261,0.981836063412223,0.30497896449602735
50.89999999925931,-0.31402416118997356,1.166825628672619,180.25091545868938,-9218.995646777654,-3366.301550492698,7400.935213462928,-11712.895329705747,-3366.8731429122063,7423.730396901226,-0.4552161615239127,-0.08202585736535083,180.34719962081394,offense,1.1342861923501646,1.052072390186517,0.9818329192452004,0.30508952387780536
50.99999999925785,-0.38842824818262756,1.4465456355960309,180.17451238286853,-9254.411242566137,-3367.1658754842088,7401.295623868722,-11743.55284280343,-3367.055698286015,7423.524318563184,-0.49528001397179633,-0.08204624369945668,180.34670408913047,offense,1.1339926750614358,1.0829821489922062,0.9818300744832337,0.30529109893986517
51.0999999992564,-0.4461903349506196,2.2911751781421787,179.93019626132264,-9289.825060685143,-3367.9024396863265,7401.837506014726,-11774.210361477697,-3367.237499792644,7423.318103237683,-0.533820547942667,-0.08202400322349605,180.34614092387903,offense,1.1345439184822712,1.6780661091215971,0.9818275016407896,0.3055781754903369
51.19999999925494,-0.3992071184720924,1.8439643863483908,180.32497255607134,-9325.268345505245,-3368.5509717337372,7402.46654501828,-11804.867896812812,-3367.4184923495086,7423.111717799699,-0.5701275900766518,-0.08195545830207779,180.34551692318004,offense,1.1358166463380581,1.050014880146802,0.98182534980651,0.3059875218528035
51.29999999925349,-0.3176959016636851,0.39064166742134854,180.93138233287237,-9360.754653230302,-3369.181340466966,7403.04852262297,-11835.525457990732,-3367.598625135784,7422.905139917976,-0.6037144926522946,-0.08183533071522144,180.3448183465083,offense,1.1369103287600502,-0.45287960712499764,0.981823365248981,0.3064579596234454
51.39999999925203,-0.23227966400307187,-0.8023255312887934,181.39275676081186,-9396.278145489865,-3369.8050712610807,7403.535507905201,-11866.183048882589,-3367.7778512760447,7422.698372067834,-0.6349371513186837,-0.08166585835434853,180.3440287708385,offense,1.1384055618159006,-1.4810166167130991,0.9818214504976694,0.3069607039972879
51.499999999250576,-0.0620418504671876,-1.744624301048837,181.7290031179529,-9431.860267375221,-3370.463420893743,7403.787513451025,-11896.840672459008,-3367.9561273174813,7422.491421050728,-0.6642023553954793,-0.08145653941026278,180.34314938716898,offense,1.1404879757344768,-1.9475930817948461,0.9818196319739887,0.30749279143241104
51.59999999924912,0.17020003611876963,-1.5392639570042943,181.8605961733852,-9467.50181546212,-3371.1460629515896,7403.756213280112,-11927.498329245853,-3368.1334132927186,7422.284304512975,-0.6920599339946188,-0.08121427396842651,180.34217305230763,offense,1.1420948684507193,-1.1554619267797104,0.9818177328211591,0.30800360868781496
51.699999999247666,0.36545405331498315,-0.6529147647703542,181.9192591392976,-9503.192305764873,-3371.8295161401356,7403.537580332753,-11958.156019265867,-3368.3096710863897,7422.077041494111,-0.7190703793122167,-0.08095035602609708,180.34110659589476,offense,1.143496990853011,0.0861949760485546,0.9818158845631094,0.30851578140244745
51.79999999924621,0.43603203569587246,-1.3819478907995486,181.38188103910372,-9538.914950459977,-3372.5244522771095,7403.24120798876,-11988.813744284002,-3368.4848643115547,7421.869642588055,-0.7453504933843909,-0.0806723024091278,180.33995822901505,offense,1.144325825891197,-0.6874183358058111,0.981814074454928,0.3090202641967055
51.899999999244756,0.3809266843924429,-2.4331319057811935,180.6969182669548,-9574.652554713788,-3373.251183913018,7402.9121151753725,-12019.471504937512,-3368.658957913283,7421.66212262857,-0.7711026749953691,-0.0803844479457162,180.33872643713,offense,1.144416063884642,-1.9441128177071323,0.9818122491877082,0.3095006435181653
51.9999999992433,0.22726292961080732,-2.6998989205100337,180.41363835372397,-9610.380551103233,-3374.0098925356833,7402.575598683805,-12050.129300424756,-3368.8319175396523,7421.454501603305,-0.7966862157265661,-0.08009419548065147,180.33740888347896,offense,1.1439489180003084,-2.2795605211695817,0.9818103689436064,0.30994207755331343
52.099999999241845,0.03539158693835506,-1.3144195671982262,180.56754724333675,-9646.100451975943,-3374.783985433975,7402.239954916719,-12080.787129794071,-3369.0037089440575,7421.246798671023,-0.822424222083301,-0.07980813370836606,180.33600843563943,offense,1.143891682226117,-0.8478031734167799,0.9818084600827645,0.31034704524173085
52.19999999924039,-0.09276585334881124,0.6845140441696168,180.72103146500223,-9681.818107449553,-3375.563162667599,7401.990749956218,-12111.444993101215,-3369.1742976608234,7421.039027045167,-0.848432227849177,-0.0795313433981281,180.33453093758723,offense,1.1437426048926493,1.0561011102355178,0.9818065622547641,0.3107228495524657
52.299999999238935,-0.17683931581706672,1.3294515069526867,180.63329620905478,-9717.544334090793,-3376.330884097837,7401.856242326797,-12142.102891038843,-3369.3436489019673,7420.831195846958,-0.8746991148299761,-0.07926584358099655,180.33297941550586,offense,1.1441450678902194,1.4653903521235931,0.9818046812070025,0.3110710420946964
52.39999999923748,-0.26897623078211,2.5605247138754965,180.40932264326304,-9753.265063494298,-3377.035642308263,7401.9389792744905,-12172.760825187672,-3369.511727413537,7420.623309132287,-0.9011064034782961,-0.07901262165154396,180.33135805657125,offense,1.1436998034393107,2.3614448333045766,0.9818028691065271,0.31140543848210683
52.499999999236024,-0.27190430141689076,2.2120443249488577,180.65276213381614,-9788.997909146856,-3377.680922847333,7402.168967339293,-12203.41880022201,-3369.6784976803724,7420.415356552497,-0.9271465686463968,-0.0787697399273858,180.32967865069355,offense,1.1449422726318765,1.8505305970625265,0.9818012719814769,0.3117652193959996
52.59999999923457,-0.24348339873054217,0.37263726347176657,181.10978410971,-9824.782757089855,-3378.31212684094,7402.393606561795,-12234.076821057028,-3369.8439251485574,7420.207326672283,-0.95228780470223,-0.07853108293031845,180.3279375816608,offense,1.1466624246999244,0.022003762878095693,0.981799774828019,0.31212827402981386
52.699999999233114,-0.21689460754149253,-1.046613119622741,181.5287112433896,-9860.610219943877,-3378.9376562352722,7402.5410337208,-12264.734889410656,-3370.0079763237986,7419.999221976052,-0.9765622749840668,-0.07829401407161247,180.32612330383674,offense,1.1478788606979826,-1.2305509958901484,0.9817982863511961,0.3124750807403694
52.79999999923166,-0.17373593762195932,-1.3488023300526484,181.54049945474145,-9896.478751796869,-3379.589205700581,7402.518228146303,-12295.393006406997,-3370.1706185916655,7419.791046845574,-1.0001258911292379,-0.07806086937455244,180.32423631766937,offense,1.1490242851270833,-1.2829155645846637,0.9817968493312313,0.3128152402991339
52.899999999230204,-0.22799786363135863,0.07268179187737486,181.1168822589226,-9932.37029569371,-3380.2337009093603,7402.444756110469,-12326.051171605786,-3370.331820579908,7419.5828119065645,-1.0232618250360508,-0.07783257660151421,180.32227064797,offense,1.1493906701811847,0.07792999789436818,0.9817953261815491,0.3131150931710003
52.99999999922875,-0.285286657796285,2.0723563695235323,180.6755811286535,-9968.27728273076,-3380.823091560506,7402.509966927267,-12356.70938577703,-3370.4915511186746,7419.374521382967,-1.0461188579282292,-0.07761230176254828,180.3202372444622,offense,1.1501307794466968,1.8346125272033316,0.9817939186938984,0.31342272831069745
53.09999999922729,-0.24001292231834714,1.9067622862255196,180.84476665812696,-10004.215295179867,-3381.3659078008436,7402.686920004791,-12387.367653260988,-3370.649779957281,7419.166163352362,-1.0682403803881022,-0.07739811863807738,180.31814794690644,offense,1.1514752366580032,1.5702960873716605,0.9817926644982004,0.31375023198875784
53.19999999922584,-0.16272199973215737,0.7498611887934206,181.09234593317797,-10040.195387521877,-3381.8999654305253,7402.861160753551,-12418.025977594287,-3370.8064781937023,7418.95772966095,-1.0893108246120449,-0.07718407583764857,180.31599877162492,offense,1.1523624852341474,0.40970400483401725,0.9817914854258261,0.3140836316496961
53.29999999922438,-0.16462900181390783,1.0181114120954702,180.9121888088427,-10076.193942657676,-3382.4142947974046,7403.087837561757,-12448.684359773222,-3370.9616182327613,7418.749223231426,-1.1094307724858126,-0.07696986927075698,180.31378132656113,offense,1.1528877543316427,0.5411740895822343,0.9817902955368791,0.31440263207800223
53.39999999922293,-0.19742530925442564,0.17114700518419385,181.09464233967466,-10112.206447565743,-3382.896472979054,7403.394416771606,-12479.342801201396,-3371.115173514577,7418.540644701925,-1.128671545529527,-0.0767568281957478,180.3115011788414,offense,1.1535578486893745,-0.36500669153900817,0.9817891956846294,0.3147313968508937
53.49999999922147,-0.22751195097500979,-1.1817624192268148,181.27471062146836,-10148.244388361902,-3383.376537580052,7403.661449924872,-12510.001304362468,-3371.2671190641995,7418.331989795137,-1.1468772018591773,-0.07654419411860798,180.30916252633227,offense,1.154100749359557,-1.6422410819919435,0.9817881608942779,0.3150649832341697
53.59999999922002,-0.3415826905892055,-1.435842981054353,181.2052852283236,-10184.281942768863,-3383.840789334439,7403.886220796997,-12540.659869612808,-3371.4174314793504,7418.123263479871,-1.1641766171587606,-0.07633082431729218,180.30675880189682,offense,1.1537020296099942,-1.8264660752991333,0.9817870847294551,0.31537843590997394
53.69999999921856,-0.47150130765544085,-0.01084923282619677,180.5763981588506,-10220.310766888413,-3384.2709890498872,7404.099567327842,-12571.318497671486,-3371.566088295149,7417.914468532348,-1.1806803307976732,-0.07611962384302083,180.30429658196488,offense,1.1535192465982633,-0.3323345804323958,0.9817860860925083,0.3156991129776601
53.79999999921711,-0.5428951199859539,1.910240029713518,179.68822478578642,-10256.336764253054,-3384.614270009515,7404.39322142728,-12601.977190789623,-3371.713068527901,7417.705600774044,-1.1961977881346724,-0.0759097830362858,180.301781791695,offense,1.153500639861789,1.5829381842914356,0.9817851509100174,0.31602485097317384
53.89999999921565,-0.49901496673146684,2.1102707291025875,179.742420503991,-10292.385257112834,-3384.8788323349145,7404.743872176022,-12632.635953875306,-3371.8583526008333,7417.49664435382,-1.210226689907581,-0.07569822130264103,180.29922794393616,offense,1.1551688272100775,1.6708617832191515,0.9817844610730542,0.3164031044612036
53.9999999992142,-0.3628445549441199,1.2995237527303873,180.2848397358413,-10328.498456564741,-3385.1200961517707,7405.057305492622,-12663.29479189883,-3372.0019236696335,7417.287583980319,-1.2222205803362274,-0.07547922959329613,180.29663167074617,offense,1.1573996250665701,0.8667056411037891,0.9817838565129587,0.3167993359148548
54.09999999921274,-0.20645893641075702,-0.4058946468867178,180.85155762540103,-10364.674872097927,-3385.380947503143,7405.250851833067,-12693.95370561333,-3372.143767479688,7417.078423374474,-1.232329032900866,-0.07525067475799171,180.29398035069772,offense,1.1590110741841155,-0.6800153904230856,0.981783223845675,0.3171868287935598
54.199999999211286,-0.13539568383789677,-1.562022459373591,180.94392971612547,-10400.890125968279,-3385.654863439427,7405.322304329199,-12724.61269303271,-3372.2838721042485,7416.869177934373,-1.2410671911969735,-0.07501836366092872,180.29126848954039,offense,1.1598865570183665,-1.6642369373818995,0.9817824916600904,0.31754331345615333
54.29999999920983,-0.1911784145682183,-1.1324296743477356,180.6977104252117,-10437.11055313089,-3385.9189407353388,7405.355349053192,-12755.27175231276,-3372.4222274048984,7416.659861533169,-1.2488501667455743,-0.07478768118178593,180.2885033787378,offense,1.1593119567071168,-1.276127582131325,0.9817817306809046,0.31788206767564986
54.399999999208376,-0.27701698188611795,0.082835246574176,180.44953180039496,-10473.305834325298,-3386.1435351180667,7405.47547865966,-12785.930883108273,-3372.558824887631,7416.450480680502,-1.2557588084669422,-0.07456220369197003,180.28569445738324,offense,1.1584965960100593,-0.19046457931076058,0.9817809709703565,0.31820811253987996
54.49999999920692,-0.27516162987044984,0.10589528801091704,180.5758519632993,-10509.499073768458,-3386.3378150999088,7405.6357529394245,-12816.590086639426,-3372.6936574548367,7416.241034483895,-1.2616213031096115,-0.07434180208657994,180.28285127971665,offense,1.1593275209408023,-0.20263220772096974,0.9817802857571603,0.31854034384603597
54.599999999205465,-0.16699806459035688,-0.4011027819865225,180.83182070419173,-10545.735936143608,-3386.5327448884923,7405.726920198987,-12847.249363683937,-3372.8267197308683,7416.031523824472,-1.2662938170195723,-0.07412548998468484,180.27997268464495,offense,1.1611802140514467,-0.48055651302762026,0.9817795831535483,0.3188576289720581
54.69999999920401,-0.024357255643717594,-1.5368654357793656,180.99768976149895,-10582.02790422146,-3386.7558294859437,7405.626083553252,-12877.908712673021,-3372.958007749593,7415.821959466472,-1.2699952477907108,-0.07391419577516897,180.27705350277694,offense,1.162523465846976,-1.2609744642272411,0.9817788025714943,0.31914481343148426
54.799999999202555,0.12518445549061039,-0.9800658016127701,181.0992412552328,-10618.358442019346,-3386.9897461489845,7405.3775591709855,-12908.56813031046,-3373.087518649224,7415.6123588699975,-1.2731518307486875,-0.07371259394936759,180.2740912553754,offense,1.1641272779621796,-0.3917637806054966,0.981777889789663,0.31938551228900025
54.8999999992011,0.3313025850828587,1.1804548635000012,181.6073396189351,-10654.74285979612,-3387.2363205125257,7405.040281564674,-12939.22761417552,-3373.2152500888897,7415.402734412787,-1.2760265199169083,-0.07352486857538945,180.27109500102335,offense,1.165754821807668,1.995344065543539,0.981776947315387,0.31960265412294625
54.999999999199645,0.5107514477544086,3.0534165541363887,182.24521048353847,-10691.175501194495,-3387.546343317264,7404.775397016407,-12969.887162114854,-3373.341200389238,7415.193096377644,-1.2787328443822608,-0.07335266084619653,180.26806671004994,offense,1.1671109716584915,3.719673748912277,0.9817758992915414,0.3197775343704006
55.09999999919819,0.5829192028213708,2.8665434275367163,181.95995488757822,-10727.635910860203,-3388.0017932488095,7404.702436928112,-13000.54676849874,-3373.4653678691284,7414.983469223696,-1.281841763812764,-0.07319855545116168,180.26499621318527,offense,1.1676128830149324,2.9560907538326204,0.9817746018824858,0.3198738028520418
55.199999999196734,0.5368463907794532,1.5754152737433198,180.97892007985214,-10764.099342991198,-3388.6294544500865,7404.833785468474,-13031.206422507115,-3373.5877496702155,7414.773898232291,-1.2865713248709296,-0.0730719965948472,180.26186827032268,offense,1.1675287585137706,0.9830807723985053,0.9817728612558294,0.3198378037019618
55.29999999919528,0.3986822791612831,0.28684645603221137,180.11945544475714,-10800.548094686257,-3389.388973224609,7405.134004332313,-13061.866111393478,-3373.708339748197,7414.564433978328,-1.2942985258501545,-0.07298618849485936,180.25868383708243,offense,1.16696838506222,-0.7186238461538574,0.9817707297478734,0.31967409755526405
55.399999999193824,0.22989369139673801,-0.18929833237891885,179.9451130911182,-10836.982902283513,-3390.209924489988,7405.534528187156,-13092.525825466559,-3373.8271275607894,7414.355110210205,-1.3057711631202462,-0.07295107918680097,180.25545834856243,offense,1.1669591655008242,-1.1274013012221957,0.9817683480848355,0.31941251130404635
55.49999999919237,0.0625304313659918,-0.8798717794376919,179.82728514317725,-10873.419485738688,-3391.038312764735,7405.93621863935,-13123.18555987061,-3373.944097283332,7414.145936872352,-1.3209572241033793,-0.07296721260071369,180.25220956636892,offense,1.1668250870749148,-1.58921107169912,0.9817658934807616,0.31909979050530307
55.59999999919091,-0.12707645854956087,-1.7977442693103096,179.80290404555868,-10909.85061212851,-3391.845529085591,7406.303668463758,-13153.84531371707,-3374.0592278837744,7413.936905072916,-1.3392928253005016,-0.07302820315775736,180.24894680648723,offense,1.166667250883487,-2.1369640070300417,0.9817634571839273,0.3187669892315983
55.69999999918946,-0.3173907008834053,-1.113643663469082,179.6769355695176,-10946.271496287223,-3392.6125265655983,7406.640417443634,-13184.505088314854,-3374.172493631382,7413.727995865471,-1.360060009331501,-0.07312346343647903,180.2456712072678,offense,1.1661289490535562,-1.1237207513542395,0.9817610971557227,0.3184394763882568
55.799999999188,-0.4376365755641764,0.21895138535014533,179.4357702665907,-10982.693627559102,-3393.307159029338,7407.019119083968,-13215.164886636408,-3374.2838650245894,7413.519183315915,-1.38250087984526,-0.07324173344033018,180.2423814236687,offense,1.166800722588329,0.31806520484784995,0.9817588652337922,0.31814082304003066
55.89999999918655,-0.42988357232595464,0.42765025647981186,179.62508926540875,-11019.143242239626,-3393.939698812928,7407.402448914278,-13245.824714066883,-3374.393309974926,7413.310431878409,-1.4057188709463793,-0.07337040453194937,180.23907946151823,offense,1.1677449863220728,0.4179062196659781,0.9817568639129418,0.31790718039040583
55.99999999918509,-0.38611026966636086,2.1235865201230837,178.94898843395845,-11055.612868589758,-3394.5088703893002,7407.799442468164,-13276.484575888078,-3374.5007954360663,7413.101708254204,-1.42896767053247,-0.07349624876928669,180.2357556575397,offense,1.1678873722001912,1.977326413881592,0.9817549935232655,0.31772448881364057
56.09999999918364,-0.3525972001181153,4.732833657760499,178.05696733286422,-11092.081249957446,-3394.9337181691294,7408.385299759734,-13307.144477102895,-3374.606287965943,7412.892982170573,-1.451749055012075,-0.0736096609483668,180.23240589519023,offense,1.1679443753475303,4.268682594923802,0.9817533269947452,0.31761721262090653
56.19999999918218,-0.226111532693603,5.463641419132428,178.05773287110495,-11128.565300769047,-3395.2331781427,7409.181867010707,-13337.804428147138,-3374.709755013737,7412.684201645771,-1.47293560839573,-0.07370066890446353,180.2290473884017,offense,1.1689400119116615,4.467837139819245,0.9817521320799449,0.31765762001634373
56.29999999918073,-0.07875041174281763,5.718100575121184,178.1307767774292,-11165.073307479313,-3395.4482595292507,7410.192625243843,-13368.464438991205,-3374.811167442905,7412.475320421946,-1.4914739718111278,-0.07375312394682033,180.2256671652723,offense,1.1698468645040667,4.092248710693036,0.9817511383091968,0.31778960443529164
56.39999999917927,-0.010923707816048914,4.470640572303629,178.18678944401233,-11201.596187808822,-3395.6055746256934,7411.437125452817,-13399.12451551444,-3374.9104993927385,7412.266313217893,-1.5071378085300464,-0.0737603647110133,180.2222518237154,offense,1.170308377774801,2.364468934600884,0.9817503399825577,0.3180135999310504
56.49999999917782,-0.05438091854511698,2.5987356634954333,178.17928860365745,-11238.114302351523,-3395.717678560778,7412.880676756848,-13429.784662183649,-3375.0077292662895,7412.057163389915,-1.5198806371884381,-0.07372249979966464,180.21879568529727,offense,1.1700591527334003,0.2856993458360854,0.9817496458480325,0.3183036281456647
56.59999999917636,-0.13782558901297756,1.0020176097665396,178.385796349923,-11274.61733199295,-3395.7772162468414,7414.454918091971,-13460.44488200652,-3375.1028398033254,7411.847862692241,-1.5298305304831465,-0.07364013166930847,180.21529743237178,offense,1.1699214077870523,-1.2398083120820578,0.9817490467836235,0.31865318702248835
56.699999999174906,-0.14475658726149898,-0.406549532590632,178.82804825982652,-11311.128370013177,-3395.802312610428,7415.959646995819,-13491.105178141546,-3375.1958181018526,7411.638403751135,-1.5370114692300225,-0.07351733434903066,180.21176188437045,offense,1.17041134989302,-2.4165191438317892,0.9817485588798338,0.3190599965060924
56.79999999917345,-0.11384523929412234,-1.5199024868512772,179.00785531369237,-11347.66573871949,-3395.8270843897108,7417.234841191095,-13521.765552258357,-3375.286655684931,7411.42878715818,-1.5415470504895197,-0.07335669169566454,180.2081865260209,offense,1.1708218311469611,-3.2060389160601974,0.9817480746792921,0.3194926589227953
56.899999999171996,-0.18333519127387216,-2.0840082037387666,179.00980892456968,-11384.208606123448,-3395.8353988586136,7418.304837669996,-13552.426003097247,-3375.3753478433173,7411.219027077207,-1.5439071903004578,-0.07316543954456316,180.20456649069007,offense,1.170411081912617,-3.424995715465019,0.981747510773528,0.31992231064565674
56.99999999917054,-0.33682041987687444,-1.591427974799117,178.83120247297433,-11420.728275226456,-3395.8084470701947,7419.273258333617,-13583.086529974069,-3375.4618929320477,7411.009135050255,-1.5444023031401821,-0.07295253435903395,180.20091209150203,offense,1.169393823204572,-2.5480405184016495,0.9817469763227682,0.3203669824197944
57.099999999169086,-0.4515208149877945,0.3179922770564967,178.27423932137953,-11457.226784246459,-3395.7206340423077,7420.213515481934,-13613.747133598437,-3375.546292546192,7410.799116538928,-1.5429968667998264,-0.0727230379470914,180.19723199226337,offense,1.1691153418004046,-0.40708224485347905,0.981746458781824,0.3208184528064487
57.19999999916763,-0.4397407760573358,2.66532002508513,177.4339680354309,-11493.725697386111,-3395.5428926428513,7421.20057272943,-13644.407815786539,-3375.6285511803167,7410.588972201795,-1.5394883520091265,-0.07247973010007215,180.1935357361296,offense,1.1694141154423725,1.9025697765440184,0.9817460423626957,0.3212945200837416
57.299999999166175,-0.31460985760399474,2.8726945218265563,177.60345841878888,-11530.241994107959,-3395.2865037803176,7422.215144331274,-13675.06858029785,-3375.708676690002,7410.378694434626,-1.5333875108173716,-0.07222357965135229,180.18983315438481,offense,1.1704748763631891,1.8440704316942693,0.9817457723681684,0.32180526619258903
57.39999999916472,-0.16299550681820246,1.9191095852864404,177.99140104879396,-11566.798324026626,-3394.993591872571,7423.192567511344,-13705.729430015474,-3375.786680897245,7410.168280114881,-1.5243432531670438,-0.0719531954060564,180.1861225431614,offense,1.1716825657725758,0.6352075727212629,0.9817455555764073,0.3223284112967185
57.499999999163265,-0.09469575956812427,1.0222954590012756,178.06755197179862,-11603.385857879563,-3394.6611224055478,7424.157061717004,-13736.390364589108,-3375.862579603571,7409.957740515491,-1.5124999028471224,-0.07167170731974587,180.18239636970375,offense,1.172495684983113,-0.3572334362011265,0.9817452761877524,0.32283244784678367
57.59999999916181,-0.14448946548575767,-0.5085712089313315,178.14449811124857,-11639.984862736455,-3394.2869301991695,7425.114605445296,-13767.051383459051,-3375.9363922857247,7409.747087250031,-1.4980418636147408,-0.07138538560747117,180.17866218170533,offense,1.1724362778533113,-1.814117870133887,0.9817450238804507,0.3233340601472622
57.699999999160354,-0.23464942231650182,-1.80116101389115,178.42979868737166,-11676.572102056432,-3393.8705765730297,7426.0348501557655,-13797.712486505803,-3376.0081425508865,7409.536329530552,-1.4809761076025987,-0.07109799239025945,180.17492579845367,offense,1.1720065907616612,-2.851059005860644,0.9817447429920346,0.32381689026431865
57.7999999991589,-0.3331604115670809,-2.3690435783782022,178.56090240765107,-11713.147793646263,-3393.4370023673314,7426.814825505245,-13828.373673089585,-3376.077857730226,7409.32547823144,-1.4613698351596272,-0.07081263438251963,180.17119246352306,offense,1.1712778198331328,-3.086132631676576,0.9817444543436925,0.32428384493370876
57.899999999157444,-0.42721455064579567,-1.45734214510776,178.35440172834802,-11749.697011343753,-3392.9590889922383,7427.515787594167,-13859.034940978872,-3376.145568901966,7409.114550477827,-1.4394398000296,-0.07053372601250138,180.16746090139222,offense,1.17057689399067,-1.9472125349793954,0.98174404007717,0.32470301427760306
57.99999999915599,-0.4091588410815869,0.002855926252510429,177.96614341197466,-11786.249544459624,-3392.433687037477,7428.167805540088,-13889.696289104699,-3376.2113101330974,7408.903557045311,-1.4152646263477067,-0.07026584184859853,180.16374543934722,offense,1.1714383168178413,-0.4192651575835778,0.9817436802120985,0.32511582090751334
58.099999999154534,-0.2744158790896521,-0.3780451762297331,178.350084620881,-11822.830806598025,-3391.8910772164563,7428.709183853746,-13920.357717278428,-3376.27511925864,7408.692504138092,-1.3886715398734133,-0.07001022338502107,180.1600512759934,offense,1.1723596660703977,-0.806076546798485,0.9817432652004511,0.3254956952494994
58.19999999915308,-0.10905990654576277,-1.803444722805221,178.75456031681125,-11859.45525605467,-3391.371976503179,7429.018256393418,-13951.019222548142,-3376.3370373274893,7408.481409274176,-1.3599074467511831,-0.06976797901674675,180.15637491262171,offense,1.1737304846032526,-2.03396530168206,0.981742726982963,0.3258258066997074
58.29999999915162,0.060068405837789926,-2.644963884289843,178.9642410988288,-11896.123114513488,-3390.857596922608,7429.0640701747125,-13981.680799211219,-3376.397108188948,7408.270300582525,-1.3295536015125509,-0.06954606828057501,180.15271260540646,offense,1.1754082493751077,-2.475211693545849,0.9817419541491943,0.32607461117613246
58.39999999915017,0.3037375000816795,-2.3140355754552635,179.19013786118876,-11932.844413443932,-3390.3297879463453,7428.791571574483,-14012.342442454206,-3376.4553775364207,7408.059200214994,-1.2980303093273537,-0.06935080102174539,180.1490780035368,offense,1.1769907181717463,-1.5900871971727089,0.9817411014879843,0.3262766305361993
58.49999999914871,0.5066620757424773,-1.3855815335611934,179.39883201667405,-11969.610544977311,-3389.7773476769216,7428.310301077876,-14043.004149297612,-3376.5118931171905,7407.848120679903,-1.265354780739592,-0.06918481714354043,180.14548148469484,offense,1.1782735669979258,-0.3464536776743304,0.9817401424812827,0.32642554957215747
58.59999999914726,0.5762423999548419,-2.0148924959442343,178.79074416323346,-12006.402597048802,-3389.2287753168393,7427.745703316001,-14073.66591712591,-3376.5667041950396,7407.637071512917,-1.2315070232453802,-0.06904731399420892,180.14193028803183,offense,1.1788250249928682,-1.1194146657791557,0.9817391284408713,0.32653659213503866
58.6999999991458,0.6044709560316733,-2.758443677048928,178.36009599759532,-12043.20822745086,-3388.6987757404067,7427.1217810172975,-14104.327741745372,-3376.619861696372,7407.4260680133375,-1.1966495914989124,-0.0689389864941323,180.13842063361386,offense,1.1793276361717309,-1.8576125234482856,0.9817379151723132,0.326575885457954
58.79999999914435,0.6408236196271765,-1.821312727151152,178.943108249351,-12080.030997834892,-3388.186437931252,7426.408383463768,-14134.989617497724,-3376.6714173793857,7407.215130292583,-1.1611955325374497,-0.06886201013384785,180.13495434009903,offense,1.1798124796055038,-0.7563456509807197,0.9817365429468324,0.3265533540548695
58.89999999914289,0.656437988894686,0.14751091653726042,180.48799188764596,-12116.866543408541,-3387.7781206844315,7425.744257017064,-14165.65153924103,-3376.7214237099306,7407.004274514046,-1.125411532243502,-0.06881951591593441,180.13153736061963,offense,1.1801846709678137,1.4853943359608757,0.9817350049412991,0.32646716048860724
58.99999999914144,0.6890230770370799,1.8619370784846667,181.75534933960867,-12153.723550830573,-3387.558308551988,7425.216119558081,-14196.313496101475,-3376.769933628126,7406.793540391875,-1.0902466228721293,-0.06881371335655287,180.12814983082663,offense,1.1806329533251616,3.158237265041597,0.9817329524595305,0.3262316554230679
59.09999999913998,0.6234520501531305,1.785923654360478,181.5229257368413,-12190.58310585998,-3387.597590355417,7424.92476711571,-14226.975470526431,-3376.8169980099033,7406.582993678776,-1.0575515130820645,-0.06885840866496316,180.12477751480571,offense,1.1802117667896825,2.381892363923827,0.9817302863523171,0.3258137400072767
59.19999999913853,0.4693243979708809,0.8827649713635409,180.74574644736958,-12227.425701212997,-3387.872748458077,7424.886925944615,-14257.637440704702,-3376.8626635909873,7406.372714266313,-1.0294781286370487,-0.06897155556723918,180.1214112837873,offense,1.1797547093805014,0.7896486486779409,0.9817268249640194,0.32515801135247624
59.29999999913707,0.3408192060653792,0.09455477079327818,180.4688262006576,-12264.26532860068,-3388.2657403688595,7424.996181942675,-14288.299386131956,-3376.90696945688,7406.162770683414,-1.007789619273452,-0.06917016533467482,180.1180672621409,offense,1.1801610522871202,-0.16499852378750685,0.9817228152083396,0.32431648821588793
59.399999999135616,0.24824715265897074,-0.6645862307429861,180.15769850017358,-12301.123501730124,-3388.7055306165284,7425.120060768423,-14318.961295733958,-3376.9499453389267,7405.953185223869,-0.9926909106260643,-0.069460657472255,180.11478165984468,offense,1.1806336984185695,-0.9719306813390818,0.9817186204748493,0.3233801592393818
59.49999999913416,0.14824933240823795,-1.8836682421532056,179.9586620995678,-12337.987644579121,-3389.155586324044,7425.222302811885,-14349.623164589622,-3376.9916118293327,7405.743950719464,-0.9834641317885519,-0.06983166817753593,180.11156730098878,offense,1.1808456641055807,-2.037091652568078,0.9817143043380036,0.3223796389812744
59.599999999132706,0.06201038799294007,-2.643876379526341,179.7856552992683,-12374.861737665587,-3389.596982587927,7425.191236277238,-14380.284990605247,-3377.0319803836824,7405.535046450172,-0.9792613154072399,-0.07026896985222174,180.108425478732,offense,1.1809608847858173,-2.5667087140032923,0.981709994931791,0.3213628570751661
59.69999999913125,-0.10728917501939118,-1.816176116883211,179.6786591365135,-12411.723168942299,-3390.020892938385,7425.106825731888,-14410.946774162772,-3377.071054643531,7405.326440873811,-0.9791379179923921,-0.07075611294002845,180.10535223986201,offense,1.1802291928633553,-1.591945726110028,0.9817057296771712,0.320355613349025
59.799999999129795,-0.23013340002867347,-0.39818742212632663,179.65465376361578,-12448.581801110875,-3390.415590064197,7425.053181850773,-14441.608516900575,-3377.108831786173,7405.118097901789,-0.9822534489986672,-0.07127571468639876,180.10234059743638,offense,1.1808322346751525,-0.09928238300911846,0.9817015532057619,0.3193847586505684
59.89999999912834,-0.30788569209414923,-0.2087503491002059,179.6064284955997,-12485.463697488616,-3390.7773675451785,7425.025885643766,-14472.270221945933,-3377.145303911363,7404.909976541421,-0.9877979928532367,-0.07181191786040231,180.09938497973076,offense,1.1813351127592606,0.04029137235956749,0.9816975156468724,0.31847584104225646
59.999999999126885,-0.426905623554029,1.6267902305248878,178.88980859111265,-12522.336236753043,-3391.0386156850586,7425.152002120221,-14502.931893214894,-3377.180459477393,7404.702034680453,-0.9950435787815671,-0.07234887273937281,180.09647752615075,offense,1.1804684621640222,1.7004029498914972,0.9816936189761635,0.31764112810059625
60.09999999912543,-0.493573133510575,4.315327655641589,177.7665240893683,-12559.184882990607,-3391.1228073687444,7425.553658330092,-14533.593539491623,-3377.214284197132,7404.4942116212815,-1.002826755027041,-0.07287153739044722,180.0936299430671,offense,1.1799381522539556,4.097463708140925,0.9816901618120959,0.31696441933657393
60.199999999123975,-0.44509523710995885,4.408418092004586,177.92089040387054,-12596.025926649672,-3391.03410903096,7426.200621572283,-14564.255176019728,-3377.246763783713,7404.286422763556,-1.0092237914025217,-0.07335797109125305,180.09085302076073,offense,1.1803891013689978,3.756716389161144,0.9816872726956499,0.3164917853270482
60.29999999912252,-0.3618385374437731,2.9395792202606574,178.6041737480341,-12632.89092221056,-3390.8505779797697,7426.964694233743,-14594.916817713134,-3377.2778867127154,7404.078590828428,-1.0126086378815626,-0.07378397427471592,180.08813260203763,offense,1.1812972942090405,1.9447328702877438,0.9816848182195935,0.31620491568099673
60.399999999121064,-0.2747519747954892,1.5810415201962846,179.21978403618442,-12669.788595425265,-3390.605317837838,7427.7719113683615,-14625.57847334415,-3377.307645923214,7403.870671089792,-1.0124682836683039,-0.07413659804331973,180.0854386367962,offense,1.182931095696119,0.461759365089907,0.9816825349326427,0.31604305921488424
60.49999999911961,-0.17418309393111295,0.17251118476875546,179.54452107992975,-12706.73530721299,-3390.3606974028207,7428.4799398762025,-14656.240148473316,-3377.3360390672565,7403.662637075338,-1.0088877142552222,-0.07441473046654253,180.08276174891918,offense,1.1839113523997051,-0.7991270594275437,0.9816804528107045,0.3160078783744824
60.599999999118154,-0.08333937183403771,-1.320532578880307,179.879267260308,-12743.717478514189,-3390.120200603149,7429.018332920587,-14686.901844406166,-3377.363069538378,7403.454484512296,-1.0023671644848013,-0.07462164918201178,180.08008475354535,offense,1.185378397725235,-1.9609579024808528,0.9816782713268628,0.3160166140639106
60.6999999991167,0.020018720727115514,-2.5494740215347447,179.8932191030536,-12780.741193451016,-3389.902256748065,7429.262679172844,-14717.563560558165,-3377.3887447519905,7403.246219383452,-0.9936371551911676,-0.07476718170348712,180.07741159261738,offense,1.186023768594762,-2.693418071891855,0.9816761441575134,0.31609338293482697
60.799999999115244,0.015388862941003199,-3.213003368148942,179.7217904342206,-12817.780153912321,-3389.684005263936,7429.241756995378,-14748.225295557559,-3377.4130763018306,7403.037852723286,-0.9832222172116029,-0.07486176691148752,180.07474033780835,offense,1.1864116370263342,-3.0276323211866982,0.9816738765593914,0.3161777789839748
60.89999999911379,-0.11216099938004792,-2.7507496484341254,179.5275551661806,-12854.809040151738,-3389.458242151083,7429.080027905703,-14778.887048226208,-3377.4360781502996,7402.829395422077,-0.9715633137153127,-0.0749147022608916,180.07208184969497,offense,1.1853694077819013,-2.452188616955686,0.9816716603551552,0.316305674284932
60.99999999911233,-0.23079560917175168,-0.7755119312813068,179.29510950927954,-12891.81163697017,-3389.2116487430094,7428.920066674599,-14809.548818530791,-3377.4577668656716,7402.620854063272,-0.9587148574502925,-0.07493467232286229,180.06944038311298,offense,1.1850228513416905,-0.49165484796052383,0.9816693905726136,0.31644206553168847
61.09999999911088,-0.22722124323115322,1.6783350736371072,178.8943181771278,-12928.815516088733,-3388.930048677028,7428.838840332601,-14840.210606428791,-3377.4781607248924,7402.41223571857,-0.9447363363200133,-0.07492639782693526,180.06682161199538,offense,1.1852933384848474,1.8359646075886504,0.9816671661231727,0.3166051330022186
61.19999999910942,-0.11194792107297911,1.7806581325029727,179.03227591359214,-12965.83787577942,-3388.617071530643,7428.812623680202,-14870.872413218975,-3377.4972799534803,7402.203541941289,-0.9294287749876743,-0.07489612305041526,180.064231227767,offense,1.18638564042316,1.87992472476374,0.9816649795252892,0.3167869255861406
61.29999999910797,0.030161156083149974,0.761010300336356,179.15224576757572,-13002.90152514721,-3388.2987087989886,7428.764598835194,-14901.534239621355,-3377.5151468509493,7401.994777260814,-0.9126781356920336,-0.07484568109796287,180.06166880434702,offense,1.1876323585067343,0.8251173980867613,0.981662803349389,0.31697779462067144
61.39999999910651,0.08733167634872643,-0.1813765161068362,178.98897408815714,-13039.997949784776,-3387.975632207,7428.723868690503,-14932.19608431245,-3377.531785848283,7401.785955227825,-0.8946493124678735,-0.07478094931450106,180.0591284461624,offense,1.1884878364575304,-0.1723025431982817,0.9816605357023223,0.31714729541962067
61.49999999910506,0.021081005808878506,-1.5094893083511727,178.74877386378415,-13077.108379775442,-3387.6445286378507,7428.705148706469,-14962.857945554284,-3377.547222958849,7401.577090637478,-0.8755747147879227,-0.07470835775468652,180.05661377061747,offense,1.188491560019253,-1.5239166608368744,0.9816582417620605,0.31730577415132416
61.5999999991036,-0.13902309985966627,-1.938932253011904,178.6208310472557,-13114.200802846544,-3387.2947026098714,7428.7244011128105,-14993.519822166416,-3377.5614859191437,7401.368195238466,-0.855524768807669,-0.07463350914664546,180.0541286770306,offense,1.1875608060122915,-1.855106123597516,0.9816558955309272,0.3174426437285559
61.69999999910215,-0.26291876866140224,-0.5407394651195494,178.48603871244723,-13151.273593966544,-3386.908339678025,7428.765368068537,-15024.18171348627,-3377.5746038573357,7401.159277830667,-0.8344946856519807,-0.07455957219110187,180.05167880909627,offense,1.1873841879840743,-0.38438093691739905,0.9816535549781961,0.31756980449659317
61.79999999910069,-0.2570114198255729,1.3900632135361715,178.18841704615295,-13188.352899648835,-3386.479896873546,7428.849215410164,-15054.843620355568,-3377.5866074179185,7400.950340053699,-0.8122552907374916,-0.07448876620194138,180.04927143943925,offense,1.1878594799910869,1.4815326907485848,0.9816512616135268,0.3176965146117637
61.89999999909924,-0.13568786052507636,1.0942629530683399,178.45181653797647,-13225.457008446696,-3386.0226952361977,7428.922096568638,-15085.50554405351,-3377.5975291290474,7400.7413814056845,-0.7885337043972726,-0.07442007134934697,180.0469091050263,offense,1.1891044741217756,1.1539332960965245,0.9816490063516354,0.31782184571887573
61.99999999909778,0.012147125732131425,-0.5558364512520616,178.6518788822545,-13262.611296223802,-3385.5612587462288,7428.8923835533,-15116.167484787265,-3377.6074036809455,7400.532405882338,-0.7632442377744242,-0.0743537375295642,180.04458917572822,offense,1.1908348433772966,-0.42804570192883507,0.9816467318102144,0.3179320296613332
62.099999999096326,0.07235937081716455,-2.0565307651286506,178.5055270112165,-13299.806587623198,-3385.0882582502686,7428.747914932367,-15146.829440788551,-3377.6162679393055,7400.323425668371,-0.7365940981983458,-0.07429182347186879,180.04230702388372,offense,1.1916958291670525,-1.7971376232795628,0.9816443663809257,0.3180082173388331
62.19999999909487,0.005629367643530849,-2.725267727829208,178.32371383313958,-13337.009110848803,-3384.5963982321036,7428.5175137829965,-15177.491410658953,-3377.6241604644256,7400.114450392556,-0.7087449139568489,-0.07423832963648447,180.04006935567222,offense,1.1913247114066736,-2.3607352453764867,0.9816419964227039,0.3180692187009047
62.299999999093416,-0.1545911372125601,-1.5719171691399658,178.15331021094778,-13374.182429806942,-3384.0806599692146,7428.309372363443,-15208.153393917864,-3377.631121782457,7399.905484994182,-0.6796537072779401,-0.07419436610133869,180.0378813139709,offense,1.1901176679113334,-1.1411533883215956,0.9816395997412211,0.3181096439262322
62.39999999909196,-0.27438731928651516,0.11181852482916996,178.01193799386488,-13411.330886514068,-3383.5203912085694,7428.188942239344,-15238.815390195034,-3377.6371941861094,7399.696533328164,-0.6492751922901746,-0.074159961053315,180.03574692373584,offense,1.1897139575997808,0.5276071148678738,0.9816372058334849,0.31813757645323526
62.499999999090505,-0.2675714731419731,-0.27444307485393027,178.35476282268596,-13448.49020066549,-3382.9227810915895,7428.0958682454675,-15269.477400778953,-3377.6424217621434,7399.4875914771355,-0.6173447696851015,-0.07413474219151425,180.0336752091624,offense,1.1909971037204088,0.12383978795965378,0.9816348908776976,0.3181730569787177
62.59999999908905,-0.2265714992450162,-1.881223291323163,178.75949954861133,-13485.697970905148,-3382.3244242999012,7427.8914555295505,-15300.139426613277,-3377.6468510986515,7399.27865702709,-0.5836355174267435,-0.07411549383175625,180.03166509787346,offense,1.1924236625608744,-1.3495871986984516,0.9816325651357356,0.31819717111329227
62.699999999087595,-0.19052424827950407,-3.2336523621459987,179.19442872117875,-13522.93804272862,-3381.7267318778486,7427.51369832421,-15330.801465448101,-3377.650531278725,7399.069741329306,-0.5484079401389611,-0.07410246692816351,180.02970788308212,offense,1.193441867898464,-2.4142068276865434,0.9816301127427447,0.3181815562915345
62.79999999908614,-0.04343636052522669,-3.932201706116818,179.49850999597354,-13560.222160007897,-3381.167052950056,7426.820292444215,-15361.463514668923,-3377.653513144624,7398.860856409532,-0.5119859746942657,-0.07410001125833134,180.0278087874992,offense,1.1954896427269746,-2.5835640239872566,0.9816276131453767,0.3181430066489391
62.899999999084685,0.11666138636557331,-4.398648136898098,179.43381065545466,-13597.551679854012,-3380.6280219709206,7425.764345274684,-15392.125569247322,-3377.6558496835387,7398.652024036968,-0.4748773963141546,-0.0741109831597725,180.02595992731747,offense,1.1965535202298243,-2.4769566378061563,0.9816248422464334,0.31802499811964574
62.99999999908323,0.2617285739901338,-5.0976443115705825,179.3978569244862,-13634.902053700556,-3380.0692256131715,7424.395156303481,-15422.787624495306,-3377.6575941271876,7398.443262779931,-0.4375815639580375,-0.07414171280104644,180.02417317958023,offense,1.1978319611896535,-2.5570371494751125,0.9816220264315636,0.3178793780490541
63.099999999081774,0.48177175866136807,-4.7685022130709696,179.63944845087954,-13672.293128276353,-3379.467857828276,7422.690714107305,-15453.449679933958,-3377.6588002001718,7398.234571593789,-0.3998497783329509,-0.07419369783071829,180.0224648027989,offense,1.1998807316536262,-1.4350064097015396,0.9816192189206974,0.31771999898815645
63.19999999908032,0.6692464468214857,-3.910129065774737,179.95740219050032,-13709.73614111733,-3378.831594158925,7420.762366439715,-15484.111736619861,-3377.6595223147297,7398.025942379246,-0.3612498014184962,-0.07426111731849754,180.02084214308172,offense,1.2015948138103203,-0.08593983109569826,0.9816164731881258,0.3175657256552457
63.299999999078864,0.7289322865638439,-4.486960088622326,179.16246899013362,-13747.212211265169,-3378.2088082407236,7418.7334351962,-15514.773795205563,-3377.6598161586926,7397.817368842399,-0.32146055195765416,-0.0743402318552155,180.01930312323765,offense,1.20237570519387,-0.9258698534944492,0.9816137175466583,0.3174029395441193
63.39999999907741,0.655582747877207,-5.0084326944500255,178.40626513447023,-13784.699454652133,-3377.638269500926,7416.655513063583,-15545.435852399314,-3377.6597391132077,7397.608861917812,-0.28076129610687456,-0.07442867249055822,180.0178340360243,offense,1.202238031451736,-1.9173078710655578,0.9816107715502068,0.31718946373796847
63.49999999907595,0.4799432415914079,-3.9637009089031423,178.88611258314253,-13822.17584335042,-3377.161570613377,7414.604174101237,-15576.097901468673,-3377.659349437503,7397.400446605093,-0.23992688528041284,-0.07453213398111193,180.01642780002732,offense,1.2018317645598657,-0.9741617114098813,0.9816075825052766,0.31690853834876814
63.5999999990745,0.35033877737508784,-2.5212548572192564,179.7058691982409,-13859.662154442454,-3376.777802522354,7412.618861813638,-15606.759932582141,-3377.6587055785385,7397.192159842167,-0.2000133010014888,-0.07465830230460527,180.01507692209307,offense,1.2024078670819263,0.5422275576977341,0.9816040014858392,0.3165186629870077
63.69999999907304,0.2619652163095268,-2.641858171581816,179.59368470415208,-13897.175294933688,-3376.4650377657913,7410.683388705477,-15637.421935522983,-3377.657864108848,7396.984037775538,-0.16202877379500538,-0.07481728708124556,180.0137883799068,offense,1.2031119969553092,0.25637920184830854,0.9816001397810323,0.3160412350797886
63.79999999907159,0.09111616061860167,-3.281707310128087,179.3158449048991,-13934.708445257904,-3376.199975188466,7408.854657039106,-15668.083902454095,-3377.6568787125057,7396.776103778825,-0.12645580414792687,-0.07501535384323678,180.01257317969234,offense,1.203332054559716,-0.5770055788844877,0.9815960438846602,0.3154856119816252
63.89999999907013,-0.10577728008414174,-3.3788607323101623,179.21532435084112,-13972.245682912602,-3375.94493250767,7407.109349473027,-15698.74582745696,-3377.6557993343267,7396.568370968959,-0.0934515558844753,-0.07525305122150491,180.01143963352817,offense,1.2029930876278574,-0.722396874212876,0.9815917960823455,0.3148743970486454
63.99999999906868,-0.27186989699446135,-1.6023817074975786,178.93004247260882,-14009.779823853958,-3375.6637041120152,7405.469338577504,-15729.407708033912,-3377.6546717268343,7396.360836150733,-0.0627194196557503,-0.07552825433956759,180.01039919592677,offense,1.2029024878293735,0.913992813590724,0.9815875376325246,0.31424684181331747
64.09999999906722,-0.3435399669481034,0.5824002386802319,178.43721029469228,-14047.320146714705,-3375.308126915167,7404.024307329968,-15760.0695452196,-3377.6535380471623,7396.153480349332,-0.03354402545617715,-0.0758324876615295,180.00946023014993,offense,1.2028585424086022,2.812639985782771,0.9815833627297101,0.31363494971732087
64.19999999906577,-0.2924720667222568,0.5305691805120443,178.63131819464581,-14084.889787109061,-3374.876849932686,7402.736193276957,-15790.731344296077,-3377.652437686706,7395.946266606394,-0.0048046205979771425,-0.07615389338699448,180.00863384309477,offense,1.204573340665053,2.541709742171696,0.9815794532549244,0.31309404005876
64.29999999906431,-0.2087222103604959,-0.2664076578352988,178.842992957053,-14122.513910035837,-3374.4099906023584,7401.503312237486,-15821.393111456828,-3377.65140962566,7395.739155895865,0.024597193016158946,-0.07647677386962833,180.0079137590933,offense,1.205849574712575,1.6264458690115542,0.9815757020578671,0.31260994842917816
64.39999999906286,-0.21283563108402248,-1.4260966116452582,178.94479055609705,-14160.172388974801,-3373.9041485922344,7400.332697131885,-15852.05484927852,-3377.6504937559293,7395.532127069647,0.055019112665067066,-0.07679005642931519,180.00728248757832,offense,1.2066777432044162,0.3656706135903717,0.981571982758407,0.3121588808577424
64.4999999990614,-0.326181498356192,-2.782571079766981,179.12070756156987,-14197.841027074517,-3373.349891658838,7399.221305822075,-15882.716560505176,-3377.6497308760177,7395.325159599603,0.08668518752771033,-0.07709026206566544,180.00674166244974,offense,1.2063810450123926,-1.0648858729722905,0.9815684146145671,0.31177146038826414
64.59999999905995,-0.46534007985288206,-2.451574395484311,178.93071420941294,-14235.50048800628,-3372.7420976706026,7398.138307520512,-15913.37824923871,-3377.649163880145,7395.118228763178,0.12003406640096721,-0.07737117441889202,180.0062935029605,offense,1.2061917797590713,-0.6931359744873494,0.9815649693431587,0.3114437125565622
64.69999999905849,-0.5346931710978302,-1.3251273509121013,178.5072202928042,-14273.158264971726,-3372.0656907908274,7397.089788561952,-15944.039919570205,-3377.648838255243,7394.911311784012,0.15543536411363412,-0.07762712917345385,180.00593870849377,offense,1.2062820052974343,0.4495513503407671,0.9815616735748584,0.3111842245334333
64.79999999905704,-0.4785651872396637,-1.349886531919488,178.7272730124096,-14310.845605819168,-3371.3546203246838,7396.016045054091,-15974.70157683305,-3377.648802552429,7394.70438238509,0.19339104061946824,-0.07785399361374097,180.0056824192236,offense,1.208187960555788,0.38541873266992044,0.9815585783860336,0.3110062549407882
64.89999999905558,-0.3247940986243167,-0.5765812118633492,178.55046543162135,-14348.59700616939,-3370.6307682809866,7394.8787534231815,-16005.363223557368,-3377.64910980013,7394.497428749594,0.23403324356602342,-0.0780470637695798,180.0055125229129,offense,1.2104846786745551,1.2498756241214375,0.9815554624379664,0.3108560057947743
64.99999999905413,-0.16092703528731409,-0.7952896191811788,178.58394605284522,-14386.403802577015,-3369.8933092517796,7393.692476372722,-16036.024859440446,-3377.649816803921,7394.290452651126,0.2770256089959108,-0.07820948843971802,180.00542521477092,offense,1.211552715693715,1.0387002544124342,0.9815523496288091,0.31073403035781993
65.09999999905267,-0.004425124160778488,-0.8296824965289301,178.73092314484836,-14424.241213844625,-3369.1315228242906,7392.513129612136,-16066.686484464204,-3377.6509839547434,7394.083455304635,0.3221847560402444,-0.0783462791984652,180.00542537289598,offense,1.2126705371660373,0.9691619881199725,0.9815492300794083,0.3106319006523146
65.19999999905122,0.2203286627990659,0.9487697383839997,179.04835333392276,-14462.119992954193,-3368.3693450231403,7391.348689134184,-16097.34809911976,-3377.652674965743,7393.876436259342,0.36947104674638537,-0.07846008653794122,180.00552012821888,offense,1.214014555472087,2.6259041631150555,0.9815461451724937,0.31055574412872416
65.29999999904976,0.41336687393595156,2.6372251899777033,179.46786389372173,-14500.048118498979,-3367.6502620174283,7390.32598839781,-16128.009701824565,-3377.654957253237,7393.669404672799,0.4186590660239953,-0.07855428858777601,180.00570398462582,offense,1.2153439940560737,3.8714761411601937,0.9815429293226837,0.31046061279341697
65.3999999990483,0.48633895962804097,2.3007773263082516,179.20363120208387,-14538.012239728054,-3367.045330992306,7389.554022905302,-16158.671286541661,-3377.6579012419306,7393.462388901061,0.4689442171149022,-0.07863618923159331,180.00596688108735,offense,1.215790615604546,2.898862566077259,0.9815394565230323,0.31030857136824563
65.49999999904685,0.5233970930128743,1.6209508058212154,179.03331192211846,-14575.982914095328,-3366.576212204217,7389.027266289541,-16189.332840948355,-3377.66157948128,7393.255443370539,0.518828369472623,-0.07871991558204611,180.00629110995436,offense,1.2155774525006147,1.8062385355764117,0.981535447446419,0.3100198422027902
65.5999999990454,0.6598733304412014,2.63594614603757,180.01745201821512,-14613.961734545968,-3366.228690026153,7388.653758617011,-16219.994349970917,-3377.666063418282,7393.048631393821,0.5665870502685848,-0.07882518064881543,180.00667911755272,offense,1.216146508196048,2.7294103740019464,0.9815309826084826,0.3096004599080835
65.69999999904394,0.8137033768498109,3.9541746491598664,181.25215076105962,-14651.975635897072,-3366.0331963292347,7388.420445951588,-16250.655800366816,-3377.6714212036677,7392.842004649481,0.6110773477697504,-0.0789692499896257,180.0071432585507,offense,1.2173974649720694,3.873891080056325,0.9815261008250364,0.30904996303002613
65.79999999904248,0.872357395359809,3.7104435979482213,180.9469381625024,-14690.016508888673,-3366.0723257004624,7388.377258992604,-16281.317176334207,-3377.677716633137,7392.635622651967,0.6510442773753089,-0.07916258869850638,180.00767550718768,offense,1.2177854672318444,2.86463021376486,0.9815206145390079,0.3083178037650215
65.89999999904103,0.8125804450202616,2.6732768112906657,179.6979192998878,-14728.057183296885,-3366.362653614811,7388.5224745735295,-16311.978454529311,-3377.6850071094827,7392.429573635129,0.6843403377862887,-0.07942191811171946,180.00825015577934,offense,1.217531730795131,0.9367727957477924,0.9815142301230163,0.30732379531735093
65.99999999903957,0.6653654295696262,1.473914853301454,178.47009097518853,-14766.080154199095,-3366.844478674505,7388.8280968968365,-16342.639609857568,-3377.69333892337,7392.223947450856,0.7087154640080208,-0.07977031467058344,180.0088682996519,offense,1.2170138204466985,-0.7200595400373062,0.9815071035557476,0.3060953815213224
66.09999999903812,0.48002415766331746,0.7792803963889561,178.00719166657052,-14804.090622977395,-3367.4023549200774,7389.216606554962,-16373.300623836032,-3377.702743915155,7392.01879910465,0.7231271831821325,-0.08022316558747762,180.00955330802563,offense,1.2168142004843274,-1.1822753800219181,0.9814995036378715,0.30469528914904753
66.19999999903666,0.29272563337475777,0.3563121929967969,177.90551931849532,-14842.097008399325,-3367.9749420805506,7389.643955073783,-16403.96148925365,-3377.7132376183,7391.814130139611,0.7281546026585932,-0.08077863270120593,180.01034018701006,offense,1.2167554988409954,-1.1600346693558838,0.9814918968282095,0.30324775528662223
66.29999999903521,0.10666692693455407,-0.12960306688311002,177.87659014532397,-14880.101164596268,-3368.5340231030823,7390.106490233687,-16434.62220628516,-3377.7248213301677,7391.609908615012,0.7253069137954598,-0.08141864713395934,180.01123546053282,offense,1.2166976079708491,-1.1666677240634404,0.9814843301300306,0.3017843206487999
66.39999999903375,-0.07880497915965673,-0.6154971894219803,177.94185541921482,-14918.103281391714,-3369.053466455316,7390.6009790640865,-16465.282778041077,-3377.737483770221,7391.40609023509,0.7160400212940772,-0.08212002391448653,180.0122328270558,offense,1.216630936865678,-1.161433866371417,0.9814769535110497,0.30036325226602356
66.4999999990323,-0.26402134131204574,-1.469967323210882,178.17384091316677,-14956.099959989027,-3369.5106195159233,7391.106923055786,-16495.94321145985,-3377.7512033610933,7391.202615678433,0.7019421788877789,-0.08286029714858957,180.0133262056491,offense,1.2163097512770673,-1.4959463729621014,0.9814698673221429,0.2990282882472782
66.59999999903084,-0.4505012171273231,-2.3364697847421,178.52887426205797,-14994.08260648257,-3369.891976633399,7391.574358418495,-16526.603516470965,-3377.7659509763594,7390.999415589488,0.6846213189204072,-0.08361333429875151,180.0145078093186,offense,1.2156246606905505,-1.8482298924172764,0.981463165023551,0.29782198211420524
66.69999999902939,-0.5641915269724648,-1.5922879858576444,178.41921118795963,-15032.047733835703,-3370.182273908134,7392.000025493575,-16557.26370503225,-3377.781692719728,7390.796415782423,0.6656100343218232,-0.08435501352841185,180.01576708724878,offense,1.2153401935396755,-0.8277344482405286,0.9814568855441687,0.2967700500310449
66.79999999902793,-0.5386723246180692,-0.30864394845516885,178.00157910765603,-15070.032966189134,-3370.3883541727537,7392.386561479247,-16587.92379091683,-3377.798392315879,7390.593538911394,0.646360422899275,-0.0850621433311061,180.01709565698087,offense,1.2167951338110718,0.44408177946408106,0.9814511030962724,0.29590422991176984
66.89999999902648,-0.3886680556625334,-0.8529314481698953,178.62623361154465,-15108.064485772957,-3370.5639724468892,7392.653202812997,-16618.58378774232,-3377.8160138946823,7390.3907136996395,0.6280685844751399,-0.08571441593325564,180.01847796281322,offense,1.2182269466626454,-0.3875895445499475,0.9814457369915895,0.2952145774220648
66.99999999902502,-0.21083382171974369,-2.3085552665360805,179.24950523531467,-15146.140123435704,-3370.7623061682084,7392.692426692888,-16649.243703944074,-3377.8345242503588,7390.187896829037,0.6110363735106558,-0.08629784438914365,180.01988365074203,offense,1.2192701261114058,-1.9119757905366863,0.9814405341771347,0.2946430292215447
67.09999999902357,-0.031024392409274563,-3.1175429796476415,179.60353557860617,-15184.248437966731,-3370.966285445955,7392.464165475807,-16679.90354226417,-3377.853892790437,7389.985073776943,0.5946874424659491,-0.08681170371577221,180.0212884966698,offense,1.2207894093523803,-2.494852513013675,0.9814353631424487,0.294151365356922
67.19999999902211,0.2336715606464786,-2.7157732648992154,179.8516945069261,-15222.404996506943,-3371.1670646088855,7391.902065425527,-16710.56330663229,-3377.874089970384,7389.782227429578,0.5786756102280525,-0.08726165721943327,180.02269822457487,offense,1.2222491060816025,-1.72639664528277,0.9814304074905632,0.2937749068751759
67.29999999902066,0.4433633827800123,-1.7683597648907345,180.008033850062,-15260.59053336067,-3371.3428878457676,7391.138785975099,-16741.223002191768,-3377.895087941877,7389.579338296626,0.5630501433129218,-0.08764849525557189,180.02411161151736,offense,1.2226945502050626,-0.5979372810748896,0.9814255728411786,0.2934845372926331
67.3999999990192,0.5101147891407048,-2.466306009919055,179.45416233959548,-15298.782764170377,-3371.5156051183853,7390.303735818038,-16771.882635039376,-3377.916859769941,7389.376385319686,0.5479799246253828,-0.08797352846957997,180.02553277017827,offense,1.2229248099569878,-1.4306025118921812,0.9814210073351565,0.2933105364013123
67.49999999901775,0.5395042377173065,-3.166096298014911,179.16384349367937,-15336.97957832871,-3371.697865619231,7389.415020312694,-16802.54220962083,-3377.9393806127314,7389.173357406369,0.5335340176293667,-0.0882379439169962,180.02694806304993,offense,1.2232096857736159,-2.0640586154152096,0.9814164716016385,0.29318827384389795
67.59999999901629,0.5792100950942974,-2.098255136697081,179.75345343112627,-15375.187278500145,-3371.8919653813887,7388.439162513319,-16833.20172786893,-3377.9626267229705,7388.970256234897,0.519362396963662,-0.08844704811109644,180.02835067668352,offense,1.2235278070429003,-0.862625889317936,0.9814120275764842,0.29312445946663973
67.69999999901484,0.5979469975864649,-0.01666479391044447,181.2293555794515,-15413.403220400838,-3372.180560855788,7387.530160352218,-16863.861191860644,-3377.9865752487617,7388.767084022838,0.5052692735615655,-0.08860951310019452,180.02973857471287,offense,1.2238543450486052,1.4211224119544474,0.9814076223190529,0.29309617613090444
67.79999999901338,0.6336629559245766,1.7473345020824662,182.38340963771898,-15451.637072610865,-3372.6499363453017,7386.78381764279,-16894.520595360704,-3378.0112050426746,7388.563880194795,0.4900726770220215,-0.08873288852083173,180.0310770344804,offense,1.2242289143730456,3.0487671392748794,0.9814027886512378,0.29297958832638965
67.89999999901192,0.5627287624307004,1.6022847836929288,182.12508758391118,-15489.867733794237,-3373.368302015721,7386.312656823886,-16925.179922252562,-3378.0364935266502,7388.360725618833,0.4713103747551667,-0.08884224838931697,180.03233705883073,offense,1.2236802487578986,2.2133924062052275,0.9813973345211893,0.2927074371821952
67.99999999901047,0.3991273067856429,0.661258644855759,181.42663229350373,-15528.075085486993,-3374.3063810752737,7386.129831071574,-16955.839149856514,-3378.062413174678,7388.157725821987,0.4460325034412859,-0.08896973041485458,180.03349906403866,offense,1.2231518543408606,0.6793245093016491,0.9813910168983688,0.2921969684346497
68.09999999900901,0.2710779198821755,-0.22117804103787672,181.21509467510268,-15566.27912460203,-3375.342076993894,7386.102116442159,-16986.498257551186,-3378.088925715133,7387.954971440757,0.41191510513308854,-0.08914798499246156,180.0345816096341,offense,1.2236165806599824,-0.29667902677034835,0.981384183634594,0.29151295804735294
68.19999999900756,0.1795861792155886,-1.1959059088696455,180.90289612688673,-15604.501503924123,-3376.409151943238,7386.073550841567,-17017.157238042826,-3378.115978761179,7387.75248966507,0.36886144634199075,-0.08939410250927671,180.03563190217474,offense,1.2240078656837787,-1.245890686729296,0.9813773487905462,0.29077433951544046
68.2999999990061,0.0019218067312796675,-1.9781663037858472,180.66716917635202,-15642.720685642886,-3377.47392628027,7386.037310531152,-17047.816091970042,-3378.1435071743567,7387.55027086275,0.3179969780811174,-0.08969958073443988,180.0366617606284,offense,1.223574051362127,-1.9234993172536998,0.9813705537274011,0.29000201972696377
68.39999999900465,-0.1946049541690765,-0.8294382977396341,180.54633978944563,-15680.923660528966,-3378.5174728676216,7386.016614544684,-17078.474823277906,-3378.1714336654786,7387.348290156815,0.26054067100617967,-0.09005204164469972,180.0376688903466,offense,1.2229861040102423,-0.6544634650820893,0.98136397994287,0.28925314795385876
68.4999999990032,-0.316572337464899,0.753061314487531,180.37902200267726,-15719.1131678151,-3379.5098102895467,7386.0991913016205,-17109.133439261757,-3378.199670859088,7387.146508369062,0.19786486881268503,-0.09043582249931399,180.03864530475792,offense,1.222648944707946,0.8675203876547065,0.981357669936171,0.28855204365994824
68.59999999900174,-0.39507323184282356,1.000437299974423,180.26577284291562,-15757.302339552156,-3380.434750015767,7386.285882266996,-17139.79195081836,-3378.228123207331,7386.944871906513,0.1314469644645275,-0.09083215281971548,180.03958764333032,offense,1.222553024983651,0.9404218200683923,0.9813518096635815,0.2879591334727585
68.69999999900028,-0.45360347374747506,2.2995170504039066,179.82913667479684,-15795.474702358328,-3381.219487285474,7386.66893171948,-17170.4503716762,-3378.2566899525386,7386.743317330545,0.06286552435513881,-0.091220611413254,180.04048610772992,offense,1.2219858070409577,1.9695335853966354,0.9813464045684764,0.28749037407345357
68.79999999899883,-0.39316660052462016,1.9704303005573967,180.1811296419537,-15833.645266663656,-3381.8974124229485,7387.182311147136,-17201.10872298452,-3378.285266668431,7386.541752077767,-0.005715696533366316,-0.09157853348376377,180.0413559666481,offense,1.2224029708407302,1.4183551293045569,0.9813419099905328,0.2872724339881733
68.89999999899737,-0.30238066578360645,0.027606152040200945,180.91781026791602,-15871.84196680183,-3382.5563864016644,7387.65512326423,-17231.7670244416,-3378.3137511590867,7386.340095591233,-0.07245609496317675,-0.09187757616316354,180.04216371335204,offense,1.2232611287591948,-0.5713155094527851,0.9813378207202376,0.28719846050036296
68.99999999899592,-0.2111770063555022,-1.5053665352002001,181.4882375682305,-15910.073095383541,-3383.217978255885,7387.99782106795,-17262.425284589404,-3378.342044408592,7386.1383206912315,-0.13752460668260177,-0.09210446775941711,180.04286201532994,offense,1.2248466769787107,-1.8894176052533478,0.981333905101597,0.28721594976563125
69.09999999899446,-0.016194950172753575,-2.32103629226522,181.79986590598716,-15948.362469691674,-3383.9286649664136,7388.043611950252,-17293.08350975074,-3378.3700497542754,7385.93641226922,-0.20145264978837157,-0.09226593295255406,180.04344116617918,offense,1.2268464466763307,-2.1341258637920397,0.9813302181410285,0.28732896676863695
69.19999999899301,0.2471714002691409,-2.0054275482641764,181.95383796625265,-15986.707629634795,-3384.66411450816,7387.762661651605,-17323.741701651717,-3378.397673707075,7385.73437746616,-0.26513271226805923,-0.09236464347640302,180.04387822057475,offense,1.2283609682573362,-1.1614397219861272,0.9813264167835029,0.287446668452594
69.29999999899155,0.4482288169705639,-1.151138102574493,182.0241341626882,-16025.087317158472,-3385.4041483879237,7387.31074308909,-17354.39986264939,-3378.424822827553,7385.532221022633,-0.3293469969764727,-0.09241364261072701,180.04418468207803,offense,1.2290026950249773,0.008139497802899907,0.9813228523726504,0.2876420569178079
69.3999999989901,0.5064395667952803,-1.9620045411824605,181.34884674705683,-16063.480204202851,-3386.1742747381436,7386.812397273231,-17385.05799847072,-3378.4514042967025,7385.329933871923,-0.3940429234720202,-0.0924175790118797,180.04436548197978,offense,1.2294315917416045,-0.9757107652455914,0.9813194095754921,0.287880689602378
69.49999999898864,0.42818282611587777,-2.9084896834483898,180.60665015736413,-16101.874015748992,-3386.9938599094608,7386.3010593622685,-17415.716110824156,-3378.477325352679,7385.127525496326,-0.4596840696932358,-0.09237872696468574,180.04440431087158,offense,1.229033635189404,-2.220309085305547,0.9813159526114014,0.28812455413719695
69.59999999898719,0.2464117430553276,-3.0397196271252476,180.36432888776227,-16140.247358699182,-3387.846594890859,7385.775658458406,-17446.374198908637,-3378.5024918731356,7384.925016094691,-0.527023437575968,-0.092309189479646,180.04429191078793,offense,1.2284456765289287,-2.3755387407152826,0.9813124464706185,0.28835428103916233
69.69999999898573,0.04611204660886805,-1.4792267483332517,180.58488463697026,-16178.610281341615,-3388.7103252086827,7385.231591876561,-17477.032263524812,-3378.5268072600893,7384.722417994801,-0.5964735533612223,-0.09221789007168635,180.0440345510973,offense,1.228287466827958,-0.7523506151313926,0.9813090191698499,0.28859341692861085
69.79999999898428,-0.07773456883711813,0.4567174205610897,180.7750948047555,-16216.967987191221,-3389.581857225291,7384.794024939627,-17507.690308072946,-3378.550172320514,7384.519731560004,-0.6679561430914265,-0.09210968841154102,180.04363770290297,offense,1.2280238550303537,1.0656546102631252,0.9813057181541046,0.28884951667212116
69.89999999898282,-0.1613728738834571,0.9966347709814851,180.66112794300938,-16255.3317089251,-3390.441941871099,7384.494423992059,-17538.348336145773,-3378.572485294079,7384.316956110156,-0.7413480730086895,-0.0919850772771366,180.04309677368616,offense,1.2282488823108566,1.350050611098933,0.9813025168665018,0.28911529288801263
69.99999999898137,-0.25564787703570335,2.5545148992042237,180.40318590788866,-16293.683612014682,-3391.2313091422,7384.457056911984,-17569.006353206474,-3378.59364155981,7384.1140824150325,-0.8163410332993651,-0.09184540728964845,180.04241536290488,offense,1.2276074387115596,2.5198058715255462,0.981299557518409,0.28942450571753053
70.09999999897991,-0.24699300537687202,2.3484798829234053,180.6236621544466,-16332.027928276208,-3391.9517528090046,7384.625543216614,-17599.664371636565,-3378.61353438092,7383.911071253282,-0.8917426924775638,-0.0916854308773287,180.04161348559697,offense,1.227671641280428,2.086217902894415,0.9812971407600662,0.28985488887864064
70.19999999897846,-0.20889000439295397,0.6513501939730281,180.97030015806115,-16370.399392539606,-3392.650959953914,7384.832388228652,-17630.32240445541,-3378.6320576858493,7383.707882625756,-0.9663125821352623,-0.09149155941095748,180.0406786943654,offense,1.2288663658681378,0.3230756809506383,0.9812950383861052,0.2903599874660539
70.299999998977,-0.1784072354644219,0.8813538389067598,181.02108675989876,-16408.803851258326,-3393.3196531510093,7385.066217038307,-17660.980458272734,-3378.6491065114005,7383.504506300747,-1.0399622884917734,-0.09125817273840156,180.03958243845403,offense,1.2303251662841095,0.5338212364063978,0.9812930642396581,0.2908967917209034
70.39999999897555,-0.13177514094335183,0.28239505227334777,181.02203791882573,-16447.25646382345,-3393.9865827253207,7385.258416874367,-17691.638540420867,-3378.664576719781,7383.300929231725,-1.1126314119249883,-0.09098941731533353,180.0383289184277,offense,1.23151414444742,0.029089544186025367,0.9812914241669426,0.2915115013256565
70.49999999897409,-0.1967633166471935,-1.3874017707031467,181.10970585036924,-16485.737079557613,-3394.6403205387332,7385.404491751725,-17722.296655846152,-3378.678366703132,7383.097149802915,-1.1844008340033176,-0.09068417994251649,180.0369010766208,offense,1.23201948510217,-1.5712264954838069,0.9812897795976754,0.29212056102982137
70.59999999897263,-0.3369447228478393,-2.3475187325515408,181.25780558676377,-16524.2173444029,-3395.2758701049606,7385.483006412176,-17752.954808956572,-3378.6903755975814,7382.893168500299,-1.2555577180312751,-0.09034809511384106,180.0353049754596,offense,1.2317375869814076,-2.341522038870733,0.9812884087103857,0.29278675865077697
70.69999999897118,-0.4717798219756797,-2.034534758291825,181.104967052594,-16562.689476835258,-3395.904589371634,7385.450745144403,-17783.613005991403,-3378.7005044924063,7382.6889779671765,-1.3259055114727158,-0.08998393609699339,180.03354144714896,offense,1.2313974388352251,-1.810742987343162,0.9812871674293683,0.29347227215088845
70.79999999896972,-0.5366546840494077,-0.2232688424435645,180.28934440127315,-16601.157001429066,-3396.4892506832757,7385.385140548271,-17814.271250673282,-3378.7086557498224,7382.484581969897,-1.3956282422677715,-0.08959192324499825,180.03160322453542,offense,1.2315821503362325,0.145268472603536,0.981286037158325,0.29417143429346854
70.89999999896827,-0.5666525249011924,2.3618224568899957,178.67909190472088,-16639.63723382162,-3396.9611399624505,7385.41521967612,-17844.929550843346,-3378.7147326936256,7382.279965791652,-1.4643478431428867,-0.08917708360823706,180.0295085595427,offense,1.2317250058399813,2.7940995772011643,0.9812852889689787,0.2949470299284563
70.99999999896681,-0.6116910561145744,4.044031849413635,177.6849978095019,-16678.107386666998,-3397.177422638624,7385.72500028826,-17875.587922815896,-3378.7186412551537,7382.075078473753,-1.5304901198622327,-0.08873013815316132,180.0272855940244,offense,1.2312173013779897,4.158698346219308,0.9812852042691381,0.2958751973782746
71.09999999896536,-0.5510246607542413,3.9305304571546134,177.95633252521841,-16716.587529595374,-3397.1678427370266,7386.2789447714395,-17906.24639952194,-3378.7202924868047,7381.869799220521,-1.590476178953367,-0.08822891077308376,180.02499407808205,offense,1.2325843436221864,3.5529682758184133,0.9812865682189627,0.2971655302016438
71.1999999989639,-0.46152917648909625,2.7871059504090145,178.60063517149868,-16755.109205101577,-3397.0385704041246,7386.949445115969,-17936.905012653442,-3378.7196094436667,7381.664020223764,-1.6409895314983514,-0.08763513617530036,180.02260092384628,offense,1.233691507485221,2.0493817283026603,0.9812885992061181,0.298653808280832
71.29999999896245,-0.3726103402857809,1.5067157245726819,179.34545520713033,-16793.66799381983,-3396.8319719221886,7387.66155261266,-17967.563777573057,-3378.7165269588663,7381.457711129005,-1.681722777576356,-0.08693609149068691,180.0200524152759,offense,1.235435533738582,0.5815970284622554,0.9812910007673871,0.3002721986769827
71.399999998961,-0.27080979939329525,0.10015795601569757,179.79219754685963,-16832.280132915897,-3396.6315891857253,7388.2692135890275,-17998.22270466564,-3378.7109930938627,7381.250866267983,-1.7131193013782533,-0.08614512087544458,180.0173413811985,offense,1.2365755172993926,-0.6945560713001496,0.9812937065855676,0.30198987347694534
71.49999999895954,-0.17928337727857893,-1.3768930538704895,180.28314546077488,-16870.93569131015,-3396.4472606665922,7388.694519560149,-18028.8817938532,-3378.702969916042,7381.0435278233535,-1.7366933437437928,-0.0852745599879206,180.01443893962897,offense,1.2384352363084132,-1.8572913159424356,0.9812961163994418,0.30364501806469874
71.59999999895808,0.017135610596713285,-2.1946898417175995,180.55813411685796,-16909.657109579653,-3396.312664510683,7388.794602711269,-18059.54104080259,-3378.692429674256,7380.835755089281,-1.754394364366812,-0.08435550245955513,180.01136157949546,offense,1.2404974579692372,-2.0648392985700763,0.9812985086839335,0.3052785264195778
71.69999999895663,0.2817871564137004,-1.8879339153676953,180.71380732830508,-16948.435678315356,-3396.196648635308,7388.568038180459,-18090.20043801083,-3378.67935448509,7380.627619172207,-1.7678866512245497,-0.08341359979107163,180.0081091288076,offense,1.2420078849502103,-1.0838101327031986,0.9813004238419564,0.3067565504600614
71.79999999895517,0.48175444501060233,-1.0529567957136123,180.79907379844096,-16987.248987203027,-3396.0850674566805,7388.175861672208,-18120.85997864388,-3378.6637317859636,7380.419184089846,-1.7785813352595028,-0.0824746293708949,180.00471577630248,offense,1.2426413084024994,0.0620862639568215,0.9813023296755423,0.30817398601742513
71.89999999895372,0.5376097323089292,-1.8688546877570396,180.07903661747258,-17026.07622898061,-3396.0079503810316,7387.739956989599,-18151.51965929066,-3378.64555464316,7380.210495331336,-1.7868510781674456,-0.0815569541854179,180.00120073207748,offense,1.2430786331998145,-0.9599665883263745,0.9813040118712878,0.30946701467401155
71.99999999895226,0.45586543924861517,-2.7931882033612436,179.30517256814062,-17064.90539183677,-3395.983626024693,7387.289414021034,-18182.17947098893,-3378.624819069936,7380.001618996838,-1.7937517664221885,-0.08067174214213906,179.9975586993656,offense,1.2426600182377994,-2.2116940309654853,0.9813053336415458,0.31059613924842616
72.0999999989508,0.2707548444188376,-2.9086972296560782,179.06618724336843,-17103.7141023265,-3395.9949152221407,7386.8224482687865,-18212.839402262067,-3378.6015221435177,7379.792626956967,-1.8005447812874142,-0.0798417132116624,179.99379481184448,offense,1.242060619877888,-2.356437176356363,0.9813062621313658,0.31154032131049925
72.19999999894935,0.0697310583747464,-1.3233857792596102,179.33143526007697,-17142.512040065554,-3396.019698278995,7386.336692134595,-18243.499443787114,-3378.5756606798527,7379.583576004449,-1.8080130704391348,-0.07908011650801805,179.98993046638526,offense,1.2418743074749923,-0.7113331719285862,0.9813069605116316,0.3123345517114672
72.2999999989479,-0.05326878705181059,0.5861851157098398,179.56838653372267,-17181.30379160078,-3396.0581597100054,7385.963163443408,-18274.159589513518,-3378.5472307115792,7379.374503522313,-1.816315438634706,-0.07839478991188334,179.98598447547766,offense,1.2415749835136565,1.0768299644160197,0.9813074899297773,0.31299455943240667
72.39999999894644,-0.13712183206512366,1.0663236924034798,179.46653620431437,-17220.099714979486,-3396.09058324709,7385.732893064806,-18304.81983345971,-3378.5162268330832,7379.165442318786,-1.8255737620614945,-0.07778611591229395,179.98196110279392,offense,1.241744566190346,1.293433284638178,0.981307806970855,0.3135157988792653
72.49999999894499,-0.23174233949820144,2.664308811918641,179.24110972733334,-17258.879518941594,-3396.0599378011702,7385.773457172212,-18335.48017213181,-3378.482641567242,7378.956410115124,-1.8356648797842123,-0.07725482201887286,179.97787585501993,offense,1.2410364175867743,2.4894458690424512,0.9813081099984526,0.31395324570976785
72.59999999894353,-0.22125471271844382,2.5138150728593986,179.44236297520962,-17297.648319783748,-3395.9660629126897,7386.030901566652,-18366.14061038766,-3378.446466453264,7378.747385086486,-1.8453855272442141,-0.07679159268818196,179.97376109466956,offense,1.2410481609074793,2.109770654250186,0.981308739545543,0.31440438843901014
72.69999999894208,-0.18172694150388471,0.6632984563562028,179.76888764343607,-17336.44275878196,-3395.8536076995815,7386.328453857699,-18396.80115430957,-3378.407694263098,7378.538339592165,-1.8534392181012909,-0.07637735799174718,179.96961238932258,offense,1.2422650539108515,0.20906765430559818,0.9813094702109817,0.31483449053870943
72.79999999894062,-0.15041297869515885,0.8820818833920646,179.83225473984524,-17375.262535654627,-3395.7140296121484,7386.647499483893,-18427.461803259226,-3378.3663189107906,7378.329275125301,-1.859777870548524,-0.07600126769649279,179.96540576729302,offense,1.2432721136425944,0.4142537572021019,0.9813100944631026,0.3152045600494057
72.89999999893917,-0.1033112481117511,0.5365556191719129,179.77954755398173,-17414.123356025066,-3395.572415510288,7386.92864215588,-18458.122557661864,-3378.3223356171275,7378.120187091789,-1.8643894847142861,-0.07566208894706684,179.96115330528895,offense,1.2443865964548066,0.15135082313319514,0.9813108581361956,0.315578960652596
72.99999999893771,-0.07108048461455257,-0.9015775177891638,180.02312021403867,-17453.015901042505,-3395.420686499391,7387.140196848196,-18488.783415868482,-3378.275742626929,7377.9110796678815,-1.8673718033570388,-0.07535292343089253,179.95684378974445,offense,1.2455699493695114,-1.1070641745576961,0.981311404954062,0.31587789495743657
73.09999999893625,-0.022710688133394052,-2.0092994993268802,179.98810836106742,-17491.95028511853,-3395.2849063861568,7387.155622039926,-18519.44437561041,-3378.2265393841485,7377.70195845598,-1.8690816249205726,-0.07507346864736386,179.9524886002107,offense,1.2467232987606371,-1.87872974463573,0.9813120244984397,0.31617413985536896
73.1999999989348,-0.09381875237185888,-2.8626338020587303,179.85387741053404,-17530.9039750057,-3395.147131957652,7386.986728048745,-18550.105432676573,-3378.1747277851755,7377.492836965889,-1.86987830813353,-0.07482305671528071,179.94807728669994,offense,1.2468606649735923,-2.5178913767255358,0.9813123263304847,0.31637451138799455
73.29999999893334,-0.2708897463764566,-2.493205544921526,179.64763938561467,-17569.843158506854,-3394.993498253477,7386.7373760518885,-18580.766583357425,-3378.120309846609,7377.283724866123,-1.8702055296019624,-0.07460236109030727,179.9436274271054,offense,1.2460113370103463,-2.0057089539656783,0.9813127008020941,0.31657520769784514
73.39999999893189,-0.39561274575297467,-0.5532747818919457,179.14324819139028,-17608.765517892836,-3394.8011298337433,7386.4912611791615,-18611.427827796917,-3378.0632892764256,7377.074614274258,-1.869718708170581,-0.07440984989616332,179.93915032590567,offense,1.24591528636743,-0.013261036972777826,0.9813130279584843,0.3167504528287574
73.49999999893043,-0.4751327352234085,2.2396493359191765,177.86489234848645,-17647.690552546675,-3394.514279160915,7386.381025238872,-18642.089168152972,-3378.0036706630735,7376.865488379684,-1.867935093621746,-0.07423567940757284,179.9346604301997,offense,1.245785746806477,2.6489065980421316,0.9813135495923362,0.3169684117874764
73.59999999892898,-0.5339191993861336,4.037398641683349,177.04541565012522,-17686.592777286874,-3393.9970737555777,7386.608215995312,-18672.75061527806,-3377.9414611161183,7376.6562931148,-1.8632404757984053,-0.07406990624370811,179.93019008888706,offense,1.2449967677453249,3.9916109102069037,0.9813145852473394,0.31731728520484215
73.69999999892752,-0.47432044090496195,3.913014600692521,177.30194254556167,-17725.49241893297,-3393.2682477201943,7387.1278022127635,-18703.412199699353,-3377.8766733538096,7376.446891673819,-1.8516422138294948,-0.07388060326873237,179.9258132750158,offense,1.246102901804112,3.3660440388286155,0.9813170705045359,0.31805306182831783
73.79999999892607,-0.3856522912194739,3.552648381292916,177.4836295088006,-17764.412736991635,-3392.4130717245444,7387.824328303376,-18734.073952281648,-3377.809333031457,7376.23715486995,-1.8292244105210083,-0.07362154541623189,179.92150172520405,offense,1.2462467705369817,2.6225130710965963,0.981320184250929,0.3190096495011262
73.89999999892461,-0.29988735401805433,4.062879895524496,177.41208065472222,-17803.33802283432,-3391.4264123236308,7388.728385945473,-18764.73588785097,-3377.7394786052773,7376.027031607113,-1.7951901345799504,-0.07327039956914681,179.91720548502042,offense,1.2474244190269668,2.814607227153939,0.9813236814194566,0.32013783335338464
73.99999999892316,-0.200515990645848,3.334570809240134,177.584955238001,-17842.296897842487,-3390.371151007739,7389.761884821341,-18795.39802246517,-3377.6671642000942,7375.816470387268,-1.7487909991263404,-0.07283124494593368,179.91294446454745,offense,1.2482775192168938,1.8383430976112178,0.9813278292023184,0.3214939975214114
74.0999999989217,-0.2057200681803898,2.0989175349162785,177.7079417465882,-17881.266372079117,-3389.2545414622723,7390.924737985889,-18826.06036379455,-3377.5924631921635,7375.605462476394,-1.6900975460502696,-0.07229807778363725,179.90869099642396,offense,1.2486008065802077,0.41100730404420277,0.9813318494261073,0.3228838329880268
74.19999999892025,-0.23953810891484564,0.8027021857058312,178.08424779016335,-17920.234289850145,-3388.0811890843975,7392.166797739264,-18856.722914448477,-3377.515464985384,7375.394023672262,-1.6200618786740264,-0.0716892047430248,179.90446399501303,offense,1.248675530833882,-0.953086483576602,0.9813361321287334,0.32438083557043795
74.29999999891879,-0.1658831675744699,0.2987739801978651,178.3694087955316,-17959.223118970287,-3386.900753973888,7393.326683135516,-18887.385678080933,-3377.4362770819994,7375.182167232603,-1.5389117845065852,-0.07101941173205475,179.90028155337566,offense,1.2498295661359207,-1.24951247483506,0.9813403664160779,0.3258915752618261
74.39999999891734,-0.06846038703134281,-1.0003291313892453,178.4962073157429,-17998.24967417677,-3385.7476898965447,7394.244510894585,-18918.048648286287,-3377.3550230000405,7374.969951396731,-1.4480619963399444,-0.07030363554108843,179.89613318232787,offense,1.2503589691484909,-2.1794106195022804,0.9813442140985851,0.3273149966460081
74.49999999891588,0.023396291413544337,-2.1662552255335124,178.6563365234668,-18037.29920989598,-3384.6023304616615,7394.889491967613,-18948.711812034828,-3377.271839606733,7374.757461186255,-1.3495563198835991,-0.06957548061755583,179.892025992038,offense,1.25134787277779,-2.841538542638562,0.9813475607537452,0.3285929275981441
74.59999999891443,0.12768939032638063,-3.1448774245745015,178.5062451895069,-18076.384908308795,-3383.4633322335094,7395.15856232847,-18979.375158587027,-3377.1868748466463,7374.544767485065,-1.2447132938742873,-0.06886231959757733,179.88800029150127,offense,1.2520264040433764,-3.227574183064764,0.9813506430012644,0.3297607211986681
74.69999999891297,0.10791031583024258,-3.932909424314615,178.21579197770942,-18115.479289120645,-3382.3038172974825,7395.105939959085,-19010.03867767054,-3377.1002869178888,7374.3319352453655,-1.1343079088916608,-0.06818364320496513,179.88407727707306,offense,1.2519036729048123,-3.651187244142747,0.9813532773614835,0.33075936981280185
74.79999999891152,-0.0459315302312597,-4.069633872339286,178.01477209634885,-18154.555250355734,-3381.1277033049178,7394.83930252567,-19040.702361740452,-3377.012241479468,7374.119012824488,-1.0186776173632348,-0.0675543155925713,179.88029483608014,offense,1.2511185411382846,-3.5553658022689545,0.9813558065245299,0.33166409204704117
74.89999999891006,-0.1720827896831596,-2.604825087114527,177.98591593176582,-18193.607051254847,-3379.9442236837754,7394.434649744073,-19071.366204071157,-3376.9229124892945,7373.906041254858,-0.8977703966065108,-0.06698242363225182,179.87666621750373,offense,1.2505967515265404,-1.8566118471863413,0.9813579697640721,0.33240886597723357
74.9999999989086,-0.15620589290384906,-0.8137377843141141,177.87049686966148,-18232.65804733602,-3378.762388557657,7393.9344923427525,-19102.03019511794,-3376.832480564551,7373.693069722697,-0.7720345005695954,-0.06647412752341396,179.87320262143416,offense,1.2510583096525139,0.057687680869917456,0.9813598353701479,0.3330092731175064
75.09999999890715,-0.0159852817178214,-1.2758207339896754,178.08462700072488,-18271.741549598806,-3377.5843744635,7393.2979393538035,-19132.694324741613,-3376.7411329601605,7373.480145452142,-0.6418897796555302,-0.0660395925195025,179.8699162501337,offense,1.252771230825959,-0.17964851331431725,0.9813612998331892,0.33343700706356
75.1999999989057,0.14059943450655815,-2.819961195087746,178.02481692303724,-18310.88132260275,-3376.4096352608735,7392.444250893769,-19163.358582136127,-3376.6490626370573,7373.267313877827,-0.5078276999747274,-0.06568329406882716,179.8668229755831,offense,1.2546061718107515,-1.4279375692273055,0.9813624167735612,0.33370651320342193
75.29999999890424,0.2924996119264427,-3.524038469250725,178.0396578793903,-18350.06292231474,-3375.2123953079968,7391.366603041193,-19194.022957118916,-3376.5564678285336,7373.054612981174,-0.37016409726635713,-0.06541078262804152,179.86393958412586,offense,1.2561343826885203,-1.7225739335928796,0.9813631766441863,0.3338169443472098
75.39999999890279,0.5296374987944283,-2.441636011527767,178.6389350815198,-18389.290021954093,-3373.980159445278,7390.042172421974,-19224.687443804043,-3376.4635510620856,7372.842057526678,-0.2286460696555602,-0.06522069476891897,179.86129870659096,offense,1.2579022044502919,-0.09964757814868698,0.9813638572734849,0.3338435127876068
75.49999999890133,0.7229210056815077,-0.36742845828275883,179.93458600709394,-18428.565323896055,-3372.7809736510812,7388.654504719726,-19255.352039658585,-3376.370520390484,7372.629644691566,-0.08251069219596487,-0.06510484149033954,179.85891965543004,offense,1.25899805115227,2.226390351738236,0.981364417882991,0.3337883935716844
75.59999999889988,0.8744006104003019,1.271022903185088,181.62825261977582,-18467.875541707668,-3371.788628469198,7387.425391264603,-19286.016730808213,-3376.2775911497197,7372.417419192857,0.06740479987580848,-0.06505509920353506,179.85676594610507,offense,1.2597001518294417,4.093598836086351,0.9813641964270581,0.33349833218927505
75.69999999889842,1.0281316359517694,1.9970253619495182,182.58701904036036,-18507.226873746793,-3371.108570144204,7386.3699763481945,-19316.68147255391,-3376.1849852462997,7372.205555508909,0.21612923961964606,-0.06509289539115352,179.85473745344942,offense,1.260608184513618,4.59150236816772,0.9813618742983032,0.33263415284304126
75.79999999889696,1.0799451682928791,1.735551430346558,182.00897373389088,-18546.602804605747,-3370.824526116859,7385.493994486025,-19347.346198720916,-3376.0929210166996,7371.994309172363,0.35606308585592933,-0.06528020817109421,179.85279880042907,offense,1.260665292011734,3.241311029220533,0.9813572964861395,0.33111560993418665
75.89999999889551,1.006574547270207,0.9606804160513341,180.47844651676772,-18585.974846886933,-3370.927814887217,7384.780494526864,-19378.010829562187,-3376.001605189871,7371.783978084729,0.4791114353640526,-0.06568669240197426,179.85092250215376,offense,1.2601150534492775,1.0840871220104413,0.9813497451251145,0.32872583344015843
75.99999999889405,0.8407572706230835,0.15932805795825264,179.19013340917627,-18625.32589562051,-3371.316050415204,7384.203277200061,-19408.675283447545,-3375.911217501034,7371.5748473780395,0.5778446245740515,-0.06638147214009994,179.84914067916208,offense,1.2594800487188311,-0.49980331679285195,0.9813397734811691,0.325568475235914
76.0999999988926,0.6485829091029692,-0.21584305713793311,178.85293131946807,-18664.66917066154,-3371.841045332489,7383.701531375984,-19439.33949907557,-3375.821898966772,7371.367092945448,0.648760720705726,-0.06741213423656935,179.84753564280038,offense,1.2595038998570964,-0.8112376025806263,0.9813281601461697,0.3218279563906335
76.19999999889114,0.4566243955849836,-0.6515723047619354,178.62803107431048,-18704.01298049448,-3372.432094206218,7383.2498500718775,-19470.0034434859,-3375.7337454483736,7371.160751995119,0.6926314788919608,-0.0687728694445727,179.8461991987756,offense,1.2595028672993205,-1.0201859466048357,0.9813160031640181,0.3178089132812098
76.29999999888969,0.26529175345610984,-1.1445837017908032,178.48644580627746,-18743.35677869115,-3373.0475761049006,7382.841059922454,-19500.66710064941,-3375.6468107964542,7370.955780802435,0.7123747737004147,-0.07042143899181426,179.8451465342881,offense,1.2594719934914493,-1.185959399360936,0.9813034025167746,0.31359415169499044
76.39999999888823,0.07475788757933777,-1.0922959815636628,178.53346574448236,-18782.695994510912,-3373.656429686328,7382.481886623198,-19531.330463360195,-3375.5611091183487,7370.752094730708,0.7110220398301391,-0.07230155062301495,179.84437114964737,offense,1.2591135297483764,-0.8118278122694577,0.9812908479663041,0.3093656445107025
76.49999999888678,-0.11233701683413698,0.7572714440400897,178.5995560020743,-18822.008488672607,-3374.2383211777465,7382.276485342303,-19561.993534543428,-3375.476620304936,7370.549566542748,0.6920964535765867,-0.07435490888968431,179.8438582759633,offense,1.2575581422037854,1.0912235680122362,0.9812785289495563,0.30522740060428577
76.59999999888532,-0.22555349580470155,2.8457077936861963,178.55780238135938,-18861.27634275637,-3374.744897207864,7382.38233119014,-19592.65632336902,-3375.39329614046,7370.348047115207,0.6589658223420916,-0.07651412407035832,179.84358387856423,offense,1.256435003404709,2.876823798001565,0.9812666675608925,0.3012906230874494
76.69999999888387,-0.207973264667825,2.41965519134063,178.9393410947895,-18900.523509856197,-3375.1624172394772,7382.735497413746,-19623.318850741693,-3375.311065171583,7370.147344112215,0.6156409673323167,-0.07871694772081746,179.8435479677226,offense,1.2563700351795763,2.1149928164676948,0.9812557893498268,0.29773207057481804
76.79999999888241,-0.15800683044420472,0.8545221753435902,179.25401154761082,-18939.792052382036,-3375.532765020604,7383.159231453655,-19653.981143566427,-3375.2298416365047,7369.947251213471,0.5662336128652157,-0.0808903934671571,179.84371953938296,offense,1.257547313429005,0.4160822282442202,0.9812457856317681,0.2945737439477987
76.89999999888096,-0.11570522802096245,-0.8687415620792159,179.70224612762158,-18979.09805156427,-3375.863245367853,7383.548342125467,-19684.643221053568,-3375.149532502608,7369.747609464741,0.5129356177533547,-0.08297577220297363,179.84402864289345,offense,1.25892693912476,-1.212036184367597,0.9812362766074383,0.2917544463381111
76.9999999988795,-0.05541325361145982,-2.2934016877229895,179.80499607384866,-19018.447961242073,-3376.1950505731024,7383.731419943833,-19715.30510082381,-3375.0700389358517,7369.548279068283,0.45703228239966237,-0.0849396585910585,179.84444565414918,offense,1.259921843822301,-2.353947831329552,0.9812274892085141,0.28934090940260515
77.09999999887805,-0.1177597391268232,-3.029818738822256,179.7449220372047,-19057.81067211181,-3376.5090949731225,7383.715457258794,-19745.966794076714,-3374.991261399179,7369.3491608999675,0.3989198862710356,-0.086754382112502,179.8449120566944,offense,1.2597717124185062,-2.8084645424891197,0.9812187993609506,0.28718430113164367
77.19999999887659,-0.2860329899841017,-2.5905237161774197,179.56862231611905,-19097.151208891028,-3376.78918482391,7383.613691396749,-19776.628312957353,-3374.913096809574,7369.150161767355,0.3387348655605606,-0.08841111011045415,179.84542823153262,offense,1.2587165308852455,-2.10071494923771,0.9812108252850268,0.2854265532803975
77.29999999887514,-0.40340437040465704,-0.6285955969918112,179.0823764333951,-19136.47085259978,-3377.0111554656623,7383.515319216094,-19807.289675546173,-3374.8354417694127,7368.951173561356,0.2777754599080395,-0.08989737473737104,179.84598661579338,offense,1.2585059078984595,-0.02509547941652497,0.9812033562679978,0.28400905645477503
77.39999999887368,-0.38203216329976114,1.6530664428082122,178.37560450477818,-19175.79615873379,-3377.1454437403245,7383.501790604183,-19837.950902603672,-3374.7581929479134,7368.752087514308,0.21743976044129149,-0.09119598333453621,179.84658683734324,offense,1.258898158332883,2.146016719714667,0.9811967560295516,0.28301622484712285
77.49999999887223,-0.23833624123101402,1.5567706224703097,178.64308418316344,-19215.14624021066,-3377.2080400744726,7383.541619885213,-19868.612022281908,-3374.681249730402,7368.552774069259,0.16009979442518765,-0.09229490817429094,179.8472339530893,offense,1.2601994001162267,1.8059885667757383,0.9811911441523657,0.28246934756624265
77.59999999887077,-0.07755297526283925,0.06169383815923125,178.97061049718297,-19254.5376199057,-3377.2446650231172,7383.544488905221,-19899.27305903908,-3374.6045187957548,7368.353132336426,0.10744770390875251,-0.0931734028105943,179.84789245635503,offense,1.2612772066046103,0.18472764255749793,0.9811861817515636,0.28228175807972766
