time,bank_rad,pitch_rad,heading_deg,agent_n_m,agent_e_m,agent_up_m,foe_n_m,foe_e_m,foe_up_m,foe_roll_deg,foe_pitch_deg,foe_yaw_deg,mode,mach,aoa_deg,foe_mach,foe_aoa_deg
0.10000000000127329,-0.03536551206219561,0.5573704773066398,359.92928074136796,31.99054654821611,0.001184406725989392,7392.959979726076,2664.572989785042,-178.4464035208788,7684.7713200638655,-1.4109176124428204,-0.21943383760064097,198.00977891432697,merge,1.0242888950652025,0.3852503239430731,1.0426259162390714,-0.02949654107086908
0.20000000000254659,-0.13947762984822204,2.3516102253380957,359.7166792536286,63.9823529039176,-0.008146577781670784,7393.166518904221,2633.707319084022,-188.44299113862232,7684.59978211729,-4.205590234857536,-1.558380362921692,198.06689978796334,merge,1.0238467146645245,1.7591988996442456,1.0442028499743359,-1.124185377434626
0.3000000000038199,-0.24141166795636085,4.671153170504551,359.35633912065805,95.95368105269604,-0.06631618152254683,7393.646614523641,2602.803167317415,-198.45632679271688,7684.284980309093,-7.1019745686625635,-2.9872338914111642,198.14407030781072,merge,1.023371149825337,3.575661162154673,1.0452509874383298,-2.3005360820658973
0.40000000000509317,-0.32219287761570287,5.6594821905490384,359.05992864713045,127.91105113880776,-0.203147790947732,7394.405985331608,2571.8799489847815,-208.47690062580284,7683.8237564722185,-10.792158065815766,-3.8313647355042333,198.28215285678277,merge,1.0230611510684389,3.9822980467226503,1.0458495380876802,-2.836950986053991
0.5000000000063665,-0.43698046653219946,6.9729572008917335,358.4421658597194,159.83743038386427,-0.47060298990611055,7395.4923285745745,2540.94739681304,-218.51428383815576,7683.1867849302835,-13.87037635082242,-3.5447702495839506,198.201595738854,merge,1.0223774530517584,4.662114697888767,1.0461064961277529,-2.2785444211932093
0.6000000000076398,-0.5638816202718061,8.401756743622075,357.56306919698244,191.7311520648116,-0.9211498190657151,7396.913132119891,2510.007272591728,-228.53685051407243,7682.49572790083,-19.83230541504729,-1.8409001446385962,197.67743205618228,merge,1.0218542749876611,5.433666802438444,1.0462072031427834,-0.5082133535755206
0.700000000008913,-0.6956893957153548,9.505915041591562,356.5883169396871,223.58323491834972,-1.6152017930225424,7398.66934639442,2479.037318346279,-238.49343815693794,7681.9002786415995,-26.447843703544102,0.923886516545262,196.59738844251132,merge,1.021127235541914,5.850797794951645,1.0464436734358626,2.1740662684342595
0.8000000000101863,-0.8314616193590957,10.30528867491069,355.53815759424464,255.38230248952746,-2.6104467180658286,7400.740935640061,2448.014063236345,-248.30900412949143,7681.520666331697,-33.188333882202336,3.339192730779004,195.32987760663354,merge,1.0202818900274553,5.978150359475623,1.0464097234117524,4.331354728503042
0.9000000000114596,-0.9713838791011928,10.862547215356953,354.3966062199861,287.12063826541555,-3.9552340781739446,7403.088816430968,2416.9232862472377,-257.8952247161117,7681.42856213691,-40.131930736848176,4.959497101893322,194.15773491923866,merge,1.0193984307622226,5.93007629006346,1.0459920428538212,5.531184800415102
1.000000000012733,-1.1155765757445117,11.208111214610337,353.14902847327005,318.7939095406634,-5.687515672267882,7405.66153218779,2385.7586985271787,-267.17449984177136,7681.640268921823,-47.321391018258986,6.005483885187168,193.07629965911633,merge,1.018553294494373,5.788852002463127,1.0452217340743242,6.063033474624615
1.1000000000140062,-1.2639750470469664,11.345357502743443,351.7889849850126,350.39535853644645,-7.834806671824331,7408.399233442077,2354.517270298166,-276.0877716705253,7682.133289524481,-54.755091221786394,6.690929932932433,192.00940279058048,merge,1.0174211428477913,5.612394376930403,1.0442982696522138,6.2160958003660225
1.2000000000152795,-1.383082912381942,11.321631188922748,350.34678845247237,381.92358249422256,-10.404198253686303,7411.233524977246,2323.196165624824,-284.5918076455626,7682.863809711099,-62.43082075454616,7.1252207063208655,190.89720516173605,merge,1.016658997087992,5.661110319974674,1.0433300168411432,6.166913197072435
1.3000000000165528,-1.4801747197661517,11.070842800524957,348.89669134744224,413.38971998795455,-13.374334024945844,7414.111916916052,2291.7932628883405,-292.65618438989117,7683.776409327033,-70.34439227475187,7.348983574276763,189.70722520487274,merge,1.015862680700871,5.772621529703287,1.0424044978242046,6.015581444049162
1.400000000017826,-1.5806612090313732,10.665863619764533,347.5116872732133,444.7799860210244,-16.788095740622804,7416.992804600957,2260.3068030029867,-300.2612439911506,7684.809543406401,-78.4874692612963,7.367855988279252,188.4268304048729,merge,1.0150574302884543,5.799293528578946,1.0415785616472522,5.8226577060321825
1.5000000000190994,-1.617295684278177,10.192136165923733,346.18555014653987,476.1095046855511,-20.6013128803251,7419.835939219174,2228.741326737631,-307.3957224232023,7685.897969690144,-86.84481321383721,7.1677678544301155,187.0652173849148,merge,1.01478819401606,6.256612277338504,1.0405072678643081,5.623288078841715
1.6000000000203727,-1.619181752771204,9.671300312557122,345.0196404580904,507.3843855722993,-24.78872004971821,7422.625572005653,2197.1035091745634,-314.06930350232943,7686.973931544614,-93.4720690208435,6.801546793266382,185.65412953505466,merge,1.0142317291187994,6.680556827007788,1.0398182537692193,5.666460719572305
1.700000000021646,-1.6555273953584588,9.091272384480058,344.0509486863275,538.5702991406484,-29.422538332663056,7425.3521573141725,2165.3951547134875,-320.31734646416874,7687.992502004162,-98.77928663171382,6.209616007439683,184.29061246315342,merge,1.012958208523963,6.5970996922399765,1.039099323628199,5.780221522305698
1.8000000000229193,-1.7211470175717631,8.521025347105674,343.13517210788956,569.6414527325685,-34.547854314106424,7427.987050781233,2133.621757595582,-326.1050265611781,7688.902808634603,-104.27540370305982,5.489270710141484,183.023420453911,merge,1.0117237332367424,6.3635437643958745,1.038380184541239,5.81105474256334
1.9000000000241926,-1.7329126853562105,8.002572136744885,342.3274901361559,600.6346671434552,-40.10250404138481,7430.514677355973,2101.7862728721093,-331.4865245968238,7689.677652390969,-106.01852419791423,4.729764400626037,181.8242484908195,merge,1.012290184971591,6.447482800616455,1.0382083933343227,6.285060443701165
2.000000000025466,-1.6963439821759108,7.546815915734453,341.73417234111133,631.5898035973115,-46.024876961577704,7432.94126567233,2069.891962809047,-336.4903442258609,7690.3092655129285,-105.75382742113982,3.9637136616287636,180.78727199583423,merge,1.0130542984011628,6.576445226878862,1.0377659498528422,6.72914183435825
2.100000000026739,-1.6202188483607194,7.203257202533207,341.55058003123105,662.5082879915127,-52.30062319116374,7435.275045651288,2037.951991683874,-341.0376483035931,7690.77181652965,-107.50149907487184,3.181050377767234,179.95191650760216,merge,1.0141148013782348,6.4367560599773865,1.0365729962495585,6.652697775356399
2.2000000000280124,-1.5084435077743295,6.972226335654131,342.53961791272036,693.4056641899784,-58.88477043659489,7437.536809718058,2005.981703539082,-345.0819587694313,7691.027402645892,-110.92139163426981,2.430636874481445,179.16095716744104,merge,1.0155042116674102,5.28297332166997,1.0354263312786816,6.424759311785978
2.3000000000292857,-1.3866903718149295,6.695893823822531,343.68704851824253,724.2763182428325,-65.7158438746815,7439.7509254645765,1973.982630227836,-348.6907613408075,7691.074069517148,-111.24453646842287,1.7107240488217486,178.31051447021986,merge,1.0153645682916719,3.9449869533369544,1.0349500831915426,6.6550979226072835
2.400000000030559,-1.3235281167748063,6.5785337121574425,343.26238221831136,755.0672815065308,-72.82137393968209,7441.9475321462905,1941.9524842816404,-351.9217312968387,7690.928244290704,-108.71281738284847,1.0425084914422054,177.4859987264429,merge,1.0146242369286866,3.8579090701376244,1.0346877292163357,7.092697253039551
2.5000000000318323,-1.3024676243907638,6.795048197765256,341.78215881278044,785.7666534075256,-80.27509385941374,7444.152550051511,1909.8993117369612,-354.75402038735115,7690.5950755099475,-105.11416807697327,0.4653388362953037,176.77444159523807,merge,1.0153049474515425,4.748822198568101,1.0339652998766247,7.318934815609013
2.6000000000331056,-1.225703440066777,6.926462576592288,341.1108201396538,816.4199442740725,-88.04203547452332,7446.367179883657,1877.842883629836,-357.10778542520893,7690.070960644502,-104.1493936679117,-0.07719846511008847,176.16229283909183,merge,1.0164480961083298,5.034957781402081,1.0325725987804133,7.111223951377216
2.700000000034379,-1.1028939939710214,7.140098439654137,340.47680268881896,847.0409196666199,-96.07736683554344,7448.599657808787,1845.8010177993076,-358.93886729731736,7689.342857123146,-105.04584073485509,-0.5403896039444336,175.50398793617808,merge,1.0179246155137,5.383711148521387,1.0312766559693107,6.85868095336181
2.800000000035652,-0.9672698462840915,7.110697797382867,340.4801642598776,877.6254893044625,-104.3596405327943,7450.875077694002,1813.7691723835492,-360.28673207208254,7688.4200732632935,-105.99994186225541,-1.0390415926915486,174.7664945544165,merge,1.0181863697414686,4.942540050091722,1.0304736871102027,6.703409459336974
2.9000000000369255,-0.8307806100874314,7.486561091934761,340.05462496481323,908.1403106222591,-112.9036837049612,7453.242400986842,1781.7581653000034,-361.1353046821667,7687.283376935801,-107.98639472539219,-1.5426880924512165,173.96644904757946,merge,1.0192297149854828,5.035951940251585,1.0294156976386706,6.577772652333627
3.0000000000381988,-0.6829619282421684,7.616435195471374,340.01619054892456,938.6201873296593,-121.65672378498179,7455.703612396512,1749.7688387898822,-361.54612927149753,7685.939044063462,-106.50193750111784,-2.006144164294537,173.09400919950065,merge,1.0196453621320722,4.651829547788313,1.0289945004043377,6.820839375142503
3.100000000039472,-0.5934179964501135,8.422750623879374,339.43868323987607,969.0138777822888,-130.61983758451325,7458.334978513697,1717.7898383931995,-361.5601833317945,7684.409532656139,-103.22972995986078,-2.440942539702199,172.25746116199488,merge,1.019028903086826,4.947881058455183,1.0288816019405214,7.059601235938533
3.2000000000407454,-0.5935634732147291,9.649144332015215,338.59539587175897,999.2826639721476,-139.82821456727126,7461.241983030832,1685.836506559981,-361.11083019366936,7682.696670303727,-102.13244596623923,-2.8733960988775085,171.51378747938602,merge,1.01805982825542,5.629641104657828,1.0281183070174367,6.953219635828234
3.3000000000420187,-0.6605854504334454,10.747171719782479,337.81206032949893,1029.3815033144845,-149.3227985766388,7464.505621885192,1653.9313829505288,-360.1499910648998,7680.789767594648,-102.71561802958563,-3.2323905156028117,170.7593102701685,merge,1.0166265978194748,6.115343049286174,1.027403697256339,6.798348506152156
3.400000000043292,-0.7651733018009849,11.629246119064785,337.0601738832403,1059.2923367321578,-159.1252202393426,7468.115416383174,1622.0730434076652,-358.7121420632239,7678.6987685599215,-103.29225832559405,-3.6226747989883443,169.95747643952737,merge,1.0152640819813912,6.405298432751225,1.0267650922348903,6.7045588170531065
3.5000000000445652,-0.8840135274036399,12.302498475879178,336.28072077332837,1089.005604082071,-169.25741309931212,7472.027694222281,1590.276401101082,-356.7779626008724,7676.408399310128,-104.8588400272868,-4.009612918854355,169.1179394121366,merge,1.013879923056946,6.478221419422357,1.0261950910921704,6.620169413471371
3.6000000000458385,-1.010266216146735,12.793061697200537,335.4227297674614,1118.5094008703122,-179.74685954776328,7476.196316014275,1558.5394047281184,-354.3798509369967,7673.920755486337,-105.93668322806968,-4.455756901514078,168.2557833570023,merge,1.012506930189631,6.397558711303747,1.0256793099012613,6.589572079450144
3.700000000047112,-1.1423109857557046,13.119202978693693,334.4529850802882,1147.795749631445,-190.6179919747106,7480.568528850639,1526.8843935519346,-351.49910952766163,7671.215278318906,-107.80761951607707,-4.912813899176542,167.3828273466109,merge,1.0112048732167818,6.234236969233284,1.0248329987098934,6.546846630208508
3.800000000048385,-1.2431437710212805,13.289917873268061,333.53391451592205,1176.8805296475468,-201.88217278672758,7485.08182965264,1495.300984968934,-348.19152009294595,7668.297818230847,-106.10220770341743,-5.326584925477056,166.47589161167613,merge,1.011046244420191,6.073265104631408,1.0249589829324917,6.798322467836529
3.9000000000496584,-1.2666739940410292,13.341396861535188,332.7399766565645,1205.8158635165976,-213.4972124268411,7489.675313644017,1463.7723450824396,-344.50810839647215,7665.193902711047,-101.43100486653904,-5.668578167446928,165.60387855981247,merge,1.0114820622441085,6.127467092183201,1.0249395586493704,7.13405062618655
4.000000000050932,-1.2315056433146299,13.365237160901748,331.9695476720574,1234.6373198462918,-225.41391623348383,7494.31933740229,1432.3092525233676,-340.4452721925192,7661.928018591527,-94.42016891324246,-5.866732878557799,164.81546789941441,merge,1.0121686368980385,6.391180144050186,1.0247832451007808,7.338836017209517
4.100000000052205,-1.1507845394117475,13.414893356435284,331.29440453691336,1263.3437268110558,-237.62510589157853,7499.019058825976,1400.9228833420575,-335.97818365276646,7658.538999755091,-87.58294643389132,-5.964356047692946,164.1056874210656,merge,1.0127334695792616,6.6449467045122725,1.024258146644988,7.290625481983867
4.200000000053478,-1.0327956989221865,13.52723504263065,330.75020226094153,1291.924980670158,-250.1270631329463,7503.796584530372,1369.6411401499718,-331.0437433781325,7655.068315326352,-84.47356157105641,-6.0069213566159,163.41366925105353,merge,1.0131760085010273,6.795471568895434,1.0231613758961442,7.045976431495202
4.300000000054752,-0.8825833679853055,13.734582285053214,330.329194021539,1320.3597900034638,-262.89542201429947,7508.6783394854665,1338.4865295211982,-325.6023198550881,7651.539045623437,-83.39154718561574,-5.930447619107296,162.67502428910274,merge,1.012251184571373,6.821337399383643,1.0221544787886032,6.884968617017563
4.400000000056025,-0.7030432180809598,14.062225896501609,330.0244202389373,1348.6262278629886,-275.8877417370225,7513.692012827138,1307.4497692503792,-319.6911254242201,7647.964742474047,-82.69243640516261,-5.844121563776952,161.86228425660568,merge,1.0109925447575536,6.705403502312759,1.02123116681614,6.812666809789982
4.500000000057298,-0.4951536288870932,14.317063809987214,329.994334383448,1376.7380151864932,-289.0585633705566,7518.863765498293,1276.5469694675326,-313.2893757773993,7644.351003096262,-82.98538684474002,-5.7251868851184815,161.02122889626537,offense,1.0100618508159378,6.220375589156986,1.020347861437639,6.7800567441741455
4.6000000000585715,-0.30078199887227547,14.53799509128933,330.1103769239436,1404.720461312615,-302.35069689375126,7524.215230787382,1245.7716707763639,-306.42764896895017,7640.700193900645,-82.91616093724227,-5.643880086719724,160.15054699829767,offense,1.008781966554197,5.4719659491676325,1.0194944604405136,6.772797517630577
4.700000000059845,-0.18072048395432533,15.57829156202319,330.0077982336957,1432.5688953277952,-315.7296671558167,7529.827902662918,1215.143169048894,-299.08262203987783,7637.012320161447,-83.67591317526207,-5.55690124127047,159.28085836956112,offense,1.0081252557658467,5.542049650777325,1.01865058098091,6.760892443586043
4.800000000061118,-0.14301749393520374,16.861911944133116,329.95498004498285,1460.2803129138506,-329.1707778304534,7535.7982889162695,1184.6438409390532,-291.3065902931446,7633.280260297555,-80.93150618014445,-5.40655097996388,158.40697892278646,offense,1.0070632297455377,5.909786424437305,1.0184011766090972,6.931604713651132
4.900000000062391,-0.16760124922297048,18.066851519928772,329.95491851756,1487.8198722129032,-342.64735525359026,7542.204750081664,1154.2487940029766,-283.14448241390124,7629.517278766626,-76.43802210164345,-5.244171145269097,157.5726820029522,offense,1.0052317815246032,6.275533616397801,1.018477994088105,7.05464437477901
5.000000000063665,-0.24004823377747006,19.115401961693784,329.91676800575453,1515.1605567183121,-356.1564495295163,7549.06647637243,1123.980606726471,-274.5466028962363,7625.763155661196,-74.26194031854244,-5.1072512391495515,156.79732331627557,offense,1.0032485123285884,6.554122740896734,1.0179318976646683,6.956581700081252
5.100000000064938,-0.34727198794424313,20.013224650162865,329.77849004756,1542.2808065667957,-369.72192366565696,7556.373422372702,1093.8687033529923,-265.4729410506467,7622.042055987454,-73.71983520606364,-4.8960178382055535,156.04677796940518,offense,1.0012854375243239,6.713320769729739,1.0174023118988136,6.869698813785739
5.200000000066211,-0.471010450520112,20.79283180537979,329.50588851516767,1569.164818458491,-383.38165074696514,7564.088467731759,1063.9027483327588,-255.9566665318917,7618.357308056733,-73.29621499300602,-4.688111431220372,155.258204819402,offense,0.9993707959933317,6.727218462072772,1.016909067345414,6.825452305564307
5.3000000000674845,-0.604464082603607,21.48288761813803,329.06045834150785,1595.7941987463905,-397.1782606408271,7572.174719037018,1034.1070472917409,-245.98026979906186,7614.7169081980355,-73.81498769029898,-4.456269524900976,154.45939361167277,offense,0.9975045282105052,6.624913772903933,1.0160548318413896,6.802006471666549
5.400000000068758,-0.7411738915783306,22.106536759563816,328.4184343992838,1622.1580410304632,-411.1531311773865,7580.584932472059,1004.4738138600757,-235.57272280190995,7611.116495833138,-73.91930755675155,-4.261463522430546,153.63103759772653,offense,0.9958398450777913,6.496615774958685,1.0155785857413888,6.79474210319311
5.500000000070031,-0.8777247975921388,22.644494648059748,327.56945960208566,1648.2502692680864,-425.3436421808841,7589.268863876716,975.0237273708552,-224.7120623859941,7607.559007498143,-74.83562894671569,-4.064658974889892,152.8049051556098,offense,0.9942488686498637,6.343874714748233,1.014741401780964,6.780936771452079
5.600000000071304,-1.018244303374832,23.062340863453727,326.5213955528927,1674.061120866212,-439.7863564590834,7598.181440733039,945.749288094278,-213.42579646802474,7604.03720677633,-75.2306208295391,-3.9149322592945586,151.95621086532717,offense,0.9927513012188741,6.178173019608509,1.0142748021777233,6.7761578877342155
5.700000000072578,-1.1638985423679082,23.32659099152868,325.2939832893067,1699.587068190518,-454.5124952067179,7607.27163820881,916.6725362074994,-201.6920502323316,7600.550932909209,-76.4069028429673,-3.769559927511167,151.11063112939232,offense,0.9913674586620022,6.007072274386509,1.013447343653584,6.7568257742188225
5.800000000073851,-1.3146502874776331,23.400694336969615,323.9165620319863,1724.829511486472,-469.5480784993467,7616.484694417933,887.7903265697166,-189.54051996192607,7597.091592176235,-77.03253078149869,-3.674160567315752,150.24101186921322,offense,0.990105252408147,5.833297754904495,1.0126149798080533,6.754294979681575
5.900000000075124,-1.4387914450486254,23.31303529954737,322.4373135829255,1749.7994843056892,-484.90302414906256,7625.758017626569,859.126555621535,-176.95045322432696,7593.6561926054665,-78.42802027435154,-3.586723094270155,149.37402548452275,offense,0.9888554407178979,5.880356864686008,1.0117878028480107,6.729999588490847
6.0000000000763976,-1.5411413585446667,23.001337494163316,320.9395854364887,1774.5223547681046,-500.56278918897556,7635.043125182444,830.6563959287641,-163.96827720273717,7590.22653927734,-76.29651427781067,-3.4472736948071847,148.50573556072322,offense,0.987575616515196,6.002158308897345,1.0115433597032748,6.939280150893476
6.100000000077671,-1.6458616104393735,22.52656810063455,319.51040364432095,1798.976291487167,-516.5612721370318,7644.299193418005,802.3492421723395,-150.63279875132827,7586.806750839213,-72.39447353898463,-3.304422764226541,147.68548272245116,offense,0.9862911963688957,6.050563648186374,1.011605302156804,7.109512295979026
6.200000000078944,-1.6909446121412295,21.976941510711274,318.1449672152098,1823.2022741839799,-532.8686862244048,7653.493087852747,774.236320616496,-136.90048185350594,7583.436959468553,-70.69636467445795,-3.1972278187729897,146.93326169368086,offense,0.9855527152289311,6.504901920291362,1.01102979921794,7.008073158644093
6.300000000080217,-1.6878477836620118,21.40366297531121,316.93164848789354,1847.233174692822,-549.4549927661423,7662.6131038016265,746.3582976626453,-122.74140733277697,7580.140278508589,-70.61314957900362,-3.0227012686959536,146.20711520401477,offense,0.9848775150856565,7.086342111322183,1.010093877710019,6.898688906674605
6.400000000081491,-1.658266330808598,20.869716015358,315.93141776217897,1871.0457682086487,-566.3368059017854,7671.65251272254,718.7005020089299,-108.18687946518678,7576.913387779078,-70.60895071435714,-2.8492542254858555,145.4361789782602,offense,0.9837157452960203,7.458968254574239,1.00956191923345,6.83405838161183
6.500000000082764,-1.661558199526548,20.332614705529846,315.1058954659787,1894.5781940766465,-583.5582102025883,7680.608045449573,691.2841190672968,-93.22049785382049,7573.760830801517,-71.57082165589325,-2.6543555336928093,144.64815091446508,offense,0.9819380284939957,7.379800041739697,1.0086923476313645,6.7853862324030665
6.600000000084037,-1.6953754498290143,19.85416456501018,314.3009552131833,1917.7923765150108,-601.1451359710456,7689.463506939957,664.0969073008933,-77.86860876355124,7570.672552783343,-72.09969784810242,-2.4938403696742077,143.82109902122684,offense,0.9802042344759375,7.187492319194078,1.0082073565172733,6.7660505460453315
6.700000000085311,-1.6822086690387774,19.4525544307407,313.41931991671,1940.7350633220576,-619.0522185308351,7698.21537355907,637.1630776855721,-62.11291514174241,7567.648730197934,-73.43742743524318,-2.335101798707297,142.98847491537825,offense,0.9791311028543401,7.392950505805183,1.0073676902882993,6.737842502069746
6.800000000086584,-1.6418055469470165,19.078393996649503,312.54441425798075,1963.433908340352,-637.2485005468033,7706.873996507845,610.4710505968284,-45.97804357532041,7564.677282533804,-74.2426545315588,-2.223485002089483,142.12757244942082,offense,0.9779220505298729,7.620608891309195,1.0069020141457607,6.728598773811514
6.900000000087857,-1.6339244283709555,18.685132883083764,311.7388263446381,1985.8296421762388,-655.770511858579,7715.443269753948,584.046565458455,-29.445773789953776,7561.755229840216,-75.8155494154235,-2.121581414419153,141.2656621506274,offense,0.9761007624887205,7.521920039323379,1.0060787227672479,6.69997762798219
7.0000000000891305,-1.6549506916817573,18.35114351880001,310.9218753386056,2007.8785712346425,-674.6438399855841,7723.913044082666,557.8819828854733,-12.543698072883434,7558.869679403946,-76.83307108376074,-2.071128932949002,140.3772927026585,offense,0.9743345722431198,7.372593849452042,1.0052511915519222,6.695386358241554
7.100000000090404,-1.6766635061457766,17.996509047132108,310.04196901965895,2029.6060117587285,-693.8413570790036,7732.282988372085,532.0046774743125,4.744945139471343,7556.014650470639,-78.60336242472822,-2.0346793987475507,139.48944235025087,offense,0.97264492431376,7.295860808607915,1.0044321761965056,6.663624591561477
7.200000000091677,-1.7156236654329047,17.634148201555796,309.1190052025823,2050.9909571709354,-713.3752215113344,7740.536182649804,506.3826360230743,22.37992676384829,7553.168598027706,-76.88051183393223,-1.9539548570352885,138.59809949707827,offense,0.9710244313388663,7.228753002622766,1.0041891376966245,6.896525879320894
7.30000000009295,-1.7012028062208284,17.321111926689934,308.14022915899744,2072.0814632905904,-733.2070525367999,7748.669173931185,480.98049167048487,40.329773514923,7550.332904036808,-73.37969454876523,-1.8719220100444904,137.76022168990792,offense,0.9700588564980944,7.506221527605345,1.00424357030036,7.096832887061004
7.400000000094224,-1.6564117491690105,17.021282418484656,307.19345320672164,2092.9109546708023,-753.3058484625736,7756.694912141168,455.83847503747285,58.63254515433613,7547.544354758638,-72.00184876989653,-1.8269036805029786,136.99942698743246,offense,0.9690051755259378,7.784145638456472,1.0036564296968653,6.99632241421724
7.500000000095497,-1.6418317581895812,16.694929674574567,306.3377968541021,2113.415252181819,-773.7036777236401,7764.61788198739,431.0028313005654,77.31074235537783,7544.822039910749,-72.23558723475031,-1.7196369080730205,136.26370002579873,offense,0.9672744536627923,7.730938548391569,1.0027092021792197,6.871942647575594
7.60000000009677,-1.6545753332348998,16.42938601584099,305.49303008546815,2133.5431438703486,-794.4241868453042,7772.4300399927915,406.45400546726745,96.33657559113058,7542.160376092575,-72.52340493294638,-1.6144803799496839,135.4800926438661,offense,0.9655755891683956,7.6241112695686635,1.0021710586994934,6.795465269421912
7.7000000000980435,-1.668412651412807,16.146790227277478,304.60201458056997,2153.320191634099,-815.4421327392879,7780.134974135587,382.2157957897984,115.72254476901688,7539.560511317253,-73.78503209154586,-1.4913884837588547,134.67267297486526,offense,0.9639369408459678,7.56896071277034,1.0013024831313624,6.732816153593531
7.800000000099317,-1.699181519076301,15.861664619088529,303.67768170630893,2172.7217520882486,-836.7672754844326,7787.719241600999,358.2715566488343,135.44529144703293,7537.010531286585,-74.61055327985298,-1.4038024803762932,133.8232127585438,offense,0.9623528684433958,7.521346197074664,1.0008248482657367,6.707520856944052
7.90000000010059,-1.7228635544796014,15.523766634508526,302.72130895597275,2191.773784177002,-858.3782433938438,7795.180315058738,334.6483703540991,155.51871859117412,7534.507056937203,-76.23623550045329,-1.3224106418968975,132.96408244278993,offense,0.9608169245251044,7.525434503163123,0.9999981075279609,6.6711649582581405
8.000000000101863,-1.759982070598062,15.160476438322807,301.7567704933068,2210.45061020428,-880.2858619381499,7802.498883898348,311.3343535879108,175.9168571841849,7532.036693575484,-77.33095774601972,-1.2898715674383965,132.0737603072645,offense,0.9593181517048965,7.514720231025896,0.9991719106046726,6.6652504413313745
8.100000000103137,-1.743502891947098,14.846477656498989,300.75766866894276,2228.8029170413265,-902.4571301722433,7809.674758099178,288.3586923583746,196.652482049242,7529.59278350688,-79.17969101142509,-1.2706501504341041,131.1751634121545,offense,0.958470375283091,7.807404313277494,0.99836144782885,6.6396717412253405
8.20000000010441,-1.6962666202784198,14.544814105862127,299.7969265449358,2246.869492674535,-924.8637640202793,7816.724337543646,265.6836760874868,217.6910150845406,7527.153680970955,-77.56469647214296,-1.207904538138363,130.26516014625793,offense,0.9575651452472516,8.09411203839674,0.9981314837914534,6.890824838150772
8.300000000105683,-1.677634837491965,14.21473019435715,298.92993781949104,2264.5831533796168,-947.5302748941618,7823.650566106386,243.27020559630898,239.00703496068527,7524.720612891368,-74.17424839337366,-1.1434879013191335,129.4097161149245,offense,0.955970657605713,8.05469064526653,0.9981967538427865,7.109605128503228
8.400000000106957,-1.685648409075911,13.947383999424114,298.0784964386635,2281.8882042476616,-970.4746197585047,7830.444987306387,221.16510517242318,260.6329599986439,7522.329051903052,-72.87274666973262,-1.116300231514044,128.63695467571148,offense,0.9544010984717581,7.962464647203041,0.9976142291994111,7.017324026535832
8.50000000010823,-1.6951803585252805,13.666919555289107,297.18786517074005,2298.812277893548,-993.6744100562371,7837.114366112718,199.41835727777996,282.5847627097475,7519.99678688204,-73.17848197604033,-1.0272396735660134,127.88646910157128,offense,0.9528862847201963,7.913842872367807,0.9966719715734523,6.899640556113002
8.600000000109503,-1.721290270962001,13.385927505747322,296.268791462925,2315.3283107247407,-1017.1358540083322,7843.646433934898,178.0066582494821,304.8381238758239,7517.718146393761,-73.5321774042902,-0.9398763127358197,127.08236590342828,offense,0.9514203044216702,7.872211351632254,0.9961419604992611,6.834687749907978
8.700000000110776,-1.696810683880466,13.174058244552109,295.29771755791364,2331.4910997123316,-1040.8293546907582,7850.044209822384,156.95616276543117,327.4026190686261,7515.493553766981,-74.85926608107052,-0.8348143949661271,126.25019498975914,offense,0.9506241650850323,8.121314402891858,0.9952827468249683,6.784901312849853
8.80000000011205,-1.6428854339844665,12.97832407624777,294.3473212362107,2347.3443983070033,-1064.7290318155085,7856.326201012159,136.2469534478577,350.2578430076117,7513.311160455072,-75.74809252772295,-0.7662518378306409,125.37275849158493,offense,0.9497818087615,8.365708330291573,0.9948154928065598,6.77543540261495
8.900000000113323,-1.617839115351426,12.749376829838887,293.471735858741,2362.8194096009297,-1088.8519203276203,7862.501622608757,115.90894916385719,373.41436660552796,7511.166779756373,-77.43520044876371,-0.7049431114266564,124.48427388096114,offense,0.9482634721072566,8.314732883325561,0.9939983369242945,6.7538262302350525
9.000000000114596,-1.659268531578738,12.473594072908396,292.61906112627395,2377.8300541120147,-1113.219345424697,7868.567662431452,95.92641829040743,396.8483266254142,7509.047084451342,-78.58875476773161,-0.6945230818147101,123.56380107483865,offense,0.946138925963274,8.018427669797004,0.9931808051918488,6.763631032334302
9.10000000011587,-1.7132457553415914,12.241127087699127,291.7031667314766,2392.330308666662,-1137.8403966755163,7874.49868002019,76.33132793673394,420.5687528103478,7506.944436833936,-80.49314195085886,-0.6999633945389977,122.63909776821612,offense,0.9441389551558883,7.7782506946402865,0.9923750988406512,6.747651172276027
9.200000000117143,-1.7143214280227284,12.037132605559203,290.67914555073025,2406.38725515704,-1162.68620667979,7880.286393959355,57.080112709873674,444.5463715873805,7504.8379346700585,-78.96052388382964,-0.6612382019303387,121.70632757477294,offense,0.9428667677992373,7.894060067992056,0.9921603824493763,7.012371449185917
9.300000000118416,-1.68473440922165,11.793682615836953,289.62904313679667,2420.0558135903602,-1187.731414088154,7885.9427114640985,38.13270224689944,468.75656862202436,7502.7293394653325,-75.64858218458798,-0.6204594506542903,120.82794709924335,offense,0.9417003858565359,8.109602315742002,0.9918602034705584,7.249075562853163
9.40000000011969,-1.6850155022007591,11.470945768201908,288.62757819106764,2433.304766451105,-1212.9766110291748,7891.472381510988,19.543332932496803,493.22463916573247,7500.652426063612,-74.38515289621607,-0.6185598382703791,120.03415938848153,offense,0.9401555128212163,8.135086096318886,0.991262056952019,7.162546028126511
9.500000000120963,-1.7118198231615853,11.170345153067025,287.6441605820136,2446.0877147183214,-1238.4272509935315,7896.862616977421,1.362358771310214,517.9655265433598,7498.623426092461,-74.72842724075478,-0.5549076027265464,119.26662888701264,merge,0.9386327312386538,8.105133185896246,0.9903171445107941,7.042781851800062
9.600000000122236,-1.700390609441208,10.949664820537308,286.62374247767787,2458.4637310117955,-1264.0608570553625,7902.114901837815,-16.437522507416947,542.958060359885,7496.637133288086,-75.11671913224674,-0.4945572898482005,118.44698869096702,merge,0.9377827535921454,8.33296643203817,0.9897848523861582,6.974472642406825
9.70000000012351,-1.6631495616290775,10.73054886829001,285.62012876284047,2470.482276320305,-1289.8578510504537,7907.245134801507,-33.828280204861606,568.207972606282,7494.692986819893,-76.47962610656995,-0.4175387508487531,117.59878657838915,merge,0.9368937036369086,8.563291000999572,0.9889243387233789,6.920505570363315
9.800000000124783,-1.658029394138686,10.449547897138245,284.68787943986155,2482.072661057715,-1315.825832949856,7912.256528689063,-50.83105222468787,593.692473126386,7492.779513883675,-77.40467228693554,-0.378002266429744,116.70253391693929,merge,0.9353233008120003,8.499958301999355,0.9880791889382707,6.913942446801547
9.900000000126056,-1.6801983022936522,10.19966714682343,283.76453769901076,2493.1750769665996,-1341.9690683507122,7917.138483423025,-67.41365362612224,619.4167751997791,7490.891356528402,-79.12800433128551,-0.34652326225696906,115.7930460983762,merge,0.9337941528530679,8.401389848580173,0.9872526169792275,6.893962952654969
10.00000000012733,-1.6660219157835932,10.038497194078271,282.7849981336508,2503.8527885625363,-1368.2680411261429,7921.892807154063,-83.59926515243264,645.3652087091987,7489.0154880930395,-80.31827251052756,-0.36828575707213645,114.854818723764,merge,0.9329590502265891,8.57661726384922,0.9864417795029486,6.903905377636179
10.100000000128603,-1.6264439447003776,9.880513675636008,281.80216035759133,2514.1592526465197,-1394.7059951157057,7926.5354117754405,-99.35425993253492,671.5419893046669,7487.143010162026,-82.25718115639361,-0.4074158831947472,113.91348569298947,merge,0.9320985113651526,8.771145028313935,0.9856435514358566,6.886474262307702
10.200000000129876,-1.6186427538614692,9.65663837747289,280.87461135209605,2524.0243564112616,-1421.2853726026754,7931.073199383349,-114.72801605625813,697.9239000735238,7485.254284488881,-80.79398885114418,-0.40012059356664087,112.9625979159737,merge,0.930559257458866,8.69303307631665,0.9854527165227779,7.158101416608263
10.30000000013115,-1.6380211923172177,9.464151409804881,279.9511488464582,2533.3877341967063,-1448.006058092426,7935.499100828067,-129.76487261867715,724.492212296189,7483.351944914246,-77.54946093710427,-0.3898317065247678,112.06496900965624,merge,0.9290616776605061,8.592037559681783,0.9851774066573986,7.404258724972566
10.400000000132422,-1.6219926765009924,9.367131316410939,278.97243254888,2542.3143163669724,-1474.8527492236462,7939.813560346878,-144.40247088365672,751.2594229882169,7481.467592217502,-76.30967816606987,-0.4188903323972806,111.25114913206163,merge,0.9282624372420168,8.761074093976566,0.9842102810391404,7.324414197388085
10.500000000133696,-1.5806925981731332,9.27511991165719,277.9870074091516,2550.859817861247,-1501.8123082941424,7944.031201977879,-158.5863527987502,778.2322703577203,7479.6156696622165,-76.67440151174296,-0.38478820248845486,110.46229896583512,merge,0.9274391315218704,8.94865793067037,0.9832627925968335,7.206142053517371
10.600000000134969,-1.5707144513035256,9.113554232621041,277.0512600197703,2558.9542680959466,-1528.882170892155,7948.162803674207,-172.34799504037323,805.3945229322134,7477.79183498641,-77.08219242495963,-0.35550489506520894,109.62219345252511,merge,0.9259322630149459,8.871369023461517,0.9823638958009141,7.14122737697972
10.700000000136242,-1.5877580968097564,8.983556127461823,276.12167082344547,2566.536657596654,-1556.0578342263677,7952.205097546212,-185.6576891664244,832.7466250278081,7475.994478386453,-78.46527180242526,-0.31070221897675904,108.7524841363047,merge,0.924463239638306,8.775732377738034,0.9815041563890899,7.0874970569344615
10.800000000137516,-1.570221825278905,8.955704922937837,275.14262782769373,2573.6729646040626,-1583.3284690152798,7956.15638287898,-198.5431764386175,860.2751472484491,7474.2128117717475,-79.4116764819405,-0.30590435787603365,107.8381113308014,merge,0.9236940591736414,8.94375438856102,0.9806759067466854,7.079313385965973
10.900000000138789,-1.5275296926289028,8.934870832512454,274.1558493822557,2580.4207898808677,-1610.684810951091,7960.02929143805,-210.97116194703275,887.9802909085731,7472.440230445737,-81.15533035101302,-0.3107018187968056,106.91114854190086,merge,0.9229004180932612,9.127756974255394,0.9798674041804113,7.056560342469883
11.000000000140062,-1.51568770784577,8.840781046740085,273.213725632881,2586.710895737999,-1638.119233138188,7963.838830410594,-222.99507324659115,915.8446095902254,7470.657704400614,-79.5426627007896,-0.26096807031194497,105.97064528602733,merge,0.9214174702802772,9.052432461428438,0.9796836354980504,7.3187325991225265
11.100000000141335,-1.5617256681990037,8.67574083312933,272.2828808963496,2592.4523920130737,-1665.6216665661684,7967.587799631393,-234.66311941252783,943.8543930550579,7468.868057995007,-76.16564693003802,-0.20727598660921118,105.07722974083752,merge,0.9193424251084908,8.760630541742737,0.9794221962564698,7.555744997288114
11.200000000142609,-1.6170293918573786,8.550850589236065,271.29810285188586,2597.614855598146,-1693.1833140773108,7971.253003436887,-245.91342248736606,972.0200254761813,7467.1052989471345,-74.78766998709034,-0.19604745399270795,104.26452396657587,merge,0.9175871703916416,8.574901209897973,0.9788403865853293,7.470140065187796
11.300000000143882,-1.6207119034234667,8.468469316085082,270.22317444859874,2602.2825041921737,-1720.799897285396,7974.818803971184,-256.69075084268354,1000.3427510127815,7465.386520365635,-75.00444020280102,-0.1204813942919168,103.48088385168113,merge,0.9165555161895624,8.725606477412633,0.977908286199878,7.35337386071743
11.400000000145155,-1.5931371106342858,8.341519907306786,269.12353294293416,2606.5177247732845,-1748.4674593165441,7978.290707781798,-267.02854210910766,1028.8088841439176,7463.7076819254935,-75.28284293243327,-0.04706184184231136,102.64769547388819,merge,0.9156252420242568,8.97078156579225,0.9773873568936204,7.28565924504525
11.500000000146429,-1.591092830810504,8.11320194626861,268.06714017229706,2610.2890879208453,-1776.1760302325958,7981.675463154361,-276.8970026408031,1057.4163892202935,7462.069240838993,-76.53191283289124,0.04384900485359981,101.7883983554535,merge,0.9142852818770086,9.020706958948848,0.9765340875047805,7.232764808550536
11.600000000147702,-1.6143775335670354,7.898028445926831,267.03904699702076,2613.546909649922,-1803.9134755637701,7984.965180121476,-286.3253419181557,1086.1540306996437,7460.460587607694,-77.35288487038281,0.09728969290117359,100.88414908376699,merge,0.9129560383397719,9.007737418744018,0.9760755950274984,7.220276288482611
11.700000000148975,-1.602955063734833,7.7803081099051505,265.986543113536,2616.355665294127,-1831.6791884524873,7988.156388130537,-295.28014209491585,1115.0191947237258,7458.877278676746,-78.97427803084172,0.14277810812245523,99.96869386716426,merge,0.9123164396564348,9.251208619824979,0.9752663054101164,7.1969918104701
11.800000000150249,-1.5663905814340646,7.667747587483231,264.94618767686796,2618.771613860605,-1859.4731235011022,7991.260157675645,-303.78822489254503,1143.9959516768854,7457.306968895567,-80.06867469709057,0.13625687835526534,99.02098057033326,merge,0.9116353205101734,9.498968184237587,0.9744587063066094,7.206010440742386
11.900000000151522,-1.5585219153726533,7.476863389321799,263.9694766210627,2620.7239012201426,-1887.2777569305965,7994.286641654975,-311.81495704282645,1173.0794243581524,7455.741602459318,-81.91756467194654,0.11274423389656227,98.06895948719632,merge,0.9102436245827129,9.446488666198723,0.9736632291891197,7.18980669694989
12.000000000152795,-1.5770053399632271,7.312766183097341,263.0125822079849,2622.1515133017256,-1915.0749927311936,7997.232156439582,-319.41673305919085,1202.2602565864536,7454.161963373861,-80.42694860164765,0.1428278149283669,97.10705353945941,merge,0.9088829833327944,9.35233552753087,0.9735017102868266,7.4642708238896
12.100000000154068,-1.6012479215319486,7.123517397214075,262.02121810674765,2623.0918257687285,-1942.86248991284,8000.094073005483,-326.64388348917277,1231.5320602979652,7452.570619889501,-77.160356599978,0.1755635106436851,96.19391081447648,merge,0.9075615761828874,9.28706968988668,0.9732599973520112,7.714571512328404
12.200000000155342,-1.6407724048879193,6.9033041363688294,261.00872285811295,2623.515986144125,-1970.6272781161438,8002.857650294334,-333.4312301461511,1260.895652168463,7451.000037743497,-75.83995328717653,0.16274717557578222,95.36438154194828,merge,0.9062763863014692,9.217853644736007,0.9726829177051912,7.631064723083484
12.300000000156615,-1.6385681881368432,6.743222525523012,259.9489580254707,2623.490504778382,-1998.3761731261407,8005.514287192556,-339.72217707765884,1290.3437087571422,7449.465953786427,-76.11092636160551,0.21417308737232482,94.56543121012285,merge,0.905698778008156,9.45095970199702,0.9717541991820655,7.510858561191235
12.400000000157888,-1.608763840364792,6.563442195684358,258.8926539950246,2623.071957750305,-2026.1154446739963,8008.072364863265,-345.5525102199994,1319.8675922655789,7447.964393223435,-76.43864772194581,0.26281039555828134,93.71752680641866,merge,0.9050830207834744,9.712638174229953,0.9712374406394116,7.439398508222323
12.500000000159162,-1.6047768777534712,6.292446956704234,257.9027394119473,2622.1903770830813,-2053.821066202136,8010.536459661163,-350.89244855567495,1349.4605909743714,7446.494840118081,-77.73728182394754,0.3279261175615552,92.84286488748371,merge,0.9037510830629615,9.66513589086934,0.9703893315371748,7.381755645824381
12.600000000160435,-1.6263101551069827,6.040000525276632,256.9346031159946,2620.786318516184,-2081.4689986293047,8012.898026526207,-355.7732199234776,1379.1102744938485,7445.046703604964,-78.60679374216004,0.35508381606454387,91.92024864877784,merge,0.9024522008939834,9.564126442724598,0.9695576895701487,7.372110191702854
12.700000000161708,-1.6152180360592994,5.893481068229102,255.92023025037776,2618.927275175649,-2109.069537130226,8015.154639259744,-360.16167693274133,1408.8078022962907,7443.614416916997,-80.27506340261523,0.373197367733222,90.98400158774133,merge,0.9018706014025379,9.751166639892695,0.9687448408549371,7.350066543135076
12.800000000162981,-1.5795696283963268,5.756545752010466,254.89688906024517,2616.671307445717,-2136.632756526514,8017.317966631947,-364.08785644529,1438.5482887098804,7442.185789658869,-81.41715721606728,0.3374198436826602,90.01846114946234,merge,0.9012618016940932,9.967984206062319,0.9679496570396223,7.359100068250377
12.900000000164255,-1.5712610533384421,5.539247188883846,253.92441037847757,2613.9516379751535,-2164.130055662046,8019.397305180878,-367.51771246774393,1468.3213727956784,7440.751577661458,-83.309455646959,0.2828359329594969,89.0496859861059,merge,0.899942729528413,9.893317740588857,0.9671671944229013,7.341103195884701
13.000000000165528,-1.588906463368373,5.347530913123332,252.9664782493078,2610.7110890968543,-2191.5331917885674,8021.388364931748,-370.5100589166104,1498.1264706250067,7439.293490317003,-81.89935764195903,0.283845505840823,88.06960045875417,merge,0.8986595699342161,9.780919720397613,0.9670327192402625,7.622749810423713
13.100000000166801,-1.575064975434396,5.270711158723308,251.96384884808123,2607.016953905697,-2218.8570095777,8023.288205025727,-373.1164712529867,1527.965055467154,7437.814696761186,-78.7118239169809,0.2881417439068286,87.13725022585298,merge,0.8980982675868215,9.950392207149463,0.9668186732011583,7.883244941656387
13.200000000168075,-1.5368732274281598,5.20762567980837,250.9487065280251,2602.927699857885,-2246.1158268323607,8025.107787900058,-375.2702542844469,1557.8219520126108,7436.3455566995235,-77.42368763399645,0.24603550430485624,86.28772747582546,merge,0.8975074887180342,10.148103987205948,0.9658758503403515,7.807265931717888
13.300000000169348,-1.5258506028883736,5.062765135302943,249.97411132203337,2598.3794000036683,-2273.2764114887736,8026.860555774531,-376.91492323693313,1587.6798165938883,7434.900080087185,-77.72338688418915,0.26915724512774364,85.46754542628287,merge,0.8962000258325132,10.068750317479847,0.9649488527761475,7.688775542825769
13.400000000170621,-1.5406545603605746,4.943718464822269,249.0187832606732,2593.3169023203654,-2300.306593410868,8028.546384876269,-378.08787857306197,1617.5366892133636,7433.47494973248,-78.07753249037175,0.28868729161399714,84.59927693577936,merge,0.8949363455858171,9.955758064005485,0.9640683137688085,7.62112313616613
13.500000000171894,-1.5615344846173795,4.806745175610224,248.03110475345537,2587.7782144157736,-2327.2128269155046,8030.162758820898,-378.76023214770424,1647.3799569116459,7432.06862155383,-79.40222286209325,0.3235553764324768,83.70320118148385,merge,0.8937128814010608,9.871049439827868,0.9632248483947211,7.563719088220445
13.600000000173168,-1.5974771071991543,4.64223635152577,247.0229035188534,2581.7381997479993,-2353.974634401288,8031.697872367421,-378.9650942981876,1677.2089286954574,7430.671114750341,-80.298817315104,0.3185276441161325,82.7625194168607,merge,0.8925248966407044,9.784431099131474,0.9624137921385447,7.552468074235541
13.700000000174441,-1.5936770375629075,4.549526193390222,245.96945174860303,2575.26113717097,-2380.6140323422583,8033.141772026369,-378.6705916001979,1707.009355720035,7429.275684611974,-81.99146872702842,0.30269284059012824,81.80894762103027,merge,0.8920570834550072,9.99793918586159,0.9616224551619318,7.527409551591381
13.800000000175714,-1.5625740074152437,4.4406891594560145,244.91003313965555,2568.402290262875,-2407.1511883624976,8034.501315801421,-377.9365566045184,1736.788209192681,7427.864402869177,-80.43019867541874,0.35084455256775654,80.8399823434072,merge,0.8915433513320398,10.24539448573869,0.9614948427365784,7.798166916897967
13.900000000176988,-1.5557683138220924,4.233553967601923,243.90020499021608,2561.0991193718096,-2433.5457672347684,8035.785251081747,-376.8157960490792,1766.55368835689,7426.440433031389,-77.10964195858047,0.4035370555815042,79.91243121281204,merge,0.8902943945136866,10.196161123924885,0.961294438076009,8.048203181799432
14.000000000178261,-1.5738992743345317,4.042286564309995,242.9171625491965,2553.298586046826,-2459.759503309009,8036.989431305632,-375.24337893605156,1796.2881796244262,7425.036967306334,-75.68215244358692,0.40683066078726565,79.06420805982711,merge,0.889087794179238,10.093542454461824,0.9607396607489851,7.965261748355027
14.100000000179534,-1.5610361697115813,3.968121954712378,241.90150273172176,2545.0646336228338,-2485.81853992745,8038.109276114712,-373.16486937604833,1825.9683790065953,7423.670992383135,-75.83554989049196,0.4761308961035219,78.24944025651632,merge,0.8886023009689484,10.270288010097937,0.9598297981786853,7.847637322359716
14.200000000180808,-1.5238770762441363,3.9095521210026813,240.868396942315,2536.4527603067922,-2511.7468509711894,8039.154264348785,-370.6183174743985,1855.59579783666,7422.339279156339,-76.06139012189024,0.5450416748563173,77.38815572050622,merge,0.8880661635247015,10.482564163645522,0.9593302084395623,7.776653725318582
14.30000000018208,-1.5127688001945685,3.76573579384903,239.87042041651955,2527.404674503608,-2537.500368105989,8040.138544859201,-367.5760195906785,1885.155235307958,7421.042545014936,-77.25033751829596,0.6312951327470124,76.5025695377019,merge,0.8868016891823162,10.413536056141727,0.9584949794016805,7.720022097697123
14.400000000183354,-1.5271029346105975,3.6455234168581905,238.89428192220203,2517.8706073002963,-2563.0373769236176,8041.062886022026,-364.0727580302194,1914.643419851546,7419.770733055527,-78.02110032091488,0.6811182575702386,75.56925099290274,merge,0.885581673926004,10.304894009945892,0.9576750916245521,7.7099355845104105
14.500000000184627,-1.5474668787564576,3.5101553792911058,237.89041464008665,2507.8870050758646,-2588.3706619555073,8041.924179470712,-360.07822601731436,1944.042217604257,7418.51945366596,-79.59040508404784,0.7220663671665729,74.62257540127362,merge,0.8844045922555701,10.219325003640325,0.9568719656371159,7.688698483247683
14.6000000001859,-1.5827499238348013,3.3479379673527103,236.8725667406827,2497.432347752804,-2613.475339389568,8042.711318699778,-355.6238342888649,1973.3553946120146,7417.276905850759,-80.64024317067133,0.7104479177547796,73.64543225345727,merge,0.8832754118944983,10.124326332130034,0.956086258526468,7.697888467010395
14.700000000187174,-1.5792343530055037,3.2631898479203456,235.81429212306594,2486.56690748027,-2638.384248079757,8043.41342467441,-350.6787540030123,2002.5630943722358,7416.035008362643,-82.44131193953228,0.6798010315943691,72.66472588514382,merge,0.8828673502082734,10.333247203783344,0.9553114974147715,7.681157421296468
14.800000000188447,-1.5484913162998886,3.164959592432727,234.740354817836,2475.342357084332,-2663.12673080825,8044.036329529766,-345.30161410403394,2031.6815827510445,7414.77531497562,-81.00752223282949,0.7118506428499447,71.67350378361935,merge,0.8823980364840757,10.587813528223622,0.9552041717203977,7.964985405806532
14.90000000018972,-1.5410309352164462,2.965207111133965,233.7091547350515,2463.703416978766,-2687.6519248330806,8044.589856746445,-339.54382842948723,2060.727091892416,7413.500468532327,-77.80346589442601,0.7465652193986152,70.72742099479537,merge,0.8811853458897013,10.545026982620003,0.9550174304876757,8.227395717108209
15.000000000190994,-1.5580984756523797,2.7793793796923674,232.7054499437042,2451.6037773900102,-2711.91228065462,8045.071101071639,-333.3421753340682,2089.6712631079695,7412.242343867684,-76.4361730881922,0.7286666898381113,69.86190468793166,merge,0.8800125278692492,10.446100544244503,0.9544696521262219,8.14728578684179
15.100000000192267,-1.5448714089534281,2.71624376277675,231.67174987596889,2439.102302904332,-2735.9444359728463,8045.474597330895,-326.6451340610463,2118.4818279406413,7411.016750914425,-76.64341738140939,0.776471132078771,69.03065937681637,merge,0.8795652740605355,10.631095539758071,0.9535657597586126,8.027639739774486
15.20000000019354,-1.5074872389004206,2.672768018606355,230.62058417580863,2426.2498835980236,-2759.7819129931345,8045.808923441309,-319.4926501213621,2147.160964521227,7409.820268610475,-76.91850272448941,0.8243937747210411,68.15100874806693,merge,0.8790650185489571,10.852676245211224,0.952690784149787,7.959884886127257
15.300000000194814,-1.4953721416225554,2.542355555496134,229.60371574156463,2412.996150934365,-2783.3710573642857,8046.089675488293,-311.85970627760946,2175.687966090921,7408.652740496224,-78.15642856787744,0.8889461284448894,67.24498089673322,merge,0.8778272812454879,10.786650309760795,0.9518497509146515,7.903454752691614
15.400000000196087,-1.5083953242882167,2.4346807849940846,228.61074291431396,2399.2988489684158,-2806.661584233512,8046.3192418401,-303.7792580419066,2204.071594717263,7407.50412303047,-78.97616421009339,0.9157752643342186,66.29379352848952,merge,0.8766320593787765,10.67822722338903,0.951038566678313,7.892190606451875
15.50000000019736,-1.5274998090749916,2.3156607528256123,227.59058617674734,2385.191954006689,-2829.672228982269,8046.494186817768,-295.2238288952128,2232.2886703650306,7406.369065473542,-80.59022195731592,0.931790345354644,65.33016480800305,merge,0.8754782336596354,10.592211809780652,0.9502440007437912,7.867694352150317
15.600000000198634,-1.5613267300867812,2.171519334612592,226.55665624821683,2370.658471393018,-2852.374018088414,8046.604689652196,-286.22464373965477,2260.347954987119,7405.235757746217,-81.68648059953306,0.8940522795874242,64.33813176219222,merge,0.8743707006805738,10.49617756806729,0.9494578850072197,7.873652659202056
15.700000000199907,-1.5570763361756557,2.111261686252394,225.48368726239343,2355.752555023355,-2874.8095968584557,8046.638897135657,-276.75425075594103,2288.2244634610147,7404.095057176629,-83.52992678845933,0.8353318467788025,63.34402068476362,merge,0.8739898842813965,10.708564789709968,0.9486843797153399,7.8516507431972205
15.80000000020118,-1.525651698823764,2.0411395809807886,224.39334111368217,2340.5204740293602,-2897.01725916333,8046.60165199695,-266.8693726993759,2315.9441315012546,7402.929171322239,-82.17848305364849,0.8414902657924598,62.33790793740684,merge,0.8735469524237905,10.96843134576896,0.9485857149906386,8.13958294395792
15.900000000202454,-1.516743714136806,1.867226896333965,223.343035009094,2324.9163492693006,-2918.937086445513,8046.504876252053,-256.61904118301584,2343.5314515552654,7401.741127295468,-79.05641185526028,0.8507885434651261,61.37562810230089,merge,0.8723526433284788,10.927439141249698,0.9484077811268607,8.409828140467816
16.000000000203727,-1.5320217893407924,1.7061141816780394,222.32152767317675,2308.9025771505526,-2940.513503868573,8046.347919780538,-245.94634756264335,2370.9424478253195,7400.560843081883,-77.72212969189887,0.8065375369267751,60.49036908365244,merge,0.8711961817429953,10.829435004014377,0.9474890618831006,8.338053694234851
16.100000000205,-1.5177467755606437,1.6740520946585493,221.27341132892445,2292.531167274025,-2961.7928537839466,8046.124128730283,-234.80458692701137,2398.1355878653294,7399.402563679764,-77.95694011005408,0.8294280208618519,59.63408139073629,merge,0.8707702224460212,11.018149809887259,0.9465901060463598,8.224638678649136
16.200000000206273,-1.4794661532951823,1.6664231707762773,220.20740244344796,2275.8468501031102,-2982.8175696224653,8045.840897642211,-223.22980911194853,2425.1254498771855,7398.263492803806,-78.25826891882187,0.8517056090769508,58.732827222393254,merge,0.8702901582855354,11.243791848122093,0.9457322246838868,8.159275119879847
16.300000000207547,-1.4658272914622348,1.5704873324814383,219.17309583415044,2258.809263683355,-3003.5260130516644,8045.516377096976,-211.20018463915434,2451.886829855803,7397.142613012934,-79.5203089701448,0.8887429518493414,57.808121875380955,merge,0.8690645763499122,11.178773578499383,0.9449034574398743,8.10061907833994
16.40000000020882,-1.477060616889923,1.4966171242487736,218.1644055308047,2241.385443365967,-3023.860779380431,8045.155633916027,-198.74772967812376,2478.433681695439,7396.030330497757,-80.36592081496552,0.8866879731577262,56.842169738875974,merge,0.8678791738046346,11.071327663180565,0.9440930046894519,8.08501203502183
16.500000000210093,-1.4944800591984382,1.4156748065687803,217.12866521818967,2223.6058505035394,-3043.846163913232,8044.754727765978,-185.84905400506412,2504.7381298010396,7394.920239693368,-82.00213612779217,0.8719000913572238,55.86584287321736,merge,0.8667329622589328,10.986443822578888,0.943299097495554,8.053764895601727
16.600000000211367,-1.5264345877862753,1.3118182564556502,216.0789676409616,2205.458785722251,-3063.4499107079705,8044.305793958366,-172.53451196276941,2530.814267425398,7393.800948928187,-83.12374662219118,0.8027730511686262,54.86115517513987,merge,0.8656301065412986,10.892065358171632,0.9425162262483991,8.055309308795644
16.70000000021264,-1.5210227127665352,1.2988242393027294,214.99297900735525,2186.990391313575,-3082.7233241216945,8043.795338639108,-158.78100006535178,2556.632723494857,7392.662191686792,-84.98780081204954,0.7112855008015471,53.853639098237714,merge,0.8652584049241747,11.107794908979171,0.9417482323902298,8.02958012918835
16.800000000213913,-1.4884893763541818,1.2801331754803524,213.88791118182738,2168.239932079139,-3101.71276548021,8043.226631146708,-144.64165789762552,2582.229067545028,7391.487472940183,-83.6982453479416,0.687232421337227,52.83119825048113,merge,0.864823526342876,11.371188696556157,0.9416686817523593,8.32254777634914
16.900000000215186,-1.4778190025547524,1.155348711895518,212.8185172386928,2149.1728247590763,-3120.351152986345,8042.61493700105,-130.16156181128878,2607.635889824449,7390.280733089877,-80.63927289280515,0.667396248364674,51.85026194653609,merge,0.8636292344476172,11.332052276199041,0.9415107627748954,8.601793974750612
17.00000000021646,-1.4910221072193002,1.0420657820556285,211.77921858228905,2129.7617781466174,-3138.576566774473,8041.963021288168,-115.2899841598264,2632.7992561492733,7389.069677269364,-79.32055274642852,0.5927593406859942,50.94768207781184,merge,0.862469717976857,11.236828988710533,0.9406013181426075,8.532556993525635
17.100000000217733,-1.5097778795727728,0.9183015976425074,210.71698747258606,2110.034326436581,-3156.415954931533,8041.266104964289,-99.98628858727055,2657.6695975836437,7387.866777508745,-79.5643142396217,0.5859903649986478,50.072680430915234,merge,0.8613458760647975,11.15829752347638,0.9397213478731066,8.419366105631132
17.200000000219006,-1.5427777760221286,0.7692404195064317,209.64396477321256,2089.9823308786977,-3173.8354414869427,8040.515026901642,-84.2841311144462,2682.2673313340224,7386.670114928735,-79.87518398460683,0.5785014347545394,49.15397891422651,merge,0.8602650133933945,11.063684467618419,0.9388742399615978,8.353179981065136
17.30000000022028,-1.5385303885419004,0.7120956506669548,208.53482268205155,2069.646451415816,-3190.8911500372906,8039.6965905174675,-68.16596166534458,2706.5633395281952,7385.477760481927,-81.14386637859205,0.5843571587096191,48.21381827322628,merge,0.8599180362091565,11.290797937593153,0.938055608073881,8.290598355578535
17.400000000221553,-1.507130426818741,0.6504308545995034,207.40750852115417,2049.0606324962027,-3207.6333130861376,8038.814323934896,-51.66187696937039,2730.577000654081,7384.280903615311,-81.99863512601144,0.5504980557861616,47.23333975928424,merge,0.859504622814177,11.570756701005845,0.9372571352007013,8.271929762858639
17.500000000222826,-1.4969576024129045,0.482477195963355,206.31920762454092,2028.1973015980254,-3223.9905536004585,8037.881698277066,-34.75332775895419,2754.276609317179,7383.072089160759,-83.64035340530435,0.5025682032499286,46.242289627242464,merge,0.8583253634677507,11.537963095573923,0.936477059348634,8.237612373581356
17.6000000002241,-1.5103887025868508,0.32583764120260816,205.26249237419705,2007.0359779976648,-3239.8976674937408,8036.899905906245,-17.489350884537316,2777.7051247334243,7381.835282749969,-82.17806080215314,0.5309229521953769,45.23293694180715,merge,0.8571812098433708,11.441794826379702,0.9363979157988339,8.516063917078855
17.700000000225373,-1.4952504115759906,0.3074172160672492,204.18292717709147,1985.614082168183,-3255.4140497174353,8035.861166495875,0.08834536633055347,2800.9019418131043,7380.574515152988,-78.96660380058664,0.5653617119301906,44.25865130616847,merge,0.8567752364961304,11.641065111419039,0.936245907995484,8.780641072967144
17.800000000226646,-1.4563256787207965,0.32115511674311886,203.0851711465294,1963.9628446084955,-3270.593775370822,8034.771717180008,18.02252405220625,2823.807566200177,7379.320649804351,-77.49201599128975,0.5431811458679544,43.35604656726154,merge,0.8563122439563629,11.879849236037245,0.9353368142764322,8.707503599819395
17.90000000022792,-1.441032114933292,0.24585641711485745,202.01745857518077,1942.0607294035556,-3285.3657342775405,8033.651894082222,36.34699549462781,2846.3675431728534,7378.089489121127,-77.57661244238103,0.5900125825410414,42.48294573260611,merge,0.8550908308072688,11.81831469837594,0.9344549621186238,8.598092681892926
18.000000000229193,-1.4501828768678462,0.192160863905551,200.97785813300612,1919.8924492376418,-3299.6646037716564,8032.509222055481,55.03061261914077,2868.6067834907667,7376.879217583457,-77.74671546619362,0.6399488385355472,41.567000451909614,merge,0.8539073564579097,11.710869246599296,0.933603986537592,8.535254914307776
18.100000000230466,-1.465618447049359,0.13752892837938585,199.91193080495395,1897.4808323167244,-3313.5223944777463,8031.339370671657,74.08713914903014,2890.493846734451,7375.690451264745,-78.86530634030377,0.7055008905343043,40.63165114932812,merge,0.8527610562394374,11.625789290632781,0.932777396587529,8.478700390227996
18.20000000023174,-1.4952959343542995,0.06313307011321448,198.83238002920325,1874.8242530860632,-3326.90398792217,8030.1364444637065,93.48906904899951,2912.0519371413893,7374.514381795487,-79.57880628520344,0.7345169730564107,39.65531982818463,merge,0.8516557659570667,11.530993289442122,0.9319685783349679,8.463353223233694
18.300000000233013,-1.488602202244397,0.08943989986134014,197.71916323190132,1851.9529815060075,-3339.8718818915395,8028.885584978333,113.25098329441128,2933.2467691262264,7373.346255123568,-81.07805681775655,0.7511072608167179,38.66879483726529,merge,0.8512896747533879,11.753652553100602,0.9311742070967819,8.43428084053937
18.400000000234286,-1.4548631114226218,0.11673305802639836,196.58483625065503,1828.8917921436914,-3352.4825363879104,8027.588658582813,133.34713460265644,2954.101202437058,7372.175252759627,-82.07176072212512,0.7157549039761323,37.65253929065166,merge,0.8508586868357008,12.02635558166817,0.9303905115531872,8.436889898326083
18.50000000023556,-1.4419510651440177,0.035966778687504856,195.4821451332084,1805.6267353930318,-3364.661425241477,8026.264146740127,153.79144906643913,2974.579488714025,7370.992811724795,-83.80618106816944,0.6579951859103904,36.63304668833809,merge,0.8496562046259297,11.990950627081231,0.9296194718872316,8.413785273369735
18.600000000236832,-1.4524183877298331,-0.03462660375731617,194.41138611919916,1782.1496309268164,-3376.34054631903,8024.918304612163,174.5423520250375,2994.7322681567925,7369.782197983039,-82.4585979662229,0.6756137625493944,35.599434082267216,merge,0.8484853676869715,11.89878611918421,0.929556696397224,8.708021521871535
18.700000000238106,-1.4685441810738198,-0.1094918614406604,193.31793121178833,1758.4796159549887,-3387.553656379042,8023.545900818566,195.56497856729686,3014.605483535641,7368.546768997711,-79.35332825189691,0.6979101539754687,34.60226430642923,merge,0.8473470891840309,11.823617329361142,0.929418055300049,8.989525357112639
18.80000000023938,-1.5275122311353575,-0.3357825407077387,192.21629068308823,1734.6073297678188,-3398.235243787511,8022.144039270893,216.89259357571774,3034.13184376767,7367.3164356213665,-77.92742963789611,0.6597737274327019,33.679274461098565,offense,0.8459703402942825,11.460967710669467,0.9285086291288069,8.922842736141195
18.900000000240652,-1.6194766877178817,-0.6785395972777676,191.09897960239695,1710.5376035551114,-3408.3469654509036,8020.684251906431,238.5501750333224,3053.2507113788065,7366.1061957689435,-78.05113002461054,0.689532140331635,32.78867756672313,offense,0.8444674117381282,11.0496627109193,0.9276250534431899,8.813276268432661
19.000000000241926,-1.7028090364076887,-1.048069246761208,189.92397342778025,1686.3004213221666,-3417.9380736975595,8019.121748971815,260.5107967759012,3071.99198600813,7364.914049040199,-78.25789968468045,0.7229834395464053,31.856766590860158,offense,0.8435583749439736,10.826416483996292,0.9267720306496589,8.74887873991021
19.1000000002432,-1.7327848050627277,-1.4202706385613297,188.68054938005943,1661.9207217824385,-3427.1015857876005,8017.435223491797,282.78293622682753,3090.3217880242414,7363.740041910992,-79.41056053133136,0.7711392178334878,30.905695022796536,offense,0.8434184310677731,11.063655957662597,0.9259439168260415,8.688987599731146
19.200000000244472,-1.726439770074975,-1.877007563211153,187.42324487093532,1637.4136774412486,-3435.897177499606,8015.623962025416,305.34290357934714,3108.267953840005,7362.575227844605,-80.16027011363846,0.7829019459189962,29.91356103340538,offense,0.8432615869186358,11.46583132431609,0.9251343978782275,8.671637217783973
19.300000000245745,-1.7316586943442847,-2.4845302718019555,186.23679722521592,1612.7804836236032,-3444.2678771539495,8013.67828395331,328.1994297856887,3125.793745437659,7361.414195521858,-81.69108483443839,0.7806937770668771,28.91085552910495,offense,0.8425104709597331,11.594563183435014,0.9243402365948646,8.639951558136671
19.40000000024702,-1.756444451253961,-3.1103483935270866,185.10382560309887,1588.0261141675678,-3452.1528551553633,8011.576805368835,351.33052212531646,3142.9264167922443,7360.24603836034,-82.71848863837282,0.7262774910886574,27.878370155875686,offense,0.841768202033703,11.598582892193372,0.9235576487928153,8.641473304135676
19.500000000248292,-1.7833297273721596,-3.757727310422131,183.9804122064155,1563.1632809596497,-3459.5857207189442,8009.316766700927,374.74396124737626,3159.6279158863967,7359.061481860293,-84.48092258389526,0.647652561434824,26.842592165446796,offense,0.8410413400883565,11.590270743845815,0.9227885208136518,8.61662219739913
19.600000000249565,-1.8228445757626934,-4.435730264110138,182.87861279100304,1538.2018761920822,-3466.532879500547,8006.875322407732,398.40662111753477,3175.9560256677696,7357.8441761385175,-83.202597489769,0.64677211247672,25.791271201405976,offense,0.8403571127399803,11.520974690130435,0.9227386783750272,8.917419450322166
19.70000000025084,-1.824568051823134,-5.022410344066972,181.73202988184414,1513.1536926120002,-3473.0633703789135,8004.254399719906,422.2915039367756,3191.962464267822,7356.597650636423,-80.16842890212268,0.651187212049725,24.77446742885931,offense,0.8404126791583496,11.843964162298041,0.9226130262631463,9.20926301972079
19.800000000252112,-1.7984900605784613,-5.604741665914336,180.58003417081923,1488.0253172240948,-3479.2329310248033,8001.469250656611,446.42076399177637,3207.573763802007,7355.350499454859,-78.7650698567237,0.5931299903477072,23.83263899965648,offense,0.8403787526964573,12.247950308473039,0.921705530752129,9.146252994395761
19.900000000253385,-1.790660234691002,-6.271083262782897,179.51022161514805,1462.824799803047,-3484.9605209493666,7998.506920542107,470.80922270703996,3222.724614685388,7354.116656877968,-78.9030930805409,0.602693023680909,22.924499646244595,offense,0.8395491802700006,12.274156219138872,0.9208234710411294,9.03600895782658
20.00000000025466,-1.8049451085169008,-6.911353810695423,178.48081646549517,1437.5653161337461,-3490.178101651475,7995.346383502266,495.43503505639296,3237.4493001197034,7352.894429778037,-79.12481788820007,0.6167164323078158,21.976175992589933,offense,0.8387612252110029,12.186280576476387,0.9199722200121659,8.970000711662252
20.100000000255932,-1.7906677272678508,-7.405587061452479,177.39252889789935,1412.2533757978274,-3494.955262743397,7991.998380653358,520.3008203300304,3251.712435989292,7351.683284987891,-80.28871848674152,0.6446832229387682,21.008857542748782,offense,0.8387289828611065,12.43520041449285,0.9191465841095189,8.90730204491362
20.200000000257205,-1.7523540598875476,-7.854284159138546,176.27757387807569,1386.890657668042,-3499.3497814114135,7988.484385488216,545.3875227319288,3265.5459444207527,7350.4745738030615,-81.05258804174082,0.6363837683707119,20.00071063922824,offense,0.8386329462410512,12.740133845184626,0.9183406044222047,8.888140869343598
20.30000000025848,-1.7358093635455576,-8.368541385052449,175.2223063018318,1361.4900426936115,-3503.2828114992863,7984.800329177026,570.6974402097277,3278.911685533405,7349.26221945625,-82.5925796039368,0.6127189719380087,18.981848280091185,offense,0.837765389849057,12.693365685809331,0.9175509766590391,8.85430924471475
20.40000000025975,-1.7428147749233474,-8.844578152230733,174.1922949739378,1336.0688835523792,-3506.687764404167,7980.933615315012,596.2050974513388,3291.872311262019,7348.029646401251,-81.14410095973155,0.6760583529262989,17.945232143652948,offense,0.8369526127194532,12.567125658181398,0.9174916246438054,9.139982408655248
20.500000000261025,-1.7557172211285,-9.313419882025716,173.13607441929935,1310.6330047040842,-3509.6035805526335,7976.891159702334,621.890112425582,3304.4843085701364,7346.7798714222645,-77.96034864911795,0.7469343241414117,16.936960360622844,offense,0.8361941773037828,12.457084652093357,0.917361591804566,9.416211116735019
20.6000000002623,-1.7823269037086014,-9.793670551507438,172.07147139752647,1285.1989788503354,-3512.0007548217613,7972.658851962993,647.7641151367636,3316.6730284771525,7345.545429922084,-76.40247911113087,0.7533817278846243,15.996242678120957,offense,0.8355000097668952,12.327764566529382,0.9164448353255515,9.34855293022979
20.70000000026357,-1.7729755163727072,-10.168700978939137,170.9401151475445,1259.7654888258407,-3513.95139026073,7968.243133111221,673.8391197305095,3328.3405982961663,7344.352895564836,-78.67383201271863,0.6990778690854935,15.06885593956226,offense,0.8355745893776224,12.555295314706129,0.9148284025506918,8.991814806467703
20.800000000264845,-1.736352803383086,-10.532935136272236,169.78310708555063,1234.3271254570182,-3515.514475033122,7963.6629195773185,700.1145844942255,3339.4276456731677,7343.191880965618,-81.66033976513968,0.7178999216146056,14.099471135827576,offense,0.835590352543806,12.848433478094238,0.9133466699361779,8.696441273329821
20.900000000266118,-1.7193943121914264,-10.983744453076397,168.68770691203076,1208.9057678484821,-3516.612903616704,7958.91480366481,726.5652083006423,3350.008641795933,7342.0312245045125,-81.5522975367933,0.8089088683881809,13.035821420528078,offense,0.8348309837224609,12.805624702148107,0.9126660075888325,8.801542292839438
21.00000000026739,-1.725207091198641,-11.407598344432753,167.62174030121452,1183.5268137969608,-3517.181650073553,7953.987451254469,753.1717714875934,3360.150443930779,7340.864456219656,-79.66172826617982,0.8688642398083045,11.930022402248358,offense,0.8341223401667899,12.689837460472354,0.9120851917913245,9.018475126417608
21.100000000268665,-1.7364677865197815,-11.828537695024913,166.53205956223184,1158.191596121168,-3517.259793497612,7948.887793224344,779.9312906130003,3369.819614427792,7339.707218809713,-79.51675759604568,0.8297235544569278,10.842855110973797,offense,0.8334640121358146,12.58918276233677,0.9110561254524789,9.022254858933113
21.200000000269938,-1.7612114992370524,-12.262647688744785,165.43593131497565,1132.9206690627104,-3516.8190050799003,7943.60316992974,806.8410416718469,3378.9608127489855,7338.562556914196,-80.92441328558617,0.8154764312978989,9.779855594733005,offense,0.832865173008608,12.469243682595724,0.9100373331467992,8.968470438985403
21.30000000027121,-1.7499266226515602,-12.589509344239149,164.27591778561015,1107.7045250671267,-3515.930764866711,7938.139558306432,833.8844049022966,3387.641326800291,7337.412361897794,-80.09358965898628,0.906489660990797,8.702854430985246,offense,0.833036075262509,12.697613305132325,0.9097669728816635,9.212485294089626
21.400000000272485,-1.7112934549606311,-12.904444820548047,163.09097555432544,1082.530392996216,-3514.6533809647567,7932.5154235609,861.0490968890549,3395.922331243175,7336.256293896622,-77.7657892236086,0.9966924995424746,7.638593132782895,offense,0.833147354504845,12.985530454951823,0.9094380533867779,9.460470263839854
21.500000000273758,-1.6924627519302504,-13.307223239398132,161.9667272400764,1057.4287743514046,-3512.91205011007,7926.729971311444,888.333613875802,3403.727616943529,7335.122690119735,-77.33631970379632,0.9987267910557305,6.6253636065687616,offense,0.8324790401209949,12.939121176612643,0.9083207265217776,9.374617554438007
21.60000000027503,-1.6964910584350414,-13.682647748641624,160.87341165895228,1032.432705355983,-3510.644236898671,7920.774570042318,915.7318604039754,3410.988662735744,7334.0221525374145,-78.50294829772066,1.0365689182791153,5.635100700303345,offense,0.8318597082757663,12.823221509036744,0.9072318025802839,9.250189664874899
21.700000000276304,-1.706051097722939,-14.05365287345857,159.7563017607482,1007.538902657568,-3507.8890201971817,7914.656114831382,943.2319674029047,3417.7438334603025,7332.943229898915,-79.95143898888327,1.0487108596319312,4.596982805942304,offense,0.8312888875820413,12.722681282222984,0.9061780086330257,9.16304741674357
21.800000000277578,-1.729086368472517,-14.43655433792575,158.63262220250806,982.7716172737637,-3504.6198952255054,7908.363828944994,970.8247772100921,3423.9564325165998,7331.875935884965,-82.29774303408239,1.0373754163593332,3.529524444135753,offense,0.8307748716994463,12.604063280625837,0.9051560326841025,9.073428051691598
21.90000000027885,-1.7160815166165402,-14.708523387588201,157.44792873456836,958.1132237628357,-3500.907157888649,7901.902410771195,998.5011364296355,3429.6958161686603,7330.795808185118,-81.95323865264993,1.0940360940560765,2.4246972267431115,offense,0.831033140683561,12.829177350305189,0.904896740157707,9.32177324262362
22.000000000280124,-1.675685286103553,-14.966758120905434,156.23850048447332,933.5436664182074,-3496.8079180266022,7895.289152446944,1026.2554926153305,3435.0238367226725,7329.699609013269,-79.97106249803777,1.1270325742685965,1.324770034831182,offense,0.8312311627953684,13.109950851975164,0.9045785490732757,9.591609235145915
22.100000000281398,-1.6552888680705233,-15.314352838541133,155.0874632047035,909.1016213519557,-3492.25067594243,7888.526598097247,1054.0781007817225,3439.8621946890294,7328.610333543304,-79.7506557494198,1.0600944911360222,0.2792280127641354,offense,0.8306446906992474,13.057452420934855,0.9034633720207461,9.514075908172577
22.20000000028267,-1.6578775538219788,-15.634307548072151,153.9688210986886,884.8273144003641,-3487.1762743158283,7881.609362712864,1081.9552712110258,3444.141698192704,7327.533796938533,-81.0939443133648,1.0222789085134338,359.2577033523611,offense,0.8301057239858392,12.938663524322594,0.9023779004309389,9.385512353151977
22.300000000283944,-1.6660709684619892,-15.948260949716659,152.82614399025496,860.712844180548,-3481.623463909594,7874.543768375651,1109.8822269985794,3447.935385679438,7326.451756226367,-80.28191724289843,1.0997153696514046,358.20577678355176,offense,0.8296135795649722,12.83600007078612,0.9020681034248706,9.581096134209218
22.400000000285218,-1.687751317938711,-16.27288247177906,151.67654781998922,836.7858588859183,-3475.5680290206033,7867.321052065578,1137.8576712011502,3451.308556109869,7325.36370004744,-77.98830189293379,1.182002104732726,357.1493557340859,offense,0.8291757592413873,12.716544648807918,0.9017129624468485,9.801786307067921
22.50000000028649,-1.6733147366712247,-16.482806895145846,150.4700865484347,813.0208246145481,-3469.0783364016133,7859.943825622452,1165.8663843688864,3454.186605158828,7324.297573400689,-77.54008357481557,1.175829768346526,356.1324745491214,offense,0.8295129828856449,12.938242015180409,0.9005675569541578,9.697434393027422
22.600000000287764,-1.6314326376204318,-16.677323902654408,149.23948345655617,789.3905945248098,-3462.209632713769,7852.427536622626,1193.8898695888067,3456.502911446086,7323.263772980727,-78.67744660446833,1.2061089726486207,355.1334243808894,offense,0.8297886730038937,13.212670756511448,0.8994546666007669,9.560504759942125
22.700000000289037,-1.6097810321986212,-16.963172355757504,148.06423869395275,765.9414660500418,-3454.894631002823,7844.7786137264375,1221.9231172647646,3458.2983210276925,7322.250869176564,-80.1034168215009,1.2130014394999868,354.08527238399796,offense,0.829273906492577,13.154042803699976,0.8983793899229052,9.463461701648827
22.80000000029031,-1.6112680815946092,-17.221386884866728,146.92322335329868,742.7203100157446,-3447.0783600690274,7836.995326720637,1249.9502644031581,3459.5383085947788,7321.248928001538,-82.42312576459427,1.1961676347523127,353.00929102919804,offense,0.828804866028122,13.03175137534596,0.8973371810900184,9.363246855498412
22.900000000291584,-1.6184171273406633,-17.472097162792636,145.75816568647886,719.7146727862842,-3438.798827342207,7829.082959535062,1277.9746946353791,3460.294151804514,7320.233634054387,-82.10404404161191,1.251352384809528,351.8968742819402,offense,0.8283806655855166,12.926442462493679,0.8970692922228725,9.605067668650308
23.000000000292857,-1.6390790491518088,-17.73238095284795,144.58592214913787,696.9552563882405,-3430.03451495771,7821.034847408009,1306.0020945351453,3460.6289809165537,7319.2017267601495,-80.15072567754224,1.2838593094793411,350.7860659669236,offense,0.8280081628065219,12.80545827594693,0.8967453996369718,9.872895279129581
23.10000000029413,-1.6234878065740876,-17.87436953999874,143.36232733480213,674.4089459417326,-3420.8510615114583,7812.850847111482,1334.0085120255053,3460.4667374538863,7318.175923925016,-79.90622106862901,1.2131916559396514,349.7280221196931,offense,0.8284134780747466,13.024369261028053,0.8956165318842284,9.791276399845918
23.200000000295404,-1.5803857759054083,-17.999522723751436,142.11567544520338,652.0418016314889,-3411.3011395875737,7804.5440067680065,1361.9676530078304,3459.7410763159032,7317.162006306464,-81.21284968447716,1.170480711379457,348.69745976752137,offense,0.8287552850624039,13.29366564365694,0.8945173660102175,9.655412311918582
23.300000000296677,-1.5577756408889192,-18.218318652892737,140.92073167504708,629.9070777661278,-3401.3225446402043,7796.1250595750935,1389.8880212814843,3458.5259499618064,7316.141971427536,-80.41335573914094,1.247738894358269,347.6395122865387,offense,0.8282996528109896,13.229386248578956,0.8942041949054027,9.84551969363421
23.40000000029795,-1.5584812200142983,-18.409798841222845,139.76219163190055,608.0576463400472,-3390.8652599399416,7787.596236057249,1417.780256001848,3456.887033432948,7315.115372032875,-78.13744658376653,1.3317033547826407,346.5753660479626,offense,0.8278876326132238,13.103587358856457,0.8938471117518368,10.063393771329855
23.500000000299224,-1.5648933124376763,-18.592413851913623,138.57987363239351,586.4766320590178,-3379.966100542946,7778.961392215482,1445.6155012898223,3454.7529262061116,7314.110016957173,-77.65785185562625,1.3243915123807284,345.54870883914265,offense,0.8275181664062119,12.995650881411924,0.8926901776988289,9.95440288801797
23.600000000300497,-1.5848560521757966,-18.78366973970542,137.39023069464216,565.197401695064,-3368.606621959766,7770.21601040335,1473.363185676529,3452.0607779133784,7313.136404927105,-78.75273445020805,1.352158720120627,344.5441866861077,offense,0.8271975901616195,12.872998378725748,0.8915680861289309,9.809050340229314
23.70000000030177,-1.5683797358559453,-18.85339744847088,136.1559486100757,544.1797002131867,-3356.8489230916543,7761.356651462817,1501.0258103295037,3448.852489384508,7312.183295406488,-80.14214917081168,1.3586533614424547,343.4927286574909,offense,0.8276576191077546,13.089960990355182,0.8904846498185878,9.702660382591185
23.800000000303044,-1.524317964038104,-18.905176753429902,134.9001018092674,523.3831943944252,-3344.7423803822935,7752.3935160930105,1528.5813225030392,3445.0969105804406,7311.24109986359,-82.42048215770335,1.3420950182466662,342.41267678426505,merge,0.8280515874737381,13.355372111067775,0.8894354789378575,9.594770799929707
23.900000000304317,-1.5010359654464567,-19.053125415845344,133.69172652639827,502.8673238211421,-3332.2306959174853,7743.341950596714,1556.0462695078588,3440.8646970508344,7310.285749788872,-82.10821820404297,1.4026005303122058,341.29464331895,merge,0.8276402658270009,13.286109741583472,0.8891713279938422,9.834733088662997
24.00000000030559,-1.501264672317823,-19.174396285089355,132.5221460989839,482.6902236964961,-3319.269527206446,7734.208359897298,1583.4380095652148,3436.217937980914,7309.314012695459,-80.16390726340694,1.4415383232178531,340.17470378055435,merge,0.8272701597794412,13.15711275778857,0.8888507575887192,10.104735773285027
24.100000000306864,-1.5072341179948652,-19.28562453884619,131.32927571132652,462.8307929809164,-3305.894031593392,7724.99484933841,1610.7185769971104,3431.085340911225,7308.348676818109,-79.88105940376973,1.3742561943305642,339.1025603491444,merge,0.8269400685323883,13.046873487574736,0.8877111548912128,10.026010433805226
24.200000000308137,-1.526801045047843,-19.404738598028107,130.12904616057708,443.3246320247973,-3292.089176101184,7715.699064085588,1637.849698668588,3425.405576047717,7307.395848096577,-81.13824399810984,1.3332581057251667,338.060457440786,merge,0.8266558971069572,12.922760814946686,0.8866082334151522,9.890510214076476
24.30000000030941,-1.5097029441410739,-19.399609432664032,128.8918079739743,424.12489653913315,-3277.9127178638296,7706.313842533592,1664.8384237675916,3419.219904980056,7306.444234957642,-82.66232289002824,1.265343977338107,336.979372030858,merge,0.8271551473541807,13.138719321386239,0.885542398321791,9.785348636882693
24.400000000310683,-1.4649370190446003,-19.375769438696885,127.63475573746297,405.1853579257366,-3263.4100251427167,7696.846186099175,1691.6590576946949,3412.499670858889,7305.481383186704,-85.06800289817842,1.1699965671923174,335.8737900525115,merge,0.8275853277124433,13.401485807790008,0.884513178070238,9.671245571900617
24.500000000311957,-1.4412587487473014,-19.450718763251633,126.42038893053173,386.57077048698693,-3248.531470201495,7687.316260341517,1718.3363300456642,3405.3145347274826,7304.48522070601,-84.8920755993889,1.1499446081540239,334.7279168351927,merge,0.8272016641224768,13.328040710994026,0.8842757652595203,9.920907801930143
24.60000000031323,-1.4412969005404022,-19.499942629120955,125.24727191079002,368.3437095652402,-3233.239041017213,7677.7347730349875,1744.8944293066554,3397.7243605269437,7303.454213191063,-83.08504577990654,1.1076155297400165,333.5808453050792,merge,0.8268565962713463,13.196389124717168,0.8839745047243747,10.2080529380693
24.700000000314503,-1.4471012017036582,-19.538149384321876,124.05149050246365,350.47911009452525,-3217.5657680907557,7668.101816849712,1771.2867719527358,3389.6611530878035,7302.406111593247,-82.89594124074955,0.9588399751404288,332.4845924884488,merge,0.8265488048572502,13.084404481796245,0.8828537416313826,10.139791190588051
24.800000000315777,-1.4665554992259096,-19.583667985226068,122.84836638122609,333.014338489762,-3201.5003240259007,7658.417184688729,1797.4681138625517,3381.067716075413,7301.342385832152,-84.23754355480492,0.8353996858162575,331.4201325729461,merge,0.8262838273432255,12.95930702859735,0.8817803604278718,10.00391691769681
24.90000000031705,-1.4490879472719764,-19.502838940181555,121.6164303820063,315.8966177088003,-3185.095350657852,7648.669670582924,1823.4691231456034,3372.014185993323,7300.24818007401,-83.53678551853058,0.8357563683288197,330.32974589467915,merge,0.8268051232592817,13.175284150212743,0.8815041280112494,10.20218445339805
25.000000000318323,-1.4038640056902285,-19.40288358172768,120.36651054227107,299.074415402757,-3168.3915245480903,7638.862812397742,1849.3189525633186,3362.561126567051,7299.125654677052,-81.36545022335417,0.8463550363785262,329.22413596059357,merge,0.8272539943848679,13.436643218219848,0.8811553391365733,10.441735249003603
25.100000000319596,-1.3800473227478633,-19.4043171475042,119.15400332385137,282.61684093986605,-3151.346576008116,7629.021706304151,1874.966735806623,3352.6455057527915,7297.997878492311,-80.9077002182576,0.7644810007616526,328.15178491645565,merge,0.8268799257907417,13.359927786973596,0.8799869884442606,10.34789726123974
25.20000000032087,-1.4050654833704093,-19.49915151880955,117.97405449255301,266.6191444270053,-3133.9108504711044,7619.168189943132,1900.3635054803597,3342.214040241565,7296.8713225319625,-82.0046072522479,0.7158877377177858,327.1054931794187,merge,0.8257841969570273,12.94825698906086,0.8788711859268261,10.2052272429141
25.300000000322143,-1.4404946457236585,-19.520101655703954,116.80328142500557,251.14372403685533,-3116.070071131708,7609.299029656006,1925.545215761195,3331.335001451415,7295.730539803282,-81.108955204489,0.7993249454453482,326.0347158764689,merge,0.824868793655121,12.556910455684305,0.878557974668222,10.388169022927876
25.400000000323416,-1.4323029045460087,-19.411549264666363,115.57302252900575,236.12588204740103,-3097.8824369394174,7599.394006983251,1950.5459888142027,3320.06783405678,7294.576900312579,-78.74816409876888,0.8974565596001742,324.9454137786719,merge,0.8248124887297875,12.570850900363748,0.8781775577307115,10.608972302122305
25.50000000032469,-1.3931935256147903,-19.3003189355494,114.28253719029689,221.50175718389605,-3079.391805265282,7589.451368646849,1975.3114543319107,3308.3548174059515,7293.43843899698,-78.11133330039125,0.9032381726632884,323.88240628481145,merge,0.8248922456019698,12.743796715071024,0.8769777060903101,10.510545382864589
25.600000000325963,-1.3731246905421919,-19.300733064808405,112.97915105756488,207.3009389005536,-3060.5890999511216,7579.489106448082,1999.7721035143065,3296.1172026289605,7292.334204056767,-80.82830259639765,0.8200077805763792,322.83524375176853,merge,0.8244970482522064,12.723909000783705,0.8754988462052684,10.108773397684951
25.700000000327236,-1.401916666622087,-19.406933669284506,111.68832766873288,193.6108579249959,-3041.4441606450628,7569.525931739152,2023.8957102690908,3283.335753123916,7291.242980045674,-84.08486608976882,0.7959535389126992,321.7677382120256,merge,0.823407723286371,12.372151086527333,0.874076159661242,9.820916093739639
25.80000000032851,-1.440525185527902,-19.44241702978182,110.40291239093962,180.47935328625553,-3021.958943596071,7559.55317372278,2047.7119638716167,3270.0669377865943,7290.136139442605,-86.61827839898638,0.689996222906903,320.6155387356754,merge,0.822659770976551,12.09072722401019,0.8730930460822085,9.619904261676803
25.900000000329783,-1.4344806008959377,-19.352114638987754,109.0678156361192,167.82964621054623,-3002.1865781178676,7549.547120823947,2071.1883621273305,3256.292783537952,7288.987507063607,-89.68264545098486,0.4975303778877605,319.41038066478063,merge,0.8227435916531254,12.218052563988431,0.8717981933835779,9.443694830325137
26.000000000331056,-1.397208316959627,-19.264197581521564,107.68801259350178,155.59567927055647,-2982.162287539986,7539.504533541986,2094.3386876844593,3242.0567076873776,7287.7734304756705,-92.23535842826547,0.1947734133145224,318.15009692856125,merge,0.8229479244897866,12.49860368434609,0.8705374099282336,9.339788343136423
26.10000000033233,-1.3787096109723762,-19.292554123841033,106.3103671653133,143.80966668435198,-2961.8802868444623,7529.442113542996,2117.1278299015357,3227.342484288556,7286.463430141614,-95.45157788569145,-0.19692343224909872,316.87042399953765,merge,0.8226503403548331,12.557726591392925,0.8693253696649492,9.219134868113006
26.200000000333603,-1.383198203949863,-19.306600987056427,104.97178226209668,132.53318355227879,-2941.331311607795,7519.370641671011,2139.6027743986724,3212.2121624002802,7285.03888193365,-95.91001534870226,-0.5449549773101224,315.5444945078903,merge,0.8223520024672843,12.53551317714944,0.868923645339067,9.52783145612897
26.300000000334876,-1.3923153749167243,-19.316562501331042,103.62456843486865,121.735297317682,-2920.5384796539156,7509.285643830487,2161.8085765433,3196.718091097257,7283.5037992309935,-94.67860563096552,-0.9301853203081719,314.23008255224397,merge,0.8220567470128858,12.510265367568788,0.8686376977557521,9.950326123958538
26.40000000033615,-1.414934488508478,-19.339836251421215,102.28406831991634,111.45984724950141,-2899.504257254446,7499.187112863431,2183.71208952824,3180.8409856330186,7281.858706256729,-94.92469761307234,-1.425860305440676,312.99904783271927,merge,0.8217800558055713,12.444294800793255,0.8678584639421622,10.063559998187579
26.500000000337423,-1.433598108430275,-19.400143291161346,100.91981370060942,101.67533746493697,-2878.2524543092995,7489.064298816223,2205.2362806106494,3164.5231122601217,7280.084170300072,-98.60933112590205,-2.0324015791289027,311.8504095241104,merge,0.8215164532981777,12.397828672141985,0.8667735073125391,9.713570832759274
26.600000000338696,-1.462265892532847,-19.50764279778298,99.55348359603883,92.42626571880615,-2856.789998309889,7478.910790380755,2226.353810399961,3147.7621762440513,7278.142237677491,-102.74676274093179,-2.6006804199692652,310.6866167590112,merge,0.8212800731437531,12.314627234131956,0.8657902507317404,9.47017478825876
26.70000000033997,-1.4500092727170568,-19.50487492384317,98.16835768497272,83.64471830716447,-2835.146793519972,7468.709018394149,2247.134540009219,3130.6381161406066,7276.02496980764,-103.81741870730475,-3.134456423663849,309.4459381839377,merge,0.8218289233028847,12.620518447609076,0.8656285755734484,9.71883189504574
26.800000000341242,-1.4085372227667163,-19.49281601462989,96.77457030670116,75.2688959279713,-2813.3409576724785,7458.45888405929,2267.6546232391133,3113.2155007145707,7273.747585764063,-102.20523031598995,-3.6732627918265774,308.18968631539013,merge,0.8222729269801707,12.98747580628384,0.8661410850392068,10.344709376082665
26.900000000342516,-1.387823391858696,-19.587712665361654,95.42852260864919,67.38511056039818,-2791.3622864093286,7448.1846070494985,2287.9311841776516,3095.5124153929974,7271.322225569282,-99.16991278656864,-4.183852671959534,306.9909207267393,merge,0.821846658410614,12.965355909079433,0.8662341312959229,10.853423976442311
27.00000000034379,-1.390878686174391,-19.65615736772995,94.13433250564144,60.071147374464985,-2769.2106294256478,7437.899661307285,2307.8706166902975,3077.4725763349416,7268.743829197625,-97.66668448108722,-4.7227986719070865,305.9008047977535,merge,0.8214469011219431,12.850621713192544,0.8654323225880911,10.897383484418445
27.100000000345062,-1.365429681580146,-19.567568866098682,92.95942780739263,53.250069732178595,-2746.8949199762747,7427.587101605156,2327.4018677015074,3059.06144614679,7266.002234312904,-97.70689266906571,-5.168956623639697,304.85073947015024,merge,0.8228844864800359,12.964232888942592,0.8646637808279927,10.82179927476856
27.200000000346336,-1.3158707881741951,-19.43427771430184,91.83275222444463,46.84987081437216,-2724.426042431991,7417.247479210791,2346.5833444229543,3040.3275175679664,7263.111280012939,-95.65616239193072,-5.437324146976466,303.7496299340625,merge,0.8232773788755822,13.080043885471863,0.8646975388638596,11.083058831376505
27.30000000034761,-1.2905553816495023,-19.357571418392673,90.59444195826603,40.951621348436845,-2701.814279115816,7406.921804231126,2365.4663678872257,3021.3088301303897,7260.095384094402,-92.13657824671988,-5.640665301929051,302.6325331735147,merge,0.8228099044648691,12.977631821589284,0.8646505271298588,11.360528440048952
27.400000000348882,-1.2906160752372273,-19.2336885318144,89.36229542354647,35.62833948915631,-2679.0620488042377,7396.632665587593,2383.973173452776,3001.9652548171466,7256.970152928919,-90.13120202864965,-5.8826454823425935,301.56925926508205,merge,0.8223814590433608,12.856339702622519,0.8637670130731709,11.281750264071153
27.500000000350155,-1.2625240872974832,-18.927177755250707,88.13735975759911,30.805127305597164,-2656.1871698954287,7386.364037479002,2402.034268762741,2982.2676285372377,7253.74081453018,-89.65355543956414,-6.037877447534158,300.5306633424226,merge,0.8227602603690349,13.06704625098639,0.8629383968526593,11.156337179258198
27.60000000035143,-1.2103555731181543,-18.563162519664367,86.90820061268444,26.41245905107773,-2633.198335711142,7376.1134130532355,2419.682411289215,2962.245284147119,7250.418265799592,-89.35099743138466,-6.168378696173116,299.4586181613762,merge,0.823061719677678,13.305273879818147,0.8621574061290048,11.068678532044904
27.700000000352702,-1.1839278748124151,-18.28854452174969,85.7009993632723,22.526645049491954,-2610.09308685169,7365.925052341498,2436.879829722884,2941.8902758985405,7247.001175448048,-89.92378426792949,-6.276914231464694,298.37513741632114,merge,0.8225080555375698,13.208037970667169,0.8614253763670487,10.983552238635253
27.800000000353975,-1.1833827591707549,-17.983045776881344,84.54573834420704,19.21785994725124,-2586.8778422843297,7355.830386530731,2453.658663453497,2921.230245526767,7243.492302189338,-90.14231822399441,-6.409390161496103,297.25885329118216,merge,0.8219826965688173,13.072417189075708,0.8607267167206917,10.939559126867293
27.90000000035525,-1.1548426560664133,-17.504117023878244,83.42448675499473,16.410719347122587,-2563.5665507457406,7345.806811363865,2469.978922424192,2900.2584582496993,7239.88484538138,-91.068872932271,-6.55471194133596,296.1375507073347,merge,0.8222700664672631,13.24631276579783,0.8600650689097319,10.885437522221505
28.000000000356522,-1.1022463031159033,-16.972450858367846,82.30230383539568,14.033845378974357,-2540.1644424726665,7335.845467985058,2485.8724764192925,2879.000889770144,7236.178745492694,-91.5182830153947,-6.739699432220538,294.99169328349586,merge,0.8224881518855128,13.440162238931766,0.8594262703281127,10.866409107930366
28.100000000357795,-1.0757818835704578,-16.5341234854482,81.18748859923228,12.157333540355072,-2516.673037247018,7325.998871686748,2501.298029579092,2857.4524887028724,7232.364031678177,-92.63296466127828,-6.947600974453235,293.84697296747674,merge,0.8218519576434845,13.321384903405031,0.8588192485555278,10.826106738426693
28.20000000035907,-1.0754062770153265,-16.07133690485996,80.12385276057523,10.846582316611665,-2493.102149302302,7316.306128146556,2516.3218932070517,2835.6508876631256,7228.439744572556,-91.02220491089294,-7.039528061383699,292.66613761482415,merge,0.8212412082074678,13.183488316712342,0.8590056627701111,11.134570410374412
28.300000000360342,-1.0470885882902405,-15.442187961168942,79.10914304491625,10.027307823152265,-2469.461685168921,7306.737211919314,2531.0021172601355,2813.624350758383,7224.421019840133,-87.68777026127258,-7.107381837632161,291.4827847310768,merge,0.8214447722985976,13.345559968997815,0.8590923436336653,11.45945042384094
28.400000000361615,-0.9947152251011555,-14.763729075770101,78.09537007568133,9.628064087864846,-2445.7533286148164,7297.276207432839,2545.2558001350512,2791.3415037784503,7220.327748039839,-85.70279154972867,-7.239705276031878,290.3632020316071,merge,0.8215798521729428,13.521173917031668,0.8587037268975996,11.415143759382255
28.50000000036289,-0.9686983214801044,-14.183005244503763,77.07796785345323,9.713576863258929,-2421.976848122068,7287.981838346529,2558.973162997567,2768.772954468959,7216.173834303797,-87.16204409945489,-7.4413541613152105,289.28772768573225,merge,0.821241734172158,13.389784845334319,0.857197551089139,11.043086603910012
28.60000000036416,-0.9688495934167238,-13.586356708939016,76.11354563871078,10.344371694415223,-2398.1443289620665,7278.90017993212,2572.0742197130794,2745.9113501213965,7211.949027856449,-91.43517880747098,-7.702491397388316,288.20769438704684,merge,0.820551371979131,13.255882563224139,0.8559689324310108,10.545042109125866
28.700000000365435,-0.9411635641210776,-12.82929246947415,75.21187397174992,11.447222267306449,-2374.2683982981284,7269.995345709345,2584.6019244847516,2722.790358440448,7207.614035318148,-95.52565010728202,-7.936935572724135,287.05608755987225,merge,0.8206578667020511,13.415307175229236,0.8551344665424895,10.282231433611928
28.80000000036671,-0.8894594801360804,-12.02489723933963,74.31318958764052,12.951932745286085,-2350.3471704500625,7261.244068439251,2596.6586646333885,2699.4602208830506,7203.150609735355,-96.25294725982015,-8.147318658587775,285.81277321117057,merge,0.8206940334776532,13.58246409178677,0.855145395412661,10.471384579158691
28.90000000036798,-0.8642222858728777,-11.319708942146594,73.39742229955921,14.916140789465592,-2326.3841121482133,7252.7122363909275,2608.3436134143367,2675.95268152982,7198.564689106357,-94.07453917673935,-8.370114354197087,284.5255040391169,merge,0.8202502750971569,13.45322049400259,0.8557958157932927,11.028603560229747
29.000000000369255,-0.8901878134779923,-10.708159098308153,72.46553166255758,17.424171705529986,-2302.3927482755194,7244.474760985914,2619.6770897462607,2652.276924009937,7193.869050008664,-90.41822174038045,-8.5813369870091,283.27432994744123,merge,0.8190745194315789,13.088274216880219,0.8559990875620878,11.464919968452746
29.100000000370528,-0.9274165516111199,-10.097587000100669,71.65781050881763,20.51082036448721,-2278.4031166982695,7236.54809749251,2630.5504667248533,2628.4152183139495,7189.07853032088,-88.33481114649778,-8.83757352786901,282.1152057868754,merge,0.8178901791034927,12.729148843556478,0.8553075692054719,11.471575807320395
29.2000000003718,-0.9195275303024677,-9.379129222282053,70.89396094197564,24.09320642488282,-2254.425267683212,7228.865368768939,2640.84886129672,2604.3494923551207,7184.201523394239,-89.78548908020281,-9.146711997727929,281.0159950181191,merge,0.8174932846894709,12.668608689979676,0.8542509805286965,11.088798958005349
29.300000000373075,-0.8797833807412262,-8.563829243080523,69.96610001852908,28.101137900552548,-2230.4538792958615,7221.3892517947115,2650.505545650217,2580.078940343788,7179.222892447141,-92.0951173463456,-9.360920769745285,279.91593674582265,merge,0.8171998300715257,12.845417088461138,0.8533571592153348,10.704806149946922
29.400000000374348,-0.8611334550655467,-7.831779936314277,68.94297777337871,32.556904179192664,-2206.4948352055676,7214.155919800169,2659.6049164667043,2555.6380979211226,7174.133495008698,-91.74578676135458,-9.468470386747228,278.73485013389416,merge,0.8167534898352088,12.870258049477389,0.8529789783591908,10.744131071800837
29.50000000037562,-0.8930091295995359,-7.20384038118994,67.8794333174698,37.53312615777161,-2182.5718129089423,7207.229802407742,2668.223634811903,2531.0526069804628,7168.943628383697,-89.65583808000872,-9.595644417434437,277.497010592954,merge,0.8155608335691582,12.619049326628918,0.8527232145470959,10.936645215896318
29.600000000376895,-0.9348979868748706,-6.587724172496551,66.94309614213867,43.060983171380215,-2158.7189482089193,7200.620878338146,2676.327080315346,2506.3266820294434,7163.6650442008495,-89.02090111476963,-9.833586046845797,276.26937211709566,merge,0.8143772248512723,12.36325267443745,0.8519920376505125,10.923602546281307
29.700000000378168,-0.9656529867837843,-6.0226736513553805,65.97161860937358,49.08935319593784,-2134.9458825939355,7194.281438343028,2683.818588314824,2481.4594352192503,7158.295603817762,-91.64461806289866,-10.174810651644279,275.0744294859777,merge,0.8131458603044919,12.106847610427215,0.8509551457864718,10.556106873875677
29.80000000037944,-1.0353445034648543,-5.565962931906297,64.74750322689722,55.66382748500019,-2111.2883001400073,7188.225670229388,2690.665430123828,2456.468112521066,7152.809309419737,-94.78860308667586,-10.457274574748507,273.863566127547,merge,0.8116694033293977,11.822473564665538,0.8500224084515997,10.296048494848451
29.900000000380714,-1.1322055622599905,-5.20337793478397,63.38813956111872,62.77922461563889,-2087.766278782128,7182.406658716125,2696.9352026081333,2431.3738407586925,7147.1909996025415,-97.17788998619142,-10.829308860223664,272.6052371236723,merge,0.8105745102269034,11.593787136188881,0.8495475997531152,10.106406217676508
30.000000000381988,-1.2148422350343955,-4.859116910943886,61.96362943386548,70.40517202759442,-2064.388239700521,7176.755431643764,2702.5946057848414,2406.195569982749,7141.410431686583,-100.06834451333721,-11.295695120208121,271.33284717015863,merge,0.8100422439965629,11.557530147458754,0.8487829084308885,9.915459914975305
30.10000000038326,-1.2734896682595762,-4.666000167402338,60.449465200962194,78.49566564472806,-2041.148423633793,7171.219290979841,2707.7264275807097,2380.954131709898,7135.460031335181,-100.18417103227351,-11.71353300294805,269.9951213024321,merge,0.809490813181117,11.597538834555733,0.8488553948695713,10.175173655122418
30.200000000384534,-1.3635898670764985,-4.781100631016156,58.87021391191817,87.1148024770452,-2018.100516956884,7165.789102487889,2712.4017592766286,2355.653888031445,7129.35162090311,-98.56518820713946,-12.166127530787515,268.6451399407526,merge,0.8084152497848769,11.264137072048424,0.8489982789831326,10.566452951084033
30.300000000385808,-1.4459473430206728,-4.965512446224576,57.27873400360142,96.26074126821794,-1995.2668988192472,7160.416016964832,2716.5771397311973,2330.306680661333,7123.085328956062,-98.3474082298024,-12.72796074246268,267.3577004271126,merge,0.8079379362075534,11.115085612337696,0.8485969080727933,10.66775988741868
30.40000000038708,-1.4747768586381433,-5.156264154734616,55.77012810551423,105.85120083567107,-1972.5953865302445,7155.047035202006,2720.1897660009904,2304.9329758198296,7116.644784022174,-99.58904451411335,-13.2595081253006,266.1106035047987,merge,0.8093290560172689,11.439236251865207,0.8482087475072996,10.64832435739093
30.500000000388354,-1.4573059131509327,-5.390431157540119,54.427291934405716,115.8076044680059,-1950.021955158611,7149.655604427901,2723.3163170550124,2279.5354355454983,7110.0352414118,-98.79626233371376,-13.654128334901026,264.8244619203097,merge,0.8113043572377449,12.054168924889673,0.8486289257881287,10.983228463849752
30.600000000389628,-1.400279437635974,-5.5774662080938135,53.179834811293034,126.10354892499491,-1927.5357348606803,7144.238820776117,2726.0199338232674,2254.110695536088,7103.274706007955,-96.50056427336861,-14.025860160131913,263.5360705341046,merge,0.8131340368908075,12.737834317215041,0.8489400162489418,11.34967855673173
30.7000000003909,-1.3088585556408958,-5.633834976444667,52.044182880343506,136.75446749038053,-1905.1530463019242,7138.811566602695,2728.2082197647264,2228.6740485410537,7096.362488622147,-95.78934200780715,-14.476452570195741,262.32843715408194,merge,0.8147469922822831,13.355054800881657,0.8487577578407293,11.300016666596113
30.800000000392174,-1.188728967487009,-5.507151909621847,51.040729215212764,147.77205466592648,-1882.8862142592309,7133.40050107027,2729.805259018218,2203.251139446631,7089.287912172855,-96.59323736046208,-14.879291467835904,261.1574813472466,merge,0.8161774154353716,13.795679964863973,0.8482531982293735,11.163251067463527
30.900000000393447,-1.0457733654706605,-5.166798558607029,50.19385133255816,159.1591646380564,-1860.7398825754026,7128.041839487377,2730.893336272605,2177.844988398307,7082.058954798872,-95.43810711377586,-15.133543688361803,259.9307382842434,merge,0.8174880265764253,13.97906204633594,0.8485801240538299,11.385697123787685
31.00000000039472,-0.9026354084586217,-4.61112993685846,49.39725216306214,170.91113172689785,-1838.7310076948997,7122.790872031582,2731.5684441375242,2152.439699391653,7074.69539723889,-91.70940041386591,-15.278712136151302,258.6682999546303,merge,0.8173012460781545,13.875192820819326,0.849395379413151,11.861091273664481
31.100000000395994,-0.8044217159047774,-3.901659174353898,48.572398212161985,183.06504107079257,-1816.9041704522383,7117.747249760557,2731.8289619369957,2127.040806790859,7067.220399515248,-86.9049911746396,-15.362194610334962,257.4476524988973,merge,0.8166709409166588,13.55728277497378,0.8493433266474116,12.13739690019382
31.200000000397267,-0.7433200305988709,-3.0041668559870573,47.88578799682947,195.6430993473619,-1795.2830373319161,7112.986611238503,2731.5716701611727,2101.684232477505,7059.664954622841,-84.07001523287235,-15.458534885334558,256.2994253860437,merge,0.81572437743842,13.348782024573328,0.8481568515938814,12.025665144140651
31.30000000039854,-0.6923830368663216,-1.9646284942049177,47.26990537087084,208.59023642146127,-1773.8384518128098,7108.505820354841,2730.686519733933,2076.395970719296,7052.051630693812,-84.81436283472887,-15.578786572354755,255.18937983323394,merge,0.8151837134832703,13.232862044353555,0.8469903070366231,11.606267937381608
31.400000000399814,-0.6948276212568648,-0.9753825656789313,46.60393651787038,221.92614293023536,-1752.5990388729313,7104.380471307609,2729.1101408626732,2051.195141222005,7044.376010297031,-86.50765315103857,-15.590338732795605,254.07742359864153,merge,0.8134258829488769,13.05226119550425,0.8460602978437396,11.212129847225752
31.500000000401087,-0.7438200597709594,-0.034425099477422304,45.89826715679557,235.68609001473723,-1731.6175226145983,7100.681418010292,2726.8979615639364,2026.0827676778251,7036.629966789186,-87.82634717765303,-15.643310398573176,252.89109564625545,merge,0.8116383129705965,12.856857692650904,0.8453129627864118,10.901212365646895
31.60000000040236,-0.7987415633910886,0.8753674128943968,45.26299486735926,249.86761923434827,-1710.9127693131795,7097.385197200067,2724.0245505467747,2001.086355627447,7028.799258034515,-89.7327304429097,-15.748212583070796,251.6554029833301,merge,0.8099840569752149,12.703798752553142,0.8447402864397517,10.626481230762558
31.700000000403634,-0.8403463278244385,1.7131966897696815,44.54158478766344,264.4336545074859,-1690.4719626343326,7094.431139940879,2720.5779576143677,1976.1979018695065,7020.871886482269,-88.98868909305104,-15.766603138670728,250.34481176981515,merge,0.8086580458768828,12.490407327460291,0.8447132681995841,10.760048050935866
31.800000000404907,-0.8839189392085591,2.5042066413128303,43.714808275357434,279.4161104615253,-1670.324966974331,7091.825845890078,2716.6688646702073,1951.3951183075185,7012.856409330646,-85.47952008216055,-15.719751144976632,248.98136961400138,merge,0.8080429159897232,12.297036141646974,0.8450876466142485,11.259912631337034
31.90000000040618,-0.8789206689225874,3.2944361979630328,42.981374630745364,294.7753376786367,-1650.4299778107163,7089.50042757597,2712.377430989323,1926.660640426405,7004.770637032986,-79.74319229181837,-15.553183535875112,247.63651002379274,merge,0.808303382323949,12.305583372497281,0.8454389000963647,11.854018800104319
32.000000000407454,-0.8248922384059046,3.98017184220414,42.42224805148034,310.43870443895366,-1630.7200053838421,7087.382009434534,2707.705532677385,1901.9966934948404,6996.644070145986,-72.25321239528152,-15.200626608371948,246.4047961676836,merge,0.8093232012010517,12.431570610270022,0.8455926715927878,12.261509532518488
32.10000000040873,-0.7303122763841757,4.173630650780561,42.47512723953672,326.3340388098206,-1611.1262770062697,7085.406787252567,2702.645579640655,1877.40209720065,6988.517275314824,-63.3928889278575,-14.617178669535267,245.34307315924545,merge,0.8108068179744667,11.947261788606621,0.8456478435783431,12.405500141314821
32.20000000041,-0.6022832558181338,4.108655246006869,42.87378165282978,342.42871524041766,-1591.6135408039136,7083.561129805872,2697.1892212825906,1852.872628674729,6980.447488623906,-54.602663106060966,-13.85961288506275,244.44804855819606,merge,0.8125839700174988,10.994959638243854,0.8452754896688714,12.204130516047915
32.30000000041127,-0.4454128963224762,4.530102583643995,43.045401708491944,358.6960419089845,-1572.1644281244626,7081.854561433608,2691.2790616426973,1828.4158208316412,6972.529710827682,-48.519523656964765,-13.027980262098907,243.67179641948874,merge,0.813994045073556,10.46258341925266,0.8444260488932918,11.78449966050996
32.40000000041255,-0.2629306737368153,5.26571951964012,43.23077285630455,375.1051643376107,-1552.7598242580564,7080.295307014141,2684.8575724175967,1804.0474546708597,6964.865778607365,-46.30198200369633,-12.144996215635945,242.96113579488696,merge,0.8155467748671388,10.036728930042111,0.8425695837764394,11.404940009586387
32.50000000041382,-0.05700426657888523,6.278386951290952,43.60446458706929,391.6274123916668,-1533.3742743039625,7078.893295543751,2677.883016755131,1779.7960802412877,6957.534457750431,-47.135290485470314,-11.221417307614558,242.26705518116066,merge,0.8170549447417031,9.585942770651826,0.8403355691707682,11.169156503993937
32.60000000041509,0.17118194349817736,7.656790269902182,44.32492016833287,408.2307820204989,-1513.9819043028072,7077.660619573296,2670.354314194223,1755.6803981760982,6950.543161969051,-50.316432281047746,-10.31446802158149,241.49912253731063,merge,0.8186456297857185,9.206327938020927,0.8381300078583239,11.096564653619001
32.70000000041637,0.4181618176449228,8.96194927168569,45.62929959394354,424.8796294124243,-1494.552453199145,7076.605466452772,2662.2724034400917,1731.697287019862,6943.851815703625,-53.436529392996675,-9.445037753868602,240.80103761909675,merge,0.8201896420518715,8.575602631436452,0.8380117357474869,10.99152266407882
32.80000000041764,0.6785398118439434,9.873528417469863,47.58986859582647,441.5299229324432,-1475.0520244745537,7075.730697033629,2653.7085969900586,1707.8234624142688,6937.384640359435,-53.33814170664483,-8.540311447715396,240.1243132271674,merge,0.8217332885920138,7.7316294274386905,0.8375158059098646,11.030833021853347
32.90000000041891,0.9189913462291742,10.273910380019379,49.97918845360491,458.12486081995485,-1455.4388611027468,7075.024406434107,2644.765718515999,1684.0484405110433,6931.087017678067,-49.944757717822476,-7.502057433265074,239.2933304155888,merge,0.822963584228236,6.980600996215546,0.8374490357384874,11.460948361410805
33.00000000042019,1.1001424186664988,10.274129344314611,52.43678192972063,474.55879117363384,-1435.6518193558495,7074.500933243475,2635.5209362646465,1660.3463311177447,6924.926083970082,-44.01820548650553,-6.3798260409418885,238.49675300989827,merge,0.8234414715160117,6.581131200265027,0.8375827801601834,11.951768151742648
33.10000000042146,1.22974162471659,9.921587128189598,54.859804878759576,490.70720773408556,-1415.6269363895683,7074.162809610952,2625.981260632479,1636.7109785690059,6918.939901417566,-37.99775836251492,-5.278857826881075,237.78161488562253,merge,0.823169096142011,6.449067963798299,0.8374399696014945,12.163279121866905
33.20000000042273,1.316759800810734,9.314596275837149,57.195787155146874,506.4830852963095,-1395.3248277285165,7073.979938502351,2616.0996476189566,1613.1627762094229,6913.232424755815,-35.037298767161296,-4.250869980414265,237.13584340087297,merge,0.8227241709384056,6.647563395975763,0.8364695468876606,12.128679175286909
33.300000000424006,1.3681678446165864,8.580979303467144,59.41488487781913,521.8536146823503,-1374.7361894932774,7073.906889198026,2605.831220798203,1589.7385944556102,6907.913422576511,-35.45902922928157,-3.262023188496722,236.5413314492449,merge,0.8221987397015734,7.085927915306996,0.8343164145753805,11.969915933961556
33.40000000042528,1.389171980009219,7.856896214817182,61.490479455515434,536.7901741007961,-1353.8568909350743,7073.911884986839,2595.148341156794,1566.4758447106858,6903.04157700929,-36.98969059746176,-2.3213754308306194,236.09792258528054,merge,0.8215582279170744,7.635317790151803,0.8324053239668864,11.750968085164628
33.50000000042655,1.417428786007386,7.052110350558024,63.45440261810046,551.2840844757403,-1332.6933396800996,7073.97640667873,2584.082625591511,1543.3666986267879,6898.573883331049,-38.40750167266059,-1.4175120238172638,235.61144869614753,merge,0.8212162855695392,8.145664278786326,0.8306105472793759,11.511532783671049
33.600000000427826,1.4977857295874983,5.938541431955073,65.36136601764169,565.402288720768,-1311.2792443507958,7074.064754411083,2572.6019947799746,1520.4238445203518,6894.528422337681,-40.41024463162501,-0.5185886152261064,235.0412047984203,merge,0.8216344436720016,8.577899135239985,0.8301689926007932,11.31789921849576
33.7000000004291,1.6092370850567415,4.654528010902293,67.14661391358354,579.1966399497154,-1289.6378795732628,7074.1246663927495,2560.7422914368376,1497.6097027484002,6890.827540057254,-39.938536452359294,0.3641507782062591,234.58474083584477,merge,0.8220756550585118,8.85813328561134,0.8306554437014859,11.264462698130705
33.80000000043037,1.700354674261656,3.581151815912898,68.49902955232311,592.614971479287,-1267.7536128283714,7074.104013295198,2548.5844744314186,1474.8891493707097,6887.385821479475,-36.44291095283388,1.30548208243116,234.15457284385735,merge,0.8221921878662993,8.761934052222262,0.8312123142650785,11.478069188249659
33.900000000431646,1.7478752148086587,3.034306638666092,68.73113960156861,605.5890363781359,-1245.615946233213,7073.9553135076585,2536.194119599091,1452.2204343591889,6884.1419072569015,-30.505712444509058,2.16422862195901,233.88686509546585,merge,0.8217199380746492,7.631231521133654,0.8329300575026567,11.592877419787452
34.00000000043292,1.7547619710201103,2.911951082591879,67.77778145503251,618.125792260192,-1223.2446416819917,7073.665871458081,2523.5972618532887,1429.5852086797086,6881.105780979136,-23.652599258063244,2.514386305862015,233.97313753021353,merge,0.8215926397741654,5.624648389724455,0.8337653859758039,10.939925858006607
34.10000000043419,1.7258014721338726,2.9792481998528832,66.10709551995332,630.3040748092128,-1200.6747577055812,7073.250747955004,2510.810876841354,1406.9978761491777,6878.342947070146,-18.70968326492951,2.0185050903714674,234.3528629629301,merge,0.82200261472546,3.2475329500510473,0.8341908595145614,9.302259988809661
34.200000000435466,1.6692904763462353,3.0571697194744427,64.26725658652323,642.2037448992039,-1177.942089340845,7072.733530246461,2497.8508007206356,1384.4571784658508,6875.8829024077095,-15.260228737070822,1.4084315830800407,234.83482013672042,merge,0.8226124063827824,1.016553047456868,0.8347764771857993,7.712970200904424
34.30000000043674,1.5929298623349049,3.0564228619389433,62.407111217135046,653.8989062899275,-1155.0832224144365,7072.138907361889,2484.7652419052342,1361.9299232461797,6873.631945618684,-9.568075445946663,1.8917220739435165,235.21002426274137,merge,0.8233062687534343,-0.9621529460310793,0.8361468770475894,7.372247040227154
34.40000000043801,1.5025566147836058,2.9179043866820646,60.618750233710635,665.4566437169769,-1132.1347809944295,7071.486999078378,2471.589892163462,1339.3779750246363,6871.513272155804,-1.027161535887552,3.3699766318250584,235.56510670422568,merge,0.8238539829179519,-2.6319397995120264,0.8380820204443643,7.945871036608461
34.500000000439286,1.4029160352589731,2.6139998498111523,58.98168134527205,676.935054267306,-1109.131527175859,7070.790308104116,2458.348269857462,1316.781636870655,6869.537673566035,9.759037528286456,4.998888612573301,236.17703164328063,merge,0.8242669308620163,-3.9578775850282057,0.8399337793975596,8.408195787257773
34.60000000044056,1.2993443070180861,2.19370391148193,57.72748156943932,688.3757284225333,-1086.101642820715,7070.054232644758,2445.0749633152636,1294.123618018672,6867.727520750642,22.32592089659116,6.437827843602028,237.16621731661976,merge,0.8243426657955603,-4.802813155836148,0.8417016291201412,8.441215524596146
34.70000000044183,1.197689025009549,1.9414177876283985,57.619195819443796,699.7819034264076,-1063.0574173007321,7069.2861215091,2431.8176456267543,1271.3780528098614,6866.094392172584,34.34957928966869,7.384075915563079,238.28926678056337,merge,0.8242015644007767,-4.504534635577245,0.8433735805197818,7.893552630748543
34.800000000443106,1.1027393234507323,2.166793505666701,58.857124606936296,711.1170722596644,-1039.995603615912,7068.505106863046,2418.6285441851537,1248.5263706711562,6864.6524849519765,45.28673837433536,7.510653335825502,239.39597283633577,merge,0.823395364940432,-2.9368350413764164,0.8448765584998784,6.783300866970787
34.90000000044438,1.0160917324110608,2.9658185621811683,61.054801051924855,722.3186604191444,-1016.8938392740688,7067.750279550461,2405.514974353137,1225.5639238129124,6863.337261583257,56.56922332251657,7.6046026588467655,241.34507743876017,merge,0.8226992216261999,-0.5142371031410142,0.8464888630660097,6.327185356280689
35.00000000044565,0.934677336876915,4.0668672160300305,63.41176949977687,733.3308052362424,-993.7042922194616,7067.079390213731,2392.574178061469,1202.4526362151828,6862.156847765029,65.22682818170294,7.555344919781237,243.5879596086501,merge,0.8231613581060461,1.9412875532832983,0.847341542108069,6.331538026782273
35.100000000446926,0.8497833627650477,4.585871827512625,64.65355144994446,744.1314011884957,-970.4016773658899,7066.540397153735,2379.9444751312603,1179.1501061943318,6861.126891959596,70.98401984984356,7.30362752568119,245.79895172328096,merge,0.8233341035254402,3.0524706915209214,0.8473026241547749,6.50382572096841
35.2000000004482,0.7541610369096184,4.0801284576093515,64.51149075426571,754.7346138923248,-947.000141834928,7066.1515718944165,2367.7548676812467,1155.6375366974314,6860.242297362328,74.34929907648423,6.91331251840118,247.89390379386006,merge,0.8235906596260565,2.4848242200116037,0.8459022336865089,6.799968973051785
35.30000000044947,0.6462570779245013,2.8443773723573145,63.657462161383776,765.1881790276942,-923.5167903991686,7065.9037652690295,2356.059960390772,1131.9310325742897,6859.474342749864,75.74362999749022,6.503071633034029,249.87136428716045,merge,0.8241176515056444,1.0130783572837083,0.8440648781596808,7.2508145079097
35.400000000450746,0.5276748710032665,1.3256839431342406,62.73169936590161,775.5482983593919,-899.9710010479474,7065.770004654104,2344.8666917371124,1108.043813548559,6858.803419327507,77.54873069981808,5.967769141092395,251.77485721663436,merge,0.824773940754101,-0.5687017652941018,0.8426191499821818,7.683438090538362
35.50000000045202,0.4005752237543819,-0.11983548576584545,62.05188421246047,785.8634676238137,-876.3863564277526,7065.715884387187,2334.096705664707,1083.9848528068628,6858.189227406666,82.53599474388663,5.066560680919721,253.66266709010495,merge,0.8251897901894607,-1.8226461322836371,0.8428420027780666,8.007732729160757
35.60000000045329,0.2671302782694078,-1.0824020021987197,61.79476272974433,796.1653900554966,-852.7828949147454,7065.7179265374725,2323.6908858786323,1059.754122028773,6857.573727861018,89.36177284383557,3.9295858317553547,255.45175016439873,merge,0.8255880752114942,-2.3540934057953264,0.8431564956357684,8.163789053169998
35.700000000454565,0.13082773151498112,-1.5984934328374636,61.80219159675051,806.4767878686072,-829.172092008308,7065.764519862163,2313.719280380274,1035.3436542573106,6856.902994219727,94.82305917668074,2.9224150640573785,257.0638451762349,merge,0.8258142398703009,-2.370539429852994,0.8429029201719337,8.190172665697057
35.80000000045584,-0.005113627625752603,-0.848032027106306,62.022170654659554,816.8084983707447,-805.5669614731523,7065.887306100396,2304.288390555712,1010.7461575331363,6856.1257309605635,97.65653170126365,2.2343946427283914,258.5562841812528,merge,0.8258089880547484,-1.233750826031571,0.8420068278321655,8.144761674106816
35.90000000045711,-0.13775842946224184,1.3521922784591587,62.131319750369315,827.1781546053527,-781.9765877755087,7066.15970764078,2295.4489479037607,985.9674603789397,6855.2178626430905,98.0476327143257,1.7013202605497681,260.0017122529877,merge,0.8260700351199235,1.085914440004919,0.8411010028644081,8.241910845019653
36.000000000458385,-0.26871212071135486,4.130717831424571,61.886160187745816,837.6201589525318,-758.4169174790143,7066.670404432172,2287.1944693364567,961.0308316707016,6854.1791239605545,96.48211844921536,1.2015154721885704,261.4316522517395,merge,0.8260095339502753,3.6906422981307982,0.8398721943904427,8.563048381801451
36.10000000045966,-0.40522439846722214,6.747310809917156,61.27268727263957,848.1833802447862,-734.9263311817208,7067.498186311269,2279.4779830019656,935.9629856772073,6853.024448476357,95.856058599425,0.5814335198761941,262.83489703227076,merge,0.8256870646853194,5.885695688228544,0.8391434858601309,8.931490142849086
36.20000000046093,-0.5427973121682087,8.99677815057257,60.38366273052705,858.9252411673998,-711.5446014945189,7068.678976276142,2272.2050340446954,910.770647573525,6851.755595620483,98.99595081938504,-0.21709599938213792,264.1965401298261,merge,0.8253292082890701,7.611636910195394,0.8398309080595485,9.238998737872755
36.300000000462205,-0.6693026714334999,10.822296376098517,59.308590716054454,869.8850412447397,-688.2935417017914,7070.182017918108,2265.303971655078,885.4521956755447,6850.353249491197,104.3694876458802,-1.0804339647309258,265.4938162479136,merge,0.82492692245229,8.836077364660333,0.8406640635618542,9.318570506618732
36.40000000046348,-0.7901634713533874,12.23360380329233,58.075344827166376,881.1098704411954,-665.2104230607531,7072.000594922922,2258.851979151305,860.0155121350839,6848.766646357253,108.70365449165563,-1.8304470854504926,266.72398974459196,merge,0.8242131934114822,9.564456465950675,0.840578227496565,9.140330409238954
36.50000000046475,-0.9124124210897658,13.279554414269022,56.70685131026356,892.6463909844633,-642.3342608716142,7074.120968128753,2252.954563009791,834.4776011788417,6846.942744235755,110.03386724924508,-2.539447323897189,267.90596038347735,merge,0.8233410912941005,9.934503013939,0.8397383958932237,8.928953209347378
36.600000000466025,-1.0385981156160775,14.007285297034166,55.216236891793265,904.5307552092145,-619.6936741542908,7076.5076536107035,2247.672266637495,808.8516006889344,6844.8507223698825,108.85984194677688,-3.2560212118892067,269.0733389006027,merge,0.8224183469020094,10.05150092087541,0.8391456993379539,8.88175319655742
36.7000000004673,-1.1693112849126641,14.439479983476255,53.613208017010315,916.7903622611503,-597.3093976625687,7079.112391392088,2242.992456414265,783.1593962999074,6842.503281552575,106.14422330263753,-3.9619346195702314,270.26775660101157,merge,0.8215097608941292,9.987991203589472,0.8380278585840165,9.084191265063867
36.80000000046857,-1.30461371824654,14.578324503404199,51.912057284457774,929.441237234605,-575.1999951859437,7081.877388251585,2238.8805486982315,757.4136911202546,6839.93021381869,102.55791574153758,-4.5114346674722645,271.2467909474802,merge,0.8202653839130337,9.801103765492492,0.837665393421625,9.025191908051644
36.900000000469845,-1.4450704942187413,14.405648835503424,50.135285717616746,942.490454940179,-553.3780529456351,7084.739042877397,2235.355361932357,731.6247101676993,6837.158752789352,98.85981616517009,-4.887620138511455,271.71765417972927,merge,0.8191059609923116,9.523132050316667,0.8366799503936535,8.492976665411511
37.00000000047112,-1.5666900822799328,14.012241550133004,48.33257740666905,955.9380731324142,-531.8200389805161,7087.634198625354,2232.3629582197477,705.8001453835035,6834.223820090702,95.60210370867651,-5.225853359562145,272.6300995842168,merge,0.8194418692380093,9.451817197201597,0.8367017616273257,8.34704730448576
37.10000000047239,-1.635364205002464,13.475679305051584,46.52866754602799,969.7222562759254,-510.45956730595145,7090.514258963639,2229.935069152889,679.9366549622337,6831.152078865195,90.56688798617203,-5.30090581970357,272.7421904943102,merge,0.8196458942000261,10.000710660497797,0.8364768603369962,7.405420594130917
37.200000000473665,-1.6657696831351698,12.781395713755641,44.78739004876013,983.7913715194596,-489.2704068500029,7093.352722638086,2228.0227374676465,654.0412747339943,6827.991830051538,83.81616702329539,-5.302414474682343,271.65418450221546,merge,0.8196647113078254,10.744624163841612,0.8366557622723568,5.467504742223243
37.30000000047494,-1.7041539562969734,11.80228098511588,43.208759344725614,998.2018657995034,-468.3170417218187,7096.132822579613,2226.526966828408,628.1075003196161,6824.7913709254235,75.36512513805289,-5.447527369868386,269.86980489699255,merge,0.8188597884400177,11.075467314296452,0.837417216182269,3.072542056981789
37.40000000047621,-1.7887532851670136,10.350902815216338,41.843732233574734,1013.0298997348309,-447.6902407612049,7098.821029525763,2225.3244629179576,602.1299032489733,6821.581419574607,65.6950895783453,-5.789736434185316,268.231629385465,merge,0.8172234418819114,10.747499250587007,0.838421184575104,1.0688709311877327
37.500000000477485,-1.873287667801559,8.698604001057552,40.632967814380976,1028.3175393607116,-427.4242467690496,7101.357534291101,2224.316761504962,576.1069872100398,6818.373021827406,55.559642498815904,-6.176868102870534,267.2253489854873,merge,0.8168590934619865,10.48454681834448,0.8396888182179253,-0.13139852403775495
37.60000000047876,-1.9117240973888445,7.176096565597739,39.421508883818724,1043.994279014535,-407.4461335021038,7103.714363219736,2223.4453471361794,550.0386386727134,6815.173322852022,45.40468311091988,-6.451357497618713,266.7397573603753,merge,0.8164135695434113,10.835982913233705,0.8407537714399602,-0.7041747374803415
37.70000000048003,-1.9109796458018733,5.868263124718914,38.15140570243879,1059.9734181708975,-387.69226198247156,7105.895687605021,2222.7016530239875,523.9316905166958,6812.02088131527,35.33510912060786,-5.774899598070917,267.31350667640186,merge,0.8165326755232827,11.615960092340314,0.8414889514009417,0.10926493791927276
37.800000000481305,-1.8835603864463732,4.8485438246759,36.846749359139494,1076.2395412895937,-368.1543424664995,7107.89978029039,2222.1059585323546,497.796500760016,6808.998582015333,25.564012258394516,-3.813193711955049,268.61743477093023,merge,0.8161478357896851,12.307117332012915,0.8412094899083724,2.1972448442625834
37.90000000048258,-1.8715647017217139,3.933194197684556,35.62226229447849,1092.849872561193,-348.91837547076454,7109.702587214006,2221.6641416739913,471.64736931737576,6806.2117237222465,16.0498069435695,-1.3416015920062194,269.74502354999737,merge,0.8149415810297004,12.555650731722558,0.8404843386287774,4.384464345349608
38.00000000048385,-1.879134949553388,3.121519415098135,34.44523747876067,1109.8410864578148,-330.0509542216097,7111.277910440532,2221.3475817869726,445.4902767371363,6803.758805897007,6.491943043162175,1.0711688896424003,270.34944065753626,merge,0.8137270657207285,12.645419975898902,0.8394401038937711,6.0712682857117075
38.100000000485124,-1.8485114832597358,2.5130502309976293,33.19756324359813,1127.1621396260618,-311.50007236407737,7112.647556073314,2221.0962549938918,419.3223036576005,6801.709399740467,-3.31262021810556,3.241538841045135,270.4377167960961,merge,0.8132999510886854,13.114938114710563,0.838940787711025,7.175864983649899
38.2000000004864,-1.7903591964078447,1.9885501959410008,31.93286821015672,1144.7805130424795,-293.2344457588483,7113.839723493702,2220.833257073652,393.1378038585105,6800.083304982028,-12.774999595620844,5.1967113609490765,270.11642194991276,merge,0.8125935558110846,13.548284009013585,0.8386461760365156,7.952811779442565
38.30000000048767,-1.7537728332111844,1.4395590140567027,30.74419561464333,1162.7459754689069,-275.34634422242937,7114.847767953756,2220.4883483514877,366.94018082490015,6798.851890463689,-21.418666214841824,6.961110772280407,269.4267429068047,merge,0.8109932918363036,13.547653542219315,0.838315841309614,8.466865664824068
38.400000000488944,-1.7423211938668925,0.9884504456182778,29.575781639911543,1181.0904834938256,-257.9097363409585,7115.66159603228,2219.991588447739,340.7392241302014,6798.013461321608,-29.707208299718157,8.470423423944586,268.41295766719,merge,0.8094473838877775,13.461725842725365,0.8380394430967378,8.76040220547189
38.50000000049022,-1.7348250961468892,0.5832344781571593,28.365954176634812,1199.7809748741495,-240.89567134781473,7116.299460615635,2219.280175432217,314.5431773469258,6797.54475277285,-37.76793830538102,9.714953243056188,267.13091357700154,merge,0.8079500109595519,13.40703924044879,0.8377049465188912,8.85018060244178
38.60000000049149,-1.7416667787315134,0.21124755892889524,27.140180830999483,1218.8252991677252,-224.3439886407122,7116.753913438207,2218.292376211325,288.3623611097483,6797.420603166256,-45.9453128652329,10.680400428473435,265.61091429249285,merge,0.8065058643516464,13.34788190396205,0.8373859366142833,8.781918557869913
38.700000000492764,-1.7429107707487645,-0.16865235086736766,25.878124963804275,1238.192182518732,-208.2239169974494,7117.035560766891,2216.977558565675,262.2054285563938,6797.596977954224,-54.400781368420596,11.353798131834637,263.8828353668083,merge,0.8050992444146945,13.336440850027271,0.8371115300808503,8.60141908117065
38.80000000049404,-1.754857289859658,-0.556339862974601,24.611667643020425,1257.8880519133136,-192.57631690054745,7117.131863331414,2215.296662173013,236.07968835473358,6798.020562048707,-63.108036823011005,11.668361542958136,261.9533428996614,merge,0.8037336677658485,13.315026882471315,0.8369045924887794,8.351417095740887
38.90000000049531,-1.7584788229651294,-0.9695599168579644,23.31920667267324,1277.8836897061992,-177.3699585867128,7117.050767392293,2213.234727895826,209.9916262921986,6798.622596597067,-70.60982278954063,11.646544626062166,259.89046515699266,merge,0.802394394900424,13.336533357451236,0.8367733328579423,8.396724284007794
39.000000000496584,-1.7716584603095935,-1.4011723613287514,22.030242381738415,1298.1837896886043,-162.64673229329682,7116.777422514913,2210.8517041207383,183.92484102158357,6799.319188892306,-75.07149262195452,11.435203616578562,257.81307440745405,merge,0.8010884068589056,13.339066064644507,0.8374064409621237,9.083267910424453
39.10000000049786,-1.7409741594026173,-1.6909974013137603,20.673930813740764,1318.7471302355939,-148.33999766519102,7116.325641123802,2208.1916461435085,157.86261942884815,6800.066678144441,-76.98922946813623,11.0465992975261,255.82098074967752,merge,0.8006152799548647,13.724169219772595,0.8381270151568783,10.040052989718756
39.20000000049913,-1.6807332219595057,-1.9360570832581177,19.294147856830175,1339.5419452595927,-134.3936283919759,7115.7227820743055,2205.2113105867306,131.82140731912776,6800.8609623554885,-76.93309365209208,10.540106669607804,254.00643323850312,merge,0.8000420623958789,14.131141040609611,0.8382662217501586,10.89042840477036
39.300000000500404,-1.6406759977160146,-2.2344908465844813,17.98259642547745,1360.5935246752179,-120.89919759302937,7114.976193464417,2201.8232512999416,105.84004806086085,6801.719018543789,-77.5579025286854,9.837678171953964,252.333769141083,merge,0.7985700690982523,14.144207494775518,0.8375650732487921,11.25713864777686
39.40000000050168,-1.6545468900226714,-2.592532991982932,16.744062007555435,1381.9296142155356,-107.97371549844634,7114.084764887712,2197.948955363799,79.9566852961072,6802.641864603469,-79.22997998674377,9.024127693178157,250.76561335011633,merge,0.7963180554244857,13.78989816496117,0.8367906583997583,11.418856742064712
39.50000000050295,-1.6841057050750374,-2.851175431312169,15.52102022891698,1403.5538180316794,-95.68694723543014,7113.033230305401,2193.617717736316,54.167324490664626,6803.599477023063,-80.8061320215296,8.335072800745811,249.27513668752246,merge,0.7942045979912237,13.42126426158133,0.8359509290421882,11.56506923437969
39.600000000504224,-1.6735068428986843,-2.974052416419423,14.22567880899555,1425.4229061097415,-83.95583931051968,7111.824466622186,2188.784056871138,28.499296616788726,6804.579107876337,-83.11710583769116,7.735751147145843,247.85890359036833,merge,0.7930326191967493,13.4409239975778,0.8350949552007195,11.630567378441905
39.7000000005055,-1.6168036566165227,-3.0171008162566393,12.857753190903852,1447.495012441439,-72.67097895179099,7110.480865219778,2183.5164236955234,2.930042235929697,6805.5483834534825,-82.90293453546131,7.522617717567061,246.50033902954698,merge,0.7926834188044687,13.840150633831078,0.8349473560742584,12.098535208074123
39.80000000050677,-1.5385765265326348,-3.0203356279863915,11.476418940131216,1469.752592565491,-61.76891448211534,7109.029047399751,2177.8447820065635,-22.545050440810797,6806.513327474981,-80.75644843856678,7.4399420982755196,245.19073488068412,merge,0.7926285594729019,14.203554143039169,0.8343367278125098,12.515294266212926
39.900000000508044,-1.4889195314432389,-3.055931332449025,10.160826912195107,1492.2103369178687,-51.34119847145437,7107.493573996014,2171.675934584176,-47.869575546699004,6807.504073721052,-79.58594632541293,7.283146515794206,243.95199961320588,merge,0.7913006687502735,14.186746504590309,0.8328124844188461,12.508935348445224
40.00000000050932,-1.495405662083661,-3.129044627285122,8.9085724381735,1514.874018113455,-41.50741139929728,7105.896425743559,2164.9104362048347,-72.97815378709727,6808.539570212996,-81.80117431055267,7.027946104751083,242.75009472831968,merge,0.7891615977281277,13.863160573244626,0.8304891217863994,12.045118921296618
40.10000000051059,-1.5202968727578685,-3.1012382288093203,7.689062958353183,1537.7395709176426,-32.33945952585421,7104.238376417605,2157.4933979112934,-97.8250106336498,6809.604193716351,-84.73468109828376,6.862547655322627,241.54919013644567,merge,0.7871348586396918,13.538702468301594,0.8283377024558645,11.595343086376737
40.200000000511864,-1.507942049225975,-2.9294034241071554,6.423028181180188,1560.7756441759593,-23.751012054167404,7102.511327514017,2149.5141266534847,-122.44500448541753,6810.666891976119,-84.87935789241429,6.817975932355089,240.2707352481852,merge,0.7860333942135208,13.55829933731449,0.8271516505206571,11.669270118583768
40.30000000051314,-1.467038878583565,-2.7488952400560476,5.105872212191409,1583.9587968901137,-15.661202151130794,7100.724025015122,2141.0517983985646,-146.8714721818649,6811.721486557424,-83.23134147168524,6.756496207303627,238.927118022213,merge,0.7850463485062803,13.676937935494678,0.826080265773667,11.93438248307147
40.40000000051441,-1.447405068908459,-2.680229438100419,3.79066075306923,1607.2827249785635,-8.109653865347312,7098.896529449264,2132.080225832992,-171.07399186117948,6812.77958299166,-82.97928247985894,6.571891135994508,237.58035225656772,merge,0.7835515523649397,13.61539640191704,0.8244718704121713,11.94830014126619
40.50000000051568,-1.4515376347503237,-2.5990598941071177,2.5054391762284376,1630.7395404684275,-1.1571136719349557,7097.038549664686,2122.552365155423,-195.00649629666032,6813.840503422309,-84.17831316587235,6.412855585063285,236.25674118314288,merge,0.7820906780223392,13.532813891029749,0.8228920828009381,11.883841240613858
40.60000000051696,-1.4613184709718725,-2.522163942961928,1.2032404458121837,1654.3119990551322,5.239418105856526,7095.148846847105,2112.511716733867,-218.68316049527812,6814.893623452449,-85.60697342213945,6.235535834368936,234.90606930918676,merge,0.7806616597349315,13.468252323468361,0.8213368222249198,11.83765560779714
40.70000000051823,-1.484173034316619,-2.4695658281519624,359.9061080865371,1677.9877370887325,11.039260502295988,7093.225534604127,2101.930433430692,-242.06907770788928,6815.924537651191,-87.84738193600715,6.030564893007302,233.5510231290853,merge,0.7792667427613463,13.386888176143266,0.8198249716388584,11.757558358968609
40.8000000005195,-1.4696830041706546,-2.304637206570398,358.5848222522888,1701.751716995875,16.323096310534492,7091.255719755846,2090.8816168314484,-265.2053576876501,6816.914547866151,-87.61124728737803,5.935416273000908,232.15885087134012,merge,0.7787253321580591,13.644715614986184,0.8191761733042838,12.112746144395858
40.90000000052078,-1.4271396647930978,-2.128370998152265,357.24144916305914,1725.5944879406636,21.163885550237723,7089.243993072877,2079.427257342399,-288.1280493727462,6817.86576318689,-85.68017030789365,5.834259341409701,230.7497464274631,merge,0.7781137618536241,13.933614592545212,0.818409292282899,12.534024192969072
41.00000000052205,-1.405880452967494,-2.057120364386262,355.93852624728896,1749.5051076976836,25.47503062701724,7087.216717516137,2067.4997617749777,-310.76748295324546,6818.793583137874,-85.16552804824612,5.616653138193429,229.39421428357687,merge,0.7766150329919752,13.864008782733494,0.8166958182536631,12.531095600260103
41.10000000052332,-1.4320417854681857,-2.0832462374402043,354.6838824751001,1773.4650010343007,29.143503947445517,7085.195283054534,2055.044120700884,-333.059019271574,6819.6988390920915,-86.10244079298161,5.431161928659424,228.0810126036664,offense,0.7744152302962395,13.47121133487918,0.8150206163233406,12.438935798696319
41.2000000005246,-1.468118777200953,-2.050314203866532,353.4456444616956,1797.4535464276437,32.13610916635476,7083.169153557927,2042.1036986989952,-355.02273407077865,6820.5745709944995,-87.30268221647276,5.235449372577025,226.74068557630704,offense,0.7726294598226933,13.172195430520654,0.8133814931289973,12.368135855643304
41.30000000052587,-1.4612396433446617,-1.8992043923363988,352.1576164750663,1821.4639793697015,34.55736969808401,7081.1152147474595,2028.657226776192,-376.6208117980664,6821.407378522959,-89.30827778399765,5.017852558082191,225.3925081375891,offense,0.7717472561398374,13.274570799275363,0.8117938077651559,12.273214341103921
41.40000000052714,-1.4232839294002324,-1.746910810161125,350.82070466327013,1845.4946255038128,36.48911746841598,7079.033172198424,2014.7735244402365,-397.9038967808591,6822.182663872102,-88.89877606180926,4.918027603364802,223.99879687204677,offense,0.7709609352554628,13.503938940290816,0.8110797754764338,12.609346608610917
41.500000000528416,-1.4034704578434074,-1.7018159463951554,349.48833505525323,1869.5299748657712,37.89346378416022,7076.942331895379,2000.5104311743469,-418.91630898403287,6822.905910365707,-86.80137740319145,4.818338235555153,222.58220069221397,offense,0.7696353385156015,13.510739866824748,0.8102584896816939,13.011412046576025
41.60000000052969,-1.4292005202372404,-1.7564317913214216,348.19069743367965,1893.5408474626875,38.67551588586622,7074.861210641626,1985.8107001878063,-439.58042870823624,6823.5920418577825,-86.09817751587762,4.605447713801558,221.21696785163383,offense,0.7675809608180016,13.172870984215542,0.8084968719457566,12.999182299344769
41.70000000053096,-1.464100667641487,-1.754980020262583,346.91347696408263,1917.5029503239596,38.801009123430006,7072.779787085286,1970.6290588608208,-459.82487808119566,6824.242340740756,-86.83842589062382,4.4271855177261115,219.8911865123227,offense,0.7659184482999818,12.919342884340038,0.8067736788039203,12.907144090201028
41.800000000532236,-1.4563779535260923,-1.6339557910667641,345.5943404248412,1941.4222564688798,38.37230093649829,7070.674638469103,1955.0066018878315,-479.67510820229666,6824.852290768218,-87.86285728913948,4.243718968977528,218.53613122272625,offense,0.7651442036366765,13.078572659707024,0.8050862186915387,12.83918681100386
41.90000000053351,-1.4176631989920223,-1.5049294423524369,344.2339040906015,1965.3068472289858,37.468845830013926,7068.5449780360495,1938.928033740275,-499.09042912668855,6825.410049210549,-89.68343473687517,4.041251582386586,217.1721350489491,offense,0.764444234402413,13.362182063895409,0.8034463649764485,12.751711471448335
42.00000000053478,-1.3966290662018452,-1.4750432757603016,342.88484028464745,1989.136515383014,36.05225996782078,7066.410594041616,1922.4554802745085,-518.1298932122646,6825.903340237516,-89.1414620256753,3.9626676018404927,215.75986114387177,offense,0.7631867233062622,13.403106710451263,0.8026809269069012,13.086776702525615
42.100000000536056,-1.4201594334336594,-1.5379256200287428,341.5759040652696,2012.8711455660862,34.030733601008336,7064.291335398022,1905.6408202984844,-536.8452911130232,6826.339444633136,-86.91727706588522,3.889101601169998,214.3216619876775,offense,0.7611967898969718,13.080842924363026,0.8018118230781894,13.483952220006945
42.20000000053733,-1.4528301300326028,-1.543532396329576,340.2914147320504,2036.4831098737066,31.373381177824072,7062.1784852363535,1888.4381952268527,-555.1521657759199,6826.734238666481,-86.05982319108483,3.7035127079844865,212.93305158349386,offense,0.7595983051952464,12.842292743013315,0.80000347781144,13.473316468272316
42.3000000005386,-1.4437284296999824,-1.4263918736978074,338.96937051090146,2059.990595393424,28.180513837274333,7060.048217525232,1870.8128388650339,-572.9734835953932,6827.090605801857,-86.63458253997919,3.552779577412929,211.5868543198067,offense,0.7588819689978942,13.022722872989238,0.7982328994617082,13.386264123125395
42.400000000539876,-1.4039611169719395,-1.2938901150164162,337.6092214606265,2083.4109636172952,24.529253593169035,7057.899149727318,1852.8025505146163,-590.3398698850672,6827.405484908206,-87.50234868681578,3.4018012404083,210.224733497438,offense,0.7582269270264048,13.324688221230943,0.7964982358562941,13.311478167532535
42.50000000054115,-1.3816666409169163,-1.2530276940761265,336.2625323613877,2106.719329334892,20.382357680416824,7055.752197398026,1834.3985383996242,-607.2089653307398,6827.669138697204,-89.14106026688843,3.2335282033398642,208.87147417378281,offense,0.7570045717309861,13.374622384629637,0.7948125193602394,13.204826520749801
42.60000000054242,-1.4031476403094254,-1.2989351240278724,334.9572401770511,2129.8654081910145,15.653326385102483,7053.629392914588,1815.6552295575755,-623.648308294262,6827.8700373028105,-88.45458463392724,3.191728338065541,207.4862572018141,offense,0.7550521929147475,13.0566522445188,0.7940099318620882,13.499748598435634
42.700000000543696,-1.433823541933413,-1.2875242503910043,333.6781060757815,2152.8189344459547,10.31553178964068,7051.523537600989,1796.6179641414167,-639.717877892486,6828.015908833659,-86.08809156715103,3.160299809534216,206.08165839736466,offense,0.7534940113258879,12.825423698199458,0.7931184621584348,13.846965328815523
42.80000000054497,-1.4235698370384797,-1.1517638424606857,332.36455773309075,2175.609818849575,4.466028557536295,7049.409655673174,1777.2539917191602,-655.3297204072569,6828.125187383259,-85.05680701684263,3.023101484198692,204.73150979777165,offense,0.752814249042205,13.014727918991458,0.7913021532731271,13.788363283388493
42.90000000054624,-1.3830024655525355,-0.9950498297373053,331.01447692142824,2198.264301614105,-1.8210238506543612,7047.285204014433,1757.540463026723,-670.4044537799826,6828.203978219167,-85.43446404373788,2.9199229179730404,203.4346864627493,offense,0.7521876411421522,13.322121903477319,0.7895346546404063,13.653970674166988
43.000000000547516,-1.3597441958950682,-0.9243091055528565,329.67776132848974,2220.753187597721,-8.580412226850118,7045.172494378344,1737.5113708762876,-684.979173932158,6828.249802147007,-86.12725066283681,2.8225537822521587,202.1218968455979,offense,0.7509879029885118,13.373660550753828,0.787814980041268,13.536851777482049
43.10000000054879,-1.3795849415444077,-0.9363132752558787,328.3820252861724,2243.0169820356778,-15.89186249769892,7043.09630312436,1717.1644197265405,-699.0119560269401,6828.255969641644,-87.58091547964031,2.712251247030066,200.81283661428694,offense,0.7490605029390343,13.058091271472785,0.7861522444302028,13.399745509974121
43.20000000055006,-1.4086806630514555,-0.892402951704688,327.1138132067984,2265.023333412561,-23.77774421368116,7041.051027361599,1696.5444111279185,-712.5780611043914,6828.210195116902,-86.76990050195802,2.728553419689031,199.46944088708509,offense,0.7475286561481846,12.832422225747088,0.7853817832756282,13.66219416617385
43.300000000551336,-1.4290169045765087,-0.8604371968686788,325.80654208303815,2286.7922162594045,-32.17707481330006,7039.017231222671,1675.6882175749067,-725.7446490805144,6828.119058282217,-84.30272014354856,2.7609036132492872,198.1017915848292,offense,0.746049849263762,12.663751078031767,0.7845333330397738,13.976586879012393
43.40000000055261,-1.454098882389208,-0.8775774281200411,324.4840062347037,2308.289647921295,-41.113831873494625,7036.988377062706,1654.5758491010483,-738.4219349686341,6828.004688398674,-83.15568957763209,2.6934794841051066,196.78167948406718,offense,0.7446253611459966,12.497080028867726,0.782767264430367,13.895963257703519
43.50000000055388,-1.4389024642376513,-0.8005619355574829,323.1283084841863,2329.5516632496133,-50.513389284338125,7034.943780684803,1633.1846628545998,-750.4920616278583,6827.882188281468,-84.84561716262797,2.5375516621061185,195.5146439964006,offense,0.7440628953564609,12.766019095762163,0.7802504261800549,13.44111366238071
43.600000000555156,-1.3941667374541824,-0.698580378772158,321.74492992048874,2350.615236732139,-60.30959359076433,7032.882945603097,1611.5197733181267,-761.9081696262609,6827.737061616808,-87.0859833715214,2.453393827365103,194.260895129393,offense,0.7435117111692021,13.139734585586682,0.7781284850726116,13.069444611742357
43.70000000055643,-1.367171490878367,-0.668669881409674,320.38723050451154,2371.442086047258,-70.53726687953984,7030.829445848769,1589.6257267381716,-772.7705795821885,6827.5484041188065,-86.7225957529056,2.491514206162045,192.94522909050474,offense,0.7423549987427022,13.223939758913883,0.7769580024820659,13.149028049128074
43.8000000005577,-1.3823294377153188,-0.7058330192933059,319.0793383508182,2391.9601402375397,-81.2658757543596,7028.808912766332,1567.5350718541345,-783.1586176009525,6827.319058411235,-84.53667691443731,2.527266244806666,191.57673231279045,offense,0.7404872765249635,12.927896745103025,0.775880339494863,13.37196924499312
43.900000000558975,-1.4072189583802182,-0.681540998746676,317.8017513469432,2412.1369243103686,-92.50914046572596,7026.817031493795,1545.2503039500336,-793.0275130879011,6827.066054547894,-83.49305651220179,2.4555124196445535,190.21824994388126,offense,0.7390291719817164,12.727258758854687,0.7742480585668576,13.35276530364218
44.00000000056025,-1.4244789674036689,-0.6582978299539081,316.4892779316342,2432.0027138273595,-104.21042428009804,7024.836060367907,1522.7668054546123,-802.2750304079959,6826.801417535163,-85.18557705560545,2.288515166393632,188.89837322397386,offense,0.7376167265768214,12.581413454061227,0.7718865938540674,12.968987004358636
44.10000000056152,-1.4466844311090663,-0.6746259426661269,315.1655197511424,2451.5201119208887,-116.38853748690626,7022.861570837895,1500.0960983160887,-810.8633445627714,6826.509614101741,-87.38982761013425,2.1861784332139167,187.591185267422,offense,0.7362515794340032,12.434575029248451,0.7699569276468937,12.682874449509548
44.200000000562795,-1.4604191067564132,-0.7232674080930466,313.8097537293932,2470.709467500217,-129.002791508886,7020.8799124663,1477.2690958465748,-818.896919134891,6826.170535674209,-87.01415516783972,2.2025683753209715,186.2299254821624,offense,0.7349222258933186,12.34106637702438,0.7689532155505633,12.844184242740088
44.30000000056407,-1.479134670316299,-0.8153021797232094,312.4505076306288,2489.5316650551563,-142.0711985751985,7018.886046574259,1454.3072429856172,-826.4556658094957,6825.787338267911,-84.81893379256654,2.2200289608023116,184.82562298665118,offense,0.7336301240386857,12.23698988501774,0.7680198697976076,13.138428893038736
44.40000000056534,-1.4594452738535428,-0.8069398823949836,311.06536473444646,2508.0374274833957,-155.52991178405028,7016.863707222623,1431.21755008156,-833.4928340033854,6825.376824723727,-83.72157579935845,2.1361914948949825,183.4408091621263,offense,0.7331833972208825,12.570646779755783,0.7665119425389159,13.172473322442356
44.500000000566615,-1.4110474229449144,-0.7589511988849337,309.66115684550743,2526.2758002272094,-169.3239672395924,7014.815373932782,1408.007150865076,-839.9045659679917,6824.95133701179,-85.29158530455977,1.9619599220775554,182.10291133123917,offense,0.7327172039742397,12.994319822579698,0.7642627661754419,12.82446123569568
44.60000000056789,-1.38042893388652,-0.7659775132713281,308.2932885373659,2544.19808064471,-183.4831440699925,7012.765416900302,1384.6916131021044,-845.6537457098067,6824.496754955873,-87.3672061601829,1.850756002726259,180.78371759470684,offense,0.7316189074585486,13.101310952869868,0.7624353304083319,12.568038513557989
44.70000000056916,-1.3907203386651903,-0.8244006300436924,306.9827255485863,2561.7189443022216,-198.06073353993057,7010.7397769484405,1361.2885562050676,-850.846640418435,6823.9940263906365,-86.91637601679166,1.858854362984785,179.41543005483325,offense,0.7298278187946264,12.821404088323684,0.7615240406816144,12.757010258369075
44.800000000570435,-1.4110975922998188,-0.8174157258937346,305.70395274116504,2578.807151434916,-213.0612635058449,7008.735597245309,1337.8091663203945,-855.5640124696258,6823.446656730974,-84.6631644013112,1.8742040268320737,178.00782078158431,offense,0.7284572258838753,12.641991285942957,0.7606708447256829,13.072718002422535
44.90000000057171,-1.4249480353551078,-0.8016253037326267,304.3935771553643,2595.5047395946613,-228.4360618994614,7006.737397888899,1314.2656449384708,-859.7586216343459,6822.872060650197,-83.48301379248517,1.7957378898815688,176.62278659768015,offense,0.7271266807510778,12.514444825248669,0.7592339815668516,13.120526407263027
45.00000000057298,-1.4438981656526415,-0.8161871295923929,303.0751701866618,2611.771288557367,-244.19624906988525,7004.742866229674,1290.6772109285644,-863.3279226216652,6822.28392477428,-84.91143375575079,1.6329143762640241,175.28696013537575,offense,0.7258377799897818,12.383980392368532,0.7570570219664833,12.78340701668285
45.100000000574255,-1.4549190082847627,-0.8545789378938986,301.7272893903353,2627.635230491964,-260.30691588974395,7002.739946324284,1267.063464876979,-866.2375787876541,6821.669819555542,-86.84788041372305,1.5321739409348414,173.97162755023405,offense,0.7245803916059897,12.303708812430516,0.7553016104718114,12.539446711871504
45.20000000057553,-1.470760827937639,-0.9297897856179208,300.3777328720382,2643.054663957583,-276.77800939250204,7000.725638506848,1243.4289177140379,-868.5946628371468,6821.010908295143,-86.31614908521944,1.5515630821208262,172.60961174777833,offense,0.7233555859227426,12.212093544728457,0.7544571639239035,12.738569271799323
45.3000000005768,-1.4491361394133468,-0.9050202170088439,299.0042122039828,2658.0924381806076,-293.55828147183485,6998.684423471198,1219.7747196066214,-870.4801202259741,6820.310455652324,-84.00365059850671,1.5839668328760517,171.20945513063378,offense,0.7229714449147496,12.553940847084542,0.7536630619061537,13.059293681455578
45.400000000578075,-1.3992497442151057,-0.835838026614306,297.6129762866134,2672.8080069588623,-310.6046416103456,6996.618672369612,1196.1184166762587,-871.8474996778929,6819.586967630947,-82.74681646273076,1.528975566757235,169.8321338672221,offense,0.7225619436108769,12.979032351543278,0.7522803366521811,13.10947666047584
45.50000000057935,-1.3668526749996581,-0.8144475286652643,296.2592185173943,2687.1466858778394,-327.9369356198584,6994.554074389637,1172.4909658056813,-872.5974875886828,6818.85630322507,-84.04817595320652,1.394425555974369,168.50401665323022,offense,0.7215129976081412,13.083719757154821,0.7501608634897078,12.777438974761129
45.60000000058062,-1.3743949862679166,-0.8394058209123458,294.96612325907785,2701.017365790048,-345.59500131630796,6992.51866958482,1148.9154999395948,-872.6990722583158,6818.107852299258,-85.8621482004995,1.3203655805689267,167.19747880724182,offense,0.7201770614436569,12.79830524795118,0.748463580617727,12.541534886891233
45.700000000581895,-1.3922244629378182,-0.8013625366466468,293.7060382430505,2714.39069577834,-363.57755145092074,6990.51123905359,1125.3835889172526,-872.2585660921147,6817.322024007163,-85.26371133961607,1.3665868488414767,165.84668754244095,offense,0.7188840688778353,12.624215375978471,0.7476729441020656,12.744982295019064
45.80000000058317,-1.4042434365611616,-0.7495676986159868,292.4121243715729,2727.3147435085934,-381.8396681807836,6988.516471248713,1101.8865231845646,-871.3561677983745,6816.501122549299,-82.90689450148241,1.4305427160498219,164.4583206529712,offense,0.7176111605259955,12.503165067086142,0.7469280550956531,13.06548270706667
45.90000000058444,-1.421403334633034,-0.7237674915195488,291.1093005942131,2739.747876715618,-400.38434597847447,6986.534174721122,1078.4470359920385,-869.9473853435653,6815.665017749808,-81.59036912581325,1.4121454120450831,163.09177825937124,offense,0.7163757023686831,12.380512824475403,0.7455910253312388,13.115085604262735
46.000000000585715,-1.4309345224402135,-0.7172891759580464,289.7769578234948,2751.724937832709,-419.18387289627395,6984.552388810301,1055.1071970590376,-867.937648099238,6814.8323303187135,-82.78753902316294,1.3174394457195064,161.7735075711376,offense,0.7151686207826312,12.306083683800328,0.7435197839173183,12.786801298216094
46.10000000058699,-1.4684535463887332,-0.8357905380867451,288.440598155505,2763.1871487127723,-438.25139195836255,6982.57363075904,1031.8931707046268,-865.2993586674338,6813.994282459,-84.50147452121493,1.2808711847586847,160.47808266065823,merge,0.7139802817192349,11.99277003435921,0.741869970130101,12.557331573190574
46.20000000058826,-1.503327352855156,-0.9477673186388159,287.09381645856683,2774.1334747620667,-457.57222848399334,6980.576178412583,1008.7980010358581,-862.0997768024515,6813.134681753102,-85.6896678225208,1.2277173228894296,159.14283672990769,merge,0.7129072530743423,11.859545012910997,0.7402791231865978,12.388219113618206
46.300000000589534,-1.5214695370655338,-1.0898424460769707,285.70733206410614,2784.618331310151,-477.1146062267075,6978.542455459142,985.8495656074646,-858.3075229386149,6812.244026015988,-87.14456898915864,1.1243884790669825,157.7957842225873,merge,0.712240531452191,11.808411730910777,0.7387488067244578,12.221875798006527
46.40000000059081,-1.539074854533368,-1.285888772294619,284.31905713009616,2794.5977121137034,-496.8784170037866,6976.4643818663835,963.0280025858483,-854.0067826037907,6811.306666377721,-86.24592634551777,1.1115110698948063,156.40889279711735,merge,0.7112197792154252,11.7650137984793,0.7381062233570692,12.504493209895433
46.50000000059208,-1.5454639926846716,-1.5101939769922346,282.91261172605203,2804.107440532897,-516.8404265966385,6974.33345174566,940.3118620917969,-849.2720133901119,6810.327192259973,-83.64113022985633,1.121833633153624,154.99338665508324,merge,0.7105910271765942,11.772327791649163,0.7374688604942135,12.888627972429834
46.600000000593354,-1.5545956356285089,-1.7645240780212728,281.5181253573675,2813.1027139059956,-536.99866818491,6972.144810164157,917.7333087731226,-844.0570083527975,6809.32632012966,-82.09734080137935,1.0651579524068016,153.61107093388347,merge,0.7095980566274959,11.763878697014343,0.7362073826955656,12.969387714698396
46.70000000059463,-1.555867706295303,-2.026197277233329,280.112279147098,2821.6200416261495,-557.3319068464752,6969.894114583978,895.3495601875342,-838.2749222553246,6808.3234915360545,-83.00530930874886,0.9484642107951333,152.28465418792095,merge,0.7089920040964167,11.787762821877457,0.7342308691756838,12.66231749944308
46.8000000005959,-1.5615549593324594,-2.30018646266425,278.72213093162895,2829.614587333655,-577.8361424607936,6967.578366180629,873.1887815205944,-831.9065234354873,6807.311804200155,-84.45946410115555,0.8949540230268275,150.98338278302936,merge,0.7080194674035134,11.786295899648183,0.7326872374956707,12.459106705811955
46.900000000597174,-1.5608677591452542,-2.570721145906436,277.3218680611574,2837.1238275328865,-598.4920164364112,6965.195208141661,851.2325934068663,-825.0165548220762,6806.277147320161,-85.45654761974228,0.8361567748979419,149.6458568561504,merge,0.707433874026778,11.80982747681082,0.7311947966902621,12.313074981202254
47.00000000059845,-1.5652866980115072,-2.846233977605887,275.93756562795727,2844.103256998499,-619.2934259440128,6962.742464912868,829.513657966035,-817.5779692564089,6805.212358457396,-86.73060026565922,0.73694796407154,148.29975167460753,merge,0.7064823543692089,11.805869946774862,0.7297554423704405,12.166794973057467
47.10000000059972,-1.563903608334222,-3.1145806256807855,274.5426829556278,2850.591345976687,-640.2228765297656,6960.218687422997,807.9985004184975,-809.6695444434476,6804.102760614378,-85.71697639384463,0.7308915872984262,146.91708251204372,merge,0.7059192290579548,11.824761147516186,0.7291959754041907,12.466228732493136
47.200000000600994,-1.5895335135347688,-3.466849768663441,273.1725268413186,2856.525412517714,-661.2791119112704,6957.622812444341,786.6536130806103,-801.3603223485746,6802.952959494263,-83.02405556012205,0.7549289194231165,145.50807766076392,offense,0.7049839305352628,11.5782874048993,0.7286318412080683,12.860091347504662
47.30000000060227,-1.6138852246263118,-3.7915128748009472,271.79743005416475,2861.908191663737,-682.4403462349646,6954.939869042963,765.5188461357594,-792.6085795567269,6801.784927080989,-81.37466798155452,0.7199923799946668,144.13389395147982,offense,0.7041366869013906,11.508797381679054,0.7274356474818097,12.944699428989123
47.40000000060354,-1.5949052380936342,-4.017644748898064,270.37156415474067,2866.8383786997756,-703.6850198004034,6952.163680394081,744.6643926794388,-783.3382445353972,6800.620336092147,-82.11988542666612,0.6312595247107203,142.81668510698248,offense,0.7041021729779143,11.939452395662295,0.7255325667977506,12.644439565551737
47.500000000604814,-1.5439037666241022,-4.201327495963148,268.9216543321714,2871.385183034311,-725.0060237913788,6949.304667626453,724.1200136175635,-773.5359773528909,6799.454136921126,-83.42062122765851,0.6044814869195461,141.5259672285265,offense,0.7040247844966665,12.480413467528402,0.7240633518741767,12.451358406304914
47.60000000060609,-1.505999542451308,-4.4134994947802015,267.5247210489957,2875.483605230257,-746.401641658048,6946.3788968833305,703.8568579980065,-763.2620490241759,6798.272377144674,-84.3023860678451,0.5780929722026069,140.2000403280306,offense,0.7036776148866847,12.661785850895228,0.7226411634093453,12.313060827037383
47.70000000060736,-1.503832295722466,-4.647069162566938,266.20400090848824,2879.02916945673,-767.8650106579552,6943.401766880725,683.9114370717365,-752.4947244334877,6797.070152523395,-85.46017630336692,0.5161892717326023,138.8656785034066,offense,0.7026724324092534,12.42335424240952,0.721267361283974,12.174425917536372
47.800000000608634,-1.5111721472012283,-4.807303743106914,264.911938510775,2881.99785113305,-789.3742664809972,6940.373373481697,664.264568709951,-741.2768107794379,6795.836738317887,-86.1375301194364,0.4248066129474918,137.50119574358482,offense,0.7016934742697569,12.291970960985468,0.7199306037461655,12.088090615871383
47.90000000060991,-1.485176204487271,-4.83131937142786,263.58335383037434,2884.491376400533,-810.9179183298147,6937.286487500194,644.9545543983289,-729.5872896863718,6794.566743621281,-87.0847014975112,0.29439462443022507,136.13612749818236,offense,0.7015449136912288,12.587933635397986,0.7186320345823694,11.991919236336217
48.00000000061118,-1.4326743858367967,-4.789089086409539,262.22769845859966,2886.5840034544517,-832.4962051045111,6934.148295018751,625.9605961967254,-717.4670922670008,6793.2518841963265,-87.58810105051258,0.13963818797047003,134.7481857152226,offense,0.7013854280674661,12.963744409375455,0.7173614156002922,11.942069623090248
48.100000000612454,-1.3974542302573465,-4.775386190197261,260.90799002680313,2888.218137796679,-854.1019234269232,6930.983030915747,607.3224834912985,-704.8964363745112,6791.887007783246,-88.3769717444159,-0.04609531389569504,133.36613138539084,offense,0.7009958840245858,13.023810693492702,0.7161222441477263,11.874419054671927
48.20000000061373,-1.4008709708114528,-4.796220949687246,259.64737470490996,2889.2959022829214,-875.7186404992979,6927.816659066722,588.9883842531412,-691.940543669918,6790.462978588844,-87.01245455944111,-0.13022919739568506,131.95637784287,offense,0.6999568383886549,12.7210777709844,0.7157401407041553,12.250551682138065
48.300000000615,-1.4147142548441014,-4.758397359003743,258.41133118102886,2889.796238196221,-897.3222081762319,6924.650436071938,570.9094109533592,-678.6548286593496,6788.987909510449,-84.03014648825467,-0.16557353413257092,130.52944221474874,offense,0.6989456026546751,12.54315551800661,0.7153187868332523,12.701808274343255
48.400000000616274,-1.4235062928766624,-4.7045383348782766,257.13826063385994,2889.7845561006648,-918.9035914072604,6921.473310069197,553.1395021435657,-665.0043876955691,6787.484598866916,-82.0952452992072,-0.23817830707553372,129.14835539670207,offense,0.6979558462923083,12.417835020507324,0.7142304575655358,12.809890148485184
48.50000000061755,-1.4599844927489798,-4.756014888027421,255.85301443624323,2889.20528047051,-940.4436194240815,6918.2899570675945,535.7660107986218,-650.9332706121978,6785.97554351703,-82.46883335598669,-0.3450037454361024,127.83149556498137,offense,0.6969941999783624,12.079075673626477,0.7124647720847427,12.529450929228798
48.60000000061882,-1.519370580410087,-4.898520790638521,254.55119907765985,2888.046431956306,-961.9297514427402,6915.083344467607,518.8168871214033,-636.4390322107593,6784.45809901033,-83.43024112031429,-0.3846143096956761,126.5426413585066,offense,0.6961570193495339,11.692163672202316,0.7111432258976768,12.361871587955484
48.70000000062009,-1.5673095018251302,-5.052942554300862,253.2087271276468,2886.34480690675,-983.3477839346037,6911.822904946715,502.2485429911217,-621.5718180282203,6782.92109299779,-84.05760697979633,-0.4115299355012314,125.22193307169842,offense,0.6954928893570742,11.545923136337011,0.7098617499134035,12.244792544021278
48.80000000062137,-1.5618806447810016,-5.161531504287487,251.79811905148918,2884.2049028563815,-1004.7088771577037,6908.4889585083965,486.1018484380324,-606.3193920994105,6781.362479976082,-84.97808848560774,-0.46254353239237556,123.89578379500841,offense,0.6956513723711938,11.943474848044838,0.7086216545936296,12.12495349186706
48.90000000062264,-1.5053051859474953,-5.222905340555559,250.341765883924,2881.7304523154685,-1026.0406449887664,6905.081670875413,470.3475147550131,-590.7173566933851,6779.773344301182,-85.46132522665437,-0.5327259291399608,122.54185894746168,offense,0.6965270622427967,12.823511714875524,0.70741335350391,12.053200086673629
49.00000000062391,-1.4214458972510187,-5.229180705601018,248.90830098314044,2878.9691318873497,-1047.3625030750154,6901.611136923499,455.02790365379843,-574.754691272014,6778.1509962015425,-86.20791714600766,-0.634148113647251,121.1887292571189,offense,0.6975218886095197,13.61939762403899,0.7062375327149707,11.970630361432754
49.10000000062519,-1.3563794271967304,-5.223297440876259,247.58586200615713,2875.8214781939723,-1068.6433988118488,6898.107659967399,440.1126429567821,-558.4648603310683,6776.48832081121,-86.5331512990901,-0.7523150396178172,119.81379822486642,offense,0.6975587844844172,13.862231227404873,0.7050855738517067,11.93110582127318
49.20000000062646,-1.3356258627372408,-5.208598624895929,246.37644914586724,2872.1754614355423,-1089.834848040717,6894.6113893392385,425.6451576790663,-541.8384304582543,6774.7829367950235,-87.12945593456104,-0.8956856171698949,118.44509607673484,offense,0.696740681161425,13.610807104057494,0.7039600754053218,11.873956489956159
49.30000000062773,-1.3541233014637735,-5.179075343319878,245.23434123054656,2867.9508473918813,-1110.8923623726116,6891.1505904524,411.5938994989275,-524.9069059392828,6773.02941973731,-87.33074684904702,-1.0495930943449219,117.05883328305907,offense,0.6955776652748837,13.129816573258498,0.7028533806716434,11.85533315144878
49.40000000062901,-1.3792928674795588,-5.083385739635324,244.09010043131437,2863.16480583205,-1131.798797298875,6887.715376648817,398.00305971604905,-507.66266678094985,6771.225752158106,-87.81246769954996,-1.2224439441387391,115.68230865196085,offense,0.6945380097432676,12.837570186460894,0.7017694025683922,11.814340646917694
49.50000000063028,-1.3663233051067125,-4.877994205623746,242.89105336012517,2857.919448443996,-1152.5773460666637,6884.278591113863,384.8042058332459,-490.15114349234744,6769.364352741007,-86.23310793384783,-1.2914321839964684,114.28223099637843,offense,0.6943585840334543,12.991409265316511,0.7015314295603192,12.209932562736709
49.60000000063155,-1.3240507808743975,-4.636335623825023,241.64244669046735,2852.2888960999753,-1173.254632376063,6880.83340464161,371.9343139208356,-472.4093603092336,6767.4534379414745,-83.0829712215169,-1.3025553522258713,112.86781419913457,offense,0.6942404419178039,13.272091491278248,0.7012435353976477,12.669295699868854
49.700000000632826,-1.2955760800353573,-4.448100354220468,240.4014738322966,2846.234329557122,-1193.8109686954847,6877.404578295618,359.4569487708144,-454.4186995850919,6765.517838666869,-80.96619737404195,-1.3392206427291926,111.50143106624492,offense,0.69394847767185,13.296981347960175,0.7002756798164806,12.776069377744244
49.8000000006341,-1.3043259799900302,-4.321005233721981,239.20184447898293,2839.671373294907,-1214.1994317050726,6874.025693129334,347.4709810305237,-436.15173243579125,6763.583391780362,-81.0856813841838,-1.4011377567121635,110.20076351558502,offense,0.6929525691485288,12.962180097893112,0.6986494246627075,12.502507394595796
49.90000000063537,-1.3448098211417738,-4.236351941790393,238.01646103512576,2832.5611533461506,-1234.381839405354,6870.706083922264,336.0009609449657,-417.6149629518916,6761.6499399559825,-81.81504281734561,-1.398073560373497,108.92965934664971,offense,0.6919324929362252,12.539048470188998,0.697468372198854,12.34718008498152
50.000000000636646,-1.383120267553021,-4.125653395481371,236.8053737369597,2824.9334854759345,-1254.349145396406,6867.421200308383,324.9906311062904,-398.8424153877538,6759.706422789404,-82.27457908795631,-1.3764119085785391,107.62838226697878,offense,0.6910179109249059,12.310687603863757,0.6963222429312067,12.238722935892351
50.10000000063792,-1.3755960792595805,-3.937228776230248,235.53519692013913,2816.882860094127,-1274.1366353924107,6864.13790698624,314.4824679601992,-379.83408624564237,6757.753893280033,-83.03883358741058,-1.3736713269307304,106.3219422060615,offense,0.6909450364823874,12.560551256626313,0.6952115943515458,12.127397228641312
50.20000000063919,-1.3346488771936438,-3.7340930527807092,234.2218141807885,2808.472883451748,-1293.7843504809528,6860.846724943444,304.43836931574066,-360.614482602304,6755.783412016216,-83.39987464694451,-1.3849821401950106,104.98797149192325,offense,0.6913092796090308,12.942664624246216,0.6941285587627771,12.060970792098187
50.300000000640466,-1.3042944760893822,-3.5907521187921314,232.9267389247383,2799.6640713072075,-1313.2662972735804,6857.571409392205,294.9018636098614,-341.18520466573125,6753.795254218483,-84.01853653533719,-1.424897096463062,103.65402302338832,offense,0.6910870935398302,13.04755667113682,0.693072834390998,11.98442356011882
50.40000000064174,-1.3088669702587028,-3.5058997846940545,231.6814502928143,2790.381383684911,-1332.516980743306,6854.346028885738,285.8344370903301,-321.5684768654682,6751.7818106208715,-84.23560572171837,-1.4784833209209944,102.29800852948487,offense,0.6901325148390447,12.7611689646761,0.6920373536132752,11.948437691941649
50.50000000064301,-1.3438392355777427,-3.456239605722339,230.4592447117552,2780.5911496853005,-1351.493393147118,6851.180968078146,277.2801316365299,-301.76770549101064,6749.743643334782,-84.7137279585705,-1.5561295447290793,100.94719110857828,offense,0.689147464753497,12.369640490726267,0.6910235258313713,11.896008191209598
50.600000000644286,-1.4023657578296114,-3.462888413070602,229.21054230448868,2770.30549730019,-1370.183792640852,6848.058487516934,269.1998730524249,-281.8029631877636,6747.674518316907,-84.81472343877354,-1.642099595243929,99.57852279552931,offense,0.6882618125505745,11.942682964089968,0.6900251325410584,11.879899431214056
50.70000000064556,-1.4759544289476831,-3.558624147004325,227.91246899926162,2759.544825721405,-1388.5831819601563,6844.948282535014,261.6378747430559,-261.6795779274613,6745.575390731281,-85.18795840718953,-1.746438131128572,98.21860309891063,offense,0.6876038077649099,11.530998022217238,0.6890448098698395,11.842723461418787
50.80000000064683,-1.5301041555023525,-3.684210228914968,226.55717181020302,2748.3513759503435,-1406.6994814500179,6841.811812340114,254.554446541512,-241.41554486284272,6743.441069871166,-85.20660951002617,-1.8542942142523666,96.8435118005338,offense,0.6871018315407386,11.397228798883816,0.6880770568808425,11.83861329718725
50.900000000648106,-1.5264522752228302,-3.78395290717262,225.13108920124787,2736.8102292108674,-1424.5878008216027,6838.622849354357,247.99371276572694,-221.0181730603082,6741.272834720314,-85.50687607034678,-1.9760980840996023,95.4793079469371,offense,0.6874133413913756,11.86390925845537,0.6871252695314142,11.810487034276733
51.00000000064938,-1.4826394924621582,-3.89293802420428,223.67563918484205,2724.969187935107,-1442.2953663276544,6835.379521948707,241.91536245838873,-200.50341458937413,6739.066229513043,-85.46912951144861,-2.0979539702815577,94.10148582545854,offense,0.6880213308143451,12.478066883716416,0.6861844706988471,11.81321942012761
51.10000000065065,-1.4445160324446933,-4.052345222972435,222.2794089906068,2712.770474025004,-1459.7645605264313,6832.099678274059,236.363230761308,-179.8805798451805,6736.8227800146915,-85.71922115027463,-2.230712230713244,92.7357410992824,offense,0.6878466035709561,12.697761656661664,0.6852584618967533,11.790241275022991
51.200000000651926,-1.4371759724035198,-4.241889561062665,220.96496100563346,2700.145052541183,-1476.9073882846246,6828.805811719207,231.29642066283694,-159.16358733968409,6734.538540590367,-85.64265773073868,-2.361194692980721,91.35722285408099,offense,0.6869608630049545,12.464630267546994,0.6843426269751589,11.796707879698879
51.3000000006532,-1.457990323122549,-4.4348412285033465,219.68944909841917,2687.0714095344138,-1493.678557575003,6825.504751334515,226.7583222104948,-138.3637441827999,6732.215229580862,-85.85755193466805,-2.500568992474783,89.991397268093,offense,0.6860705866655438,12.102938782622,0.6834409409129322,11.776586891323529
51.40000000065447,-1.5018622442025789,-4.65434571853417,218.40166366240987,2673.5652436613636,-1510.0709844940836,6822.184975364596,222.70751513348858,-117.49293220454967,6729.849258648017,-85.75342574747685,-2.6361369611860557,88.6132299993627,offense,0.6852708231455847,11.695971075167945,0.6825490367585574,11.785016957211589
51.500000000655746,-1.563213824327689,-4.940029155508398,217.08188798497952,2659.6439725498035,-1526.0788026528464,6818.824688918853,219.1868178449629,-96.56443554945845,6727.442506971735,-85.94255872978611,-2.7792803544015054,87.24804245533048,offense,0.68459421362031,11.265316661917751,0.6816709243903952,11.766472525753247
51.60000000065702,-1.6091393333798842,-5.236549837167635,215.71380378405135,2645.346062238674,-1541.7144773869531,6815.393821642068,216.1543673318478,-75.58809164052721,6724.991641357032,-85.81783983124618,-2.917602855774003,85.87071651015425,offense,0.6840892437423797,11.123367800072227,0.6808024162981413,11.775902002606578
51.70000000065829,-1.5999691730971006,-5.4893371228302295,214.2739960243882,2630.7465197904335,-1557.0507916120825,6811.876660165152,213.65230220951088,-54.57913263887954,6722.49868666555,-85.98700360448017,-3.062624562545853,84.50647782136896,offense,0.6844036909907443,11.59047588748271,0.6799474801546395,11.758247022631544
51.800000000659566,-1.5522958488442076,-5.733161445721111,212.8044462494436,2615.883230054537,-1572.1438808280077,6808.277816537396,211.63840741094654,-33.54534387270124,6719.9604958044565,-85.84591258199542,-3.2021296329761615,83.13018306461352,offense,0.685042690748824,12.209309287811857,0.6791020663029657,11.768173385425255
51.90000000066084,-1.5117151712262955,-6.0071180029364095,211.3922076533446,2600.714784101602,-1586.9323702122383,6804.610306702146,210.15404481115587,-12.503870204287379,6717.379235255564,-85.99860323665483,-3.347727336750114,81.76698882171173,offense,0.684965444879564,12.450363017455691,0.6782700602276097,11.751053508641267
52.00000000066211,-1.5023726669688615,-6.293413213914804,210.06055828461672,2585.1916230211077,-1601.318466502791,6800.890004053474,209.156743260258,8.539560339059653,6714.751895783267,-85.84365993785822,-3.4873030419445463,80.39176010031244,offense,0.684192221293091,12.239576407524357,0.6774475257011512,11.761227502927339
52.100000000663385,-1.52146921419482,-6.573372367633512,208.7673680230462,2569.30220526708,-1615.2549930812427,6797.121530203584,208.68699791367635,29.5659302951406,6712.080788459936,-85.98197583769742,-3.6325260610960557,79.02959809008196,offense,0.6834238812783183,11.900696885984111,0.6766382472333573,11.744467700726156
52.20000000066466,-1.5638296650897374,-6.876161735261846,207.4649002002537,2553.0636285103906,-1628.7381575202774,6793.294870637254,208.66459506191194,50.57973334217315,6709.358148704553,-84.21745234224241,-3.677088938029892,77.64961355854756,offense,0.6827455930342773,11.513060597941362,0.6766597855990457,12.152007829391033
52.30000000066593,-1.6238604254961744,-7.24407849678454,206.13622407010644,2536.4949939342964,-1641.7658201864963,6789.389845584915,209.01773209923408,71.58945403252049,6706.58992020751,-80.97895791694393,-3.654052065156794,76.25815083613257,offense,0.6821886458145218,11.09798019044372,0.6766325189816585,12.611577008318916
52.400000000667205,-1.6687122476077632,-7.624857306784875,204.7614536463583,2519.6328127993534,-1654.3580409587394,6785.379740006393,209.8093735725762,92.5803671185033,6703.802775116658,-78.74751654877402,-3.639243606634994,74.91728805266229,offense,0.6818027919015817,10.968116845946893,0.6763311401411938,12.709311913290097
52.50000000066848,-1.6586782024818585,-7.965731799996758,203.31321974842956,2502.5366336088928,-1666.601169505682,6781.255768405063,211.13445027452954,113.51960458693522,6701.027124365312,-78.66314439515756,-3.6386480640847347,73.64414334478896,offense,0.6822388653954006,11.443684976357305,0.6749945595447984,12.44027039665057
52.60000000066975,-1.6102844083800607,-8.297372761579359,201.83469771249923,2485.231879536703,-1678.5574015695665,6777.02629563076,213.00692138299186,134.38151778372935,6698.266198808679,-79.20142923570913,-3.5782597498914024,72.40113586624341,offense,0.6830046247239819,12.068778130033062,0.6740747275998697,12.296253137684158
52.700000000671025,-1.5690792470442623,-8.652851091052238,200.4146025466119,2467.6897729847524,-1690.1583694547276,6772.699842452449,215.36300610691112,155.17203338686127,6695.507675878376,-79.53090338256557,-3.494716080709683,71.12994407750594,offense,0.6830598931796095,12.316522867825254,0.6731833635261965,12.195236973104011
52.8000000006723,-1.5592308195398141,-9.014066740899912,199.07572251198988,2449.8804171276406,-1701.2973711978761,6768.2862919083245,218.23707654937414,175.86718395930674,6692.756184087986,-80.16682991586391,-3.4261746643971294,69.85336932504262,offense,0.6824163186149326,12.10932143334286,0.6723199567838851,12.091932939984224
52.90000000067357,-1.5778399168334551,-9.365865479727777,197.77522243918935,2431.8014696897867,-1711.9247131385757,6763.7881056316055,221.58530050682072,196.46979741360676,6690.001894656542,-80.42958430259515,-3.367266189321821,68.5494924175126,offense,0.6817786337774799,11.772108187453854,0.6714787828545986,12.030009124719687
53.000000000674845,-1.619672852238366,-9.740620403845869,196.46651410504703,2413.4710244081616,-1722.0400690087704,6759.196159292785,225.44193490557987,216.95397501754593,6687.2486282186155,-80.93227945027499,-3.334740223335427,67.24430329430582,offense,0.6812344589161661,11.385265208888725,0.670658258258912,11.959342544041494
53.10000000067612,-1.6791215911242527,-10.18168833625672,195.13451886175292,2394.909510694448,-1731.6457207356034,6754.491387206501,229.7640616393516,237.32456156700295,6684.487574436933,-81.04829585788949,-3.3126037618352906,65.91682837843246,offense,0.6808186093151307,10.971903062696867,0.6698532157413649,11.926578508322493
53.20000000067739,-1.7231689820506413,-10.638112725569659,193.75577252123338,2376.1504283177583,-1740.7700663442126,6749.6500676262085,234.58526719671312,257.553945277894,6681.72293653763,-81.40271487206974,-3.3128224001269997,64.59312550095665,offense,0.680580548236948,10.84626929863833,0.6690635338644564,11.879299529321367
53.300000000678665,-1.7121089722161176,-11.058571453843498,192.29986950792778,2357.2350261579213,-1749.5099567630093,6744.669747250754,239.86336289389678,277.64899400285265,6678.947107397372,-81.39358245265758,-3.3180201886412157,63.25150955484603,offense,0.6811689728513515,11.327185364688061,0.668284719535665,11.866027106049057
53.40000000067994,-1.6626336712292016,-11.469854592578121,190.81180018709154,2338.174952387962,-1757.9309618501313,6739.562011437661,245.63094153509866,297.5805022175966,6676.164854884654,-81.63622265999571,-3.3396107057606557,61.917466050684034,offense,0.6820879367598763,11.956195495632635,0.6675177472386187,11.833730802469379
53.50000000068121,-1.6204849595385116,-11.899386725926153,189.3827521891917,2318.955391012394,-1765.9592420671422,6734.331254276231,251.84647806118855,317.3573233199983,6673.369459842021,-81.54090777307638,-3.3610066109307795,60.568478702976066,offense,0.6822938892989072,12.205184446839189,0.6667587733330945,11.832187286274303
53.600000000682485,-1.6099586199268279,-12.328532238975756,188.03484231789724,2299.568249938089,-1773.48300514227,6728.982109597448,258.54134350124895,336.948758422051,6670.566179019597,-81.71040325402946,-3.3941079245525194,59.22945998792638,offense,0.68179812449413,11.996099361429385,0.6660094808817614,11.808630778843343
53.70000000068376,-1.6280468049778989,-12.745207900184944,186.72413296004757,2280.0212969559966,-1780.452093525344,6723.515209691477,265.6746668935905,356.365607380787,6667.748842442886,-81.5613798707014,-3.423359349649401,57.87729258822373,offense,0.6813102709763813,11.655847117196886,0.665266530085843,11.813568488231821
53.80000000068503,-1.6694351370750875,-13.184811220968935,185.40496181658636,2260.3330616034214,-1786.8699267049585,6717.922351225466,273.27643601847626,375.5757707444634,6664.9230828724,-81.68629268733649,-3.461260957308002,56.53646016334102,offense,0.6809200221144581,11.2657681076586,0.6645319902098432,11.794763655489117
53.900000000686305,-1.7022752824752154,-13.605584061453563,184.04330982301235,2240.531249180546,-1792.7616802022515,6712.187741433826,281.3064641849985,394.59195649009814,6662.083027547059,-81.50551009971346,-3.49304386917566,55.18348930722805,offense,0.6806460273948678,11.112401545866032,0.6638028721669119,11.80304386397536
54.00000000068758,-1.713912902199503,-14.055372734610847,182.63066851429957,2220.63422164691,-1798.1894602805944,6706.307930051369,289.7932416909047,413.3807515434394,6659.234595488066,-81.60402847725398,-3.531679180287919,53.842572754143674,offense,0.6807931892880421,11.077716457924417,0.663081411685081,11.786700233339118
54.10000000068885,-1.7219525933110915,-14.548037499711956,181.21898191587252,2200.6490322740265,-1803.1106894597685,6700.269359235817,298.69732209882005,431.9567320861199,6656.37204834542,-81.40472704231124,-3.562890029008661,52.49006055707633,offense,0.680988156349282,11.058198957316282,0.6623648567896976,11.796608643973299
54.200000000690125,-1.7175120974044398,-15.056747001919451,179.7872510520011,2180.5874966994907,-1807.5647105777587,6694.074483713338,308.0456143984523,450.2852544672771,6653.501533454651,-81.48737789471714,-3.5999660308752666,51.14995173586673,offense,0.6811957569281887,11.102080567700666,0.6616554789954677,11.781513350590222
54.3000000006914,-1.714797473629685,-15.573189592932556,178.36575435816025,2160.4649836813987,-1811.5067706163547,6687.716342230967,317.7994825437245,468.38272031010183,6650.617349601254,-81.27690067689181,-3.628896601635019,49.798533235574624,offense,0.681419457121095,11.123903801308241,0.6609506918362333,11.792181634479446
54.40000000069267,-1.7046089151897525,-16.07756975052436,176.9269783818002,2140.2902817787226,-1814.9755317288484,6681.201307782698,327.9841887945866,486.21333672130856,6647.725840083316,-81.34932263687939,-3.663173916459251,48.45967008754283,offense,0.6816495496089838,11.178970691451145,0.660252732471885,11.777735710321071
54.500000000693944,-1.7196175534078528,-16.63743299029079,175.51548287411867,2120.082632552023,-1817.9070508694824,6674.524182015548,338.561983886082,503.7952847680496,6644.821285182738,-81.13145166921127,-3.6889072404170147,47.10965176339997,offense,0.6814818037854152,10.962205802023023,0.6595591388778008,11.788754549559291
54.60000000069522,-1.7330798198751702,-17.16132128840285,174.0928757393305,2099.859175822613,-1820.3063309583508,6667.676169916525,349.5564290778222,521.0917036086566,6641.910208891521,-81.19645969411073,-3.719717439771321,45.772242805503744,offense,0.681805105407238,10.921822681440716,0.6588720795278478,11.774681569657707
54.70000000069649,-1.7331074477078923,-17.681173201047038,172.634241769016,2079.6238445821164,-1822.2341450881695,6660.662308959764,360.93073990415434,538.1225044602428,6638.986841444654,-80.97301483143394,-3.7417478144291407,44.42377087148002,offense,0.682142872012341,10.956068280545363,0.6581891947133842,11.785872634616112
54.800000000697764,-1.7339839183982182,-18.209207747229105,171.18055867850228,2059.3985742504124,-1823.648170910395,6653.47427153652,372.70672962190895,554.8498407747304,6636.057882407087,-81.03193279955788,-3.768706354355503,43.08791729517806,offense,0.6824988396659185,10.97647633807091,0.6575125691172978,11.772053868938801
54.90000000069904,-1.7259575010933546,-18.731367665264575,169.70799695796552,2039.1871388043583,-1824.587931099831,6646.118018407819,384.84865574841535,571.2953013522351,6633.117493235081,-80.80374924568356,-3.786723903832825,41.74106638441069,offense,0.6828610586725072,11.036003513176656,0.6568399339592222,11.783346686888128
55.00000000070031,-1.7216090152428678,-19.246619790578837,168.24614132777177,2019.0131790362427,-1825.0111093771966,6638.5880565291345,397.3765419234359,587.4201375767243,6630.17254934359,-80.85718945876745,-3.8095750311006698,40.40682425378174,offense,0.6832366197310425,11.062434893887712,0.6561732845269692,11.769734872276139
55.100000000701584,-1.7109274788265314,-19.743901657343052,166.7661032566005,1998.8779924549508,-1824.957086579668,6630.892051148433,410.25576275415057,603.247560043701,6627.217131001738,-80.62466356558085,-3.8233546037824375,39.06164114370755,offense,0.6836178346827222,11.1145091653649,0.6555104373071362,11.781105094369059
55.20000000070286,-1.705329318357904,-20.22572899857913,165.2959471955682,1978.8069870980187,-1824.3844789172772,6623.0263947949115,423.50451521807435,618.7380032146015,6624.258292273415,-80.67294382423025,-3.8418954859809182,37.729050927929336,offense,0.6840133185655762,11.12962027899775,0.6548532968865084,11.76768247869954
55.30000000070413,-1.6943836387598559,-20.685795652208817,163.806172695949,1958.7993020932092,-1823.3330281796934,6614.999008084533,437.0893634242515,633.9162405511037,6621.2900226425,-80.43631094431852,-3.8512453158113122,36.38557449020976,offense,0.6844164692652384,11.16779682447354,0.6541997622685471,11.77912322237249
55.400000000705404,-1.6890603642052193,-21.129563248763315,162.32507096193052,1938.8822620621793,-1821.7626583543856,6606.807359469876,451.0266449052088,648.7419761739053,6618.319558509815,-80.47965646695614,-3.8652934419029092,35.054673893296055,offense,0.6848356644106989,11.17057092758886,0.6535516477584316,11.765882727997456
55.50000000070668,-1.6786053096132567,-21.55260805397844,160.8232177765347,1919.0530055003717,-1819.7134964733334,6598.458949085892,465.2841826676792,663.2414844471695,6615.340790184018,-80.23911697983178,-3.8700349853817526,33.71294327191558,offense,0.6852642721165908,11.197320431684481,0.6529069335517974,11.777392482181659
55.60000000070795,-1.6739202405599771,-21.961585146333196,159.32929778801085,1899.3408534143741,-1817.1468945313295,6589.9519157589375,479.88649360899717,677.3581980794735,6612.365450259966,-81.3856851649082,-3.9380028309178337,32.38077908541146,offense,0.6857100859055771,11.19108254703684,0.6518618746474774,11.548737210732856
55.700000000709224,-1.6640237599065992,-22.352234599634514,157.81396438005797,1879.7409910999852,-1814.1032147636142,6581.293134410039,494.821005636794,691.0863252945898,6609.382125755606,-82.45583184690489,-3.9939882162137756,31.048667843046804,offense,0.6861661824243434,11.210267982163796,0.6512806851854535,11.49627582341963
55.8000000007105,-1.6599021520475827,-22.73148645893289,156.3062214565625,1860.2847521099309,-1810.5452885442426,6572.481261901475,510.04712643523806,704.4703353078119,6606.3766062522145,-82.78894539204335,-4.054560452897288,29.685513758417734,offense,0.6866398905601157,11.198351753338434,0.6507067366730307,11.507936215810474
55.90000000071177,-1.6504113921078691,-23.094610180607386,154.7767159645591,1840.9653666215793,-1806.5135330351975,6563.522544909775,525.5908148086139,717.4538402118493,6603.353953223187,-84.27356334822478,-4.201820253926769,28.32742021853696,offense,0.6871239929705721,11.21303677583253,0.6501371241186991,11.274845503973589
56.000000000713044,-1.646667405374123,-23.448484553509168,153.25470327080262,1821.8161561773018,-1801.9723112668853,6554.416125593046,541.4402213568873,730.0320626911537,6600.300043180132,-85.47340233267393,-4.35273841685467,26.966862214551302,offense,0.6876255502757632,11.197808613560202,0.649646883952805,11.236280406474869
56.10000000071432,-1.6374020521681152,-23.78779651766825,151.7107578601021,1802.8283797695042,-1796.961929867693,6545.1676796938245,557.5357489821731,742.2828405483294,6597.197635220701,-84.26522647482726,-4.437210921387915,25.566493091638172,offense,0.6881370969962818,11.210003062152124,0.6499551351107723,11.697017359302071
56.20000000071559,-1.6338206978771714,-24.119711788617636,150.16923878962203,1784.045964199198,-1791.453165226019,6535.781230637947,573.8420909425458,754.2662737004622,6594.047513140619,-81.28604953269576,-4.476554199630279,24.145745232234113,merge,0.6879091146303513,11.209876542950807,0.6502173756654648,12.252161445946841
56.300000000716864,-1.594694741591413,-24.335696310632116,148.57639929819794,1765.451536378389,-1785.5288919551856,6526.269496836278,590.3864113979768,765.9252901009595,6590.873014532465,-78.95905443790724,-4.51955751134138,22.77591438035781,merge,0.6882577224085589,11.661031955151982,0.6502081786482145,12.439318408905772
56.40000000071814,-1.5121062863960986,-24.41559991329831,146.94408866920753,1746.9872738027188,-1779.2835766438673,6516.646711154616,607.2081056207018,777.1666389052369,6587.703782107911,-78.48583166642477,-4.566468692918734,21.485234320059895,merge,0.6896217878582201,12.506359708691804,0.6495414916123705,12.210419484322903
56.50000000071941,-1.4116447597127983,-24.38106349268557,145.33972914118215,1728.6123308521646,-1772.763938853259,6506.927081486401,624.3113453127198,787.9462369667135,6584.550509526319,-79.65339459392995,-4.610414901136979,20.233795839877974,merge,0.6908943213665745,13.241447827872587,0.6488765001268575,11.88353574904417
56.600000000720684,-1.3403200155543793,-24.29425006903862,143.8557877135779,1710.37485999101,-1765.8790068511923,6497.14205394204,641.6808378143797,798.2618874239267,6581.403399954263,-82.11987378540006,-4.679872860729425,18.971734808056475,merge,0.6912475506677858,13.428035209932327,0.6482825382784768,11.521686332697211
56.70000000072196,-1.2988329085825543,-24.102557122232053,142.50188227635562,1692.3192438593267,-1758.5521574583045,6487.322847740355,659.3006843461443,808.1114852222861,6578.242882383165,-85.52688121015166,-4.815562412342629,17.676815418368058,merge,0.6916641096557077,13.488809828090702,0.6477785434331484,11.135784940255556
56.80000000072323,-1.2409702989154388,-23.71906588441446,141.2092487051286,1674.4082717332553,-1750.856029793471,6477.466952023298,677.1479978518586,817.5155678921042,6575.039398557499,-88.08063876078025,-4.98008758637625,16.338625049551855,merge,0.6926222003041099,13.857518523482048,0.6478066208917682,11.005538675254542
56.9000000007245,-1.1688472144528046,-23.216792159273623,139.95259549261502,1656.6060385314631,-1742.8574736817347,6467.576526223693,695.1942895164855,826.5299440904797,6571.773720195089,-89.14267492334625,-5.200364903847307,14.946746835425959,merge,0.693602648656985,14.185298055701844,0.6478525506284037,11.010353638401154
57.00000000072578,-1.1238521120839593,-22.72854463601373,138.77552592582103,1638.943779242571,-1734.474268560542,6457.697497249559,713.4443137345451,835.0869864441454,6568.439761409685,-90.9796000959226,-5.547964211899692,13.556844845815544,merge,0.6941976660428583,14.11496601593049,0.6474580437183509,10.772893411620329
57.10000000072705,-1.1068383678504412,-22.21179159177907,137.6935313152185,1621.4604446708968,-1725.639653094582,6447.871717281479,731.8879943653307,843.1627766994419,6565.021382646597,-93.52989779579028,-5.986975509547191,12.17138762350023,merge,0.6944483829021886,14.035455138868162,0.6471295730592183,10.487449329992595
57.20000000072832,-1.0982871391555464,-21.659635433705173,136.6264326803063,1604.1374653252435,-1716.3946533341398,6438.093563178626,750.5085061521812,850.7580395527709,6561.497412208021,-96.65273230810502,-6.517976852664861,10.780637955617372,merge,0.6951604519332092,13.971042604133073,0.6468782124640783,10.171871653370241
57.3000000007296,-1.1330628676331809,-21.205947270320042,135.5430499294884,1587.0208300253407,-1706.6772992374856,6428.403048834443,769.2880384658434,857.8761248124467,6557.8432345622605,-100.19958443739746,-7.154311140344505,9.385052113958118,merge,0.6946125396554426,13.600290593946914,0.6467310688681674,9.846720514947798
57.40000000073087,-1.17302512303821,-20.753111145446834,134.48013179051398,1570.174547948799,-1696.440049165724,6418.823103195486,788.2057251506392,864.5454421077293,6554.034476274258,-102.56729957112094,-7.844487943004845,7.9643553545450425,merge,0.6941273139036279,13.205234132007297,0.6470919433739882,9.838230008201448
57.50000000073214,-1.1678779950016522,-20.22621611018348,133.3758048580722,1553.5677131472796,-1685.764828502473,6409.31264124569,807.2358152248307,870.8614082139342,6550.07302062977,-101.77832373103297,-8.525014655161826,6.486833817675173,merge,0.6942362496490138,13.228161654616798,0.6478722746202792,10.490441325537493
57.60000000073342,-1.1298577707392758,-19.685066777835054,132.20047367692064,1537.158486711245,-1674.7282864981937,6399.848501058537,826.3624321604794,876.8847585686276,6545.974662801576,-98.78814310359186,-9.180275343860258,4.986643806217833,merge,0.6946041285755777,13.404697078211457,0.6485369924265924,11.294248523164775
57.70000000073469,-1.1050353291038002,-19.215598917946767,130.99916859817182,1520.964912952355,-1663.3056598803798,6390.456560258246,845.5908479738204,882.5362993573441,6541.738588423732,-96.08530412246486,-9.805677787402857,3.5504853495523365,merge,0.6945101793691725,13.367603106304573,0.648846140093884,11.665891587695944
57.80000000073596,-1.099452662690953,-18.79924413413888,129.9246420417062,1505.0181174006514,-1651.443249427801,6381.163299064431,864.9239886465513,887.7037629098068,6537.363226211107,-94.96472303922648,-10.382857209203275,2.2047075203805435,merge,0.6956264584189288,13.18972159631772,0.6484916177378889,11.54717807899039
57.900000000737236,-1.0680495321624637,-18.292687949833613,128.93036570512794,1489.271874590078,-1639.2098446173504,6371.935049911165,884.3499517579568,892.3413828983181,6532.850401803991,-95.31921540792008,-10.911131124581743,0.9036119969825714,merge,0.696263596657627,13.35632088501281,0.6481455676478071,11.283864517111457
58.00000000073851,-1.0143464900098775,-17.667643567464598,127.82767225233363,1473.6944347614424,-1626.681887844298,6362.759492713336,903.8534318100097,896.4528460460306,6528.197218587086,-96.91282185405504,-11.428685368783993,359.602211914897,merge,0.696896166362469,13.655838830867829,0.647878583967813,10.96432556843856
58.10000000073978,-0.9842702613133956,-17.077796147866792,126.7205477585982,1458.3334847426365,-1613.7979220355453,6353.69683946836,923.4175826389368,900.0446003211794,6523.392186483434,-99.47530868149877,-11.980353163576298,358.2852771417398,merge,0.6966688287723674,13.591943676136324,0.6477021676617495,10.614132505715178
58.200000000741056,-0.9784175309220874,-16.483828498357664,125.67376570644424,1443.2400961710512,-1600.5076458868286,6344.798389871317,943.026205377861,903.1440946806323,6518.418817954723,-101.33753390969927,-12.537358181179307,356.93264244869596,merge,0.6965373736176756,13.493371666416335,0.6480289183343352,10.511232912003996
58.30000000074233,-0.9498270919552212,-15.770831404135711,124.67575699939057,1428.3701224069387,-1586.8757137308924,6336.02394064284,962.6716263458156,905.8512172930192,6513.282831864041,-100.35238263176802,-13.055905752009135,355.50624860383186,merge,0.6969809772893877,13.760709683594127,0.6487928395890652,10.99028404539063
58.4000000007436,-0.9011863589328261,-14.996260361877503,123.68712980314535,1413.6784071036373,-1572.9620301063085,6327.345477001503,982.3560517363605,908.2700266474855,6508.006694736136,-96.55937997616665,-13.509730688409864,354.0162561647512,merge,0.6974453703534381,14.033522871192563,0.6502638255384181,11.966253770746011
58.500000000744876,-0.8770714174095965,-14.287709199973715,122.72019916474552,1399.2110641023091,-1558.7139370387063,6318.8314602152295,1002.092741037607,910.4541954744972,6502.6082999453365,-91.3252290196634,-13.864984725947131,352.5252318397905,merge,0.6970456580415456,13.918683809092869,0.6519470083445666,12.868278912368213
58.60000000074615,-0.8774090444893687,-13.595605815382164,121.8138072009072,1385.0178883271403,-1544.0890648997822,6310.539103006161,1021.8636087150442,912.3008732298387,6497.100388928676,-87.18732448140473,-14.132860621077857,351.12999718158204,merge,0.6967465226705913,13.773346540830628,0.6519158407472627,13.196629327933774
58.70000000074742,-0.8848207595647661,-12.89209619567676,120.90295246308729,1371.072122341397,-1529.1163371919959,6302.442266794441,1041.641107519196,913.6832391418279,6491.504777179823,-85.48863621729303,-14.32586839490118,349.84839009354044,merge,0.6969088440920763,13.639871112366944,0.651591345768623,12.984896770637544
58.800000000748696,-0.92952546380006,-12.283428205378613,119.94156148836464,1357.4312864517988,-1513.7585703044363,6294.591735839448,1061.4136357529833,914.5050800761264,6485.835719295172,-85.950690691094,-14.465480411717781,348.6476340287956,merge,0.6958589539952066,13.183153941104502,0.6510052257101094,12.51585306839137
58.90000000074997,-0.9735196124036903,-11.724025075661876,119.05282790732578,1344.1472906153701,-1498.0086260561577,6286.999188495845,1081.1690087731793,914.7774543291238,6480.090109953502,-86.84148320371978,-14.539693966240998,347.447413432508,merge,0.6952197639927367,12.755312676290977,0.6510011578604078,12.228117740230505
59.00000000075124,-0.9680180503643488,-11.159646859213378,118.252328234493,1331.1625525813304,-1481.9390342091774,6279.58830680776,1100.9088341995152,914.5673446970628,6474.262129358795,-87.28719038414735,-14.604393789575896,346.1924904365066,merge,0.695178388355328,12.678755974321787,0.6510875540207258,12.010895376562681
59.100000000752516,-0.927774112482098,-10.537136740607938,117.34323416102707,1318.4215019059277,-1465.6083237605358,6272.3160953606575,1120.6117515911624,913.8389785592531,6468.351284483823,-87.87503659569255,-14.69515127113967,344.91317384390555,merge,0.6952921770919915,12.810999598473732,0.651228824421433,11.818373770419944
59.20000000075379,-0.90099014550504,-9.892742448268436,116.2794479873678,1305.9506619350866,-1448.9974684230672,6265.221601615557,1140.2768635110203,912.6375930124447,6462.354188924414,-87.96028879460954,-14.805127478085167,343.5892579368813,merge,0.6949048320781799,12.83702697306331,0.6514130694974459,11.689739606815092
59.30000000075506,-0.9145275251559304,-9.295937111222093,115.18270580313445,1293.8240429169755,-1432.063874124775,6258.377450937134,1159.880482596888,910.9263780579496,6456.271264425355,-88.20324932274183,-14.942201462625466,342.25253892088807,merge,0.6937964691384491,12.523968836368814,0.6516353508512416,11.57088997386849
59.400000000756336,-0.9361632200982337,-8.723403925923447,114.19840717584908,1282.0722319605914,-1414.785573966342,6251.798127821222,1179.424156422355,908.7488270718219,6450.100985584661,-88.0166439838049,-15.089526023973646,340.8820010001055,merge,0.6941995600173394,12.231183368271004,0.6518855387017417,11.503180021343145
59.50000000075761,-0.9183941158330433,-8.1262653731865,113.34825788087745,1270.6258920977782,-1397.2213138531308,6245.411211783672,1198.8823139225246,906.0677723344683,6443.845216173926,-88.04178479032392,-15.251834484949088,339.5080574359816,merge,0.6941792941948869,12.2811290216888,0.6521618570255622,11.431423923191572
59.60000000075888,-0.8714548583752224,-7.443803383131523,112.42843026696677,1259.4303312409638,-1379.4302426834984,6239.177759835648,1218.2587068179332,902.9255054405668,6437.503582336745,-87.70325388759002,-15.41358445064125,338.10787188702005,merge,0.6946931944362046,12.481307276234906,0.6524563008414496,11.399955511593594
59.700000000760156,-0.8429022935840825,-6.722847484568479,111.38168732506102,1248.5139462972675,-1361.387452863808,6233.145495765183,1237.5183127495889,899.2672219305653,6431.081088228062,-88.77973077871373,-15.64236907555395,336.71500593260134,merge,0.6946561030742164,12.542203012342638,0.652354882474161,11.133688883192201
59.80000000076143,-0.8570248175550019,-6.041229824203101,110.31273042851114,1237.9520151983786,-1343.062916479801,6227.393985636798,1256.6386219629157,895.0840377191645,6424.569604774663,-91.06003731329074,-15.927990631054776,335.3174654043443,merge,0.6938762390622619,12.27169220659032,0.6523268257633366,10.818662098355153
59.9000000007627,-0.9066804223280271,-5.39885282308622,109.22613124873553,1227.7965374192215,-1324.454960027293,6221.955486040137,1275.6120372657172,890.4053774657975,6417.951117272866,-92.80781539653934,-16.218463886741088,333.8901542412365,merge,0.6926560552923142,11.93184195916929,0.6527949206108729,10.72313567671161
60.000000000763976,-0.9810141050309178,-4.808049036516281,108.07125588366716,1218.0613042058337,-1305.586792196564,6216.802670439828,1294.467591641566,885.3289285864239,6411.218681360937,-91.76960605713452,-16.460806116386312,332.39673462135454,merge,0.6916331685737229,11.611986134562347,0.6537061260668217,11.175840054781125
60.10000000076525,-1.0660890001227377,-4.295227410822598,106.82135252825348,1208.7473568565904,-1286.4786237416104,6211.886882376301,1313.2340591158925,879.9190507898984,6404.380423625413,-88.75384775517689,-16.67602372166953,330.8663305473444,merge,0.6908089618084337,11.304489021525358,0.6549816565280505,11.749715807432645
60.20000000076652,-1.1533402196456113,-3.9003820024824702,105.47018088871762,1199.8667562738333,-1267.1455717823726,6207.165319301159,1331.883203331178,874.1174481736435,6397.449138212907,-86.30151890944889,-16.89673920358993,329.38347293886665,merge,0.6900725090775461,10.975692391980692,0.6556011459255104,11.971183530584085
60.300000000767795,-1.2120165444600326,-3.5636595956748294,104.05279151359063,1191.4191940472638,-1247.605404475192,6202.589699006376,1350.353264683591,867.832325338087,6390.442569185919,-85.73294800249299,-17.115765984047247,327.9781730541002,merge,0.6898344901837006,10.932242725568335,0.6554965928333554,11.751409843365385
60.40000000076907,-1.2363029514654051,-3.313372582221914,102.56093652381969,1183.3594711085407,-1227.8828166150265,6198.11526072937,1368.6165686189067,861.0436456533811,6383.365117977959,-85.6435351523008,-17.265346768948113,326.6095590114562,merge,0.6895654986272505,11.067232392518797,0.6558026515159271,11.635265393589869
60.50000000077034,-1.2769278319435338,-3.2426613706954464,101.03997706506958,1175.7769222215418,-1207.971278727779,6193.7595073103075,1386.696464344449,853.809815052121,6376.2156471141725,-85.30510346738016,-17.377751033615528,325.2154886681825,merge,0.688551249383969,10.816771418778703,0.6561308219069765,11.557898486483925
60.600000000771615,-1.3058434886014645,-3.2266371786936374,99.62772772170588,1168.7038150952312,-1187.8648068380878,6189.5064288581825,1404.55859796375,846.1011048129479,6368.9996925825035,-85.2668250309945,-17.482176063250893,323.8210979339456,merge,0.6890771533228891,10.669304433413068,0.6564842465080045,11.472770793762331
60.70000000077289,-1.2822840562670121,-3.1734180291978302,98.36546002034558,1162.036382799627,-1167.574115922149,6185.309227958062,1422.2178153106468,837.958244363773,6361.715926496843,-84.90598129870816,-17.575274918530326,322.40035170674605,merge,0.6905312524346028,10.99933929159167,0.656855051654933,11.427523330321296
60.80000000077416,-1.223282045820063,-3.0551356570931665,97.04616775236696,1155.7041308588423,-1147.1329469128018,6181.155439991051,1439.6376827732474,829.3524658193303,6354.369852901,-84.8264105952133,-17.67014682432788,320.98157197381033,merge,0.6907925978499624,11.527273877630758,0.6572439413041673,11.369916543224365
60.900000000775435,-1.179192890049068,-2.90760736030881,95.62199562281437,1149.7856826144907,-1126.5571985719855,6177.09064112236,1456.8346608218599,820.323228083171,6346.959837166599,-84.42278715361195,-17.756029723074864,319.5398436661557,merge,0.6902002517784741,11.766877455276301,0.6576437481030377,11.34765793630085
61.00000000077671,-1.1725177767746549,-2.755020993410159,94.22069827552583,1144.3860517087348,-1105.8461190393991,6173.169736784005,1473.7705561617868,810.8430046714471,6339.491925340838,-84.30613082534737,-17.843362819919584,318.1034926959327,merge,0.688907487350021,11.591715386103095,0.6580563788696959,11.308028231876206
61.10000000077798,-1.1756527388346343,-2.5554381796009475,92.9544083481423,1139.520964778682,-1084.9969125377106,6169.39743556054,1490.463529691065,800.9501279986365,6331.964303964732,-83.87305254924945,-17.920346853414195,316.6472441231962,merge,0.6891684084276258,11.448328059125213,0.6584754297272635,11.30000711452545
61.200000000779255,-1.1436507201137505,-2.2672502521820954,91.85396786950504,1135.0842884570413,-1064.0090035020553,6165.727574608353,1506.873813624226,790.61859016587,6324.383614386625,-83.73429820196932,-17.997415300277023,315.1989447321643,merge,0.6903748366824944,11.634250432550687,0.6589037544929938,11.271096591506483
61.30000000078053,-1.0850397265073302,-1.875864212720296,90.70312507472977,1130.9977549854516,-1042.9092512324858,6162.14215154019,1523.0212876815656,779.8856877941766,6316.747786839366,-83.28464311213335,-18.06280977021886,313.732839977487,merge,0.6904391429121555,11.958950552609108,0.6593354593541112,11.271419596795994
61.4000000007818,-1.048108158940344,-1.4413838191416983,89.44050614929095,1127.3222975903482,-1021.716216179623,6158.6937716264165,1538.8647550985527,768.727142402819,6309.064025822791,-83.13486944197639,-18.127352308298974,312.2763808298917,merge,0.690131292468457,12.057392089475261,0.6597740341576916,11.248649051390595
61.500000000783075,-1.0537918322198137,-1.0193529450456358,88.18164410724104,1124.152245302298,-1000.4397049917077,6155.447487498308,1554.425811071323,757.1792392651581,6301.329929663229,-82.6770045680693,-18.179371869830113,310.8034620940328,merge,0.6887109410903943,11.822538613477443,0.660213869126361,11.253753760757434
61.60000000078435,-1.0952063971157935,-0.6147798408573816,86.92048849208099,1121.5262873151364,-979.1039320071388,6152.420616546778,1569.6619578282634,745.2195838349465,6293.553232370344,-82.52304007977452,-18.230054668793613,309.3412833697723,merge,0.6872728948400156,11.521313441207477,0.6606588699888425,11.234421498424581
61.70000000078562,-1.1631531690681691,-0.2629092880054989,85.61508841403581,1119.4452468199088,-957.7257722950128,6149.5900415611895,1584.5964896703433,732.8834284510913,6285.731151260608,-82.06202931911155,-18.267724983301477,307.86351509148875,merge,0.6859641584400813,11.198804697657883,0.6611035609204724,11.242240534617876
61.800000000786895,-1.245270794355878,0.0010142365846860881,84.2401771911501,1117.8961215449142,-936.3201073247183,6146.913037191376,1599.185726746072,720.1503795630337,6277.871924962914,-81.90801930210986,-18.30386660675934,306.3972122367146,merge,0.6848984487315191,10.897438896582788,0.661552128560464,11.224791766701157
61.90000000078817,-1.3317280633727961,0.13815676211751982,82.79176479435773,1116.870608474406,-914.9010086499502,6144.344837501559,1613.4546357998784,707.0546075993786,6269.9723605092295,-81.44701736661077,-18.32672794143886,304.91590650376895,merge,0.6839590076856691,10.585005659349468,0.661999140603421,11.234141779344057
62.00000000078944,-1.417971973253277,0.1171061145953102,81.28132427678335,1116.370293483814,-893.4834240231627,6141.843946641603,1627.3584695341378,693.5778133546512,6262.0411824260655,-81.29561863124879,-18.348042188003816,303.4465739340645,merge,0.6830916609260477,10.253783234854879,0.662448986411879,11.217687658372563
62.100000000790715,-1.4753295206784813,0.008490959204499484,79.72792080681403,1116.3777397774813,-872.0784885822424,6139.365473846868,1640.9238319266021,679.7530212109662,6254.074770142723,-80.83674514066638,-18.355942457887863,301.96265976893426,merge,0.6827330598311516,10.240408394390736,0.6628962246862802,11.227892583008908
62.20000000079199,-1.4992031318115084,-0.20841128176063525,78.13191290421365,1116.8327069185664,-850.6851900324982,6136.878769985462,1654.1050215699295,665.5641041909314,6246.082318424088,-80.68980921277846,-18.362381226500855,300.49109849460234,merge,0.6823489951494093,10.42225981793213,0.663345403404324,11.211924206406291
62.30000000079326,-1.5395966241435943,-0.5983485463252592,76.56108034994405,1117.820047494104,-829.3365158333372,6134.377747608733,1666.9302372698232,651.0428685855398,6238.059768789009,-80.23461886248049,-18.35535773062426,299.0052796866413,merge,0.6812532631353959,10.209166197235733,0.6637910421275665,11.222596632115314
62.400000000794535,-1.5686070615297616,-1.011139436102352,75.013881020081,1119.3616596499814,-808.0543404243429,6131.839391846958,1679.352937430446,636.175426619882,6230.0167716908545,-80.0935478826485,-18.347024203021686,297.53211655304324,merge,0.6806200396703818,10.20732253100175,0.6642378229977239,11.206821252398619
62.50000000079581,-1.5455178789775932,-1.3496598077933246,73.53938617752917,1121.3549071289772,-786.8041077611138,6129.245735690672,1691.402867091605,620.9922907161896,6221.948824743882,-79.64327074724247,-18.325239054570538,296.04496097783766,merge,0.6819581234400875,10.748467589658656,0.6646802091233037,11.21773819171272
62.60000000079708,-1.4867407062414522,-1.6313449035842702,72.13162200951074,1123.7269081518507,-765.5673119795632,6126.602280542583,1703.0327600995888,605.4818707563644,6213.866019646785,-79.50919841440452,-18.30234012137006,294.57071542524733,merge,0.6821176084900281,11.352603940546249,0.6651230035319451,11.201986481585317
62.700000000798354,-1.4415370110088574,-1.8965264513665896,70.67275570280724,1126.5521060879094,-744.3974473742869,6123.93286764367,1714.3072867776734,589.6965802251059,6205.755789948445,-77.39478150377155,-18.17200446044098,293.08468145355926,merge,0.6814156334621667,11.600328062146552,0.6660173054782537,11.640929577902225
62.80000000079963,-1.4142915937824156,-2.092740920143033,69.34867668300058,1129.9074262694926,-723.3155433526812,6121.257391030804,1725.2913967667441,573.6733218082611,6197.617262161348,-73.79295631646728,-17.96566576547672,291.59492642334885,merge,0.6817830924977107,11.616885850773059,0.6672400862563708,12.120165092384099
62.9000000008009,-1.3637978249095475,-2.128944622623383,68.19441536201383,1133.7115933596083,-702.2813925706847,6118.569964882744,1735.927493216269,557.3779081458359,6189.484845088649,-71.32107271580934,-17.762358731446866,290.16347596790547,merge,0.6830845508248131,11.884075493244422,0.6677585888394942,12.225481394396793
63.000000000802174,-1.2932662265784318,-2.0293485469584787,66.99080298074348,1137.88160803184,-681.2867499838507,6115.876205321986,1746.118736158988,540.772306541793,6181.404732552946,-71.15564850848322,-17.57365104766127,288.80628357169996,merge,0.6832055392757053,12.220758288751494,0.6675659650322762,11.936443581279132
63.10000000080345,-1.2500472967475647,-1.8786352257466463,65.69074130885379,1142.4944700465446,-660.3915448281243,6113.224725392327,1755.8359293780939,523.8662473598359,6173.3871194965395,-71.59979474338671,-17.324428758016985,287.49032505633494,merge,0.6823097985288042,12.216683340297742,0.6674073116423528,11.791819923370374
63.20000000080472,-1.2513136291907434,-1.7144151668874312,64.40621993142204,1147.650438097719,-639.6518809863129,6110.666075383053,1765.1665765292757,506.7182233477143,6165.400995445132,-70.0735553347915,-16.95484889843686,286.16022065777724,merge,0.6807767949584133,11.89930942975062,0.668123032479622,12.0922105870074
63.300000000805994,-1.2895204274684162,-1.5536654056074601,63.12010890300156,1153.3727440823034,-619.0962934334701,6108.209698071483,1774.183732642204,489.35550445294126,6157.431342245194,-67.03646241596827,-16.524146317605098,284.8164226934268,merge,0.6792906350808243,11.541489401660074,0.6692487834833774,12.46060725397158
63.40000000080727,-1.3550963309696056,-1.4449842659645542,61.794240510436325,1159.649336816477,-598.738185062156,6105.834665802652,1782.8411932338024,471.75505240013973,6149.514045642347,-65.06586843022889,-16.122641471187457,283.5054841611798,merge,0.6779440513038277,11.173063659128939,0.6697356715394482,12.52289218165228
63.50000000080854,-1.4356887813536057,-1.4323946570248527,60.40996822414572,1166.454694140778,-578.5829220080878,6103.503382240856,1791.0433669259025,453.88963454615885,6141.703532965977,-65.4336861557826,-15.767065836742901,282.2480616132416,merge,0.6768666861995998,10.836028087766985,0.6694492805446208,12.200660673350647
63.600000000809814,-1.4939576438438589,-1.4674161047404495,58.971128899924224,1173.7487654809713,-558.6251327508157,6101.170925220073,1798.7531667263752,435.7695422763691,6134.012673093554,-66.33415411700693,-15.37323034746415,281.02929888259627,merge,0.6763658153973218,10.770473189982319,0.6691624778810241,12.013890458805317
63.70000000081109,-1.5207260168704517,-1.5963150575811476,57.47705131425012,1181.4700487280325,-538.8408437062888,6098.809165826127,1806.0243228888946,417.42828455753005,6126.414331814227,-66.82228128968207,-14.967300635423356,279.7735555448626,merge,0.6758654307014816,10.847168924647459,0.6692898023941375,11.870976768022908
63.80000000081236,-1.5644411148070176,-1.9016370338791835,55.99626847712705,1189.683309405609,-519.2883055816503,6096.41027569533,1812.8125750765194,398.86700703388277,6118.922076735297,-67.53930806546272,-14.586676089120257,278.50020057266767,merge,0.6746881665669635,10.562798863414045,0.6690408986562044,11.740508695757635
63.900000000813634,-1.5960924164641022,-2.2402935283656293,54.524947283738605,1198.3976650897741,-499.99348163923634,6093.950479525629,1819.15481469339,380.11040444921207,6111.517126969609,-67.76317767383011,-14.21741018788719,277.1878377295405,merge,0.6739959205146119,10.4888779758178,0.6691965956905962,11.65306516920608
64.00000000081491,-1.5749005360912098,-2.5198510434778045,53.109907698142614,1207.5265803127763,-480.88736095239693,6091.414765757158,1825.0056783781408,361.161473775634,6104.21370202758,-68.21138509267215,-13.875936093019888,275.8653333960053,merge,0.6752991603181794,10.92852402395424,0.6689647198142838,11.568680858806841
64.10000000081618,-1.5181381166337014,-2.7637780064870436,51.74705471526258,1217.006132157336,-461.92582622440017,6088.810804211551,1830.4030949329422,342.04217654658777,6096.994874883279,-68.21647306186442,-13.540736024851922,274.51341344128673,merge,0.6754640484792306,11.432957106941588,0.669127659186902,11.521279636197361
64.20000000081745,-1.4752500465054983,-3.011680794695523,50.32261928524072,1226.8836275998303,-443.18120821873333,6086.15922240766,1835.3013431564175,322.7574512605434,6089.876053413677,-68.48191617890927,-13.22567368299008,273.1609874623034,merge,0.6748144330961999,11.622732999220583,0.66889492449266,11.467898254997552
64.30000000081873,-1.4687149435139857,-3.249697956009601,48.93007622104556,1237.2396714503316,-424.7349411081569,6083.481939918468,1839.739351020496,303.3267581368255,6082.8416094802205,-68.35652344685968,-12.909943882631488,271.7870726755059,merge,0.6734827606091607,11.397733721541458,0.6690508712716496,11.445401051300369
64.40000000082,-1.4715901681653634,-3.4123980870369977,47.65127708561602,1248.0883044580344,-406.59732433820614,6080.779291725344,1843.6714902193046,283.75095490591457,6075.906451970306,-68.52214810336639,-12.60908138874279,270.42190502914696,merge,0.673731685934919,11.212229758336925,0.6692194131554768,11.400630495675243
64.50000000082127,-1.4400223865261972,-3.4434718136943014,46.40494670345995,1259.3396764822103,-388.6987129114332,6078.038886145074,1847.137419992187,264.04598903464887,6069.055390635395,-68.33396404224436,-12.303140788344239,269.04074637940994,merge,0.6738509567805931,11.457450889819803,0.669376848202514,11.38887228232087
64.60000000082255,-1.382100022124331,-3.382677173517138,45.01443730601194,1270.9187706821317,-371.00405909320705,6075.266580861989,1850.0913032852636,244.22238793396045,6062.305635921166,-68.45713029875604,-12.007026549333482,267.66874379747145,merge,0.6738952663077356,11.891027055498935,0.6695267347028301,11.35471664235616
64.70000000082382,-1.3447768911361622,-3.3213816250277914,43.62319006543705,1282.8752732831372,-353.5624940962582,6072.4933016750965,1852.5735226097818,224.29386867008282,6055.642182887534,-68.2461611968015,-11.702932731073949,266.2822090068175,merge,0.6736259275510427,11.986783490625886,0.6696631401050259,11.352188418089511
64.8000000008251,-1.3485308652401908,-3.273491288687329,42.2855659541514,1295.2822038132006,-336.4542554655319,6069.753969838107,1854.5194206592043,204.2736443973025,6049.091203518704,-69.65759838075793,-11.477323117437667,264.8863582120222,merge,0.6726710757002368,11.697456989093805,0.6693471935030496,11.08806489298741
64.90000000082637,-1.3865932906596166,-3.243488266690503,40.96640784612322,1308.1568312793147,-319.72141705197606,6067.055478936875,1855.9081951324767,184.18092730432522,6042.646872065396,-72.4360986064347,-11.313994690085535,263.4706523740631,merge,0.6717426289906886,11.33210617162741,0.6690862595041949,10.761659615765081
65.00000000082764,-1.4502076773733106,-3.2733438756606756,39.61717292122981,1321.4775931488166,-303.37618388798313,6064.378411096644,1856.7424851080643,164.0367599607289,6036.283780007431,-76.19652317984487,-11.23235589984329,262.0104178207252,merge,0.6705332609949843,10.952932233021588,0.6689868725812592,10.423661634008091
65.10000000082891,-1.5006774727094776,-3.316322512555997,38.21847867163454,1335.2012482938683,-287.405068592523,6061.686473445028,1857.056014799634,143.85899811935928,6029.960366566319,-78.85577167669712,-11.170007981851079,260.50519653699365,merge,0.6699424806204997,10.845403097500132,0.6694752806036202,10.384367239502675
65.20000000083019,-1.494363491931703,-3.328618341085006,36.75273251999492,1349.2496965268274,-271.72687516251153,6058.950026934511,1856.9115467888982,123.65362369847884,6023.645474643579,-79.83461960596826,-11.164760141825711,258.9437447996551,merge,0.6702540289608424,11.309189643585384,0.6699441203237771,10.493019255155337
65.30000000083146,-1.4497728615283825,-3.3473393758802437,35.25791113897741,1363.5780467777245,-256.2815193916207,6056.166204619583,1856.2597128053503,103.44993756876188,6017.340470926551,-80.41226364823979,-11.225581387249047,257.3787357276443,merge,0.6708964779648533,11.8837288474121,0.6699740693892802,10.62078239418867
65.40000000083273,-1.4155756221028006,-3.4119160190997113,33.82081708402943,1378.2331098755076,-241.13368176927796,6053.356363403178,1855.1817705776737,83.25049755534106,6011.025455476195,-78.3702181496839,-11.209304163786372,255.80654220983175,merge,0.6707592015582401,12.057067171830514,0.6708324386304251,11.288517817510533
65.500000000834,-1.4169941631923129,-3.5079244396274922,32.46113171447692,1393.266471455278,-226.39042370331336,6050.547202339206,1853.7461940208868,63.03805192198269,6004.696610874725,-74.51544006364941,-11.127189233539736,254.25169667895983,merge,0.6694372259266353,11.777742888459839,0.6719310148554883,11.985629501736167
65.60000000083528,-1.4258709307377981,-3.5470196499837066,31.135789114286908,1408.6763600755903,-212.09129209935972,6047.740677582112,1851.8565033649545,42.8316325335864,5998.397427022979,-71.6905361457235,-11.043379473987622,252.7896111540346,merge,0.6685373822189103,11.618761384318981,0.6720392238527305,12.128781163839909
65.70000000083655,-1.428283891135804,-3.565952813896233,29.782663830612204,1424.4208985432429,-198.18236283596303,6044.925291730035,1849.4023918488817,22.668119576131033,5992.179945518652,-71.08980775566114,-10.954379444009696,251.42482409063734,merge,0.6680829238238077,11.505406944149954,0.6714902275252876,11.828686731835958
65.80000000083783,-1.4354230507040495,-3.5935098034673545,28.427377843401363,1440.5113772284071,-184.70788617969663,6042.10484828673,1846.378359231444,2.5712599981749267,5986.0522380154525,-71.11732834078789,-10.780085295327739,250.10566655304817,merge,0.6672659721453541,11.396612360025015,0.6710182949708928,11.682387415135533
65.9000000008391,-1.4357853859629086,-3.6226446502497684,27.040831308389954,1456.9074909793844,-171.63712921494292,6039.271867329723,1842.853202415162,-17.464089702762426,5979.995580070362,-70.9474611209011,-10.557216627415196,248.76154466041572,merge,0.6664546993027727,11.3405105537023,0.6709581237450244,11.582847218294809
66.00000000084037,-1.4410448740801132,-3.665303710568732,25.65836955157642,1473.6236054058618,-159.01347044590605,6036.429911465183,1838.787071885316,-37.418796508382584,5974.0237230253815,-71.14959236768159,-10.326884791548952,247.42009883831255,merge,0.6660812397245987,11.264142180717414,0.6709318711668245,11.476406815192735
66.10000000084165,-1.4400964143224668,-3.709351436277699,24.256801354125383,1490.6354656197327,-146.798448839053,6033.571481933212,1834.2259324731747,-57.29523622254656,5968.122540609089,-71.03345644736092,-10.084337245087955,246.05350168735947,merge,0.6657398528341086,11.225102170577511,0.6709117676017076,11.415362913404223
66.20000000084292,-1.444392710101029,-3.7636197114006498,22.862454877711478,1507.9499350216174,-135.0397857730251,6030.700948610383,1829.13248249821,-77.06458439787681,5962.306527474082,-71.2493455032549,-9.848557904460138,244.6889037370869,merge,0.6654163269376834,11.167751459026071,0.6708989752080462,11.342146327664917
66.3000000008442,-1.4428630253387715,-3.8162263735863244,21.44838949761885,1525.538139253921,-123.70146355265804,6027.8118900885975,1823.5515739195484,-96.73132850738881,5956.5613755388595,-71.12867571853334,-9.606268163460971,243.302017475769,merge,0.6651029022551718,11.146892723078775,0.670884783914337,11.308938995428345
66.40000000084547,-1.446757305769045,-3.8768372399902535,20.042908292496673,1543.4048409894701,-112.83190462571459,6024.908861568779,1817.4287005240285,-116.25586090668253,5950.909427099964,-72.66726613038617,-9.446280566063137,241.90384797022386,merge,0.6648036080237759,11.104844827493407,0.6704232529064568,11.01756341345529
66.50000000084674,-1.444983350681873,-3.934478398982448,18.619605036910915,1561.5232381200371,-102.39403441311686,6021.985763332406,1810.774279761858,-135.61608628663697,5945.336006154585,-74.06266059913966,-9.267993019146406,240.49814415137303,merge,0.6645112154041443,11.096270667040683,0.6700603540152006,10.938509877233015
66.60000000084801,-1.4486936825250218,-3.999217091622458,17.206662850060503,1579.8958141751398,-92.4367728183239,6019.047213885043,1803.692219636616,-154.83703243073958,5939.802494896165,-72.7838737544632,-8.999468228868794,239.0576567264413,merge,0.664230420947623,11.063845732143207,0.6702107632090992,11.40243146509368
66.70000000084929,-1.446787125921468,-4.060465122032038,15.777419952808966,1598.497787372599,-82.92198078007303,6016.087304510996,1796.2933940822488,-173.95926237686626,5934.28283570602,-68.71019034115105,-8.631562046937988,237.60121654893973,merge,0.6639545226118433,11.062746398179302,0.6708615528234422,12.339728201936701
66.80000000085056,-1.4503761804214943,-4.128407877373852,14.359751269087832,1617.3292704563924,-73.8988558169727,6013.110665530381,1788.6323081918588,-193.02100711155418,5928.770700300363,-63.753832715976856,-8.201156699295327,236.19315584434466,merge,0.6636887008204202,11.036092267253707,0.6721023256723208,13.147835393705819
66.90000000085183,-1.4483628202080188,-4.192602368205012,12.926737443509419,1636.3674962423172,-65.32820906356724,6010.1115266479255,1780.617525115748,-211.98657636149878,5923.327118009538,-60.792624777478146,-7.776993092632849,234.9139349796692,offense,0.663426590964407,11.039453814960195,0.6723471750545352,13.350290600171297
67.0000000008531,-1.4518420880182872,-4.26323428381471,11.506040612928055,1655.610157887004,-57.25932678905474,6007.094517675055,1772.1481635120333,-230.7918008606154,5918.030186722559,-60.624344877832094,-7.367035230744517,233.76048181349879,offense,0.663173672949971,11.016245258958142,0.671693398909063,13.047150661076575
67.10000000085438,-1.449724620814943,-4.329923893097868,10.07056405586972,1675.0365231038793,-49.65201520082622,6004.053984770143,1763.1521123823911,-249.37847759311876,5912.9324610361045,-62.737103627732374,-6.982351910063483,232.6700341270968,offense,0.6629237787609374,11.022271186638417,0.670706201089674,12.500652893791225
67.20000000085565,-1.4530951760469304,-4.4028231724503035,8.647848836377776,1694.64184346625,-42.555485630660385,6000.994559859994,1753.6421395663297,-267.7337777845046,5908.013036444003,-64.87405550439377,-6.561328199576783,231.57823222235902,offense,0.6626825677292464,11.00113034791738,0.6703274898894057,12.15984796751854
67.30000000085693,-1.4508742568612487,-4.4715963551980655,7.2106799036741105,1714.407453785302,-35.92860662877892,5997.910692591852,1743.67881972317,-285.8808872010499,5903.228537622133,-66.03946945886298,-6.147671524712457,230.40967303823106,offense,0.6624439830531825,11.008753511209179,0.6699993911900635,11.914067821254463
67.4000000008582,-1.4541383573844324,-4.5463587770835625,5.786535418745652,1734.3261590490695,-29.82036722694034,5994.807023640168,1733.2217301335743,-303.76999617233633,5898.596606725833,-68.62686123123338,-5.857717644832712,229.16810483125647,offense,0.6622137908880844,10.98886339487707,0.6692611494729607,11.461878241200512
67.50000000085947,-1.4518170527696361,-4.616817035479755,4.348118608956048,1754.3813973676831,-24.188780655802283,5991.678094960097,1722.281716951288,-321.3858117482609,5894.091349781272,-70.73224787656447,-5.578176488580748,227.8841286222564,offense,0.6619859948541905,10.997449255309846,0.6690703224684517,11.249345532965634
67.60000000086075,-1.45497939975884,-4.693055102735742,2.9228805699898377,1774.5635341329994,-19.082477403999615,5988.528563040894,1710.9156139384845,-338.7571400382628,5889.67511019457,-71.60516294636344,-5.3288433345942945,226.52732011174737,offense,0.6617664241576623,10.97832296409246,0.6688996300564986,11.156178286479285
67.70000000086202,-1.4525626001552256,-4.7648221858356266,1.4834657780818323,1794.8581468220093,-14.45870828462697,5985.353051237181,1699.083422731429,-355.82753076741443,5885.361860869423,-73.75208919686462,-5.207169150393273,225.12706150339847,offense,0.6615491131507362,10.987491152306504,0.6682921600591114,10.821053469378317
67.80000000086329,-1.4556291197428275,-4.842176177237848,0.057319216107135466,1815.2531772273317,-10.365616230167875,5982.1562384762055,1686.7963271596843,-372.58328539034983,5881.129273216662,-75.42712394920072,-5.09341557285197,223.7058673696909,offense,0.6613399288212948,10.96883586017504,0.6682110606388066,10.721114655355242
67.90000000086457,-1.4531222442601415,-4.9149070335292215,358.61704011726874,1835.736375599569,-6.75978916186036,5978.932818815938,1674.1079761152344,-389.05927227775743,5876.948043039563,-75.96043334278222,-5.002403242557366,222.2358025826538,offense,0.6611329186211314,10.978357688152514,0.6681272234733533,10.732805140288843
68.00000000086584,-1.456098908342261,-4.9930502945029875,357.1900796948568,1856.293283545953,-3.6887582406898063,5975.6874997735895,1660.981161139072,-405.1937079725639,5872.829858751906,-77.77677100267825,-5.023955446727202,220.75155960821724,offense,0.6609339726481633,10.959996955221047,0.6675893096798674,10.47276179088132
68.10000000086711,-1.4535070510637016,-5.0664330359471474,355.7490001022371,1876.9138535812972,-1.1085524493982541,5972.415035970747,1647.4278930678877,-420.9743259497031,5868.7552184122505,-79.1858723183282,-5.043077099405573,219.26208570829138,offense,0.660737140601256,10.969735451808644,0.6675662662418362,10.436750374536572
68.20000000086839,-1.4563992567955344,-5.145070965758404,354.3212662760778,1897.5812571288382,0.9340295169312686,5969.120169363383,1633.4985654060345,-436.44120736219793,5864.7010274023805,-79.53741213184152,-5.076397411770634,217.7377983368844,offense,0.6605483274122281,10.951563144432699,0.667529648480111,10.501668390779956
68.30000000086966,-1.4537268425402203,-5.218823868175162,352.8794082274799,1918.2876738483988,2.4834106518001717,5965.797705627153,1619.172501983663,-451.5451819200422,5860.671084807945,-79.83610712528758,-5.136839982385288,216.22167394847452,offense,0.6603615781078364,10.961436897955018,0.6674816660880504,10.554605520842351
68.40000000087093,-1.456539239347106,-5.297689534024343,351.4509092819673,1939.0139411017344,3.4936425843660963,5962.452426862515,1604.484229084931,-466.3120219614522,5856.655047367207,-79.5502819120305,-5.196977702199564,214.696819140872,offense,0.6601828080970553,10.943389288115966,0.667408555906048,10.649161726828831
68.5000000008722,-1.453790003531642,-5.371556003060079,350.0082702221252,1959.7544855749763,4.009491268321682,5959.079180933458,1589.4155917335959,-480.69206370205615,5852.6610836336195,-79.47071750313405,-5.257973228983672,213.19508840550577,offense,0.6600060531340143,10.95335036831435,0.667319599981369,10.702577843439139
68.60000000087348,-1.4565265641454517,-5.450404882619025,348.57899575409755,1980.4878525363306,3.985974000136436,5955.682795671433,1574.0001479483058,-494.7136295234242,5848.68179054457,-79.02832239481744,-5.300810007995699,211.6903249283771,offense,0.6598372371539524,10.935389124313053,0.6672080013167997,10.778280963095954
68.70000000087475,-1.4537036817419584,-5.524148350673968,347.1355590571583,2001.2107303603893,3.46808929604641,5952.258152828488,1558.212197058265,-508.30898765551774,5844.732435194833,-80.1825883908821,-5.403707067640304,210.20434708913697,offense,0.6596703834156636,10.945409583579545,0.6666330886114704,10.5508876091495
68.80000000087603,-1.4563678660362134,-5.60275359709028,345.7054882162026,2021.8994198566693,2.4119330419790708,5948.810131446836,1542.0663461992015,-521.4699977329834,5840.799551107603,-81.2297504163402,-5.474117806788937,208.7250754796899,offense,0.6595114238972682,10.927511422330822,0.6665723975509961,10.521215654816773
68.9000000008773,-1.4534741198895966,-5.676153280103474,344.2612296109377,2042.5528804090252,0.86262503759812,5945.333639320493,1525.6055032346499,-534.2469764555467,5836.865889677516,-81.4585824060213,-5.542331068514427,207.2159390185232,offense,0.659354366961447,10.93757508977149,0.6665030492949481,10.568382849069547
69.00000000087857,-1.4560690472252253,-5.754302039645088,342.8303361164609,2063.145221537793,-1.2225497850795415,5941.8336120436825,1508.8187141424723,-546.5883429538748,5832.934887153537,-81.74986588567272,-5.627691326230065,205.71649396806765,offense,0.6592051530304496,10.919725530066255,0.6664297783019633,10.597655192824675
69.10000000087985,-1.4531069817810014,-5.8271498044324055,341.3852275954426,2083.6776775509534,-3.7984621085087333,5938.304975976464,1491.7358135856057,-558.5268374351532,5828.998173266235,-81.52611070105624,-5.7114981808338365,204.20602011769603,offense,0.6590577736622639,10.929823072767674,0.6663407768504006,10.664432724302982
69.20000000088112,-1.4556355753646362,-5.904640625857008,339.9534827821299,2104.1222252699777,-6.906530092669937,5934.752728420097,1474.3483987941195,-570.010570650685,5825.062037621937,-81.54087141273148,-5.797667863331328,202.7153802211731,offense,0.658918178649304,10.912012705988015,0.6662447754991281,10.694128772458356
69.30000000088239,-1.4526076166052506,-5.976738877104752,338.507494975964,2124.4823724069465,-10.501726821608663,5931.17180712339,1456.6847194908148,-581.0743107351618,5821.120214467102,-81.19698544430503,-5.870696033615448,201.2174053006702,offense,0.6587803411331633,10.922138693611464,0.666134605523443,10.748749747692397
69.40000000088367,-1.4550727103847998,-6.053380037480526,337.07486964240707,2144.7280269853513,-14.624068459828035,5927.567276052091,1438.7391506733723,-591.6663709752727,5817.1803429748,-81.1701095718457,-5.93832843826136,199.74009018475272,offense,0.6586502215076131,10.90436098673993,0.6660202237414896,10.763928990801574
69.50000000088494,-1.451981250532867,-6.124540409150595,335.627973265016,2164.8649631609774,-19.228742271744988,5923.934077408317,1420.538361167994,-601.8234021489849,5813.236471673271,-80.83893163326817,-5.989909116959918,198.2543945457566,offense,0.6585217730680523,10.914512171124763,0.6658954394062618,10.802569269298367
69.60000000088621,-1.4543856616979831,-6.200148925760461,334.1944388013821,2184.8610892563092,-24.35426032187298,5920.277346553803,1402.079511154276,-611.4939340674164,5809.296611967132,-80.85062943443653,-6.035923359140265,196.7876908180855,offense,0.658400968213154,10.896762191504921,0.6657696139934455,10.804275425136465
69.70000000088748,-1.4512331144548414,-6.270191550781996,332.74660553684305,2204.7244334814695,-29.956135421213286,5916.592023419729,1383.3875559687992,-620.7162347183757,5805.354459194881,-80.56794622875326,-6.067529696021472,195.31071180801416,offense,0.6582817390772826,10.906936513488054,0.6656364737732636,10.830868923304223
69.80000000088876,-1.453579688874532,-6.344592668292149,331.31213462038966,2224.420978628259,-36.07127663630913,5912.883319248918,1364.462391299518,-629.4390051108974,5801.417993489197,-80.63236568884594,-6.096106976016648,193.85090487497683,offense,0.6581700715605414,10.889210200612592,0.6655045617998865,10.823370016703901
69.90000000089003,-1.4503685226348575,-6.41334583652213,329.8633376748703,2243.960989167345,-42.6556330204333,5909.146165157908,1345.327114490408,-637.7019041375429,5797.480446976483,-80.39713334124181,-6.113014357049358,192.37923290529267,offense,0.6580598753977501,10.899406225896039,0.6653673506720742,10.842330866427552
70.0000000008913,-1.4526601608130407,-6.4863728236268985,328.42790470612573,2263.308601470592,-49.74441518223009,5905.3858524809275,1325.9843110160384,-645.453806536837,5793.549650257301,-80.5060619775272,-6.129662652232293,190.92336340897702,offense,0.6579571515327987,10.881699983184035,0.6652327655015575,10.82927885534408
70.10000000089258,-1.4493929165439852,-6.553672885587056,326.9781191578205,2282.4762931067517,-57.2941181926314,5901.5972972146155,1306.455099669345,-652.7355892270394,5789.618456299013,-80.30694342403856,-6.137077589608161,189.45453442979746,offense,0.6578557861175172,10.891916587598729,0.6650940736539845,10.843813006487597
70.20000000089385,-1.4516325863658113,-6.625167021775734,325.5417005393106,2301.426437934755,-65.33816241388847,5897.7858746997,1286.7447226498502,-659.4963558873764,5785.694539280043,-80.44770272081941,-6.146426304489251,188.0006160197441,offense,0.6577617966999038,10.874227058603198,0.6649588114936497,10.827647881793688
70.30000000089512,-1.4483118853288368,-6.690858438759871,324.0909035642071,2320.173698136264,-73.83369754587912,5893.9464796723105,1266.8722249622908,-665.7780628522788,5781.7704932616325,-80.27306534892247,-6.148334243467242,186.5330529692491,offense,0.65766904470763,10.884463256196096,0.664820111136734,10.839768764506637
70.4000000008964,-1.4505026262368408,-6.760669110281742,322.65347788090094,2338.6787736047672,-82.8122658200195,5890.084575126797,1246.8454799761985,-671.5301336698878,5777.853862232799,-80.43465281419316,-6.15369095677747,185.07986857918303,offense,0.6575835658549037,10.866787205519088,0.6646852884600131,10.821958258744406
70.50000000089767,-1.4471311712289052,-6.8246045849650985,321.20164889929686,2356.9584773824768,-92.23177877244765,5886.195028600278,1226.6813832725538,-676.7954822174911,5773.937083792905,-80.27548217011677,-6.152806300036516,183.61263447918685,offense,0.6574991957400246,10.877042057211096,0.6645473910320709,10.832836867008218
70.60000000089894,-1.449276093025355,-6.892589437510697,319.7631970346719,2374.9719284177822,-102.12181675290228,5882.283394088093,1206.3904155681214,-681.5239632999114,5770.027601124072,-80.44992761133878,-6.15633558733094,182.15948389990305,offense,0.6574219897971135,10.859376309971774,0.664413621366214,10.81420852015495
70.70000000090022,-1.4458566656018745,-6.954630083092983,318.31031780405146,2392.7380516588064,-112.44115870035678,5878.344506189686,1185.987261831859,-685.7593328336353,5766.117768817243,-80.30004492621978,-6.154381447136799,180.69205237784843,offense,0.6573457567222564,10.869648877011526,0.6642769732524043,10.824488819287822
70.80000000090149,-1.4479589439716394,-7.020655198314599,316.8708230109995,2410.2144824225425,-123.21734369088485,5874.384012948981,1165.484984160261,-689.4519987742935,5762.214952638298,-80.48208833085506,-6.157420179720002,179.23855283321643,offense,0.6572765732086046,10.851990290546683,0.6641445992681538,10.805484648638856
70.90000000090276,-1.4444943992308457,-7.0806707202752275,315.416877679756,2427.422213480184,-134.41012175833126,5870.396710516191,1144.8960067074622,-692.6464448352041,5758.31147235109,-80.3375502822753,-6.155437230749001,177.77064191567953,offense,0.6572082200079475,10.862279612499062,0.664009456430619,10.815502567970364
71.00000000090404,-1.4465572693062474,-7.1446107961126835,313.9763256171951,2444.317497932985,-146.04491589145823,5866.388343708944,1124.2359426149064,-695.2937586799808,5754.414632592416,-80.52391778588398,-6.158775643086548,176.3165933774314,offense,0.6571467965927049,10.844625065518088,0.6638786831179964,10.796345572015055
71.10000000090531,-1.4430505292156042,-7.202479670956519,312.5213007474257,2460.9233472474402,-158.08254880527397,5862.353664941481,1103.5149139034525,-697.4390366489323,5750.516748115308,-80.38232446988688,-6.157367698878818,174.84805819804203,offense,0.6570860547581008,10.854930151498266,0.6637452082142469,10.806266099661888
71.20000000090658,-1.4450772779932262,-7.264218193822434,311.0796794888361,2477.194737623461,-170.54625737925576,5858.298518233904,1082.7510488953249,-699.0341740290429,5746.625072983933,-80.5710597875196,-6.16145560270639,173.39336010435167,offense,0.6570321182544858,10.837276542509406,0.6636161752091675,10.78706094473406
71.30000000090786,-1.441531323851886,-7.319827835581203,309.6235640529979,2493.1566451425865,-183.3980362616543,5854.217607191205,1061.9521338407515,-700.1247629434004,5742.731934654942,-80.43099875145911,-6.160960303381851,171.92412857409136,offense,0.6569787089375198,10.847596369451166,0.6634844887557696,10.796958787980433
71.40000000090913,-1.4435252819476436,-7.379257237399083,308.18086407059604,2508.7628781015387,-196.65887119822247,5850.116877150205,1041.1387702993818,-700.6636337110251,5738.844543222624,-80.62096685219387,-6.1660442405814955,170.46873150048,offense,0.6569319763101522,10.82994061999257,0.6633573074920173,10.777749478952549
71.5000000009104,-1.4399431463391288,-7.432504146501757,306.7236494249911,2524.0403182658124,-210.29202546280786,5845.990978088853,1020.3163821398406,-700.6967556382971,5734.955249049434,-80.4816257420354,-6.166642904321897,168.99876790114837,offense,0.6568856113349145,10.840274134583785,0.6632275132159063,10.787654235197287
71.60000000091168,-1.441907679370401,-7.4895259425289264,305.279863551955,2538.94171848426,-224.31617383862232,5841.845958456999,999.5079959223057,-700.1780198958506,5731.071222306588,-80.67218130367678,-6.172851895372443,167.5426469870877,offense,0.6568457907161116,10.822613194847605,0.6631022847468426,10.768455599498791
71.70000000091295,-1.4382924378159168,-7.540315833922983,303.82154338909874,2553.4958025353485,-238.69594213519852,5837.676410015989,978.716653212523,-699.1536528280662,5727.184841979432,-80.53309868486886,-6.174636633333348,166.07193241692875,offense,0.6568061735986895,10.832959317326404,0.6629744811425783,10.778375883978947
71.80000000091422,-1.4402309375827718,-7.594840739006488,302.37666676163497,2567.654383494499,-253.44763972919438,5833.488485819569,957.9677510044959,-697.5787300166244,5723.303240875456,-80.72387852062029,-6.182033457687708,164.6150735028623,offense,0.6567729653095977,10.815290172888295,0.662851303868767,10.759189925877358
71.9000000009155,-1.436585700021925,-7.643088647728831,300.9172370431425,2581.4479588625413,-268.53734587459246,5829.2767150942955,937.2619351676134,-695.4996134790096,5719.418829704994,-80.58479187095726,-6.185046602579209,163.14359592647332,merge,0.6567397922811757,10.825647801736324,0.6627255887797882,10.769125609463883
72.00000000091677,-1.4610672694083777,-7.763570086183368,299.4699653281816,2594.8090676025186,-283.9892461932561,5825.051339575124,916.6269122907154,-692.8726840452364,5715.53870559117,-80.77559077674658,-6.193657410968847,161.68598873383377,merge,0.6562631489026719,10.56314951788244,0.6626045612122393,10.749949522823627
72.10000000091804,-1.4831531972040135,-7.868911617661096,298.0164864681443,2607.7277564797114,-299.78210024842804,5820.798998785776,896.0609256089264,-689.7443171862496,5711.655312632766,-80.63634735976706,-6.197913949721527,160.21373823461127,merge,0.6558916541739765,10.511099525539258,0.6624810331224558,10.759897553228397
72.20000000091932,-1.4597567177027018,-7.896520644765284,296.51932276474395,2620.2941444155285,-315.85352504742485,5816.4997629982,875.5939243031153,-686.0723167354907,5707.775713459647,-80.82704646052392,-6.207744863621648,158.7553732568897,merge,0.6568272250507292,10.985858825186655,0.6623622543961466,10.740727349199858
72.30000000092059,-1.4046027598411355,-7.879678830078611,295.00438565367,2632.578405044639,-332.17081359343274,5812.153640503586,855.2217484604726,-681.9029489141797,5703.892386387938,-80.68755273921977,-6.21324484737185,157.28233996725476,merge,0.6577166644301202,11.542130466343162,0.6622410123257815,10.750684274628753
72.40000000092186,-1.365706849846785,-7.8720023743692735,293.54437496434736,2644.5123681283762,-348.75999813703186,5807.788660755882,834.9765168261393,-677.1955549195824,5700.012360536421,-80.87807937679369,-6.224291018282137,155.82320721288414,merge,0.6578544751961767,11.702457011974026,0.6621245818221777,10.7315162255733
72.50000000092314,-1.3653516783047082,-7.87502791716198,292.16242710534686,2655.9875673876845,-365.65888843316776,5803.439138802615,814.8516722325345,-671.9961689013193,5696.128148795101,-80.73827312567516,-6.231026252575295,154.34938054419112,merge,0.6572435410227284,11.419396459411423,0.66200572474223,10.741479119819354
72.60000000092441,-1.3974672144783655,-7.889155784802014,290.81180061596183,2666.9537168481415,-382.8715301430138,5799.114274754459,794.8814240963106,-666.2657800955512,5692.24674763577,-80.92857903266155,-6.243276683527607,152.8894691428675,merge,0.6566455021855159,11.038339791178462,0.6618917414548614,10.722310189039696
72.70000000092568,-1.4269645774902768,-7.871503352171231,289.4405435487113,2677.4250359024168,-400.36562828017924,5794.794077893943,775.0568302770885,-660.0500679952476,5688.360704621101,-80.78841439413506,-6.251234247944233,151.41483759848458,merge,0.6561738163328885,10.885128488857639,0.661775367623545,10.73227686126694
72.80000000092696,-1.4393486458511808,-7.872751493605684,288.01444844008864,2687.4601958698977,-418.10349158340483,5790.458418252012,755.4141062822831,-653.3117765851947,5684.476984407056,-80.97846415491274,-6.264674299567127,149.95413577161088,merge,0.6561266855408622,10.816353180420936,0.6616639295322341,10.713104709229862
72.90000000092823,-1.47516382885018,-7.99075761018397,286.57943534223676,2696.9908434157405,-436.0998180609683,5786.109952731809,735.9419436432478,-646.0961086991585,5680.588169164253,-80.83790387092063,-6.273838358340284,148.4786869902912,merge,0.6556687724408786,10.496161224198007,0.6615501359069885,10.723073633589152
73.0000000009295,-1.5035119791727682,-8.121653707592303,285.12575142230094,2706.012293190671,-454.33046461117107,5781.729697584513,716.6784738817837,-638.3676655418656,5676.701192553771,-81.02766901291731,-6.288451025114805,147.01718214830916,merge,0.6553300576881818,10.410882396306572,0.6614413394504012,10.703896480858376
73.10000000093078,-1.4820096181159672,-8.193557071858596,283.61648754445787,2714.625841843991,-472.74792360401165,5777.297274896765,697.6100471696733,-630.171052205638,5672.808671192935,-80.88668052741816,-6.298803743061696,145.54090301576665,merge,0.6558898812691798,10.89916986693171,0.6613302212144667,10.713866645726323
73.20000000093205,-1.4266066085242026,-8.230777405511656,282.08417346328577,2722.907178019675,-491.3347908603287,5772.8130810390385,678.7766156779835,-621.4728250809831,5668.91750859046,-81.07613661064914,-6.31457029621024,144.07858187901653,merge,0.6567981074391472,11.479487189647509,0.6612241608746362,10.694683114072786
73.30000000093332,-1.3861934327937497,-8.276920937400112,280.61080278621927,2730.7835293227645,-510.10900666612577,5768.302411964572,660.1622194593168,-612.3168716871849,5665.020355554897,-80.93469020224809,-6.326092301548276,142.6014586408182,merge,0.6569586824977863,11.649355247162866,0.6611158110716504,10.704653873128736
73.4000000009346,-1.3835299978919118,-8.328268458543027,279.2181728109551,2738.139167208733,-529.0833041309597,5763.7977795208635,641.8085309009979,-602.6717968010898,5661.124086313498,-81.123815459042,-6.3429926174541995,141.1383073452294,merge,0.656373993927038,11.364514454293696,0.661012579055324,10.685462849614071
73.50000000093587,-1.412956293836911,-8.384104549909859,277.8576456119057,2744.92498016201,-548.2501737619255,5759.30817434282,623.6973173810698,-592.5806521120251,5657.221385551518,-80.98188340500465,-6.3556632443908505,139.66032569873875,merge,0.6558077830514848,10.978919205857665,0.660907088311072,10.695433801808916
73.60000000093714,-1.4399552478753148,-8.402929051280697,276.4759879306445,2751.162894051203,-567.581133856363,5754.8150988574325,605.8718662365528,-582.0141789670431,5653.31909911404,-81.17065815382435,-6.3736759841835635,138.19632987661535,merge,0.6553713384526157,10.826090862958509,0.6608067743067639,10.676234336392692
73.70000000093842,-1.4503418680543754,-8.435424478652491,275.0398744818256,2756.9193038572466,-587.0525216249683,5750.300201590151,588.311715736956,-571.0144768613264,5649.409945178095,-81.02821439782954,-6.3874734143858625,136.7174750388177,merge,0.6553600148145001,10.76056179815768,0.6607042306164991,10.686205238277067
73.80000000093969,-1.4843886148664254,-8.57809122328291,273.59693845585343,2762.123896678046,-606.6633511224882,5745.766147163031,571.0616583161649,-559.5545066373319,5645.500742132002,-81.2166208265884,-6.4065761378838575,135.25261987644896,merge,0.6549362183763502,10.44111797369862,0.6606069216073306,10.66699647205583
73.90000000094096,-1.5112936869882434,-8.729243934941675,272.1357613737519,2766.7777906107617,-626.388858192266,5741.1948318369,554.0990527243184,-547.675301436825,5641.584241219908,-81.0736408795179,-6.421477499520136,133.7728766314059,merge,0.6546336449579606,10.358468166648867,0.6605074101709935,10.676967177431836
74.00000000094224,-1.4885928646489621,-8.81813162297545,270.61855768697774,2770.9911160576025,-646.2053697869511,5736.567314268145,537.4700823127537,-535.3521190329463,5637.667234308994,-81.2616629940005,-6.441646753580766,132.3071469086751,merge,0.6552331706027705,10.852297339131274,0.6604131902884156,10.65774829470413
74.10000000094351,-1.4321792987682602,-8.868925964414267,269.07842762001366,2774.841743747979,-666.113022906666,5731.884790168664,521.1499818109448,-522.6248145657926,5633.74250522908,-81.11812393363282,-6.457628205465281,130.82649963990755,merge,0.6561775363006951,11.435535705435715,0.6603167933805241,10.667718714702866
74.20000000094478,-1.3911673941670346,-8.925244947712043,267.59827780372143,2778.2533707766693,-686.1131766940446,5727.1725053562195,505.18620725317305,-509.471014464972,5629.8168202936295,-81.30574757170568,-6.478839604903053,129.35987975720062,merge,0.6563673085706784,11.602706603736934,0.6602257437878118,10.64848891206118
74.30000000094606,-1.3881930911647755,-8.983954428807111,266.199328719732,2781.1096750653937,-706.1924546850619,5722.462770924077,489.5519306277553,-495.92928703128047,5625.882995387873,-81.16162807777498,-6.495876417734211,127.8783124697736,merge,0.6558133968109748,11.314427653390752,0.6601325406532919,10.65845898946839
74.40000000094733,-1.4174936670480627,-9.04576392814849,264.83198838236615,2783.3649582398866,-726.332499413094,5717.7644966810885,474.2957586450054,-481.97969315980214,5621.947772253737,-81.34884094360362,-6.518104726277753,126.41078646649704,merge,0.6552812774325394,10.92670550458621,0.6600447394516458,10.639217456424726
74.5000000009486,-1.4443175609264847,-9.070094568917561,263.44271404036135,2785.047347818365,-746.5102051585181,5713.059459811503,459.38886746879194,-467.6594085777074,5618.003998255044,-81.20412134000615,-6.536171365540015,124.9282828024776,merge,0.6548815138464681,10.773613612381197,0.6599548062214579,10.64918714949193
74.60000000094988,-1.4238589068658738,-9.015524262665407,261.9954570412646,2786.2700260745423,-766.7231036543826,5708.322028982163,444.8808889994156,-452.95098834392235,5614.058391559124,-81.39091303881008,-6.559390579336145,123.45983437032659,offense,0.6558222474023497,11.163538272891907,0.6598703283738199,10.62993305662561
74.70000000095115,-1.3707698996126232,-8.923834105723868,260.51748479089844,2787.11295499818,-786.9831968552201,5703.54834191292,430.74107597206716,-437.8901132660572,5610.103830383885,-81.24557533170737,-6.578460791100032,121.976377620202,offense,0.6567445930815238,11.654825602383182,0.6597837379965782,10.63990232898427
74.80000000095242,-1.333684775677981,-8.849031343177833,259.07825170805603,2787.511289382798,-807.264031818285,5698.769669143501,417.0199568150556,-422.4618859740305,5606.147010325813,-81.43193739792291,-6.602644225138868,120.50699011331776,offense,0.6561427897426361,11.793331021064738,0.6597026552660632,10.620634820858536
74.9000000009537,-1.3355762766843853,-8.793293627466948,257.7066951793579,2787.355721916548,-827.5303031787038,5694.024612009359,403.68493853742035,-406.7003936754802,5602.180839800602,-81.28596530618906,-6.622691124638685,119.02256322509407,offense,0.6553642111322904,11.484934577726436,0.6596194774532628,10.63060363526107
75.00000000095497,-1.3700215647868155,-8.757138193831752,256.3674524701094,2786.5973844896744,-847.7702307397387,5689.321472700638,390.78731457006035,-390.59333352142016,5598.211992846734,-81.4718912233099,-6.647811501675613,117.55221966849493,offense,0.6546908034965815,11.074615334065347,0.6595418583545434,10.611321826293976
75.10000000095624,-1.4010182646233331,-8.694697042944586,255.00930416937106,2785.2645988586837,-867.9722955128044,5684.6371470123595,378.29272901907814,-374.1731043727986,5594.233407371423,-81.3252702009632,-6.668807664091381,116.06680525556565,offense,0.6546383418567439,10.886308185413196,0.6594621595379455,10.621290140705751
75.20000000095752,-1.383324870310134,-8.561815873308392,253.59405923665815,2783.4685928359754,-888.1521914126413,5679.938984945708,366.2531062502157,-357.4300382434145,5590.251736880476,-81.51075541342802,-6.69483720543063,114.59548835270735,offense,0.6555672148626357,11.245126159711646,0.6593880693001769,10.601993112841713
75.30000000095879,-1.3323137015341722,-8.399476533600575,252.14181403782854,2781.289581419608,-908.3258223169164,5675.220008054459,354.6324152111471,-340.39475509363587,5586.259948041388,-81.36347266480219,-6.716754758234578,113.10906870115001,offense,0.6564719510204291,11.716316725173211,0.6593119126005667,10.611960877952134
75.40000000096006,-1.2968038949399192,-8.261853329138207,250.72216707337347,2778.6704148099466,-928.458714570067,5670.512933647997,343.48307492144176,-323.06025539704603,5582.264674825367,-81.5485145829218,-6.743665275762245,111.63676084111741,offense,0.6558611366283299,11.847783918150219,0.6592414131412764,10.592647679415249
75.50000000096134,-1.3002776859374785,-8.151122769614883,249.366653630989,2775.508942481089,-948.5007248278778,5665.859958939439,332.76747162389887,-305.4552941014726,5578.2589119028335,-81.4005590715589,-6.76647599205941,110.14931791679238,offense,0.6550583638975987,11.531922908542596,0.6591688583475728,10.602614836992819
75.60000000096261,-1.336238167648264,-8.065327531819332,248.0416943755446,2771.756818558591,-968.4327055911516,5661.271087806944,322.53838083393254,-287.57556687212093,5574.249274732313,-81.58515707050245,-6.794238981007711,108.67600118139679,offense,0.6543530852718242,11.11306958053721,0.6591020082571067,10.58328448168095
75.70000000096388,-1.396219405120222,-8.038002059842295,246.68767399128424,2767.424045797806,-988.2392060965557,5656.727284561954,312.75670302745556,-269.4478822127619,5570.228785175291,-81.43651952263826,-6.817914373400798,107.18751663704049,offense,0.6538423461470863,10.670058321073023,0.6590331118160675,10.593250963429861
75.80000000096516,-1.4418072958403563,-8.023920866514821,245.2801414935294,2762.552956772396,-1007.911032326286,5652.192170685965,303.47543052362624,-251.07065074237173,5566.20404120181,-81.62067493632091,-6.846501105425276,105.71317280795101,offense,0.6535951989243695,10.529601979753286,0.6589699663521043,10.573902430689929
75.90000000096643,-1.42961357141755,-7.975763154619691,243.799970231367,2757.254035358704,-1027.48267951392,5647.630167701349,294.6540792174321,-232.4686579972936,5562.168091037795,-81.4713478396494,-6.871012520028487,104.22362799034205,offense,0.6546845339137147,10.992430291046396,0.6589047813681076,10.583868157401922
76.0000000009677,-1.3794099796979489,-7.920561957617051,242.28688785611155,2751.596622666095,-1046.9894624509707,5643.033823729429,286.3457173542215,-213.64304225422913,5558.127516152662,-81.65506395016918,-6.900394136262583,102.74823855629133,offense,0.6556992731055888,11.570893474809715,0.6588453924601497,10.564500392032958
76.10000000096898,-1.3414790803321903,-7.8948010877665995,240.82780581253604,2745.509287882033,-1066.38875740318,5638.432793416787,278.5085814342263,-194.61649468267152,5554.0753903010755,-81.50504154838899,-6.925712846559918,101.25761451349855,offense,0.6558804634938511,11.726039188466777,0.6587839687045884,10.574465272916362
76.20000000097025,-1.3405519101046757,-7.889076417284347,239.44849266766383,2738.8908376222867,-1085.6152018081907,5633.864783169169,271.1956739197222,-175.39288679132142,5550.018279436273,-81.6883235714839,-6.9558604503737955,99.78116067754864,offense,0.6552782727809019,11.410688144829242,0.6587283849683181,10.555077185305953
76.30000000097152,-1.3711767552140597,-7.894791120746832,238.10005424007048,2731.704589526831,-1104.62946817584,5629.340891502902,264.3640608440519,-155.99274931129764,5545.949281969616,-81.53760185498918,-6.981957750672405,98.28943816622744,offense,0.6546825672955554,10.989118577546337,0.6586707688988127,10.565041117422139
76.4000000009728,-1.4258282641685152,-7.94621221504891,236.72467416426545,2723.9644924235517,-1123.4168163154309,5624.844677147744,258.06653670351733,-136.4226853728648,5541.874949312398,-81.7204569218611,-7.012842499907943,96.81190085304783,offense,0.6541924913927832,10.537641771341882,0.658619035659898,10.545631583766683
76.50000000097407,-1.4959186116410237,-8.085500563828834,235.2985529995257,2715.69266682466,-1141.9667820016562,5620.346724533406,252.25910946546014,-116.70100471647673,5537.788403652692,-81.56903361484002,-7.039689798173503,95.31906034572528,offense,0.6539443253747663,10.119853343700083,0.6585652704490418,10.55559445153623
76.60000000097534,-1.5721329052886432,-8.345804182333465,233.81760957049548,2706.918980515648,-1160.2746289608951,5615.810544670522,246.99422336530083,-96.8370332612556,5533.696182822722,-81.75147075060673,-7.071282996656821,93.8404202088165,offense,0.6538807275874347,9.737115732348045,0.6585174297766322,10.536162314117005
76.70000000097662,-1.6213607509647545,-8.67382222486132,232.27561313718755,2697.685213515544,-1178.3383803594556,5611.199916145143,242.22694390004733,-76.84680490217754,5529.591431874356,-81.59934529474513,-7.098851906543171,92.34644190109118,offense,0.6539493882242666,9.709801379295556,0.6584675553501212,10.546123988879508
76.80000000097789,-1.6374192907245542,-9.09086068989515,230.6843767805019,2688.052887052364,-1196.188617630278,5606.4972243972215,238.00922300173724,-56.742352271633635,5525.48067599524,-81.78137539371917,-7.13112509469925,90.86667932987521,offense,0.6544239354841345,9.863675908163643,0.6584236460993009,10.526668056375286
76.90000000097916,-1.669958858403074,-9.644932358275968,229.13368839100414,2677.958924080537,-1213.760526193568,5601.687670895541,234.2953022003018,-36.53738442654581,5521.357082197202,-81.6285489286633,-7.15938752660405,89.37154314744951,offense,0.6542263352092983,9.633446400777324,0.6583776991831322,10.536628395982845
77.00000000098044,-1.7179962335910286,-10.287541046352647,227.60804870836148,2667.3865889972626,-1231.0105584942416,5596.749945026815,231.1364997006974,-16.246617391477397,5517.227163922602,-81.81018472662734,-7.192312571011846,87.89063827414317,offense,0.6540565363813713,9.31514200072204,0.6583377570466347,10.517147443808325
77.10000000098171,-1.7494482923868258,-10.948427813701745,226.0530064154812,2656.375604588554,-1247.9382156247852,5591.662162225691,228.48635418112153,4.118607594107003,5513.084109248481,-81.65666006733325,-7.221240822002001,86.39432387960007,offense,0.6540042673309987,9.31370105743574,0.6582957712233953,10.527106292254741
77.20000000098298,-1.7548808642913662,-11.647715646266425,224.46396724033247,2644.983897029458,-1264.5817257059632,5586.4211067375545,226.395409682135,24.540921665359075,5508.934420740545,-81.83791611095529,-7.254790003740164,84.91225658578277,offense,0.6543633868373095,9.466720692592547,0.6582598287923757,10.507599062921678
77.30000000098426,-1.7799797383290863,-12.432517593632632,222.92170855182158,2633.168541952494,-1280.8789556490485,5581.007811619655,224.8166254544593,45.011388230053505,5504.771306598607,-81.68369772204294,-7.284356846201058,83.414743385018,offense,0.6542724782783185,9.300397892095646,0.6582218345660437,10.517556250000192
77.40000000098553,-1.7960880246006319,-13.20015125490866,221.37749987867866,2620.946565319242,-1296.8189190767448,5575.406713510779,223.79963229128006,65.51002333299411,5500.601259392846,-81.86459033556453,-7.318502947843587,81.93149330780511,offense,0.6547062492621799,9.370977210282012,0.6581899213991381,10.498021453490896
77.5000000009868,-1.793293305582482,-13.96833528636553,219.8104426971279,2608.3685018153196,-1312.444695020659,5569.623794643661,223.2969354388382,86.03032558699567,5496.417506531793,-81.70968430277692,-7.348681716714481,80.43276045602438,offense,0.655142136249728,9.539237039990391,0.658155946269042,10.507976794480898
77.60000000098808,-1.8131423071638297,-14.790903676402175,218.29056382539417,2595.402659706363,-1327.6851104340747,5563.642584697098,223.35711508178764,106.54974084433123,5492.2265313803855,-81.89023155210344,-7.383398107841754,78.94830699375689,offense,0.6551093162120017,9.374233296124073,0.6581280889702698,10.488413108641296
77.70000000098935,-1.826403489408612,-15.581811542295096,216.7606430229638,2582.072090312177,-1342.5269920149894,5557.45245846912,223.93234956712473,127.0642271019002,5488.0215796384155,-81.73464555098344,-7.414162786305485,77.44833340094887,offense,0.6551850165660287,9.440058265203586,0.6580981575126388,10.498366404022507
77.80000000099062,-1.7906216997995381,-16.28247531772268,215.16242327725334,2568.450891321863,-1357.0519219268342,5551.072892883388,225.07003319783595,147.5487119961818,5483.809126268355,-81.91486720530021,-7.449423507403689,75.9626557183117,offense,0.6561921674512109,10.110313889398055,0.6580743798173616,10.478772474959767
77.9000000009919,-1.721994585744425,-16.901946754675738,213.55025484730513,2554.5719121977017,-1371.3229981886325,5544.528069411519,226.72214588701058,168.0016306165931,5479.582434341526,-81.75861046717948,-7.480748810906616,74.46142005410866,offense,0.657511900854344,10.821229971867645,0.6580485137756629,10.488723510153974
78.00000000099317,-1.671642912314439,-17.46454843834613,212.0137054679272,2540.384234927919,-1385.2600149630234,5537.820737438295,228.9347632349138,188.39545135345546,5475.347971152583,-81.93852795821813,-7.516528655533784,72.97449708659121,offense,0.6579891250351105,11.013873197374336,0.6580288366445741,10.46909795264792
78.10000000099444,-1.6606937393843584,-17.970350973336988,210.55826328260375,2525.8345055489763,-1398.7491978172488,5530.9542451275765,231.65979621909676,208.73109755004253,5471.099016234872,-81.78161123362831,-7.5483901140163905,71.47197778443152,offense,0.6577826260605685,10.725699214671465,0.6580070550271749,10.479046497786792
78.20000000099571,-1.6831708469147906,-18.445811141095863,209.12487127164155,2510.9184578352197,-1411.747424837555,5523.9300892664105,234.94187172920914,228.97864420853702,5466.842029933978,-81.96124761270869,-7.584664709119586,69.98378824204703,offense,0.6576462360261234,10.334886170682775,0.6579914967480242,10.45938789570231
78.30000000099699,-1.7035367155986116,-18.87087177379482,207.6498757248483,2495.6743525397465,-1424.269348581595,5516.742633498252,238.7329620073699,249.14150747993475,5462.570307344842,-81.80368313231396,-7.617038747344595,68.47996350255636,offense,0.657673569917859,10.189566872334918,0.657973815933858,10.469333705424683
78.40000000099826,-1.6756851116318596,-19.21593246752749,206.0845820418194,2480.170580140922,-1436.4118659354515,5509.399910696018,243.07611839511642,269.1874416023883,5458.290302520284,-81.98306302528651,-7.653784631617916,66.99048587273852,offense,0.6586595790321704,10.62037908416322,0.6579623922306596,10.449640612132876
78.50000000099953,-1.6149891578551685,-19.515633803528196,204.46802610440338,2464.4465977587265,-1448.2445370982007,5501.92195465799,247.92350496618633,289.1223534364039,5453.995325249344,-81.82486445845116,-7.686648647488513,65.48533366624949,offense,0.6592201956215276,11.15956827562749,0.6579488260820476,10.459583425406967
78.60000000100081,-1.5720894135982426,-19.80661526498626,202.89320758422994,2448.486124398303,-1459.6889031306614,5494.327179987359,253.31647419944753,308.9117557062975,5449.6918238904655,-82.00401401867092,-7.723843347666917,63.99454621584965,offense,0.6587329663680597,11.310411944393785,0.6579415502315483,10.43985436420489
78.70000000100208,-1.570035270172149,-20.086705703912916,201.39745661730808,2432.244082421711,-1470.631161277913,5486.625469306738,259.20751259669356,328.5640372033645,5445.373122057018,-81.84519642976699,-7.757175788433322,62.48804428398343,offense,0.6583173466700403,10.989131272744045,0.6579321102138388,10.449793904176477
78.80000000100335,-1.601788073037971,-20.3705370342842,199.93760432266214,2415.704487048028,-1481.0237308020696,5478.812915467939,265.63615432948546,348.04255485656296,5441.045662997836,-82.02414328922578,-7.79479789342435,60.995925060293956,offense,0.6580362571605882,10.56159438742932,0.6579289931687587,10.430027368704813
78.90000000100463,-1.6292451473441696,-20.624720461392496,198.44281263811575,2398.9046921816425,-1490.885954966163,5470.877682173771,272.5553386139158,367.3581639165891,5436.702783302424,-81.8647230917939,-7.828578329682611,59.48805091653122,offense,0.6579328841578954,10.377010936723217,0.6579236884771633,10.439963342569813
79.0000000010059,-1.605397985789347,-20.81452829972032,196.8627244730642,2381.8999680162724,-1500.3253180545526,5462.816697960413,280.00266608008127,386.4721575286161,5432.350921628917,-82.0434963105452,-7.866607562442191,57.994577747264756,offense,0.6589037241813233,10.763487296632551,0.6579247389962442,10.420157797228299
79.10000000100717,-1.547295365091884,-20.97489731669963,195.2334300370817,2364.7186126158376,-1509.4199573596402,5454.642451808239,287.9316582935648,405.3978352430845,5427.983426711789,-81.8834912194236,-7.900816759834765,56.48530867643653,offense,0.6595233855485828,11.269130634209887,0.6579235766888298,10.430089896133003
79.20000000100845,-1.5060928172255947,-21.142585659166,193.64417636431943,2347.3559262661934,-1518.0955090409323,5446.377565359477,296.37787165259635,424.09452453347814,5423.606733093104,-82.06212123343171,-7.939234046899907,54.99045916859567,offense,0.6591198177473108,11.407696003393275,0.6579288014730481,10.410243776488395
79.30000000100972,-1.5059226279159328,-21.31457427436271,192.13461657867575,2329.7825511935052,-1526.23315410019,5438.038497514791,305.295538715016,442.57794042289726,5419.214200854072,-81.90155021496925,-7.973854035434318,53.4797722252305,offense,0.6587643977819315,11.072171594674804,0.6579317866100356,10.420171675451451
79.400000001011,-1.5135818869510758,-21.420883819834117,190.65397812620012,2312.0006990769944,-1533.7999612493008,5429.6239442215565,314.71806582567075,460.8055487161033,5414.8122608169615,-82.08006878252104,-8.012641574031166,51.983523762806264,offense,0.6584880066390872,10.886015663984969,0.6579411904448283,10.400283388637348
79.50000000101227,-1.480897051028111,-21.41645298228608,189.1178059879182,2294.0541029735186,-1540.9084514177314,5421.128092707762,324.60052384387217,478.7954444518051,5410.394283654633,-81.91895200299459,-8.04765571493865,50.47139576827331,offense,0.6592859393126931,11.210049995021883,0.6579483262335075,10.410206746493065
79.60000000101354,-1.4195718462847275,-21.3508707958342,187.54269369452766,2275.9638756097347,-1547.6426048526537,5412.558770958987,334.9740684245817,496.5033414334156,5405.966696837452,-82.09739214980895,-8.086797037590935,48.973725508715845,offense,0.6597241093029695,11.620620223426831,0.6579619121369773,10.39027467159348
79.70000000101481,-1.3797435708291292,-21.289059984157827,186.00629369667354,2257.7303786323196,-1553.9321339421756,5403.948687727726,345.7947343641351,513.9496726825435,5401.5228808703005,-81.93575092216321,-8.122190087652584,47.460133047108535,offense,0.6592479052487127,11.67932423337703,0.6579732000824674,10.400193130960922
79.80000000101609,-1.383755713081369,-21.241526137410165,184.53825954254316,2239.3451247605626,-1559.660055371772,5395.332311472381,357.0913314823959,531.0885150902727,5397.069260170269,-82.11414688533853,-8.161670124220482,45.96101791651686,offense,0.6579910188204258,11.320716348745973,0.6579909694585324,10.380215619382957
79.90000000101736,-1.3962855160577317,-21.138587768169817,183.09920872198063,2220.818116577767,-1564.7960505815822,5386.711947884336,368.8209821362892,547.942591123214,5392.599224374813,-81.9520036143753,-8.197428297495575,44.44593732922676,offense,0.6575468609942542,11.11235313270355,0.6580064095194681,10.390128806649978
80.00000000101863,-1.3679715313600052,-20.93287462415257,181.61944081568473,2202.1704677510024,-1569.4573200669313,5378.062193099973,381.0100609522408,564.4644610118144,5388.119195081655,-82.13039078531585,-8.237233434582247,42.9453540162109,offense,0.6582127015473014,11.399830858391159,0.6580283623163808,10.370104182472527
80.10000000101991,-1.3107505123987482,-20.67623925368249,180.10499437015895,2183.416869395835,-1573.7314658147645,5369.380594332504,393.61689912358906,580.6790817121937,5383.622570396573,-81.96776891145451,-8.273344461479704,41.42876139514522,offense,0.6585450870124001,11.780387383465547,0.6580479530656349,10.380011707802755
80.20000000102118,-1.2745369331478211,-20.43889439511932,178.62446134228776,2164.5630015091688,-1577.556958562209,5360.703916709286,406.6653527958982,596.5376219339388,5379.115769275055,-82.1461837779182,-8.313462599148497,39.926686343316554,offense,0.6580820568224003,11.830764838141889,0.6580740879392397,10.359938268106982
80.30000000102245,-1.2824097363111626,-20.233964893241193,177.2082374505196,2145.6104323459454,-1580.8199068472302,5352.07650495725,420.11508059459806,612.0672118534344,5374.592197647393,-81.98310771965812,-8.34991578278792,38.40855752271823,offense,0.656803381284747,11.463608028936685,0.6580978267291171,10.369839725461938
80.40000000102373,-1.2982832452258704,-19.98586104226185,175.82673656430111,2126.572114239427,-1583.486768246104,5343.503205633992,433.98734323958126,627.2177583973479,5370.058271952877,-82.1615878070703,-8.39033638853978,36.90496692177014,offense,0.656317362205019,11.24058067462812,0.6581281412103498,10.349715740634352
80.500000001025,-1.2724968379889614,-19.64101072626989,174.41667186552195,2107.4507606448265,-1585.6728508721942,5334.94376937148,448.2432423756194,642.0184974999353,5365.50740535019,-81.99808290228167,-8.427122658356259,35.385277468603505,merge,0.6574593718195223,11.500839999122734,0.6581560243421184,10.359610707813577
80.60000000102627,-1.2174591239519847,-19.24919482306044,172.97487788169767,2088.2518217495895,-1587.466698114147,5326.3864329353755,462.9013729532674,656.418208336502,5360.946011807844,-82.17666671445916,-8.467836818323304,33.880147243948386,merge,0.6577773214669624,11.866671909809712,0.6581905150086815,10.339434421821581
80.70000000102755,-1.1832324425539005,-18.884863404327337,171.56327796145237,2068.983765908357,-1588.8114936686677,5317.871257682839,477.92439189210455,670.448159080188,5356.367511162212,-82.01275916063464,-8.504948780876692,32.358872446817955,merge,0.6581399685817703,11.892125372520686,0.6582225379058074,10.349322460515431
80.80000000102882,-1.1933103662139841,-18.562680929169915,170.21022006248322,2049.656303835757,-1589.59684545803,5309.451127215949,493.3281648753991,684.0561391613943,5351.778314893994,-82.19148612006764,-8.54594924819466,30.85217824775036,merge,0.6568602720668341,11.514683915695638,0.6582612005575266,10.329092091148434
80.9000000010301,-1.2111676235469715,-18.200528721653907,168.8870068494926,2030.3014380067716,-1589.7916527189627,5301.138837469679,509.0770127035483,697.2753695695923,5347.171849021053,-82.02720291366606,-8.583381235150148,29.32929310432485,merge,0.6563130442511392,11.289260933090148,0.6582973579426269,10.338972747002641
81.00000000103137,-1.186890621264745,-17.74160417134398,167.54043980705362,2010.9105550733007,-1589.5075494146422,5292.883803240225,525.1840153701424,710.0527916391634,5342.554522453389,-82.20611330150588,-8.624662475478965,27.821010290685262,merge,0.657395480030833,11.551255394778043,0.6583401877804256,10.318686486078398
81.10000000103264,-1.133223383333095,-17.236098846369863,166.16492553341158,1991.4806239839984,-1588.8323835643498,5284.666405238888,541.6152622017732,722.4234940188472,5337.919766918001,-82.04148217652391,-8.662410588732865,26.296489493601754,merge,0.6576490106773722,11.919575203712315,0.65838047385536,10.328559288771258
81.20000000103391,-1.1004815793206968,-16.762845816908516,164.81637042913195,1972.0260124306,-1587.7139472252288,5276.531114377212,558.3809983698691,734.3337148929069,5333.27398860544,-82.22061707242585,-8.703968822901373,24.786593120918837,merge,0.6579409397528178,11.946697318353499,0.658427465662965,10.308215302302882
81.30000000103519,-1.1122753935482839,-16.338422360280283,163.52191851727787,1952.567590807489,-1586.0475088636997,5268.539738432077,575.4491821080261,745.8203198624235,5328.610624551023,-82.05566643833173,-8.742030976833972,23.260411042147055,merge,0.6565774738703628,11.569300656568437,0.6584718742918556,10.318079765630195
81.40000000103646,-1.1317757536445554,-15.878301252729962,162.25996508139184,1933.1405429165027,-1583.8057835212808,5260.706716927949,592.8354279010842,756.8079647552703,5323.940367753267,-83.65430862815441,-8.858732433718963,21.747031541870243,merge,0.6559418961407435,11.344204110038781,0.6580438641415766,10.033156151270282
81.50000000103773,-1.1413042602657357,-15.416842889909466,160.95366223116304,1913.733943533109,-1581.0546251019448,5252.993048612836,610.5210184104404,767.2913727894072,5319.246583694279,-85.06498342925275,-8.959201394854562,20.227568618030432,merge,0.6559643694707542,11.16720525866061,0.6581706976277882,9.967965202750804
81.600000001039,-1.1542624212324946,-14.987028589857589,159.63054700267162,1894.3629981892386,-1577.7494755113019,5245.4111832991275,628.4678735737971,777.3316923863583,5314.513392334092,-85.51068551858941,-9.081030057524497,18.66704499557007,merge,0.6561053958760016,10.995467293021662,0.6583058806844058,9.98697964064579
81.70000000104028,-1.1576353243360686,-14.571192066172493,158.26297505692824,1875.0288597739275,-1573.9383183577856,5237.937615371025,646.6843495394253,786.8505734707727,5309.742445582911,-87.47018024530638,-9.312461306165687,17.114149519812187,merge,0.6563315121068614,10.88085389679784,0.657956272072188,9.712820649450181
81.80000000104155,-1.165355672719706,-14.18047991779954,156.88498452067554,1855.758463423086,-1569.5792103456918,5230.58923607812,665.1502827438238,795.8437663973626,5304.913909419054,-89.01101857963853,-9.543800981649424,15.545396639873374,merge,0.6566130554211191,10.765292332496934,0.6581517692977793,9.679305908802895
81.90000000104283,-1.1323779143771864,-13.695985879429477,155.49362656194066,1836.5473681646197,-1564.7640378764293,5223.328118860952,683.8334277789265,804.3752787193145,5300.014875552938,-89.42028633436345,-9.805395739024714,13.936615041945348,merge,0.6570559110960246,11.182558729797814,0.6583532820283883,9.746185700890312
82.0000000010441,-1.0714952531282556,-13.14709314214342,154.0909964486478,1817.3914456537786,-1559.5814157558555,5216.137613360704,702.7347844777622,812.3647958796668,5295.0417742794425,-91.27155451074563,-10.175394942428944,12.34795602761191,merge,0.6571089718552074,11.669289816363154,0.6580666870589624,9.505283128006841
82.10000000104537,-1.0341515613789833,-12.618468310753963,152.73822377427808,1798.3195441291448,-1553.9759273594127,5209.073136569738,721.8335626819435,819.8100927190725,5289.9755053631725,-92.6702613064652,-10.542389789926363,10.749078513713252,merge,0.6563367416552047,11.758664721401676,0.6583254236869479,9.505165342734033
82.20000000104665,-1.0418894197882655,-12.12669594152997,151.45485734079506,1779.3774649156674,-1547.8561906156401,5202.2070479146605,741.103892119766,826.7777436190726,5284.8082256327925,-92.93506476759639,-10.934957892802759,9.117556914959332,merge,0.6547607407593385,11.42045374634457,0.6585876725121883,9.604648137072406
82.30000000104792,-1.0856842734223604,-11.67015757475836,150.19117062406792,1760.5874979381706,-1541.1830362929988,5195.55825149231,760.5370270691518,833.2099284419563,5279.532403657571,-93.16087065469732,-11.349865796949729,7.505678429604243,merge,0.6540589604727463,10.985252208888362,0.6588474046521492,9.680655587641452
82.4000000010492,-1.124106473520567,-11.19382439210064,148.9132588857413,1741.9481777698577,-1533.9749856744695,5189.088991703904,780.1151752177196,839.1496169675406,5274.148018599389,-92.78166162232485,-11.765580589453359,5.88910455995329,merge,0.6540315225425565,10.77845345698702,0.6591046060366488,9.789481384456389
82.50000000105047,-1.1411437068108996,-10.740596149383558,147.56229529537032,1723.4450089893967,-1526.2952266706802,5182.753167915881,799.8271573449747,844.5394241027535,5268.65227100612,-92.63764270415517,-12.172286051432751,4.30108895074841,merge,0.6540874415738023,10.666946519942286,0.6593584851647444,9.846245356916091
82.60000000105174,-1.1833601454811145,-10.414356908251998,146.15265537873438,1705.131331762945,-1518.0923283375744,5176.574959835342,819.6578842616751,849.4239864511641,5263.048178633926,-92.11184674463969,-12.560977323931539,2.7072687624784484,merge,0.6532955294954612,10.306314052728366,0.6596140543409162,9.920611220203769
82.70000000105301,-1.215998876284473,-10.10174209177336,144.71617066582434,1687.0267877129536,-1509.373680156865,5170.530143518469,839.5933257350472,853.7473642433881,5257.335197013179,-91.92516872795967,-12.930417219991599,1.1373525992393796,merge,0.6535369972743258,10.189542825669685,0.6598712741668716,9.944395863719752
82.80000000105429,-1.1936711027395615,-9.722861358535653,143.2365857656495,1669.0878380344006,-1500.2394104141272,5164.562173766873,859.6207308326892,857.5559308077682,5251.516723545063,-91.42202341724138,-13.279275193739394,359.55576715769837,merge,0.6539493747860604,10.700112874242064,0.6601352974516617,9.98855927440587
82.90000000105556,-1.136161584680387,-9.307989159610628,141.73847276634194,1651.2802188424803,-1490.7634254001666,5158.650321084139,879.7230777912014,860.79518370918,5245.593063795502,-91.28774079846656,-13.610081752297095,357.9928338201186,merge,0.6548637081822685,11.297686630857322,0.6604050302401295,9.989449330860284
83.00000000105683,-1.096829842561847,-8.918434614537903,140.2985373996546,1633.6487304220439,-1480.8907303787555,5152.845163034642,899.8899216526218,863.5127934742143,5239.5670858477415,-90.84346420555934,-13.923583945644713,356.41346888784216,merge,0.6541060736900107,11.467459925251816,0.6606830011356891,10.015860780407248
83.1000000010581,-1.099099008300385,-8.556771576019043,138.93852356262042,1616.2714987897157,-1470.5431754161393,5147.2155998606895,920.1012338091926,865.6555175420193,5233.439405345983,-90.77155775771175,-14.223136295579005,354.8493470119494,merge,0.6532908645746126,11.148889886063394,0.6609705238824946,10.004767050447189
83.20000000105938,-1.1357059018528657,-8.216992109716871,137.61033685614905,1599.1774200722546,-1459.6858114342742,5141.779669821257,940.3489928764736,867.2719242839584,5227.212203168643,-90.37918695392976,-14.509428018867172,353.26657265071236,merge,0.6525859722510934,10.7267942508055,0.6612668717877793,10.022209342132765
83.30000000106065,-1.167688587469745,-7.841940025210146,136.26700948029213,1582.3734252387053,-1448.3516585736957,5136.506837002015,960.6060691858285,868.2869742821697,5220.887449775934,-91.80677364917322,-14.862065712543538,351.70599912307785,merge,0.6520411647162042,10.561815287692877,0.6610808546780491,9.73275803801872
83.40000000106193,-1.1802599046616211,-7.478110335340823,134.86020832489103,1565.8270376607836,-1436.5996448425199,5131.355543588045,980.851335174977,868.7078658187726,5214.4510887141205,-93.03899656761453,-15.188718096775508,350.1255091505287,merge,0.652040514749202,10.491518156863917,0.6614565348922378,9.675417236375063
83.5000000010632,-1.2184395753689894,-7.230152017811902,133.4176807936236,1549.5922869330727,-1424.380837293003,5126.346759209177,1001.0952430351444,868.6542105354149,5207.897966172373,-91.35713255430457,-15.434041242216955,348.47955846462503,merge,0.6516182338580053,10.146289332679737,0.6628375536368185,10.210480239900718
83.60000000106447,-1.248260568225318,-6.986856464339667,131.95271893616294,1533.6929221511723,-1411.715328888602,5121.459118029749,1021.3413145762876,868.2081927264735,5201.243795970566,-87.77563261517943,-15.63040274292605,346.8102463574431,merge,0.650940532926488,10.069217690063981,0.6633195168514405,10.833032567247352
83.70000000106575,-1.257370788227186,-6.766984014689381,130.43149116543182,1518.0957423846125,-1398.6644727687544,5116.657508791298,1041.5441135061199,867.291360480852,5194.515667534402,-85.35586099855324,-15.819191824223886,345.2000057313788,merge,0.6508566344843602,10.092811041336915,0.6626488602730223,11.015304410875125
83.80000000106702,-1.291082081106937,-6.659950749910198,128.89721963826517,1502.8591944664631,-1385.179665814958,5111.958606082401,1061.6688782509937,865.7810967757539,5187.734143341968,-85.40635237106076,-16.00067140830094,343.67906237624,merge,0.6503741148585327,9.814813763867678,0.662043326301827,10.699141828179867
83.90000000106829,-1.3166217205266573,-6.551332351043752,127.34761175255841,1488.0044444502732,-1371.28246900076,5107.34301659984,1081.6991370567005,863.6557315115898,5180.897554764417,-85.92283731707204,-16.10784375205345,342.18951072229714,merge,0.649595831563776,9.804827449184886,0.6615523985624527,10.543463461871438
84.00000000106957,-1.3222524160026192,-6.460057755416743,125.75348840170788,1473.4912666379505,-1357.0306708653522,5102.781969391278,1101.6438096819425,860.9926352281163,5174.000073118419,-85.96973029977352,-16.20207403098597,340.66110378072034,merge,0.6494659929912204,9.890846211844396,0.6616648520750347,10.437949001828223
84.10000000107084,-1.3523974556557723,-6.471342521156581,124.16688158043657,1459.383164591584,-1342.3791428071306,5098.288885527269,1121.4812109899813,857.7453433536535,5167.04082226173,-86.29391839476418,-16.306387042600495,339.1350177204233,merge,0.6489249466993489,9.6552616442235,0.6619110263363132,10.323336254683545
84.20000000107211,-1.375114407913053,-6.49651019817,122.68102891536071,1445.6828672394909,-1327.3321754178803,5093.842675108025,1141.2173683638857,853.9657955149421,5160.015500657085,-86.16283228488953,-16.41878507915311,337.57778863404303,merge,0.6497835083446896,9.56556503618098,0.6622224221728008,10.258012290556117
84.30000000107339,-1.346109251124298,-6.452373685227764,121.23112915467674,1432.3020371323385,-1311.9709606782562,5089.407486379311,1160.807512898149,849.5896845650176,5152.9296740723585,-87.85508015775947,-16.62118373703808,336.0273227302735,merge,0.6500294398999588,10.056781023690094,0.6620706155735636,9.910259521866045
84.40000000107466,-1.2835166025097737,-6.32616508181782,119.65173527960157,1419.1896182538308,-1296.365817083456,5084.979154387092,1180.221817820308,844.6102256351581,5145.768931935257,-91.03609051970959,-16.90154296898763,334.4600230441317,merge,0.6502568354885113,10.744995475889821,0.6620359984242298,9.522889947605407
84.50000000107593,-1.2406854325404593,-6.187718083837265,118.11214646553255,1406.416516952231,-1280.4666256218275,5080.599700220839,1199.45556121122,839.0780309227993,5138.5049165630935,-93.32789463265975,-17.19403029617541,332.8322890657729,merge,0.65021736054856,10.955009542973137,0.6626854024656591,9.471657427703933
84.6000000010772,-1.239276821501791,-6.046240523134772,116.66051307544315,1394.0876843882136,-1264.2152452562393,5076.321516180173,1218.531149924597,833.069640489164,5131.12487432845,-94.02615665702179,-17.55036968416751,331.14564930031764,merge,0.649503542236522,10.680533104518263,0.6633440617352752,9.558762849770089
84.70000000107848,-1.2468220968978034,-5.832975991047122,115.25133747344195,1382.2330568888099,-1247.6271627533315,5072.150716525563,1237.3847238339215,826.5174893230139,5123.617214378134,-96.11001406356688,-18.043243348886197,329.48797186169486,merge,0.648476921431315,10.588088066673336,0.6633705633793241,9.281323634839708
84.80000000107975,-1.2480882628799304,-5.589165375671478,113.81233622205184,1370.7969006051712,-1230.7532849127113,5068.063368519983,1255.9898216969818,819.4281240019716,5115.961300285542,-97.56748050462262,-18.542288569606423,327.8183230149828,merge,0.6481120733134038,10.540247558405618,0.6639563851820874,9.256833003664253
84.90000000108103,-1.2800138201779871,-5.4236399075306005,112.36855187720211,1359.8448118487674,-1213.5641131496798,5064.08072848202,1274.374222984102,811.8704249691672,5108.15440950383,-97.72438991495343,-19.076826923015453,326.1116269883407,merge,0.6473697758391196,10.207052453871214,0.6645507155059313,9.349562545005261
85.0000000010823,-1.3366680551676604,-5.330886392143554,110.90263257513911,1349.4037409161679,-1196.0671853557471,5060.190787739012,1292.4724054684398,803.7913979558009,5100.1841303598585,-99.38310273217617,-19.712206740984172,324.44180520172324,merge,0.646784264975117,9.822143884357075,0.6646473972047495,9.110738151226771
85.10000000108357,-1.409064941612903,-5.334152181108227,109.38092002607998,1339.470669609606,-1178.2834686979518,5056.359727536267,1310.266584715477,795.2095128147135,5092.03403314586,-100.54062958135509,-20.332106311833744,322.75435780044654,merge,0.6464898626303199,9.471514795389743,0.6653145777825096,9.124689573925508
85.20000000108485,-1.4872683236050006,-5.461885188499935,107.79009806708544,1330.0350140218316,-1160.236345894487,5052.546363693855,1327.7917443267752,786.1890763652335,5083.707061979458,-100.51124700758214,-20.972304736976998,321.0309023983182,merge,0.6463806774663332,9.16013230612832,0.6659869007200636,9.245228762757517
85.30000000108612,-1.536524430959553,-5.66031513748716,106.1394061227801,1321.0755433685365,-1141.9518274098582,5048.708294442871,1344.993630305014,776.7003812829203,5075.19115190168,-100.46870560064114,-21.61847783798394,319.32634031688775,merge,0.6468348463566269,9.213299555465042,0.6666605633022911,9.335727842638596
85.40000000108739,-1.5516549266219994,-5.949925601941471,104.4454929850836,1312.5302116337718,-1123.4595162240612,5044.820888278985,1361.8940350855335,766.7845698741256,5066.493467086199,-99.81796827460502,-22.254833736735094,317.61073946067336,merge,0.6472711916662607,9.440355066590426,0.6673329152315491,9.457073835085954
85.50000000108867,-1.5852447452557772,-6.3774362455261855,102.7948172657172,1304.5003747153794,-1104.75223472716,5040.877642144829,1378.4376009758485,756.4134954702834,5057.607152629164,-99.43878274157012,-22.865390875243452,315.9178208521898,merge,0.6469494763860332,9.236705211909202,0.6680065032271936,9.519719466562224
85.60000000108994,-1.6070122944374676,-6.810972415516428,101.26708414492592,1297.0093662809875,-1085.8346314763578,5036.85685023526,1394.649599152074,745.6269501832401,5048.542004606644,-98.66805376720035,-23.44973128783138,314.2089793788308,merge,0.6478490520807468,9.1761422202305,0.668684135874186,9.599433981320503
85.70000000109121,-1.574569448308097,-7.165500561880678,99.87931788670342,1289.9331834939596,-1066.7276063396307,5032.746777464203,1410.4739490484183,734.3999111979801,5039.293876665849,-98.26630912309686,-24.00108358868598,312.51619263172165,merge,0.6497722554463096,9.621322072386286,0.6693687203707773,9.624450250699145
85.80000000109249,-1.5078278622700583,-7.459411394866104,98.43402055677397,1283.1921390682066,-1047.457433731453,5028.559418098632,1425.9390457133516,722.7715898485434,5029.872628984585,-97.5264394433209,-24.526370933496704,310.8007013086788,merge,0.6509136035592911,10.195257280172246,0.6700630468278926,9.671023061568157
85.90000000109376,-1.4611535072346125,-7.718235048088964,96.896253210884,1276.8910903277924,-1028.0351086722628,5024.321575806579,1440.9878639640938,710.7204313425004,5020.275437259865,-97.18126441595659,-25.021873333280357,309.0961675392367,merge,0.6506979031329237,10.393562838490103,0.6707682957188943,9.671512623520094
86.00000000109503,-1.4357113196697566,-7.878672358966043,95.38617656352172,1271.1239026725846,-1008.4522793209433,5020.054103437213,1455.651505223235,698.2848736226878,5010.511361033634,-96.49741918227959,-25.495987025036083,307.36476870657765,merge,0.6515071773999205,10.465160434270175,0.6714863610237691,9.699134584528068
86.1000000010963,-1.3851139801366605,-7.858039465944813,93.8695560324358,1265.7969304757255,-988.7290751008684,5015.753943324924,1469.871820916271,685.4468294015032,5000.578370493606,-96.2116698015383,-25.945217718019116,305.64182689065325,merge,0.651871566325031,11.019533797319443,0.6722169987209529,9.686732128086675
86.20000000109758,-1.3140093478731751,-7.709061279463302,92.34863823450068,1260.8276353387603,-968.9035856121943,5011.43111807515,1483.682335689479,672.2436018717306,4990.484578038642,-95.57311207499674,-26.37759203455521,303.89006024639235,merge,0.6521482258145381,11.563490911622551,0.6729614521077757,9.704946040709105
86.30000000109885,-1.273276384234101,-7.533232582204595,90.91539937925963,1256.3232068240045,-948.9619380773375,5007.133832441068,1497.0237483877497,658.6605598388959,4980.22859703463,-95.33096045412437,-26.789075027948595,302.1459301113717,merge,0.6519295497831834,11.531970097049753,0.6737186587984556,9.686455064522391
86.40000000110012,-1.280396026132236,-7.356966828286154,89.57248433118107,1252.4133406113497,-928.8993615987044,5002.9133685645465,1509.931835203377,644.733556848465,4969.817667130968,-94.72116969306471,-27.18703465931754,300.37222482539954,merge,0.6511103574399965,11.094464834872248,0.6744895042313566,9.700390170324463
86.5000000011014,-1.2978540666250629,-7.119465506369149,88.25138488040155,1249.1109494223742,-908.7386737621508,4998.770267083008,1522.346227426863,630.4514492878689,4959.251029481578,-94.50631774135312,-27.566811596683547,298.60617539611644,merge,0.6504771410489251,10.865346107538986,0.6752725391717543,9.679204426667873
86.60000000110267,-1.3077584852850928,-6.87641680669179,86.8762913694007,1246.338627587619,-888.4958144086319,4994.679561399472,1534.3048388547802,615.8483928294265,4948.5351598721445,-93.91157481344925,-27.935261058752467,296.810344898365,merge,0.6502912402103946,10.69971186826528,0.6760684561545697,9.691338493775193
86.70000000110394,-1.3494203712719788,-6.740403705289264,85.4745004877118,1244.168462413342,-868.1825388520391,4990.655128324074,1545.7463864941622,600.9167924678044,4937.669951267731,-93.71177241579682,-28.287183867250313,295.02255248240823,merge,0.6496661827187044,10.285751289178297,0.6768756679320818,9.668993555698297
86.80000000110522,-1.4154988698862745,-6.701989445080599,84.03382847405429,1242.6162212087163,-847.8209870995917,4986.678250223199,1556.706529939027,585.6985344380993,4926.666906837246,-93.11846156049096,-28.629379808097084,293.19924024967344,merge,0.6492299509444378,9.868515843273174,0.6768602720176549,9.697407644822135
86.90000000110649,-1.4938591429237291,-6.780799928422681,82.52669583318554,1241.654466793222,-827.4303598949967,4982.709510709628,1567.1210543548432,570.1960040003942,4915.530325610841,-92.91556061791655,-28.956554416599275,291.3819704421834,merge,0.6490505533987702,9.50880576395883,0.6774666472428507,9.684376319807741
87.00000000110776,-1.545719890566618,-6.92411713846273,80.94768821426436,1241.2409260644733,-807.025545616045,4978.705389372486,1577.0330935662964,554.4389761557767,4904.265115360353,-92.30967162511227,-29.274219566281555,289.53645133933134,merge,0.6494792730980067,9.495507572767146,0.6772377988322492,9.716408011094737
87.10000000110904,-1.5643156908819604,-7.16603603669707,79.31101069463318,1241.3023234832417,-786.6075190582059,4974.641526256996,1586.3793914103126,538.4319344100253,4892.875462137956,-92.0931867863438,-29.577179396054625,287.70173880320954,merge,0.6499051231956319,9.640427291665668,0.677793927185939,9.701310200271445
87.20000000111031,-1.603039252324571,-7.560690385937784,77.70549981095462,1241.9336529331115,-766.2132098872102,4970.509164542788,1595.2057739450097,522.2006477317242,4881.364701668456,-91.46892701861407,-29.870444360594202,285.8410461496017,merge,0.6495549706658504,9.361962149726049,0.6775241753916524,9.729930378112671
87.30000000111158,-1.6295581462053599,-7.969879166878221,76.21145773574142,1243.1550600371947,-745.8582706611445,4966.284163328532,1603.4498923919377,505.75154420075535,4869.736927220357,-91.23529394495986,-30.148815150591112,283.9930412926192,merge,0.6504397685384078,9.231997547739622,0.6781011937246189,9.709835686599263
87.40000000111286,-1.6001283645901239,-8.309501578067236,74.84311537759189,1244.8417535684027,-725.5092176357962,4961.955911293361,1611.209949789745,489.11199324041377,4857.988953545675,-88.47316297073681,-30.29795893866759,282.1043179723067,merge,0.6523736737010408,9.615852844250076,0.6793148398726382,10.233826956570416
87.50000000111413,-1.5357013150761472,-8.604152414889446,73.40267543610781,1246.908102960191,-705.1556315801611,4957.538083129478,1618.5694720850115,472.31003222206056,4846.142229194409,-84.05558467920697,-30.36116304091517,280.20290360840227,merge,0.6535426395901388,10.1467524196157,0.6800492712391623,10.79225041043013
87.6000000011154,-1.4914077658651193,-8.878686747961506,71.86299829090815,1249.4439079799959,-684.8447034701301,4953.053504568216,1625.4353388951376,455.3340872113248,4834.232589286182,-81.29020008581877,-30.40522322962711,278.37944185570666,merge,0.6538091315627241,10.32189667515964,0.6797996400668399,10.879603383668988
87.70000000111668,-1.4684312525472631,-9.06134481475907,70.33848836118399,1252.5328792307994,-664.622983047609,4948.521613258517,1631.6758331579344,438.16723741793373,4822.294588085613,-81.42960829218045,-30.44119187684484,276.64632342462846,merge,0.6536315278415965,10.410576911224823,0.6787508852685465,10.505263465576835
87.80000000111795,-1.419048365875077,-9.069016683945874,68.79733612211095,1256.078490811374,-644.4741647572264,4943.94243341538,1637.2658853275425,420.8238930052295,4810.329316771103,-82.0305187268439,-30.39132523164279,274.9396846572177,merge,0.6544204099054846,10.967723132870402,0.6786160030385479,10.309517539110502
87.90000000111922,-1.3485764258075585,-8.957282377096279,67.26131529370817,1260.0014628925455,-624.3655690185842,4939.323497907043,1642.3354869965494,403.33342245706353,4798.3142246717425,-79.87315565006429,-30.215112234262847,273.1826666319522,merge,0.6554879654700995,11.4948854617021,0.6796896538758098,10.665763835260726
88.0000000011205,-1.3087496707858306,-8.82219159806316,65.81359457179725,1264.4079391433156,-604.336654526409,4934.710341884458,1646.9785832627908,385.71180547207496,4786.251995427552,-75.93344256315255,-29.979686839340395,271.3954193854782,merge,0.6554420563122513,11.44752594612865,0.6803615815772588,11.10214330386749
88.10000000112177,-1.2952422466334097,-8.619792527460579,64.45174358141901,1269.381314861466,-584.4417557473887,4930.141791802195,1651.117806731175,367.9576898224766,4774.18557033096,-73.54060574111776,-29.759561653602677,269.6631743333493,merge,0.65499051461235,11.32525761484311,0.6801184432579948,11.145362748735051
88.20000000112304,-1.290745271946889,-8.371828255170147,63.08729375479301,1274.8653009127827,-564.6716117038051,4925.613863380829,1654.6682330450406,350.0588231201974,4762.142784254086,-72.59726316097635,-29.48092900223653,268.02620075529444,merge,0.6549678360232625,11.21133091365049,0.680767130821204,11.087777382273439
88.30000000112432,-1.2991500615001623,-8.112512645904802,61.73416766139725,1280.899131296438,-545.0588134001858,4921.142359004501,1657.731505176358,332.0199823473623,4750.096425258717,-69.88420092534454,-29.043491319529235,266.42525806664537,merge,0.6545632455370632,11.093540309803345,0.6825809774665275,11.48022973051018
88.40000000112559,-1.3042999981555512,-7.857348374635085,60.34880306433927,1287.4294946700904,-525.5935068900811,4916.713556152806,1660.400786880747,313.85898537621995,4738.044852085341,-65.85054875339388,-28.518763531630647,264.8359769369687,merge,0.6545848152885776,11.006028680655987,0.6833740156967543,11.883518790946857
88.50000000112686,-1.3166361614832953,-7.625782222089246,58.962676817398346,1294.4957475531037,-506.31200796170657,4912.337982198018,1662.5692318191698,295.58030276074254,4726.061581068957,-63.733982034059984,-28.02056678902148,263.32119182333963,merge,0.6542186864793486,10.914964062895564,0.6828723106069793,11.77577888322219
88.60000000112814,-1.2877538905782007,-7.311838480637935,57.54978172127354,1302.0031517309726,-487.1837024565511,4907.986763610712,1664.0986123088837,277.16944051211914,4714.212482814172,-64.77540654362141,-27.57227430792693,261.8859962441737,merge,0.6548556510191444,11.335218408016575,0.6824244026874432,11.250551942787101
88.70000000112941,-1.2309430704131168,-6.9525381809041225,56.12465682376759,1309.8762056833918,-468.16287360794536,4903.648058470854,1664.9590657347878,258.6424051215186,4702.499765370029,-66.43150493836761,-27.07993966966719,260.47946041857165,merge,0.6557988886200147,11.770217279771478,0.6821373739044589,10.923026835300538
88.80000000113068,-1.1650884122541638,-6.522086431849207,54.778910597166124,1318.1526462377979,-449.2847746947241,4899.355192679635,1665.2777092950937,240.02348566874068,4690.8657000166295,-65.33629296603979,-26.48314821166839,259.0276874770501,merge,0.6559483860522302,12.175929580042665,0.6835645957671975,11.128504557259632
88.90000000113196,-1.0900060830371705,-5.9883026940159585,53.501162269042396,1326.7810016618278,-430.5318052970547,4895.113547770626,1665.150779666239,221.31888229004122,4679.284976667559,-62.40975889597213,-25.85795729075705,257.5268249054923,merge,0.656589969155756,12.48973859123648,0.6841016187508412,11.43004997801995
89.00000000113323,-1.0219530026221246,-5.358325911536297,52.34391284427751,1335.7997403390768,-411.9349543527183,4890.971310835925,1664.5055455364313,202.55182058521996,4667.821198896468,-61.0551190776233,-25.294274789655425,256.03991782313875,merge,0.6563138763866092,12.708953900964591,0.6835287956404495,11.358666126996644
89.1000000011345,-0.9524073541544819,-4.618277381948392,51.270867034392104,1345.1593322912588,-393.4744176973059,4886.930529243296,1663.2612647579285,183.72746574348068,4656.516095736703,-61.09986103325764,-24.720526208171382,254.62714092683987,merge,0.6567351623637295,12.858980074853854,0.683868230050729,11.21556284163245
89.20000000113578,-0.8942899679129306,-3.866038297827209,50.39917780615836,1354.90450049075,-375.1525668238915,4883.040163980416,1661.5182064405992,164.8513855358262,4645.323193787214,-59.27904143705526,-24.01900757295332,253.2483197705241,merge,0.6580565883166,12.843435462130124,0.6844477286486161,11.56666063294044
89.30000000113705,-0.8161914946916045,-3.0691132372514196,49.74426588892158,1364.965531149911,-356.9066261304244,4879.2554464726745,1659.3732571605665,145.93469859600972,4634.220912043334,-56.03849231029238,-23.25921643155919,251.86857010650192,merge,0.6603641871808659,13.015786066191186,0.6848415008514422,11.936995436856622
89.40000000113832,-0.7238634482156242,-2.2894256434666507,49.29648334566368,1375.277291785817,-338.6923004093568,4875.5400886325515,1656.7730111931,126.98344514725422,4623.259599014783,-52.552443872577015,-22.451909356116953,250.60153160823413,merge,0.6628437483522857,13.051603454735329,0.6851225266490604,12.2183438117653
89.5000000011396,-0.6354004124107405,-1.5209832651421915,49.00196702440757,1385.8312780109463,-320.5189477822178,4871.92742281183,1653.8098493501607,107.99061778946624,4612.404720667586,-47.00895914126113,-21.492003936966697,249.4721781199286,merge,0.6641001591741414,12.764207695655552,0.6863400068818756,12.82566496972436
89.60000000114087,-0.5904248107398534,-0.48678730873094617,48.52507709311321,1396.6578855535859,-302.4399808545245,4868.529021800297,1650.5656039925723,88.94519391021831,4601.628313563931,-40.099052048222205,-20.402675183390027,248.5109407178561,merge,0.6640327760737029,12.623170113566326,0.6876374309162714,13.359844429941974
89.70000000114214,-0.5789018515556851,0.49693537982956343,48.17313947976429,1407.7895660387298,-284.4806358490047,4865.42450465025,1647.047622473666,69.83862053843512,4590.958864194051,-32.62910011970829,-19.216563192449406,247.79617678457143,merge,0.6650634647649553,12.52103401612885,0.6887864227001577,13.64929136686921
89.80000000114342,-0.5456259386197004,1.2172048870696683,48.125754551251546,1419.1781812643299,-266.5814369449497,4862.523944624153,1643.2678004797056,50.66035162550822,4580.427608258093,-25.268869865820534,-17.951097953855218,247.35150519016008,merge,0.6672865895000006,12.398838015904222,0.6898491293503655,13.734385236847974
89.90000000114469,-0.49043875669201015,1.8845454153972936,48.15668588008561,1430.7661410578207,-248.69383686981334,4859.740271443928,1639.2349801493144,31.395977195923685,4570.083689281646,-19.163699135677092,-16.650234363047986,247.1315319187725,merge,0.669856428277431,12.27940522926578,0.6903566287354082,13.574904154525955
90.00000000114596,-0.42480544732589187,2.7157991611835706,48.12957894151725,1442.539094529863,-230.82506203698875,4857.0955678618675,1634.9313259025805,12.024873122531945,4560.036079002777,-16.38343322499124,-15.380118082965183,247.0210304739835,merge,0.6711763125528857,12.126444073033806,0.6900861469497881,13.362031331449646
90.10000000114724,-0.3567985921454656,3.8042800839197075,48.043150640310316,1454.4938614611342,-212.99464581097052,4854.643165435991,1630.3421240194318,-7.462017367495828,4550.372628330741,-15.965082661574304,-14.11786783800397,247.04025660865832,merge,0.6728834121567321,12.336259601389699,0.6897915073108722,13.347237795088693
90.20000000114851,-0.27787670849409574,4.622420265745447,48.17044984008897,1466.601769319785,-195.1730761200918,4852.33340186787,1625.5251177760954,-27.048837787986358,4540.998874004397,-14.639424433504471,-12.860930895607614,247.1781216376911,merge,0.6748216821615579,12.262278551993335,0.6905514736944293,13.620165207286929
90.30000000114978,-0.19151171975698236,5.328877392420209,48.428794721257844,1478.8472670961503,-177.34949602102193,4850.168469333834,1620.5300236782741,-46.72609820908367,4531.834477582902,-12.35355324964737,-11.672137565593163,247.36306637281683,merge,0.6767743370990406,12.027182795482318,0.6914416106789487,13.824732491009932
90.40000000115106,-0.1004596772673488,6.1729576794007475,48.76541874599301,1491.2140467958952,-159.51528529541787,4848.155571784151,1615.371316454295,-66.4954679766058,4522.888175588992,-9.33076913353404,-10.52507230074613,247.5957376462494,merge,0.678627080050617,11.879850655618394,0.6922484291937722,13.92460250254947
90.50000000115233,-0.006875652254699344,7.342007585627366,49.185724585629444,1503.6856109471096,-141.66215999572947,4846.310405527496,1610.0647104186185,-86.35996935170361,4514.172643886393,-5.830912152352231,-9.408786977573035,247.8956821831278,merge,0.6804633827095211,12.016948985536494,0.6929978945507356,13.950928107182218
90.6000000011536,0.08683537520531452,8.569582242019965,49.75154705793745,1516.244044713933,-123.77972025360066,4844.6474929729975,1604.6257775584834,-106.32594459232271,4505.723373084506,-2.4689165944119913,-8.255265954466134,248.25062823626283,merge,0.682235883436982,12.192759099545595,0.6932334971496213,13.864984217888411
90.70000000115488,0.16823144099081488,9.527137726141369,50.402314985777444,1528.8662768060399,-105.85662069155231,4843.199209791416,1599.0664565910186,-126.40543895510432,4497.6273515260045,-1.5311981837748592,-7.0590950844888285,248.5503501787997,offense,0.6836867717853481,12.032654077722224,0.6927805912538226,13.821647685775218
90.80000000115615,0.20096475749605536,9.574426263466277,50.875346956865066,1541.5157273420205,-87.88706543437159,4842.0368096935545,1593.3813036673725,-146.60530632841736,4490.02461595299,-4.9505297440784855,-5.917003529968419,248.7253976301472,offense,0.6845024113439593,11.115201494530183,0.6910378786659681,13.67602757646083
90.90000000115742,0.16026576283054803,8.567724345530792,51.04313055609542,1554.1592910337101,-69.8751572674361,4841.235946818835,1587.533288896632,-166.90999257181878,4483.052114372134,-11.515015293894182,-4.882579607914998,248.76542389554902,offense,0.6846748152419984,9.34501031443588,0.6886538600253953,13.301489106406835
91.0000000011587,0.06354562372120058,7.005163875791514,51.08140446745887,1566.787033298394,-51.83999218533129,4840.868808713454,1581.4707228420828,-187.2925765331241,4476.691789549649,-19.0621442053785,-3.8708266328865686,248.62458855698756,offense,0.6844864998949921,7.10749968918188,0.6875009927115285,12.84394633456591
91.10000000115997,-0.07405521122678083,5.679556649338947,51.176362456859245,1579.4275169654034,-33.81327212490598,4840.92553285827,1575.1372048916642,-207.72717321429764,4470.894703463844,-26.43865436428951,-2.837258736695497,248.231138029716,offense,0.6845632603467721,5.313088527062969,0.6865175057861261,12.26722618725504
91.20000000116124,-0.2380219501878963,4.780153294706909,51.322771336313494,1592.125284751399,-15.828657366246484,4841.328941873807,1568.4782370873652,-228.17239420884903,4465.631528322959,-33.31112740073914,-1.8434016695718707,247.57362997203242,offense,0.6845158417042286,4.068570100943802,0.685597551229553,11.584119549278647
91.30000000116252,-0.4119160395365075,5.089198898520696,51.233472215799026,1604.9174284817648,2.076570473284478,4842.020397029168,1561.4433349608223,-248.5870639280167,4460.869789963424,-39.70794562558398,-0.9253494572596667,246.66529509123745,offense,0.6843283953376221,3.950327485448098,0.6847714288580566,10.860668725821089
91.40000000116379,-0.5723594759550719,6.607785953338834,50.55846799448921,1617.8451666258834,19.873370068195715,4842.974121028993,1553.9998753424961,-268.9370256963802,4456.556220882404,-45.573501044525656,-0.09415099917962234,245.53426047724875,offense,0.684757763162288,5.062462954409922,0.6843218003899771,10.259113849274025
91.50000000116506,-0.7052738036340122,8.500953881553086,49.349751689447196,1630.943306925335,37.55697351897409,4844.147268391684,1546.1257576813657,-289.19288416385234,4452.634773980874,-50.902184538333266,0.6323478245903187,244.2099871421197,offense,0.6852290547222182,6.466662462730248,0.6839025260099464,9.710137536408526
91.60000000116634,-0.8250215937924733,10.174194980678928,47.847907123405435,1644.2639889900192,55.06500329964976,4845.573993622014,1537.7929603355449,-309.3188591492549,4449.067107104283,-56.02563029666174,1.2327643698798019,242.71168304143575,offense,0.68521322546931,7.532440879473479,0.683483253071814,9.219257289568661
91.70000000116761,-0.9383060328902292,11.497538750593451,46.20297475775217,1657.8537622749113,72.33544224292406,4847.264598413354,1528.9838478760594,-329.2831183699334,4445.807517287386,-61.1118660841441,1.7007271672125082,241.05796951982268,offense,0.6848630717053391,8.21459475714667,0.6831048936307424,8.799160166821743
91.80000000116888,-1.0475334554714373,12.483185796350975,44.47664081368085,1671.7487292678309,89.31783817573039,4849.204116617766,1519.6869590017359,-349.05727830445977,4442.807218934915,-66.22299795714882,2.023280586893567,239.27388558265375,offense,0.6842889614331344,8.582017919875526,0.6827800497198243,8.444031994485304
91.90000000117016,-1.1534936279308614,13.168174322942614,42.69064399692419,1685.9761821165048,105.97111898634866,4851.362659376719,1509.8948100357964,-368.61520727553665,4440.016278497511,-71.37274617352546,2.1846623419635502,237.38617557980888,offense,0.6835669350478916,8.720842588105576,0.6825083108359586,8.142323602199367
92.00000000117143,-1.256548873806455,13.583978831576815,40.854506200711334,1700.5559549979396,122.26199269902841,4853.701195397133,1499.603213627563,-387.93252852806813,4437.38416994631,-76.55546154482897,2.169541974593916,235.42167913890978,offense,0.6827515026136683,8.705939169131032,0.6822861136988497,7.882728407076173
92.1000000011727,-1.3570294611554317,13.752073029965148,38.97728567975708,1715.50137743008,138.16394820803086,4856.175022697354,1488.830193860801,-407.0031037938613,4434.853359993705,-79.7705332960746,2.0684269936196182,233.4185307085388,offense,0.681883648771781,8.594685951715393,0.6826505797167655,8.115802399944053
92.20000000117398,-1.455550497113032,13.681596540504763,37.07050446852837,1730.8199602835239,153.65670813690713,4858.735878582385,1477.6309050592838,-425.85818017251194,4432.381602444739,-80.96496477430792,1.8608053147471355,231.40471381076506,offense,0.6809988383067529,8.428237749266346,0.6829293861474016,8.565990213043877
92.30000000117525,-1.5528291531402365,13.378251866768014,35.150618623410566,1746.5138150022792,168.72617922298116,4861.333158674902,1465.922031639398,-444.40315100522525,4429.974414055923,-83.67775985472,1.4293131298117592,229.46270503939095,offense,0.6801278472909962,8.234797442936959,0.6822311772937077,8.39026129779361
92.40000000117652,-1.649240125963618,12.849493633533525,33.23841048006996,1762.580368576346,183.36375843290324,4863.915271638152,1453.6830650011993,-462.5909049703813,4427.603571428481,-85.60902192365295,0.9507777917684405,227.5685940290762,offense,0.6792913924109413,8.032127188324232,0.6820449428285553,8.474484862867383
92.5000000011778,-1.744900628609413,12.102953908891372,31.356622755963954,1779.0131404477406,197.56539246198835,4866.4306161671075,1440.9775082213773,-480.4613246471297,4425.236967600265,-86.32627602067639,0.5222755748570521,225.6841650688941,offense,0.6785027415823371,7.830834983403579,0.6818213337172819,8.684325624330194
92.60000000117907,-1.839805514902661,11.14699671572293,29.52834794507185,1795.8022642019555,211.33094407035833,4868.828164883826,1427.770724340341,-497.9521294530913,4422.867701619637,-87.03354271414314,0.09981128263932836,223.85561930023712,offense,0.6777708272936444,7.6371023854851705,0.681566205486713,8.836686978314715
92.70000000118034,-1.9338097665333664,9.988127633930958,27.776954842242105,1812.934842507846,224.66373834430436,4871.058037194925,1414.1067913793638,-515.0887909164051,4420.484134674623,-87.06902658135631,-0.29388875282720095,222.04821571730923,offense,0.6771008231992516,7.45478239606295,0.6812750816630989,9.021900340875229
92.80000000118162,-2.0264873199132762,8.621903226454556,26.130239621673965,1830.3954372824155,237.56974893560846,4873.07201357933,1399.9403782743248,-531.7873955352161,4418.085819471261,-89.10207462500105,-0.7556476475069135,220.29910261153492,offense,0.676491981663244,7.287840331765647,0.6804107957527157,8.753064085978872
92.90000000118289,-2.1177718230784928,7.050124585362126,24.61605124114951,1848.1661416614288,250.05762305198616,4874.8229952483325,1385.2903271144626,-548.0361270052807,4415.647143991846,-90.71914523505772,-1.1728431441077913,218.5515258792557,offense,0.6759473336821995,7.140650399929782,0.6801693019559627,8.762290030486557
93.00000000118416,-2.175906662157319,5.384026731014715,23.18234896660012,1866.2183108489003,262.15992231479436,4876.276480808133,1370.2179708410545,-563.8896081567566,4413.154089324636,-91.14993599407047,-1.6120000861257653,216.77755726518336,offense,0.6759856428973023,7.45191655791383,0.6799180946386559,8.897808315683498
93.10000000118544,-2.1634433653658656,3.7832834993445292,21.725603693760483,1884.4951920091403,273.9743500102429,4877.466617855313,1354.7011855345017,-579.28354747538,4410.595606800369,-91.64793755634744,-2.0598774488837095,215.03690463566917,offense,0.6765864556940949,8.61924411527342,0.6796568780358174,8.99027768768202
93.20000000118671,-2.088243780425316,2.328079018212008,20.273649167448262,1902.9515031909702,285.5894015574793,4878.455920780143,1338.7816205663169,-594.2520236819635,4407.967750290227,-91.52924529564638,-2.507107345573389,213.29888435423226,offense,0.6779468875604184,10.326649994494518,0.6793807905768795,9.11940666959804
93.30000000118798,-1.98584708797441,1.1014684842397784,18.8869612121994,1921.5812706622248,297.0133480245134,4879.265639774225,1322.4413886560903,-608.7300930347913,4405.264137091962,-91.7272771580792,-2.9378064738756158,211.5996218894843,offense,0.6786113421830192,11.625626565255528,0.6790976197279859,9.179133853103986
93.40000000118926,-1.9125393682385539,0.09716021233168032,17.62467242801136,1940.4329990189206,308.09753024012963,4879.843781231573,1305.720928714889,-622.7552872283155,4402.484366846198,-91.50801996530512,-3.3576740706145842,209.89812738382935,offense,0.678391521250388,11.9821339960835,0.6788090300269425,9.262281153970294
93.50000000119053,-1.891360395447616,-0.7408802278276508,16.457438566859803,1959.5509663131847,318.6834961192294,4880.150136788196,1288.6070124190117,-636.2629997671179,4399.623578088909,-91.69185504963137,-3.756879873297901,208.22762019394216,offense,0.6771358532475518,11.58471182730266,0.6785223163101833,9.282646788619477
93.6000000011918,-1.9137624489400848,-1.4962023450270345,15.324109093527271,1978.9477076170517,328.6546830216931,4880.154737700811,1271.1385877091852,-649.2941157696042,4396.682157009959,-91.50945594434617,-4.146603471303641,206.5470465328693,offense,0.6755366773810936,10.863784401990397,0.6782391023628134,9.331030601637435
93.70000000119308,-1.9694950178074149,-2.2804453188580305,14.167647565437811,1998.5998246611719,338.0060151028377,4879.844414330194,1253.3067941275426,-661.7842602758756,4393.655407134569,-91.75154815219096,-4.519023964810305,204.89080909321484,offense,0.6741988341711974,10.141431426776535,0.6779641934378172,9.326598946105772
93.80000000119435,-2.013793817698854,-3.081862125459058,12.92755700372125,2018.465072343401,346.79092044891553,4879.2091659071,1235.148563926844,-673.7771475275122,4390.543725923261,-91.62853266587908,-4.8868879475779154,203.21938705986068,offense,0.6732566426950145,9.80349238939625,0.6776983232153695,9.355358678732417
93.90000000119562,-1.9957814033864922,-3.8836913890988494,11.560131800666632,2038.4960543352988,355.13989194385584,4878.289891221679,1216.6591460710576,-685.2084547328706,4387.342102337882,-91.93114198856568,-5.242271494665163,201.56843613701452,offense,0.673431466988169,10.188506685947191,0.6774443991598068,9.338138207160686
94.0000000011969,-1.9201383751835956,-4.641698606801047,10.101848681428084,2058.6679257507376,363.17762588817516,4877.149159962649,1197.8730625125054,-696.124274339022,4384.050876849792,-91.8573668259305,-5.597898435224435,199.89963212019404,offense,0.6745537094756201,11.148533994714327,0.6772025901568464,9.357056457890286
94.10000000119817,-1.8223246998718965,-5.298619072894187,8.625255792278573,2078.976777831265,370.95999319864444,4875.828090192747,1178.7895416495496,-706.460300939528,4380.664605774415,-92.20516963793092,-5.945102621785978,198.24934370707672,offense,0.6757732695967783,11.947499660356696,0.6769746877129426,9.333916545699974
94.20000000119944,-1.759550791641995,-5.8479516600941315,7.2423062000150145,2099.441278897613,378.3498447653931,4874.308940834624,1159.440433054584,-716.264680492222,4377.183697398967,-92.164388999788,-6.296261296341112,196.57995103825894,offense,0.6758098339478403,12.059820415561013,0.6767606078183162,9.348219271915083
94.30000000120071,-1.7553667201294836,-6.318388584879924,5.951851174071936,2120.0668674595295,385.18453480990786,4872.576131811834,1139.8288946884795,-725.4732131128686,4373.60228211329,-92.54065109835331,-6.641888369830735,194.92813464367137,offense,0.6748265333766919,11.611350974734423,0.6765615498136435,9.322587381593443
94.40000000120199,-1.7976695277758534,-6.771263618956102,4.706112011944488,2140.843077807066,391.34639533678,4870.610516075885,1119.9936246215655,-734.1882713625644,4369.920580780766,-90.25600777560265,-6.8704921869841025,193.23637108805656,offense,0.6734913158429945,10.916124114123685,0.6774894212361222,9.888798392358396
94.50000000120326,-1.8383567511739973,-7.202724663743265,3.4064078883910147,2161.737453856284,396.85764974858296,4868.396483184501,1099.9591176931983,-742.4986589476833,4366.157829744262,-86.30300289874975,-7.027332349637603,191.54929760129033,offense,0.6724724284097869,10.5012169773581,0.6783166664854401,10.463792895926302
94.60000000120453,-1.8224676440322563,-7.609423323172953,1.986523411764116,2182.722603308639,401.85733521642317,4865.955007166317,1079.7147179655135,-750.2986373190771,4362.342983142382,-84.17799142359341,-7.172634537269684,189.95073878194074,offense,0.6725970288401643,10.70087332093972,0.6781667006330199,10.493270500186322
94.70000000120581,-1.7524484689361026,-7.977211201981735,0.4727483169956143,2203.8000614055104,406.48639639604164,4863.328186993718,1059.254264012535,-757.4467588737803,4358.502229103422,-85.0688697526547,-7.316143714042535,188.43279512083407,offense,0.6741419400076832,11.430174097164855,0.6772303829821366,10.042748334408621
94.80000000120708,-1.6614867319204867,-8.27122695749018,358.9398297245174,2224.977472440506,410.81921586892145,4860.550042732009,1038.598465119521,-763.9233283889816,4354.627684211639,-86.35796750724778,-7.385143580392783,186.91751364668133,offense,0.6755184239979447,12.083310102514684,0.6769364049785639,9.812619405679163
94.90000000120835,-1.605726490398493,-8.506621822664536,357.5006014208198,2246.245138828917,414.72555634780855,4857.627331441721,1017.7759104771372,-769.814610117875,4350.7068363878225,-86.95345726032755,-7.474561729011887,185.3366529718608,offense,0.6757093267715043,12.139370708676681,0.6766866602153271,9.67729568756265
95.00000000120963,-1.6102330539010385,-8.710564251039676,356.1604746873572,2267.5838183169917,418.04423248725175,4854.567845196972,996.8028075834914,-775.0617567217895,4346.734802915383,-87.81937899094068,-7.592343860130593,183.74013300663253,offense,0.67487338182151,11.697078097288006,0.6764718212726439,9.553359367727074
95.1000000012109,-1.6615924833811215,-8.930502348699344,354.86881529608934,2288.9643878470374,420.65868072551604,4851.366151688308,975.6997043972583,-779.721954602157,4342.704147402299,-88.12030812073347,-7.7433922817402525,182.10055777312974,offense,0.673683591236731,11.02936634623741,0.6762857266258977,9.496434815133659
95.20000000121217,-1.741548672310131,-9.2420722859153,353.5469100446297,2310.3626057101815,422.58799021903025,4847.998663810766,954.4859102841422,-783.7350518780266,4338.610723809171,-88.77327105460566,-7.914170685564961,180.46294646698215,offense,0.6729873427956524,10.468976255515923,0.6761215243949287,9.425736504378293
95.30000000121345,-1.8001132759984704,-9.609006397468683,352.1461922546774,2331.7648829472587,423.9148515279841,4844.435474002379,933.1780090113012,-787.1578539883718,4334.4496734266195,-88.94391910939542,-8.109081800288472,178.79479497920713,offense,0.6731028475842463,10.24016777100152,0.6759767117691493,9.405407501532832
95.40000000121472,-1.7900901487959435,-10.000281366867688,350.6406113789055,2353.17540238385,424.7795075309267,4840.682985467416,911.798790702102,-789.9303130189134,4330.21716048655,-89.50025299796752,-8.31573471066948,177.13716019411316,offense,0.6738880974772172,10.669929735161565,0.6758480929079764,9.358800917258636
95.500000001216,-1.7203050076214164,-10.372352510329979,349.06149982623225,2374.6100611857055,425.31537002074907,4836.773392716051,890.354709051408,-792.162547127584,4325.906665996429,-87.33451490980846,-8.416238291975812,175.44079432876006,offense,0.6754957106074506,11.623904054003807,0.6768534859745535,9.897481057661281
95.60000000121727,-1.6260199070841144,-10.665529085413162,347.50510848728396,2396.080436297054,425.55117693750327,4832.727123049977,868.842004924639,-793.9485768688384,4321.531971511942,-83.48464761391072,-8.456354781401588,173.74876470887205,offense,0.6769499393029831,12.324971258824442,0.6777694793952377,10.450155738641193
95.70000000121854,-1.5654037731097934,-10.892357931006384,346.0685546326783,2417.543408023924,425.34113285909416,4828.553456958551,847.281119330405,-795.1889912865805,4317.126325586164,-81.45621124386292,-8.497900173724913,172.14236447287496,merge,0.6763877837783298,12.386842879393837,0.6777309687043593,10.484714243042285
95.80000000121981,-1.5639715938652028,-11.077524382881169,344.7356834581262,2438.942516897816,424.53284474611377,4824.269822643051,825.7081838786495,-795.7472832481661,4312.722034824988,-82.47759108019052,-8.55003023581952,170.61638294538832,merge,0.6754071761916346,11.904661804210937,0.6768694449015459,10.039331768342876
95.90000000122109,-1.6090773937361176,-11.266273920405675,343.4529732989599,2460.2416759294765,423.01459687131415,4819.876133212889,804.1500447451788,-795.6062323764002,4308.3117403377955,-83.86843762095704,-8.533542349476408,169.09821944806973,merge,0.6741757305126108,11.179706104914985,0.6766375180464417,9.80955958229908
96.00000000122236,-1.6841888916061962,-11.533924447969046,342.13282710233256,2481.419930866803,420.8035449616583,4815.35061746107,782.608529918491,-794.8561855906469,4303.8783983055,-84.51876794147447,-8.540978088124367,167.51340689660094,merge,0.6734832815607815,10.551940255280543,0.6764465223277617,9.672612838718873
96.10000000122363,-1.7389902740810355,-11.839830557520685,340.7237527187477,2502.479817625122,417.98342869763167,4810.660520387471,761.1173274867033,-793.4452539866161,4299.419198964787,-85.42485304410935,-8.580344813580957,165.9115149398647,merge,0.6736729784582404,10.283224437435155,0.6762870016991379,9.547530097358157
96.20000000122491,-1.7622673013317782,-12.263317717627977,339.2413936696102,2523.4384499026332,414.64593722839294,4805.797842273715,739.6790569014182,-791.4340675160706,4294.924035646945,-85.7448293042312,-8.654615247129497,164.26468206212996,merge,0.6739315703758221,10.167764924107264,0.6761531530108784,9.489266983584743
96.30000000122618,-1.8122332343322836,-12.866738677026296,337.79173880850726,2544.2376688651307,410.71274520923856,4800.732850958196,718.3307281568794,-788.7704955125864,4290.391136029879,-86.41356530625673,-8.750572536623054,162.618966151753,merge,0.6734274397854143,9.65484346699503,0.6760378120315824,9.41782578437075
96.40000000122745,-1.8490560685175639,-13.500560086597108,336.3115215485205,2564.846147734008,406.1830508409585,4795.434661035061,697.0711501043612,-785.5137541182006,4285.8132487563735,-86.5897594222313,-8.871332376977465,160.9414235308552,merge,0.6735735140239053,9.438029997901207,0.6759386567996949,9.396762024972752
96.50000000122873,-1.8226352887328283,-14.106193949126133,334.72196823770906,2585.3022478131948,401.1887946971785,4789.923151194192,675.9406349709515,-781.6128805770401,4281.189019293148,-87.1526996765313,-9.005100092014207,159.27409853849062,merge,0.6739865881579858,9.951535594028318,0.6758522524149317,9.34975216751107
96.60000000123,-1.7588330758136395,-14.691948136436732,333.09691499238005,2605.6371790879466,395.80809175553475,4784.2306073452955,654.9343979067713,-777.126265929086,4276.512780821308,-87.25762318359457,-9.158055708831727,157.58104082014464,merge,0.6749364170117478,10.552020156827158,0.6757779196488122,9.345678565231397
96.70000000123127,-1.717632030219586,-15.26076659823573,331.55001524384346,2625.805105834132,389.9489427831938,4778.353216897461,634.0959623372132,-772.0049049710902,4271.78311934309,-87.76257308157426,-9.319390223412798,155.90228241118422,merge,0.6750673131662449,10.627704202720937,0.6757140954602772,9.309731392292484
96.80000000123255,-1.7232396358908346,-15.80538562997189,330.0822183471284,2645.722120628738,383.4992702018132,4772.283803594497,613.4170219820493,-766.3065386015082,4266.995400923047,-87.8231288507461,-9.496870555893684,154.20047455987597,merge,0.6744983774965768,10.195651325818643,0.6756607092665311,9.313571644376834
96.90000000123382,-1.7666115859522378,-16.360091160790454,328.6288998275938,2665.344929552356,376.4318858810919,4766.012701414624,592.9441603888148,-759.984582835901,4262.14800922747,-88.28919795534719,-9.679894988959719,152.51475641520716,merge,0.674063775613243,9.66692080653366,0.6756171446935618,9.28273646271015
97.0000000012351,-1.8018076678106223,-16.894210654286287,327.10514927699694,2684.674731298107,368.7977858214082,4759.524416584951,572.6373373758779,-753.142133727703,4257.232690965164,-86.02421207436876,-9.751017452782444,150.7958936142806,merge,0.6743173370961292,9.450941573971846,0.6767114234300559,9.840221629926635
97.10000000123637,-1.813220238293445,-17.49201472725062,325.5080517667671,2703.7476986933907,360.6767540977583,4752.823850379029,552.4532661874966,-745.8634139582246,4252.261586114368,-82.08085182674193,-9.7577404939241,149.0869784562748,merge,0.6746247568606883,9.382339478453275,0.6777116643423594,10.405273285024327
97.20000000123764,-1.8238263232323324,-18.135133872982323,323.90349172247403,2722.5121860476324,352.04073092407907,4745.8911510743565,532.45206778641,-738.0647018119871,4247.271217368561,-80.00266377354771,-9.764331951317963,147.46881735493605,merge,0.6749738436647064,9.331093921748016,0.6777388843279989,10.437483039060002
97.30000000123891,-1.8217685653581424,-18.81006905393854,322.26831773768566,2740.9898303450886,342.9392999923842,4738.7348492855435,512.7234506215256,-729.6358213975317,4242.298188589051,-81.00653732927366,-9.780702539360567,145.93269020914047,merge,0.6753533876086775,9.347593759325418,0.6769409223597476,9.985764354657059
97.40000000124019,-1.8243052466093737,-19.487912973983892,320.641345463219,2759.1260766538235,333.3441373162268,4731.339724644614,493.2991771681614,-720.5728904405743,4237.33586035325,-82.37249536237047,-9.726249753771139,144.40429980588394,merge,0.6757602222118907,9.335648310083263,0.6767738657273893,9.755445727428638
97.50000000124146,-1.8184496299081196,-20.17138117946416,318.98850491723226,2776.9453296635234,323.3013163994718,4723.717967154005,474.14355885870316,-710.9594457495931,4232.365069917083,-82.98554417796814,-9.693511160984338,142.8063503511555,merge,0.6761911812001548,9.363581644924594,0.6766457290927729,9.62093019120856
97.60000000124273,-1.8189666711734254,-20.841697843798958,317.34446039374217,2794.390977495986,312.78479226442204,4715.856638310456,455.309657616517,-700.7616210020919,4227.38492229521,-83.85812794436553,-9.690581051842225,141.1907372070872,merge,0.6766470631285657,9.352277316125523,0.6765464999945998,9.498212915881966
97.700000001244,-1.8122212596610305,-21.510792750407717,315.6733033371095,2811.4903166648996,301.8388038437855,4707.768865150416,436.7747757433909,-690.0359702871349,4222.383996752599,-84.1434225145632,-9.72059049138515,139.52930650719202,merge,0.6771266599124705,9.375276540780632,0.6764699726968096,9.442309164141427
97.80000000124528,-1.812338402425305,-22.163543529934163,314.0095405524558,2828.184960628074,290.4405296534316,4699.442822075075,418.59512522267613,-678.7498394561896,4217.362544448066,-84.78518448417381,-9.770487376222388,137.86929662982175,merge,0.6776312977309351,9.358648965614067,0.6764091676712599,9.372347592421535
97.90000000124655,-1.8053668957400952,-22.814671272310886,312.31692248077866,2844.505020913405,278.63266807217144,4690.891661019436,400.74498798339584,-666.9569797316873,4212.311936097059,-84.93412701715246,-9.843748061654628,136.17686146560052,merge,0.6781599229051153,9.376340417091953,0.6763616081487849,9.352604559285105
98.00000000124783,-1.8053852591429556,-23.449586990930793,310.63049822712145,2860.390481025516,266.3959161517732,4682.104299427316,383.28311636570356,-654.6272480367942,4207.232849996656,-85.47758658881644,-9.928761728639254,134.49501104410044,merge,0.6787136653966624,9.355689103617983,0.6763240938159862,9.306218440646372
98.1000000012491,-1.798245666889893,-24.08371923956664,308.91381383938557,2875.8741488007167,253.77131887019837,4673.093666817015,366.18075875545014,-641.8122012917428,4202.118152734163,-85.56174274287042,-10.032026538656552,132.78680035703707,merge,0.6792912687382414,9.370122536560197,0.6762957950104347,9.302809849220683
98.20000000125037,-1.7981382406330753,-24.702115956594433,307.20250714496245,2890.8945224829313,240.7432259321576,4663.849342488984,349.49880684367065,-628.4848830344926,4196.9684454742855,-86.0533549599487,-10.142831369257252,131.0932332225296,merge,0.6798936695681512,9.347201371032899,0.676275361071002,9.26701373214662
98.30000000125165,-1.7907581805523822,-25.320442091299718,305.4598173355251,2905.4869899938208,227.35084187637625,4654.383977179027,333.205486118344,-614.6948253192503,4191.7775510663605,-86.09841079189106,-10.269202934206177,129.3759716009919,merge,0.6805193897228744,9.359949917913333,0.6762625525710181,9.271192740014175
98.40000000125292,-1.7904419850941478,-25.923191725840145,303.72193343766816,2919.588737339904,213.58227642976144,4644.687821319866,317.36349716983796,-600.4186149740524,4186.545841466019,-86.55618639506712,-10.40056317893301,127.67515539721458,merge,0.6811692863705263,9.335862561646028,0.6762569531537886,9.24027351297592
98.5000000012542,-1.7827412256220032,-26.526237306193632,301.95168204903,2933.237621922641,199.47471079442252,4634.773233487863,301.89279218636796,-585.7342035264279,4181.261775040359,-84.25052771753504,-10.417789817097068,125.94440986669521,merge,0.6818416842540611,9.347820832689163,0.6773978551074644,9.803239275904495
98.60000000125547,-1.7821430476162063,-27.11350255114262,300.1857925457476,2946.3697175808734,185.02011957128212,4624.631170537234,286.71772520470984,-570.7008670814344,4175.934861686513,-80.26486757306446,-10.370637349518022,124.22703507727462,merge,0.6825374532306433,9.32313435644107,0.6784424231123446,10.37118859328828
98.70000000125674,-1.7347164177565106,-27.57981713239465,298.3418754248927,2959.07362792825,170.2725464427057,4614.279685566393,271.9280309912282,-555.2668589515209,4170.605359931204,-78.18861758533794,-10.325899817832761,122.60321020601732,merge,0.6843435009991153,9.864398090142178,0.6785011809936017,10.398967378587768
98.80000000125801,-1.6577712583975937,-27.964915224869983,296.47174120566217,2971.423938989135,155.27374382023146,4603.754306925443,257.65166194575863,-539.3687906211907,4165.314658194486,-79.23743875466852,-10.29364558866056,121.06189799070148,merge,0.6852132568302028,10.434991085543471,0.6777253751087199,9.939587133289294
98.90000000125929,-1.6120268454762419,-28.320269771981685,294.6760477332277,2983.313517972183,140.00182468208615,4593.080757235802,243.91964803977982,-523.0166295454858,4160.056384061453,-80.63263134843561,-10.18996564822426,119.52848085395638,merge,0.6848011805200142,10.503463737072655,0.6775821653564416,9.70697087999212
99.00000000126056,-1.6193172436693797,-28.656335552043206,292.9613179232015,2994.6044170708974,124.41787979335302,4582.272904314691,230.6645135846745,-506.2721738367384,4154.808302672455,-81.24980315273976,-10.107756814725633,117.9225138736006,merge,0.6835683641497526,10.095604465336454,0.6774760035770605,9.573070971320123
99.10000000126183,-1.6333869329147177,-28.903686806147814,291.2466752266894,3005.2726623109775,108.5268000969262,4571.321905788732,217.94957985001875,-489.1265233913975,4149.571175821245,-82.1274607598192,-10.054857275303041,116.29808498541755,merge,0.683870506235068,9.868520313647727,0.6773964114926712,9.451191963840534
99.2000000012631,-1.6345220920258123,-29.165552555949805,289.4630861345282,3015.395909729966,92.37270975288331,4560.229801737115,205.7304554122327,-471.62208525184553,4144.331708372078,-82.41152885035369,-10.03441984246102,114.62673057255672,merge,0.6833707288060502,9.739903408785352,0.6773367943586862,9.396468675427291
99.30000000126438,-1.6401107525879708,-29.44358214798717,287.65991425117096,3024.912253833334,75.96426704730871,4548.9949119435405,194.0727975700732,-453.7524298629527,4139.091943461961,-83.0593220800647,-10.033282107878573,112.95702397678059,merge,0.6837673262898718,9.609595806952248,0.6772903067063915,9.327045463840859
99.40000000126565,-1.6352528384801959,-29.744159824586188,285.8051864661175,3033.8735419164987,59.33106233661422,4537.619392910188,182.93049666442218,-435.5561515078999,4133.841445113614,-83.21119548905845,-10.05531263134822,111.25422992198658,merge,0.6833451342895431,9.557388369201151,0.6772543105352854,9.307959961306416
99.50000000126693,-1.6364882242628556,-30.04831028527758,283.9456591201255,3042.216135321013,42.48416708925243,4526.103167168588,172.37044689452816,-417.03024118603884,4128.582666646359,-83.76533487024247,-10.088867972809197,109.56243311139339,merge,0.6838061582208304,9.480820309092984,0.6772258324577805,9.261633046669008
99.6000000012682,-1.6288687408500548,-30.362558096060017,282.04537890052035,3049.99232425856,25.448488896386927,4514.4494695844205,162.34459621498644,-398.2100219625039,4123.306665420404,-83.85686639328391,-10.14084851477745,107.84369388806505,merge,0.6834361684957229,9.466346143921452,0.6772038942910453,9.258524477456492
99.70000000126947,-1.628059188479845,-30.6703574910031,280.1485720367083,3057.13792798223,8.238313410382162,4502.659630085367,152.92043641716086,-379.09635170383757,4118.015759530995,-84.36326539243827,-10.20043764531024,106.14004965078345,offense,0.6839426955524207,9.414924389632999,0.6771873815252449,9.222525469899319
99.80000000127075,-1.61897763964189,-30.981289706387443,278.2163369494777,3063.7061041633187,-9.125270598487457,4490.737079375902,144.04793371776796,-359.7214292170892,4112.701956810621,-84.41937634034619,-10.27602807470245,104.4121734851464,offense,0.6836112293507026,9.418022347567323,0.6771758930572133,9.226841920036811
99.90000000127202,-1.616985407297193,-31.280581161044175,276.29176100266034,3069.632894178637,-26.624299452530998,4478.684270379067,135.79472544534445,-340.0901632060143,4107.367276839862,-84.895309991053,-10.356867411201168,102.70123124566031,offense,0.6841530584689945,9.378156357092188,0.6771692531163777,9.195602886327158
100.00000000127329,-1.6069401136668486,-31.579146393279704,274.3341473419517,3074.972466927659,-44.241179038358425,4466.504427908242,128.108871209737,-320.23161173686117,4102.004463642418,-84.92667937531652,-10.452237510012843,100.96727402166088,offense,0.6838524342036855,9.389567519898069,0.677167192174014,9.203491211180545
100.10000000127457,-1.6041236091077158,-31.863023932410854,272.38642840044105,3079.6615963784957,-61.954118663673526,4454.201051807714,121.05779939306804,-300.15480461365905,4096.615200553724,-85.38054370687387,-10.55118463326361,99.25109312326315,offense,0.6844234997710156,9.355107162842181,0.6771700590251463,9.174481723969382
100.20000000127584,-1.5933524937508818,-32.143677462832834,270.4067505022661,3083.7554348343288,-79.74893239264867,4441.776978688949,114.5878036504076,-279.8855852915028,4091.1928614384415,-85.39301485964305,-10.66367910141494,97.51243394614487,offense,0.6841487820187416,9.370572105442768,0.6771775389985254,9.184125282024787
100.30000000127711,-1.5899067395383837,-32.407583711839045,268.43839175072503,3087.1918686629756,-97.59998297191132,4429.23674643471,108.76579777402128,-259.4371215402566,4085.7387914633723,-85.82982233439243,-10.778468277783695,95.79192863312237,offense,0.6847448874780063,9.3386758378167,0.6771903095079473,9.156152443600819
100.40000000127839,-1.5785582822834234,-32.66646505050759,266.4386350728011,3090.0269172263706,-115.49648739957824,4416.582694825414,103.5364858583236,-238.83195210293275,4080.2469284020276,-85.82706492005357,-10.90612799879762,94.04915450297052,offense,0.6844923802967844,9.356170587336278,0.6772079413005466,9.166666508167982
100.50000000127966,-1.574617181578475,-32.90709947557479,264.45133781703333,3092.199896582055,-133.4089966823788,4403.820403756437,98.96598581912205,-218.08736924526772,4074.7182882352713,-86.25008545734346,-11.035056990295336,92.32468419575524,offense,0.685110174992413,9.325483724936626,0.6772313423285984,9.13915647025668
100.60000000128093,-1.5628019566673788,-33.14134391575698,262.43304593690306,3093.7675321987317,-151.33015112966356,4390.951636566049,94.94206192461151,-197.22133405557514,4069.1408045382414,-83.86500286158329,-11.04588573903194,90.57130637929022,offense,0.684876745397548,9.344017444480976,0.6784159137273054,9.71620847029546
100.7000000012822,-1.5584701676319723,-33.356219773831754,260.42830191098824,3094.6708568953945,-169.2267543140181,4377.983018483484,91.3673109834726,-176.23853734062143,4063.523831536478,-79.79796867168834,-10.990135430361565,88.83472857219347,offense,0.6855132629944285,9.313878499721172,0.6795018784129659,10.293408595204786
100.80000000128348,-1.5462785739565699,-33.563651389912295,258.3929668832419,3094.9671177178834,-187.09489628362246,4364.91567284815,88.34753046241677,-155.14801303462477,4057.9094584010036,-77.70903547197604,-10.935674089714773,87.19744736378408,offense,0.685296033992892,9.332956431640788,0.6795817006967565,10.312853779063712
100.90000000128475,-1.5415687866781842,-33.75088122876148,256.3652772944919,3094.601964126129,-204.8862371692527,4351.765106811029,86.02584402812633,-133.97179700103524,4052.3409627182186,-78.80323558296291,-10.893075327590466,85.64382442267592,offense,0.6850303608948065,9.321173881861137,0.6788198990629167,9.839205837000536
101.00000000128603,-1.5288677512087694,-33.929762558685525,254.30761693099925,3093.6341665421605,-222.59751027234566,4338.533746938667,84.42102503701355,-112.73678541866957,4046.8116003889654,-80.22024172291691,-10.776507066630431,84.09370720264154,offense,0.6847718282050896,9.346528053206159,0.6786976929015115,9.602899361182091
101.1000000012873,-1.5237163898248949,-34.0883165086748,252.26868458866716,3092.0091694700045,-240.19166196285008,4325.228353965971,83.44065962364841,-91.45510638092293,4041.2979985246275,-80.82680077914067,-10.682530641565254,82.46685006427992,offense,0.6845203013933902,9.332156341384836,0.6786127615466868,9.47061705416012
101.20000000128857,-1.5106062877279767,-34.237526055495294,250.20271800119244,3089.786126422974,-257.66903105832404,4311.850703937104,83.14261751328178,-70.15665741601931,4035.8013570973817,-81.69676143595206,-10.61684290427058,80.82133983007974,offense,0.6842748261125717,9.353492872694567,0.6785540891076381,9.35053517621581
101.30000000128985,-1.505088733775852,-34.365783628569076,248.15668460215122,3086.9129093422684,-274.9893173071697,4298.408688628266,83.46515479939215,-48.85079182135015,4030.3078493610356,-81.96648692288764,-10.583843911961194,79.12839969199825,offense,0.6840357015506104,9.33548435998651,0.6785140908682236,9.298145978724953
101.40000000129112,-1.4916531814453697,-34.483589108491884,246.08366504761673,3083.448830764748,-292.1565474148588,4284.903362437758,84.46657197177366,-27.570855582428308,4024.8200934924425,-82.61056625841881,-10.568561114604545,77.4380686983863,offense,0.683801963875076,9.354034554726404,0.6784864587281738,9.22983025682726
101.50000000129239,-1.4858608548107954,-34.57991375057165,244.03127507415508,3079.344351247198,-309.12734143559135,4271.343745990483,86.08590079373326,-6.32197870355889,4019.3271435402276,-82.75478602739166,-10.576762140222899,75.71433957793823,offense,0.6835737281884514,9.33398194008813,0.6784679768033417,9.212017988805648
101.60000000129367,-1.4721885820998064,-34.664862078095595,241.95219188132535,3074.6586551128516,-325.9094030559061,4257.730105901251,88.38036502593438,14.858885704951563,4013.8320004011157,-83.31180019053485,-10.595202735011743,74.00243325015192,offense,0.6833499199985017,9.351081711220264,0.6784563388209205,9.165902044699143
101.70000000129494,-1.4662115414603016,-34.72803478017854,239.8947820054727,3069.344954450283,-342.4564216955363,4244.072582176128,91.28927910100472,35.97050158546715,4008.325174341622,-83.40101528539799,-10.632743932484134,72.26310060653344,offense,0.6831304918315341,9.330019682802945,0.6784500046147446,9.163375902541343
101.80000000129621,-1.4523858725565608,-34.779125486679284,237.81133420473597,3063.462041537417,-358.77974665488597,4230.370598223084,94.86800292118134,56.97231167994097,4002.8094793910177,-83.914873963932,-10.67690580389987,70.53951908090163,offense,0.6829143276415502,9.346414748834633,0.6784485220767497,9.127107519275349
101.90000000129749,-1.4463059593629561,-34.80837063615879,235.75085445315958,3056.9660573190868,-374.8302978444158,4216.635401212844,99.05603301253527,77.86687668205009,3997.2763532698814,-83.97217865891339,-10.738009265241558,68.7911147382115,offense,0.682701267286415,9.32488453303527,0.6784509007848449,9.131682139426887
102.00000000129876,-1.432403082804842,-34.82502104003736,233.66521979334465,3049.9151555929093,-390.62302985508205,4202.865526920194,103.90638504423795,98.6101516563896,3991.7282622997823,-84.45860849062223,-10.803558604402193,67.06021324709228,offense,0.6824902046000463,9.340955911291784,0.6784576226502482,9.099956650613791
102.10000000130003,-1.4262944024216173,-34.819947960026724,231.60397244703356,3042.268586911007,-406.1062704467683,4189.073315444014,109.35882336009878,119.20846613843015,3986.1573737091426,-84.49355378100691,-10.884753130747859,65.30566560294491,offense,0.6822808960554437,9.319229939684245,0.6784678067808814,9.10796784333273
102.2000000013013,-1.4123845101147108,-34.801931692149346,229.51857795782462,3034.0836295373942,-421.2985302710184,4175.256379344866,115.46368222924411,139.6144424805412,3980.5657714323524,-84.96002874293458,-10.968830255976366,63.56942645124959,offense,0.6820722755224083,9.335169632119065,0.6784824648454324,9.078379347050912
102.30000000130258,-1.4063149894649016,-34.76247747253969,227.45902847885083,3025.32281998557,-436.1457380008237,4161.428134950454,122.16116424455564,159.83815933366228,3974.9462568535746,-84.97778619413427,-11.067688661821414,61.81007121682659,offense,0.681864031289051,9.31338371708403,0.6785006547801679,9.088095266970324
102.40000000130385,-1.3924633500247539,-34.709873929151755,225.3763967215734,3016.042329274833,-450.66990069414874,4147.585242799142,129.49865486628315,179.82907774077933,3969.300531195277,-85.42875425877726,-11.168210845130615,60.06938837376126,offense,0.681655155187492,9.329288437313409,0.6785237274356247,9.059505192349953
102.50000000130512,-1.3864957527662398,-34.63625957372419,223.32104780584297,3006.2081471902015,-464.814755460671,4133.742175753891,137.41700293195393,199.60099731361976,3963.621971431035,-85.43256733855823,-11.282924699424097,58.30580661335924,offense,0.6814452751105922,9.307509712795193,0.6785506131251998,9.070077077761072
102.6000000013064,-1.372763216680069,-34.54941559288682,221.24369182830614,2995.8751095679163,-478.60573436795727,4119.894619033331,145.96041516600602,219.1004007510288,3957.9119058954657,-85.87092962815515,-11.398312764953074,56.56104292295195,offense,0.6812334523466175,9.323428254017118,0.6785829058920572,9.04193426552474
102.70000000130767,-1.400291946546953,-34.54747554263029,219.17959928715524,2984.9939104690634,-491.9652958480085,4106.064259800482,155.02551397993685,238.37852100400158,3952.157265304318,-83.44221032807383,-11.394038520049374,54.787643257076205,offense,0.680444379635209,8.979630099386032,0.6797932960363228,9.628307997007502
102.80000000130894,-1.420392439153452,-34.494622768644895,217.09922803372254,2973.586307259722,-504.8797384387222,4092.2287900022598,164.52195243175632,257.4788885762124,3946.369509122318,-79.32396417613228,-11.322638402394986,53.028198989377074,offense,0.6812627494302774,8.912699381233333,0.6800223033935193,10.22948883510447
102.90000000131022,-1.4168720768827123,-34.46589707614534,214.9543789283623,2961.725034119934,-517.3994244777037,4078.3674007309914,174.51710980040792,276.3134189069357,3940.5969620001647,-77.24075480627013,-11.251613396694067,51.36472826534057,offense,0.6812051318138338,8.970111508354352,0.6788699826594558,10.273119801942059
103.00000000131149,-1.4149117177836465,-34.44831779218102,212.8177342719223,2949.400136917078,-529.4482550495906,4064.4987340423736,185.120190317496,294.7881649131676,3934.8825521860244,-78.38112712486057,-11.194065959545563,49.79222299028064,offense,0.6810802388500558,9.0112720890956,0.6777831334369172,9.796671497058224
103.10000000131276,-1.4009938731770757,-34.43165906899541,210.66301989761854,2936.659996266229,-541.0590916964418,4050.6166329982193,196.34106363293043,312.8848237697017,3929.215420688376,-79.81591797101584,-11.064739974501366,48.23118085430048,offense,0.6809393916938997,9.095280017239954,0.6774643528668709,9.553887857711276
103.20000000131404,-1.427246393240254,-34.50305493371624,208.53576302502947,2923.4694296904313,-552.1412651947214,4036.740730474243,208.09756064851706,330.64996314216603,3923.570409871075,-80.4082440428537,-10.959956167084515,46.59420291701484,offense,0.6801813427493167,8.778215275890734,0.6772701581898203,9.414925995265602
103.30000000131531,-1.4452703271574145,-34.52198964988634,206.39967553196058,2909.850444676728,-562.6820209100497,4022.8494202084157,220.44004896268004,348.0072432565717,3917.953942044917,-83.28389861556924,-10.992999836931329,44.93167042487562,offense,0.6810147018746687,8.732509939877303,0.6766247520893466,8.973074167455794
103.40000000131658,-1.4395357783347231,-34.56115347892965,204.20613319161717,2895.863644231474,-572.7444449108064,4008.92389388634,233.33616893777753,364.9504454272034,3912.331787759668,-85.55100400433604,-11.018015854972932,43.21734692534293,offense,0.6809651414793962,8.81419858049825,0.6768250276577163,8.894971399346415
103.50000000131786,-1.4354826163774013,-34.60407681349504,202.02647458682108,2881.513942749244,-582.2504741053364,3994.982381964335,246.70715164711828,381.53548722146076,3906.6775724612744,-86.32860947636162,-11.114407921055395,41.43347216230335,offense,0.680844758714415,8.873166171360818,0.6770301708785337,8.941863375833332
103.60000000131913,-1.4197454814034873,-34.641490535290664,199.83234368058683,2866.842074510704,-591.2419765503985,3981.0201180397958,260.6037111259855,397.66613432980705,3900.987729544446,-89.17776389454764,-11.369672891432716,39.665734104734256,offense,0.6807048122135338,8.972324673240548,0.676526952331252,8.571716129925283
103.7000000013204,-1.4107191863042488,-34.653876883221294,197.67985908510133,2851.84175924194,-599.649086092134,3967.050458115256,275.00038366442953,413.32686412200553,3895.2310123301895,-91.29603695914489,-11.625334242512025,37.870747476229646,offense,0.6805495175221059,9.013726180073341,0.6768075369434176,8.550342551210614
103.80000000132168,-1.3935309884132006,-34.64524014964575,195.51849474438976,2836.5501398876777,-607.5180445562384,3953.070349964002,289.8257475226007,428.5813164323873,3889.3905326687427,-91.88529166249812,-11.950945790628545,36.02904285833675,offense,0.6803782030419281,9.082223219817074,0.6770837883042422,8.657277284315308
103.90000000132295,-1.4179330588653698,-34.70960987382108,193.38531455746832,2820.956433856203,-614.7535102791734,3939.101644104365,305.11918012363714,443.3273788094955,3883.454090508771,-94.52083358540052,-12.420270678820158,34.22933491906634,offense,0.6796033957784228,8.751214448373586,0.6766530766143427,8.318091180917493
104.00000000132422,-1.4347212165109668,-34.71393283997717,191.24128739524005,2805.0855967889484,-621.3501268830859,3925.123448957482,320.8627932382864,457.5338471597785,3877.3918228951875,-98.64648166618316,-12.997528411875432,32.428357530536495,offense,0.6804249530419803,8.69495244858649,0.676569414943391,7.989933117101462
104.1000000013255,-1.4282034709264182,-34.73481487600816,189.03714860402062,2788.9802038762923,-627.3850528439426,3911.1167398000184,336.99385271911535,471.24913659445735,3871.169034349698,-101.21642908689932,-13.60478417867923,30.570984186796295,offense,0.6803619623411065,8.767865738022847,0.6772913682096102,8.10884215003154
104.20000000132677,-1.4237125275916,-34.75606239191714,186.8461381218798,2772.6653314307105,-632.7837560278805,3897.1009384218246,353.4563961930633,484.54343244599175,3864.779252002502,-101.85613848359253,-14.30893462964524,28.69596276042718,offense,0.6802288249375376,8.819247737330876,0.6779838488214301,8.383049870396675
104.30000000132804,-1.4077144947543616,-34.77042914068372,184.6393491191544,2756.169955883678,-637.5979605001271,3883.070922467959,370.2773945790213,497.2956747544282,3858.189153361085,-104.40907350814213,-15.147384243362042,26.91674102002978,offense,0.6800765731714506,8.912036081268624,0.6777383430588937,8.077381540804494
104.40000000132932,-1.4327988892697163,-34.86475427855377,182.46302229641788,2739.503253014587,-641.7303941284474,3869.0467066528827,387.43530655471153,509.4718019651896,3851.3661795139164,-106.16108065201244,-15.971915320279953,25.137918143448605,offense,0.6793208433722318,8.59745100910432,0.6781775673075109,8.077372662060888
104.50000000133059,-1.4494103955133686,-34.90081941640768,180.27693737916167,2722.6915333039296,-645.1811703982333,3855.0065851260338,404.88031617104787,521.1489141702505,3844.3179093963236,-106.39470520543206,-16.850945484435023,23.335469511145213,offense,0.6801725845739869,8.562852049800052,0.678618637310197,8.219022236539073
104.60000000133186,-1.4421614407175576,-34.95462838732625,178.03429634803285,2705.7613339923178,-648.0347564093698,3840.9320912320736,422.6086912617001,532.2548239935816,3837.0187537340375,-106.66050255447016,-17.73330169169975,21.56271352652843,offense,0.6801322985136818,8.657231733709253,0.6790661899032311,8.317460932821415
104.70000000133314,-1.4368896886533322,-35.00670731108765,175.80918356977455,2688.752394001943,-650.2214730890065,3826.8422205377788,440.5893331869638,542.8353595934046,3829.480541364223,-106.25286088248056,-18.618396988812826,19.78288655814448,merge,0.6800181313063233,8.724732309477565,0.679509440526914,8.450754127170935
104.80000000133441,-1.376859455771511,-34.91408244210031,173.57769797781722,2671.6800876785496,-651.8540791945665,3812.721490888372,458.81544572341727,552.817961391089,3821.684282171488,-106.20351700663605,-19.467996831608158,18.026900602279486,merge,0.6810732445918135,9.441819344000914,0.6799623053228646,8.510833803046605
104.90000000133568,-1.2593033172345882,-34.636168179190655,171.41477428204942,2654.5366426394985,-653.0851150517116,3798.5579818893225,477.25961077705114,562.2513817372271,3813.645589071161,-105.69714489725109,-20.30618772639469,16.252868435108475,merge,0.6831516376379895,10.65153945967908,0.6804210687877099,8.59427823829026
105.00000000133696,-1.1030770912929722,-34.118865228787286,169.4497825460408,2637.3103302991926,-654.0221634061389,3784.3475187114273,495.91037539863555,571.0644756916427,3805.34833807582,-105.62765441679366,-21.104903580057975,14.492493567123846,merge,0.6854499336831981,11.84322016632605,0.6808988057385253,8.613238375749669
105.10000000133823,-0.928747545307798,-33.35051051853068,167.82175202711147,2619.9876080581853,-654.6461235290569,3770.1258904094875,514.7432341923304,579.3090957936926,3796.8087978486033,-105.13654484805144,-21.89540732074208,12.705531583496287,merge,0.6872104623985246,12.530120031742316,0.6813910795165249,8.662153243641287
105.2000000013395,-0.7936908899837882,-32.45573060040413,166.49006006227617,2602.5413481633013,-654.9018273463884,3755.9640498564722,533.7418168188065,586.9155067740767,3788.0122136044893,-105.09912600580711,-22.650559129314505,10.926206967211796,merge,0.6881181484882584,12.63180877564041,0.6819081265383647,8.656807389603255
105.30000000134078,-0.7493852830363174,-31.52845650907271,165.37741865101805,2584.9191504454725,-654.6737473013048,3741.9761601330492,552.8846947635468,593.9380347811075,3778.9746239379915,-104.63418224761972,-23.4028606340988,9.115599909437943,merge,0.6886982437676163,12.281588357203713,0.6824442597426738,8.68698365602364
105.40000000134205,-0.7861258805254167,-30.617085581751006,164.35959493125446,2567.0916836668093,-653.8394681403009,3728.2858348308832,572.1506053024154,600.3082291515159,3769.682165469298,-104.62574662946605,-24.12392103627016,7.30967947484573,merge,0.6872752250896931,11.659191013828389,0.683007752731246,8.669290500696702
105.50000000134332,-0.8379625306965833,-29.65889605264688,163.380386688429,2549.094820201775,-652.3352113085498,3714.948864292324,591.521461474697,606.0823251794816,3760.150453724179,-104.17616052590466,-24.846402806182994,5.470012305339787,merge,0.6861886416013576,11.175063527947025,0.6835921632103692,8.690092319030144
105.6000000013446,-0.8320468739124455,-28.597575439158398,162.3392795692526,2530.9759721752553,-650.2769826282564,3701.8671630879253,610.9711521710385,611.1932033161233,3750.3663876774967,-104.18333538786798,-25.540410812174223,3.63363828540972,merge,0.6864233224022224,11.21475685791778,0.6842046859676476,8.666502278418433
105.70000000134587,-0.8069927890921315,-27.555312515834178,161.16306091392295,2512.7528702618292,-647.7674590666247,3688.9790277017983,630.4851510866162,615.6985868811608,3740.3451540816845,-103.73595996483407,-26.23877579459035,1.7620546373023152,merge,0.6866021339864338,11.317909684146338,0.6848384768798372,8.682773300596926
105.80000000134714,-0.8305794809432041,-26.63489724026055,159.94220321124655,2494.418346183271,-644.7049832655347,3676.365832363898,650.0325405287864,619.5328730748165,3730.0744085344345,-103.74584430812835,-26.910190577251868,359.89303275111115,merge,0.686452803626896,10.914890165201697,0.6855002063330639,8.656445885028104
105.90000000134842,-0.861664048054427,-25.714521775907617,158.77204372681584,2475.996818359461,-640.9948420613553,3664.0906766031953,669.6025250711052,622.75494420828,3719.5689398144245,-103.28962836266325,-27.58784388367542,357.9876945314152,merge,0.685518350426324,10.523703352883071,0.6861827869471439,8.670562381405492
106.00000000134969,-0.8336028203277284,-24.68483963899908,157.58748369322822,2457.525990553504,-636.7498859557611,3652.077980614847,689.1594317525038,625.3009810946247,3708.817198903665,-103.29203023115066,-28.239127273110064,356.0844254489682,merge,0.685807825876172,10.729567518914335,0.6868926813367843,8.642964156218492
106.10000000135096,-0.7730697923878506,-23.61425885085608,156.36965001390422,2439.0042505456554,-632.0735649008757,3640.2706303364307,708.6991879323498,627.2883559945233,3697.8473409649555,-100.21179948235682,-28.76163312901504,354.08435415929375,merge,0.6860838825624539,11.01838394001096,0.6879411372243598,9.271411514760064
106.20000000135224,-0.748097019252822,-22.60665950602392,155.16993440012115,2420.4233601895035,-626.911804199822,3628.736082174647,728.2230304705355,628.8112074731093,3686.7059860791655,-95.40148531612031,-29.195555518735794,352.0639817943702,merge,0.6864190054099168,10.917099322405956,0.6885132378221076,9.895141163102126
106.30000000135351,-0.751216869211587,-21.58924347074805,154.06476186290945,2401.79290852143,-621.1973747511714,3617.544640134457,747.6993818379283,629.7480467982286,3675.411446298516,-92.8500539951796,-29.582758931656034,350.1604766941876,merge,0.686326814345943,10.786586403923614,0.6880075386497921,9.896367225672787
106.40000000135478,-0.7142285478894126,-20.44226325239447,153.02973810138124,2383.128382857117,-615.033504807866,3606.621099597055,767.0774873069254,629.9475155762823,3663.9759184734553,-93.75003841066956,-29.94661469392918,348.3447252605305,merge,0.6870346933486237,11.189429078044645,0.6866162017565987,9.378299038839877
106.50000000135606,-0.6521737438199159,-19.248720590210123,152.01860916017884,2364.415978030487,-608.5093629029809,3595.9041023686323,786.3330305890111,629.3985358510729,3652.3875419521273,-94.81109491024945,-30.220529031172816,346.48829835181186,merge,0.6884003157739932,11.555206171571676,0.6868738938813874,9.113023701642165
106.60000000135733,-0.63102274588239,-18.14433905495769,151.04894114846255,2345.649706524146,-601.5385959920781,3585.5102470234574,805.4746078719251,628.203038850278,3640.6482186385633,-94.85629691604399,-30.53464935681911,344.5362465876242,merge,0.6885172623918864,11.349531916164565,0.6863046004938966,8.981421142976522
106.7000000013586,-0.6395616762250441,-17.045159061353964,150.1726559697034,2326.8578382479695,-594.0544966139819,3575.5423512420953,824.4512653523954,626.31115620405,3628.7544082589866,-95.15575774988157,-30.86174820480864,342.5598538334212,merge,0.6882457871615449,11.13415684496071,0.6866761368098117,8.853110436508228
106.80000000135988,-0.6077395567687849,-15.824116385111493,149.36473711139166,2308.0453341868724,-586.1494225261409,3565.906398476011,843.2695217365118,623.7899233380143,3616.709676909998,-94.79260003334332,-31.218556030928497,340.52686309635396,merge,0.6893335841124001,11.442323926957966,0.6861930699141778,8.808281656248548
106.90000000136115,-0.5258043556881566,-14.492501898213478,148.62286835342297,2289.19413105192,-577.9415839388187,3556.481990919945,861.8751387964636,620.5893321177197,3604.513260964063,-94.83654979558287,-31.56642624452964,338.4906049555135,merge,0.6909623945199264,12.159186232282083,0.6866333070223586,8.734208318773785
107.00000000136242,-0.44271848239775863,-13.162553453784206,147.95555260463018,2270.2910658217907,-569.4746370503655,3547.2535197689654,880.2797114787973,616.77361044156,3592.170016626853,-94.33323615037732,-31.929273040379584,336.4096593868412,merge,0.6925421216029471,12.554548089908247,0.6862051604997708,8.724204210652067
107.1000000013637,-0.4222801318900935,-11.939406349468426,147.36032532952265,2251.3310514428986,-560.6729417618727,3538.379662320918,898.4254349296727,612.2948939984742,3579.6808024465263,-94.278682850733,-32.27346098281797,334.33354910343235,merge,0.6928461777687315,12.41107937052071,0.6866931493315725,8.672482575853268
107.20000000136497,-0.47487070588018565,-10.813016603542822,146.77399022596128,2232.3423956444717,-551.464311954895,3530.0328762439012,916.3283126781829,607.2157180936704,3567.050459558818,-93.70508938249273,-32.62662614720036,332.2173347508226,merge,0.6915261577586022,11.852349761010158,0.6863055850491929,8.677765673546167
107.30000000136624,-0.5354398676607323,-9.685702350080943,146.2190723572669,2213.3780771664005,-541.7934202574188,3522.2990386975052,933.9270527298231,601.4914274116785,3554.2810735842886,-93.5923941321535,-32.95685312019166,330.10976838037,merge,0.6903884161612232,11.298558242738189,0.6868308796212802,8.63610982322288
107.40000000136752,-0.5322594420899471,-8.451009802334989,145.63070676918616,2194.447098802518,-531.724585425101,3515.0426748659315,951.2418844336221,595.1831179676414,3541.377093851647,-92.96853127140513,-33.29288104918053,327.9639390948389,merge,0.6905996727878373,11.323191641438028,0.6864760304817885,8.648697154201601
107.50000000136879,-0.4678738958273297,-7.112319662466641,145.02094456860752,2175.5223208358875,-521.3569258246283,3508.109664327076,968.1978973145646,588.2566850948788,3528.349947221777,-92.80706523166916,-33.60384085668911,325.8217916973673,merge,0.6919773246771236,11.892367309366149,0.6860783522774191,8.629573253021395
107.60000000137006,-0.37233477452732844,-5.722960529396524,144.48367542961967,2156.582639740124,-510.7601021024258,3501.423385227147,984.817081984662,580.7740026885059,3515.20571216518,-92.12907975076007,-33.91822817835198,323.6429969718834,merge,0.6926967674397853,12.379098278825033,0.6856923219682597,8.651304305496053
107.70000000137134,-0.311867606906092,-4.404500374778284,144.01531054081926,2137.6513033415185,-499.9241077696348,3495.1116610150784,1001.0355198712336,572.6972394085955,3501.9468602288516,-91.91777124792792,-34.205526719219975,321.4793063799787,merge,0.6918992007654285,12.375633764804341,0.6853221762900898,8.631495283185082
107.80000000137261,-0.32935647054461736,-3.178407167261363,143.58094736831237,2118.7453906418295,-488.8113088788663,3489.3457512989226,1016.9209042319144,564.1308976897079,3488.575892411569,-88.5460501726574,-34.34811276247792,319.2584907329439,merge,0.6907338194607714,11.9319609872734,0.6862074244023215,9.25512038155605
107.90000000137388,-0.40976778763446114,-2.025251852827613,143.10847884314325,2099.8987427916854,-477.3693272011249,3484.2706967270583,1032.5883494425943,555.1974461431789,3475.1031429060818,-81.8957211538212,-34.315533779574714,317.1983476039259,merge,0.6889601637756809,11.23628828678766,0.6882995980805291,10.2743828691315
108.00000000137516,-0.5229388242281046,-0.8817744145217628,142.49533508206375,2081.1567762919244,-465.5792620164785,3479.8571740620914,1048.108650657329,545.9596414851825,3461.546056248522,-74.00318155570753,-34.098530943836856,315.3307930267046,merge,0.6878466357276296,10.706972604602994,0.6899979523281969,10.994998126635398
108.10000000137643,-0.6387313136232187,0.24641811993709473,141.67816097973227,2062.5514272214414,-453.43399427827916,3475.998150595263,1063.3943431044727,536.2882230649466,3447.9714412549856,-68.57309832670325,-33.74952324016871,313.4976912700505,merge,0.6873208919793723,10.301462414504135,0.6902371935472086,11.07992005935097
108.2000000013777,-0.7457047809906773,1.2928618760475936,140.63861224877667,2044.1213943355926,-440.9138108721404,3472.626711907366,1078.3753548259797,526.0841238070071,3434.4426419991555,-65.41973958489686,-33.25662326012128,311.9748846570931,merge,0.6867980270693876,9.851298441211473,0.6905587161202511,10.98467381433087
108.30000000137898,-0.8103491173549159,2.213374195739088,139.55538795900097,2025.891469573042,-427.9993757504023,3469.682432053739,1093.1005221827145,515.4071911599268,3420.9677851550014,-62.56050477452486,-32.675071239165916,310.5379493477645,merge,0.687649393823967,9.648724527050096,0.6907971886088868,10.864945618734419
108.40000000138025,-0.7907824814218035,3.054642420720755,138.52697876679926,2007.7944707377221,-414.7542789857121,3467.0288550159844,1107.5063328422773,504.15725843533977,3407.610757067567,-63.368501278461736,-32.090937301726484,308.9746084332618,merge,0.6897518506808173,10.10141582378265,0.6907539692490587,10.411356520559572
108.50000000138152,-0.7026895806687893,3.747636839123901,137.71831038701492,1989.7449874787944,-401.2669554298158,3464.548772599295,1121.5099193666579,492.265668608278,3394.4118933880004,-64.90902554350885,-31.497553645358558,307.57895316323965,merge,0.6927146812352898,10.853862372558748,0.6900527751587385,9.911168017566006
108.6000000013828,-0.5836041215865404,4.125251004587131,137.31046930676192,1971.7251059947175,-387.5796312631321,3462.2251749691577,1135.1730770741187,479.868483228906,3381.323107819739,-63.080819645522965,-30.8637174340506,306.30814093413306,merge,0.6942895462134543,10.82733330469961,0.6906622173396362,9.867492805162746
108.70000000138407,-0.5037100226613813,5.008128069300691,136.5897777789639,1953.8182850542196,-373.65468715318866,3460.222891028309,1148.6144005277054,467.1045254978606,3368.283174611154,-57.92516953239319,-30.131668366700207,305.02267263099856,merge,0.69438025052308,10.716971585790299,0.6925263472911682,10.360954936967909
108.80000000138534,-0.4593287052328438,6.0050243294113494,135.99154610183444,1936.077207842944,-359.4732200029117,3458.663182365811,1161.909246048504,454.0468989384291,3355.2688493848177,-51.23007870614182,-29.227755542600928,303.6783170050509,merge,0.6944343700273166,10.645758831694568,0.6941141338085783,10.873986303195343
108.90000000138662,-0.3739779886602308,6.6630288586578414,135.8146998317298,1918.4255371408256,-345.0901783043993,3457.425283772868,1175.0288291469647,440.6441092548487,3342.3439733270557,-44.29942849623539,-28.181776073440613,302.5178942869088,merge,0.6967001451302892,10.54256445689714,0.6957812292693935,11.304990300036089
109.00000000138789,-0.272116980313158,7.602433700834844,135.62558094546833,1900.7968697426413,-330.5532893636131,3456.4134573659244,1188.0179887896172,426.93302088719577,3329.5098262664083,-37.3133800661244,-27.016421536471007,301.5961616826991,merge,0.6980930827707068,10.598638417475089,0.6970422651097373,11.490965056037618
109.10000000138916,-0.2171707612953521,9.008049894868943,135.2939266295186,1883.237254825673,-315.87955174154115,3455.781225865558,1200.8671145334167,412.8710934009403,3316.846648698208,-30.980928144752276,-25.725550065003016,300.9028605979287,merge,0.6980911158620038,10.665284550915274,0.6984460617731045,11.673122862626219
109.20000000139044,-0.1997430976057549,10.252441367644272,135.13927393840513,1865.7829162171638,-301.0774096042971,3455.6567190689657,1213.6301393084852,398.52238463036196,3304.3124887783974,-24.10385016283235,-24.381704987672816,300.51780965040285,merge,0.6982404701447743,10.646825433216753,0.7002469352022817,11.830547379183649
109.30000000139171,-0.13987574394218405,11.062918752819401,135.2627890638966,1848.384884261346,-286.16805534958723,3455.9021500240447,1226.3363310439802,383.9047787671509,3291.9211081703875,-17.02442906340144,-22.997952117248648,300.3881411933396,merge,0.6997738262132455,10.5684479880085,0.7019820536846999,11.8442137626531
109.40000000139298,-0.04336723456476263,12.038880763411045,135.47145248432193,1830.9874275428674,-271.1699480371865,3456.3715304681095,1239.0123959773132,369.02961011089207,3279.6962891491416,-10.021666464858011,-21.59485539553506,300.5187697649752,merge,0.7017399931235796,10.736160635806915,0.703692552092702,11.759758920158545
109.50000000139426,0.07754743494227682,13.374228248870448,135.80828059835835,1813.5755045871442,-256.1022849349441,3457.063061914462,1251.68995300691,353.9024054997928,3267.6860569411847,-4.24720977669585,-20.21460181871058,300.832595707582,merge,0.7036029870707112,11.081707331555343,0.7047469996355727,11.49416854161666
109.60000000139553,0.21125009727778504,14.708018273698817,136.36965473150934,1796.1360855024523,-240.98998873443335,3457.9991625929656,1264.398147649891,338.5145385955623,3255.9818292438717,0.250825613241416,-18.87982815310284,301.35858076799406,merge,0.7053423822715574,11.277825366410507,0.7058633813753625,11.39408378150728
109.7000000013968,0.3494400146572605,15.930860841256619,137.18580392876171,1778.6515507591464,-225.86338065856228,3459.1926935157003,1277.1510874335859,322.92047807915304,3244.499764652941,5.238324972216202,-17.537680920367475,302.1478958596786,merge,0.707001627945287,11.293065910510476,0.7074529883728645,11.451774858018917
109.80000000139808,0.48882157510557767,16.997699411697283,138.2654884056644,1761.1003624784214,-210.754242666744,3460.645031135032,1289.9718813036873,307.14521439467813,3233.2320328130904,10.58841835266705,-16.263616933979566,303.2094100205578,merge,0.7086366224764403,11.170724842233101,0.7089972721317642,11.45495260486308
109.90000000139935,0.6285964911971733,17.864687018598442,139.6104396487036,1743.4598331637185,-195.69254151379187,3462.3479812120736,1302.888182894074,291.21136247574674,3222.1878614257425,16.20352629433767,-15.114876772763878,304.5502085132157,merge,0.7102916302672376,10.957279748365078,0.7105110532226602,11.413269722551242
110.00000000140062,0.7675733670126079,18.441945642261818,141.27243023715752,1725.719945566342,-180.7129405579778,3464.282785355571,1315.942022485189,275.1468647915062,3211.4007482747647,21.155229294683036,-14.116219247081602,306.0698937662772,merge,0.7109840247817524,10.731814483953928,0.7113511369862567,11.21498963947736
110.1000000014019,0.9057535756415328,18.617601398678474,143.24805350379043,1707.8665983188976,-165.84508932510178,3466.4264378703833,1329.1896189954948,258.98319298461075,3200.942124602589,25.489162726786972,-13.279754620913494,307.70327623760073,merge,0.7124917770878171,10.511832225196903,0.7123960742026675,11.170592208712568
110.20000000140317,1.04476090213222,18.304542386069276,145.46319380347794,1689.8778005390045,-151.1118274411397,3468.7533629750133,1342.6251094705488,242.75152022820697,3190.7387601679893,29.93429293871056,-12.818211428526077,309.33244786491434,merge,0.7129768083180703,10.348231499167563,0.71321118352495,10.87565125003028
110.30000000140444,1.1864962280860492,17.467890973758617,147.7869742993791,1671.738004148963,-136.54148518060993,3471.228517641297,1356.3155768205004,226.506894202378,3180.860198536787,31.948627191120334,-12.781190895563887,310.5381931389426,merge,0.7144552663636629,10.21695705451013,0.7131298769109479,10.048991389731142
110.40000000140572,1.3123168323646124,16.241843417250564,150.02238772953905,1653.4121013592999,-122.18243486360518,3473.8217820109967,1370.3562500528415,210.31360445252454,3171.447889155552,29.791200472509264,-12.003586378206037,311.63114297711854,merge,0.7142185777969158,10.05059464797643,0.7117196510162737,9.767055618952448
110.50000000140699,1.4234131488061483,14.769169158486143,152.05491029651932,1634.8684275719006,-108.14910044889456,3476.5088274273903,1384.802819023423,194.20593972841365,3162.6700299539834,24.164131527113444,-10.87736443325265,312.5172330244299,merge,0.7139302296083382,10.021540208058179,0.7094002269535282,9.610540524262639
110.60000000140826,1.5352595894013863,13.13029594617141,153.91996853874988,1616.121608793424,-94.39463719388065,3479.224145213047,1399.615000150298,178.1635315345421,3154.6011965501725,15.90262008033557,-9.603022691098277,313.18346720279305,merge,0.713645369262396,10.0555426319598,0.7070586696822301,9.531346996291749
110.70000000140953,1.5999886522642275,11.729201259214433,155.53474172055286,1597.1139136470028,-81.04999088731012,3481.9198249475244,1414.6932416456768,162.1286400367436,3147.218099345523,7.040142646751994,-8.207532033708125,313.62543461491555,merge,0.7120509959147001,9.856859419085223,0.7054838074643431,9.5924984092728
110.80000000141081,1.634592344010965,10.678383240663747,157.00189755803115,1577.8051986500561,-68.23497867626115,3484.55863825163,1429.9354553877424,146.04287957859464,3140.4398674643935,-0.823635971735834,-6.715880706956806,313.7894521930258,merge,0.7104802632305259,9.769850665800046,0.7040394812138522,9.541422775351169
110.90000000141208,1.6649236562971221,9.912181719937779,158.4696312186365,1558.2320076260942,-55.88678815739337,3487.1140668743674,1445.2699959652941,129.86462138666968,3134.253829286304,-5.946644787147083,-5.185916457522316,313.7725147011097,merge,0.7089541296687499,9.732819270358801,0.7031211674919611,9.627618025462123
111.00000000141335,1.6289675963273589,9.562271691885641,159.91050401636713,1538.364755754139,-44.13012202106013,3489.565213846806,1460.6599723614636,113.58735499417823,3128.505370570502,-5.878991951464395,-3.5508758370364384,313.6721434922657,merge,0.706148804640226,9.478254344186693,0.7034871532655966,10.35590406120183
111.10000000141463,1.554316439247461,9.308968360564442,161.32641486138016,1518.191343411922,-33.08561309139299,3491.9342128538133,1476.1091191217608,97.2256997608407,3123.039860010141,-1.6907644623049363,-1.8566498376066534,313.5908579530737,merge,0.7034077018764808,9.338211509578793,0.7046059364026656,11.488763048035803
111.2000000014159,1.5123551288895667,9.04350974483412,162.81457983786248,1497.7752336756666,-22.627486272815606,3494.2576810768783,1491.6273453340825,80.79706933408086,3117.8679164633277,4.140637013564411,-0.25826538600266424,313.61349736128335,merge,0.7020021795433706,9.589546098167471,0.7047110128265307,12.131427265058925
111.30000000141717,1.4972017052022195,8.89070486990107,164.05109705224763,1477.1405097703544,-12.626842581425018,3496.545714872387,1507.2327915498345,64.33367134674243,3113.1858951106847,7.364496602313403,1.176641972146641,313.68585641612395,defense,0.7021984875892688,9.52705005891298,0.7032686481414784,12.034849768067298
111.40000000141845,1.4349680454069498,8.834983804535256,164.13918787592715,1456.2600211980946,-3.1668261499002734,3498.822058188701,1522.9353295553399,47.87949967660866,3109.1894344569237,5.685728506026648,2.5095310803119832,313.755267347275,defense,0.7013852595171198,8.139018371767941,0.7003786115999253,11.469670769748337
111.50000000141972,1.3187310233313614,8.71668635126786,163.2595824719231,1435.147195200206,5.6833621252357,3501.130112323782,1538.7041640609962,31.456446236482513,3106.0131020671697,0.5017370238132217,3.7699586430133714,313.76170008744447,defense,0.7006256014413227,5.885806032858863,0.6971434351650243,10.74823352185378
111.600000001421,1.1629808065796288,8.494637058880894,162.20874797978098,1413.8424907597084,14.005518346951156,3503.515837077901,1554.486563748993,15.025236919728275,3103.5957097658516,-6.25226275517378,5.042389783207133,313.63589473412327,defense,0.7005093663459729,3.770999265813213,0.6955752819901958,10.171378473435778
111.70000000142227,0.9882554092005686,8.139619302778499,161.26043349138874,1392.3958517730398,21.945457153938413,3506.002039028174,1570.22942294249,-1.4687783067183773,3101.8679846442283,-13.266170947644152,6.408787147631198,313.29734763512784,defense,0.7009360210746458,2.0556985579571325,0.6943085656680333,9.662333625207733
111.80000000142354,0.8091597041557856,7.499902275412908,160.27328386477606,1370.8481669678722,29.626882010876106,3508.58961509251,1585.8650737351961,-18.064836516168253,3100.797768904093,-20.184829869813438,7.846573246830514,312.69333356335244,defense,0.7015176103612449,0.4517694119514053,0.6931542954135043,9.204955248631702
111.90000000142481,0.6296980148427134,6.441597262312111,159.16445320152192,1349.2324488847482,37.14932336169463,3511.2604350912184,1601.3264413843406,-34.80027479132018,3100.355190405554,-26.97296379746248,9.266604623958106,311.8190461011867,defense,0.7021704217314046,-1.2520225767809583,0.692082929516406,8.76288759278159
112.00000000142609,0.4500189252791937,5.3607223128846915,158.3878803399969,1327.574659294074,44.58773976121465,3513.9880178736003,1616.5592338366123,-51.707054982984594,3100.4880799594584,-33.42463701991417,10.631279416528702,310.69197504227327,defense,0.7027059026583441,-2.485845746912008,0.691357832889756,8.46014543393974
112.10000000142736,0.31393647400173524,4.20986790025131,158.02340755585826,1305.888183712671,52.01443694462768,3516.709919774312,1631.5148051273627,-68.81142262322858,3101.143662507704,-39.43961272727023,11.897161615304293,309.33268025489286,defense,0.7038125170409708,-3.230650028160489,0.6905416507451836,8.177697133750879
112.20000000142863,0.22153346379856645,2.9694913820548963,157.75357069883108,1284.1577478093714,59.49184608217352,3519.301900626335,1646.1344756917026,-86.13784515679458,3102.2893545535953,-45.33509653585847,13.023045403333594,307.7645738654065,defense,0.7049058959590251,-3.9780270079127074,0.6896715251376305,7.906307261462969
112.30000000142991,0.09149100032204091,1.5558678455332404,157.47085256597407,1262.4164105661791,66.99743691767632,3521.8356010388643,1660.36972842257,-103.70549995929332,3103.879070305279,-51.2513260501461,13.98853731711495,306.01000632852634,merge,0.7047562961013742,-5.046518038210449,0.6887994849282282,7.6561517314418595
112.40000000143118,-0.020683236300447876,0.11841437519806573,157.55309602771564,1240.7000693799394,74.53015058512815,3524.313336998579,1674.1791975418257,-121.5297591253434,3105.860020134321,-57.2277808777347,14.77429146174148,304.09269208714323,merge,0.7039376942538602,-5.785016454843169,0.6879426806546578,7.428579140080254
112.50000000143245,-0.04407650573270303,-1.224151263431932,157.92346422255994,1218.9857028153278,82.096851362532,3526.5351590663645,1687.5267616044714,-139.62294733911358,3108.1757344917837,-63.265608114123296,15.360480340469486,302.0384943061417,merge,0.7037817466995592,-6.1548132321937,0.6871060989104513,7.220927922612724
112.60000000143373,0.0235378236104878,-2.476573449886743,158.3220756193468,1197.2276065943129,89.69583583583419,3528.2926774911675,1700.3810335911778,-157.99451060553608,3110.7670623347462,-69.35366765305183,15.729434129380524,299.8761662689921,merge,0.704793100704596,-6.1725750931140055,0.6862925257020828,7.029912659148758
112.700000001435,0.16071781291838796,-3.6949934504444704,158.56095509957063,1175.3971239294326,97.35609704600587,3529.4298535643134,1712.7154520222412,-176.6509537158468,3113.572655065245,-75.47645100505491,15.867233124115284,297.6370554668532,merge,0.7066185347127026,-5.953031432938339,0.6855053012626611,6.852779416989878
112.80000000143627,0.3472587306432482,-4.909066585310208,158.53656120897674,1153.5170007029085,105.13178743931061,3529.934446726629,1724.5085170883644,-195.5957417262361,3116.5294121732622,-81.61650478289762,15.764324209445876,295.3542854923041,merge,0.7086515418065047,-5.624473581991974,0.6847487029165215,6.687499732628434
112.90000000143755,0.5227049987505739,-5.883366184725764,158.1429809847291,1131.624493283387,113.07267044691888,3529.8755675500634,1735.7440131421793,-214.82922810553583,3119.572984961209,-87.75552025542262,15.415584564092178,293.0617212077433,merge,0.7101972093766155,-5.304784893146058,0.6840277321338477,6.532698244515203
113.00000000143882,0.611506240430389,-6.251218229628511,157.70246642574568,1109.7514863874696,121.14385222016013,3529.4510919527206,1746.4110175421,-234.34862791512575,3122.638596574715,-93.86641976711586,14.81418430551829,290.7930409543062,merge,0.7104705587989381,-5.09106510929515,0.6833449749193081,6.3878959641598545
113.1000000014401,0.6502267309263504,-5.66915818130867,157.9982997142653,1087.9014125379783,129.26844267029009,3528.8300704432995,1756.5034925860318,-254.14817682652313,3125.661487216419,-99.92223625700524,13.95092270902228,288.58295441082356,merge,0.7107557017408632,-3.9404765796349612,0.6827025926677964,6.254305082609351
113.20000000144137,0.675891778457604,-4.0049162008046375,159.13461719162325,1066.0496054877813,137.43588158991224,3528.0361281025084,1766.050975718109,-274.21222340811534,3128.581648538581,-103.63782865729479,12.964018960868072,286.424447224753,merge,0.7113977912742406,-1.7312699199822659,0.6827398131500996,6.666229381247163
113.30000000144264,0.6788601479441898,-1.8300680759927803,160.8017345874986,1044.1586475133502,145.54383923987518,3527.2223069810007,1775.1314319112782,-294.51268238416003,3131.3819222248794,-105.24812911812428,11.864316062070957,284.3551122107895,merge,0.7120693012900033,0.8614114566642321,0.6826548173315031,7.24495528042294
113.40000000144391,0.7440522710402371,0.3588086465704657,162.74041288798534,1022.2057510981057,153.59722105291428,3526.3877885649654,1783.6006857863335,-315.0673388367478,3134.001786685601,-108.88003602519895,10.559033174438898,282.51087109360446,merge,0.7138083548573284,3.8200109461906626,0.6813936503678334,7.01462505878364
113.50000000144519,0.8584757751941833,2.2018000960406185,164.67211355232325,1000.1715908235252,161.62089293522072,3525.5061745826843,1791.423114348502,-335.8649672200116,3136.381003538445,-111.50832839774979,9.237063484251479,280.7439927634759,merge,0.7158974528942715,6.415510364460035,0.6808638564931162,7.138261630493222
113.60000000144646,0.9805052153475506,3.5975210427956816,166.47267444152405,978.0393064053512,169.53116597002528,3524.6459638020606,1798.6963738238774,-356.87244208762496,3138.521734752873,-112.71318707047791,7.9568816333588845,278.97771130215784,merge,0.7167781709703168,8.040203982691494,0.6803057738632711,7.396313895562413
113.70000000144773,1.0440147579168502,4.663962996547205,168.067228567914,955.7915516250637,177.1322940636095,3523.9294150646033,1805.348662100636,-378.0809708076694,3140.3754909126255,-113.91013066875053,6.702347432109188,277.2842939882346,merge,0.7159909366453118,8.702915306302705,0.6797417096498592,7.577576450935761
113.800000001449,1.0690449227808911,5.416553088201689,169.59387136846115,933.4241989008988,184.27998529566977,3523.429966873491,1811.435184633984,-399.4664611709607,3141.9532836990775,-114.31817599073099,5.450447305072362,275.6233127648015,merge,0.7150201643300147,9.145915958722863,0.6791578110269356,7.787671306709472
113.90000000145028,1.1394781660237376,5.919666859057307,171.18552066860553,910.950645893486,191.05921398746494,3523.075880834118,1816.8864290490542,-421.013425599051,3143.21091643222,-115.02775351035751,4.242348670931295,274.0162129003997,merge,0.7152255967376299,9.815067751462687,0.678583828579411,7.899605676479465
114.00000000145155,1.2321793736528035,6.282348829628103,172.77248537865282,888.3770224193157,197.54713137388026,3522.796976986912,1821.8173920077315,-442.7009942295933,3144.1916187941733,-112.45023996446741,3.1589075309831935,272.3467318147302,merge,0.7152721601299329,10.248045538500003,0.679293371479186,8.748300622455229
114.10000000145283,1.2817979627831784,6.589106901399832,174.24495043617958,865.7016369955908,203.60086996216137,3522.621418319187,1826.3125601159923,-464.5187070358352,3144.9529038191918,-108.0884489505699,2.1848876607736334,270.6901870643291,merge,0.7140219888969012,10.218083863477615,0.6798245583000355,9.533674704840035
114.2000000014541,1.293742297559221,6.733179498254154,175.67918529806317,842.9326947284699,209.09837162598217,3522.5782486443045,1830.2138328433757,-486.4498498570524,3145.4670064721436,-106.11021204162785,1.30996821038925,269.16248309813534,merge,0.7127498476239423,10.248463163035062,0.6789981850337735,9.455038224110194
114.30000000145537,1.3043762744657197,6.853779928516523,177.12850722843376,820.082866696482,214.0969846261386,3522.6303316752437,1833.3953042747416,-508.46601093447066,3145.7069559553925,-105.71229420803027,0.5779943949822572,267.668324096208,merge,0.7114651379926353,10.290648986619471,0.678240833827316,9.23640984077072
114.40000000145665,1.2970484665389541,6.935789045104921,178.55403363204297,797.1667877152051,218.5300937720398,3522.796300215903,1835.9278893766036,-530.550405241423,3145.7014768169493,-105.65082137136358,-0.132704108658775,266.1214282636256,merge,0.7101469345819684,10.36581628271588,0.6775633653158708,9.059997121561086
114.50000000145792,1.3403437473116357,6.902534696975943,180.04716358050453,774.1909873821218,222.51736634560712,3523.035078028527,1837.7530248796402,-552.6733739130826,3145.429685580656,-106.30715860666507,-0.8174130395468229,264.55665094080604,merge,0.7100785573059428,10.736411016276147,0.6769686540229101,8.882220407831817
114.6000000014592,1.412277037560426,6.822186551774944,181.56071994138122,751.1554715368204,226.1549871807954,3523.3006855693193,1839.002821718111,-574.8355020676157,3144.9249619234893,-103.95163201603293,-1.4062335546938598,262.8908115832134,merge,0.7098419907275023,10.939061531770244,0.6777282052960307,9.39694064013883
114.70000000146047,1.4490324413238194,6.776662310708397,182.9893623241901,728.0749611582227,229.3282689839841,3523.5937469610217,1839.7801732765197,-597.0449386910107,3144.2360902938904,-99.94186857011451,-1.9366377867534572,261.20473886961156,merge,0.7086126014229321,10.850023429115444,0.678386971362227,9.900205609749953
114.80000000146174,1.449339146622543,6.632680509388031,184.36645762859493,704.9708399525736,231.9315508416896,3523.9250675658436,1839.9449113016012,-619.2614553949506,3143.3606304520013,-98.35157484655669,-2.4347515198053955,259.6220030848086,merge,0.7073873989123537,10.867276933359435,0.6778177502038232,9.735895612525335
114.90000000146301,1.4488557650050273,6.490567107538655,185.757834723391,681.8479558479369,234.0301045930796,3524.2729626790524,1839.3837746824495,-641.4379844955541,3142.28866126239,-98.37633516723884,-2.8309062799827145,258.0751489158439,merge,0.7061641759940809,10.901424456046463,0.6773141274420578,9.503272991308862
115.00000000146429,1.432761293301725,6.342515024228774,187.1208017659564,658.7284440283413,235.55916064491194,3524.649941257319,1838.1724498974327,-663.5721529198945,3141.037946969372,-98.6573158298708,-3.231468395451288,256.47739820636946,merge,0.7049218996682499,10.965656336412202,0.676883760251808,9.328490044607625
115.10000000146556,1.4650861640974693,6.103887773472934,188.53537589477673,635.6033658281419,236.6428509366569,3525.0355468537423,1836.2557559017978,-685.6249202344092,3139.5933215428145,-99.6264383437617,-3.6294748311455742,254.86806428014953,merge,0.704881093043287,11.313460211766026,0.676521886292859,9.161750458126264
115.20000000146683,1.5270326555683862,5.8316871271056385,189.95877892682554,612.4651781969064,237.35830517924006,3525.403772722033,1833.707379731656,-707.5986851790898,3137.9630087528676,-100.17819563162197,-4.081440644673636,253.21527368587917,merge,0.7045280514921807,11.43549742719386,0.6762181658925004,9.062264463014438
115.3000000014681,1.5567888993121595,5.620778267606445,191.30977487679183,589.3419097719341,237.60038796766682,3525.744256531397,1830.472699100384,-729.4503404146715,3136.1259400454164,-101.20227852191981,-4.552046275140334,251.56536601400163,merge,0.7032956457600186,11.300614699917165,0.6759684710487285,8.955718640281239
115.40000000146938,1.5508486986923793,5.340271452067977,192.6072663548922,566.2667322983974,237.27253763716206,3526.058541145054,1826.6793975174699,-751.2118782624617,3134.100098538816,-99.00704012293939,-4.9427021412994465,249.84031276008056,merge,0.7020921040955165,11.27945539876729,0.6770523375467369,9.505492763398367
115.50000000147065,1.544355476021626,5.070301864110975,193.92551909588732,543.2356555730956,236.44364664099677,3526.3352468978674,1822.4270762724182,-772.9175634232333,3131.9224237751932,-95.09652793483829,-5.288557191428715,248.1115423923161,merge,0.7009088774393822,11.282171367756503,0.6780226834315543,10.02990852639249
115.60000000147193,1.5236345078277362,4.809213438280246,195.22056444017923,520.2780979077875,235.05308619453055,3526.5824129577936,1817.5797498489203,-794.4946055928854,3129.6007784037083,-93.55323577294294,-5.620869754838736,246.49883707302348,merge,0.6997266309623827,11.31418214471751,0.6776512662315247,9.860049809866565
115.7000000014732,1.5113464629925626,4.607069923596922,196.53602885138662,497.3874939192387,233.16762784182657,3526.795862188357,1812.0304588299775,-815.8692068117169,3127.134798940462,-93.61331981553342,-5.861146499041421,244.93691871315812,merge,0.6985516349755018,11.331882711173595,0.6773415188021291,9.626609522123255
115.80000000147447,1.4907072790780258,4.427775492754456,197.8273760312762,474.5960998812876,230.7282429610191,3526.9891282690646,1805.8541910293638,-837.0568992984536,3124.536266785017,-93.89871408119984,-6.107065908261682,243.3249504598268,merge,0.6973788832445895,11.351192229530923,0.6770977700731002,9.451052753186133
115.90000000147575,1.5198240291267222,4.172742723990776,199.16956842076934,451.87324800169597,227.856668366273,3527.153229694176,1799.0045723028827,-858.0065921127766,3121.795757784006,-94.8638228575164,-6.352601188960323,241.7017480801297,merge,0.6973673774740528,11.680446475015202,0.6769143900351827,9.284717055825203
116.00000000147702,1.5796020973444613,3.883719479340147,200.51916875066252,429.2027570757808,224.61672602235328,3527.2703128103167,1791.5530221732886,-878.7372475568391,3118.9159671410594,-95.39140609808277,-6.651107583302796,240.03021349200446,merge,0.6969786514924432,11.770231549136067,0.6767821223565702,9.184464710379396
116.10000000147829,1.608436245387441,3.6505051540089783,201.80505866602496,406.6307771644912,220.9104875288775,3527.3255755538285,1783.4542939750395,-899.1934594672689,3115.8819290715874,-96.38830269940233,-6.969421724935122,238.359696794296,merge,0.6957378527236975,11.581032798064195,0.6766960586081348,9.077713648414486
116.20000000147957,1.6021225043468539,3.3490632624235728,203.04131588203015,384.20572700823385,216.65145658007393,3527.3158394918114,1774.8265997776073,-919.435455136162,3112.700991414696,-94.14528074469213,-7.202310240107937,236.61999598784877,merge,0.6945539347250435,11.495090088085488,0.6779417912790885,9.624185048200781
116.30000000148084,1.5951214721752858,3.0494175000429746,204.3064169940793,361.9107710974746,211.90921965834664,3527.234764639476,1765.7612506109033,-939.5210815530395,3109.4011550729783,-90.18701919183447,-7.391388974990521,234.87987100410353,merge,0.6934128827052496,11.446676361306926,0.6790657264632411,10.144213752985396
116.40000000148211,1.574212329653068,2.7552612333662974,205.55564713526806,339.7842696494414,206.63086745258298,3527.0873338742226,1756.1388545043415,-959.3482656634849,3106.0036337134216,-88.6169014873862,-7.577830670465175,233.25507754824187,merge,0.6922957935620282,11.432786658967945,0.6787869089654056,9.95853190110016
116.50000000148339,1.5617456859100214,2.512181417105304,206.83385199262625,317.80729055750436,200.88215738606758,3526.87365136393,1745.8689661665885,-978.8203590835303,3102.5195486275793,-88.66086309885063,-7.676885542005363,231.69043585640185,merge,0.6912019830826487,11.418179796635163,0.678575780650827,9.71259585070898
116.60000000148466,1.5412305120607364,2.2914539244130383,208.09365161847148,296.0209090745264,194.61102388587307,3526.6039984146328,1735.0223796658136,-997.9698043189044,3098.9546892479093,-88.92464466265461,-7.77854589426357,230.0743106757266,merge,0.6901259741553832,11.409821809208028,0.6784259099243796,9.527010582826671
116.70000000148593,1.5310357391558935,2.1257542777481757,209.37890579890083,274.403244944646,187.8816411105601,3526.277546355754,1723.5647421706992,-1016.736015734153,3095.3055715721816,-89.87117800741261,-7.878418891346572,228.44563066043162,merge,0.6890687097038269,11.399336235589889,0.6783307532439079,9.353490555094522
116.8000000014872,1.5133244711452745,1.9759487225818013,210.6438112204449,252.99747842109093,180.64387216093377,3525.90647828722,1711.5619882862138,-1035.1531537554583,3091.569013494256,-90.37437807557747,-8.027631991913982,226.7625024101584,defense,0.6880279576133822,11.390897009747865,0.6782810718179725,9.247990501204793
116.90000000148848,1.5059910570775086,1.873695475044735,211.93189448576751,231.77881084968593,172.96038140931933,3525.4876201885613,1698.9813944086804,-1053.1561409071378,3087.7361888620558,-91.35225350369377,-8.195796060683262,225.07795085575816,defense,0.6870028526867445,11.38408764683799,0.6782710057965502,9.137474571963153
117.00000000148975,1.4906548264099013,1.7785756528321355,213.19848252290865,210.79244767231685,164.78302952591855,3525.034105408296,1685.8845007647428,-1070.7816025861632,3083.8041670200705,-91.77851308611082,-8.416905971702201,223.3526459327341,defense,0.6859924116408699,11.378016668126785,0.6782920293178739,9.084311737029399
117.10000000149103,1.4854232290627605,1.7237183605855602,214.4866829448038,190.0108607819831,156.17279953537363,3524.54066630829,1672.2414748271688,-1087.9610576957248,3079.7626037561777,-92.64940045380371,-8.653697069463853,221.63652493921236,defense,0.6849944661660802,11.375895764487387,0.6783432938952129,9.011142886449715
117.2000000014923,1.4716909581832716,1.6694763560721682,215.75267743492017,169.481229809277,147.0835945857238,3524.0211848525673,1658.1482127578481,-1104.7849332611993,3075.6106494049877,-90.25084852836778,-8.793126404714512,219.86360984966038,defense,0.6840089651660617,11.373195086252354,0.6797191892255826,9.598877742535459
117.30000000149357,1.467797717706265,1.6502844891237063,217.03914097389273,149.17344238755797,137.57462369338353,3523.4687549287855,1643.6757789943115,-1121.3352179653998,3071.3695295286566,-86.14001310240516,-8.881607509267369,218.10056405468814,defense,0.6830331102940533,11.375474926221658,0.6809569571145516,10.151703989470331
117.40000000149485,1.455063469433818,1.627519970745131,218.30295685820428,129.1365593620638,127.60193192188085,3522.8979838529976,1628.7369735578077,-1137.4803956144733,3067.072288739902,-84.47199949153917,-8.96892643077228,216.45942845968773,defense,0.6820675787965669,11.37591103872628,0.6807626107886159,9.973794355984126
117.50000000149612,1.4519651203270172,1.6363852287253389,219.58637358312848,109.33798983327387,117.22290430623163,3522.300676465452,1613.2714377885056,-1153.1022114832094,3062.740419222504,-84.43479938642831,-8.966922203142035,214.8877471472443,defense,0.6811093196877946,11.381727063436964,0.6806301353941462,9.728593775761086
117.60000000149739,1.4398267360725607,1.63915784005097,220.84687826889868,89.82855489381647,106.39584360782365,3521.6921757806185,1597.3384363902098,-1168.251918539165,3058.374947913462,-84.62768121921934,-8.960360745117063,213.26499048441363,defense,0.6801595342290043,11.384647991823135,0.6805521969550063,9.543247818959273
117.70000000149867,1.4771526406157527,1.5457399964523821,222.16304924971607,70.53333049722575,95.21836433422075,3521.0569905315847,1580.9217627866194,-1182.8611171057864,3053.9778479061397,-85.51407657362336,-8.94654848897581,211.63086458924957,defense,0.6803447779471283,11.7558641481341,0.6805226493941108,9.369148194677331
117.80000000149994,1.5425936253116261,1.3941991231219992,223.48792153862448,51.41610229892116,83.73877292958498,3520.374556223676,1564.0753839798713,-1196.9807144367967,3049.541028457332,-85.96434648161086,-8.975640086586068,209.93877604682476,defense,0.6800950170678692,11.87965228528007,0.6805319387539213,9.264299580513951
117.90000000150121,1.5754045221389879,1.2591629185613726,224.74352579614177,32.56496605813645,71.8775145389784,3519.6347848518762,1546.785817248589,-1210.5379930385252,3045.0612585460517,-86.90219374351344,-9.01977254544046,208.24485160863352,defense,0.678954575305642,11.663478380582474,0.6805742284764121,9.153803839210875
118.00000000150249,1.5305195092679131,1.1811952429032462,225.9297722924176,14.102367394721016,59.53288604270221,3518.8363441448987,1529.1021242302008,-1223.5850275690486,3040.530612668145,-87.29427641998964,-9.112388096699604,206.50637897557775,defense,0.676647646585405,11.176852853517941,0.6806409310455444,9.101433270689162
118.10000000150376,1.447199112585915,1.1253003025654138,227.09156376964063,-3.8820951815655733,46.64762679654194,3518.007730249,1511.0145588811195,-1236.0464847816365,3035.9443590073765,-88.14399014619003,-9.218498852601561,204.77686348700138,defense,0.6745035435367104,10.790764226674547,0.6807312380545215,9.028295037867851
118.20000000150503,1.3958852920906788,1.0775825116396762,228.34378413409263,-21.48639611533343,33.33180276411323,3517.1721369928214,1492.5678816763377,-1247.976384285909,3031.2963316633077,-88.44759900868691,-9.369097594375914,203.01190542173285,defense,0.6737134432286168,10.882163944067457,0.6808377190012523,9.005584499088792
118.3000000015063,1.4077190267457598,1.0546467805749513,229.69404625053824,-38.84415964763186,19.710589794855828,3516.3165021751643,1473.7567772329528,-1259.2978420857742,3026.581003233272,-89.21032616687684,-9.52780151179023,201.26222339016803,defense,0.6740528052866152,11.388958121660398,0.6809630996413352,8.952715901038285
118.40000000150758,1.4614105189959112,1.0263149630758168,231.06019574980795,-56.00368104748372,5.830539771821663,3515.425455839163,1454.6220099921838,-1270.0670779689974,3021.7939270319316,-89.44053569690907,-9.726414391462674,199.4821276420078,defense,0.674026908496081,11.697877037688597,0.6811004844838695,8.946060467213208
118.50000000150885,1.4932066520494698,1.0307909730259175,232.3385046873542,-72.88700561637556,-8.388153467640459,3514.5015047097627,1435.1630909380385,-1280.2063858743677,3016.9289081090214,-90.1349891871425,-9.928191326979432,197.72053628989204,merge,0.6744716086844984,11.579368031121263,0.6812548302897955,8.90380505964275
118.60000000151013,1.4937412222119462,0.9581151565916807,233.5622170436737,-89.40801039883615,-23.003147211021883,3513.5538613366934,1415.4168789548014,-1289.7742094815098,3011.982977782193,-90.30845642329179,-10.166268781156884,195.93112355750867,merge,0.6736376663460747,11.507262763422867,0.6814192835826082,8.90570294225223
118.7000000015114,1.5328963664463673,0.7440874063824764,234.84895040428165,-105.64566895748841,-37.912665794622555,3512.565993578169,1395.3879219236223,-1298.6925701851562,3006.949317903847,-90.95068589730826,-10.403559483793066,194.16170043414334,merge,0.6738778863921859,11.809791634562396,0.6816002086643305,8.86888918670958
118.80000000151267,1.5939924743812053,0.46223047363879655,236.1498039472149,-121.64854487353055,-53.07537239921919,3511.518080101365,1375.1195975307512,-1307.0853126008021,3001.8242617419455,-88.30187146860091,-10.5256293921125,192.3454131032724,merge,0.6737392021271453,11.892741725104615,0.6831064620776458,9.512510251067896
118.90000000151394,1.6208120818856686,0.20598291879609504,237.38228388957722,-137.33551558352138,-68.56167019645488,3510.3944709849,1354.6493624353152,-1315.055087872283,2996.629032639939,-83.95089298609558,-10.58388172312069,190.54465794942624,merge,0.6741663520721388,11.670293930641455,0.6835263046458623,10.129076633743457
119.00000000151522,1.5703268249114986,0.02500721445068081,238.5496190980821,-152.56931546132748,-84.4483058058802,3509.188272493038,1333.98407369818,-1322.4394119973813,2991.4088571386665,-82.13200807882043,-10.633458064809435,188.8678681450226,merge,0.6721088565086795,11.234294786219316,0.6821009193246298,9.989373426471088
119.10000000151649,1.481946987133395,-0.11720404361655283,239.6996049916313,-167.23465956025888,-100.75460781672733,3507.9252810401563,1313.1139074334835,-1329.1080901416155,2986.1900915452034,-81.96056587410894,-10.587429410576153,187.27533680467855,merge,0.6703259194688738,10.898129888869635,0.6817001622647647,9.749046112586196
119.20000000151776,1.426061619351545,-0.23807209468318516,240.93811322219025,-181.44981412408578,-117.39888347740442,3506.634937992114,1292.0487940289856,-1335.1383653182195,2980.9678123966723,-82.03007402395863,-10.5295412520142,185.6423050627551,merge,0.6697035466765039,11.015993506910013,0.6814854035645292,9.557114118699165
119.30000000151904,1.4323545685401309,-0.32055795955951605,242.27484754706822,-195.36818998610542,-134.28463799294275,3505.3111085648507,1270.8029731713716,-1340.4624843091976,2975.7474298915477,-82.8022577956354,-10.457183530031838,184.0021409832397,merge,0.6701389625906327,11.521579813248602,0.6814180261024932,9.372450775702905
119.40000000152031,1.481151262803096,-0.39850140833825737,243.62446749094877,-209.0401926367352,-151.38000073552038,3503.942875147149,1249.3983436790786,-1345.1514041126013,2970.5176603583336,-83.1511952037473,-10.420047814574,182.30249101017287,merge,0.6702013747285521,11.81986521953357,0.6814847391142943,9.258585347843578
119.50000000152158,1.5511809308251139,-0.5629147957252666,244.91895379399483,-222.42728284160086,-168.71736044303293,3502.527909127057,1227.8561398515294,-1349.0814333391966,2965.2858327396693,-86.33597631276425,-10.517020221169815,180.6047855208968,merge,0.6716140296685134,12.026398009731217,0.6806586453265943,8.680446566982738
119.60000000152286,1.6286329905582977,-0.8479206985963126,246.1826145565471,-235.54377353703345,-186.28753205425315,3501.046701761681,1206.2104331321268,-1352.255438717888,2960.017323645884,-88.76892237319925,-10.599298147973618,178.8460585752528,merge,0.671496742249481,11.967727136322123,0.680811048127286,8.533399499132234
119.70000000152413,1.700816618721147,-1.2841533116983286,247.39031342399701,-248.32743745691104,-204.10494658004563,3499.481440914917,1184.4792076556557,-1354.7901167843158,2954.6877316015275,-89.58519716902634,-10.779812442084612,177.00343690994598,merge,0.6727734528980394,11.919526883319914,0.6809863619365983,8.529887086398334
119.8000000015254,1.7712768761592133,-1.8647751825006644,248.5832776269414,-260.82524614261195,-222.1466205217027,3497.8123415934742,1162.7018649573072,-1356.56515515332,2949.2848925825447,-92.90741642013528,-11.128395724125816,175.1841450138512,merge,0.6727594831934196,11.773164452962197,0.6803390690308246,8.053310622264696
119.90000000152668,1.8338914172977836,-2.5802986391716076,249.72431588551225,-272.99797853969034,-240.41472907381717,3496.0150247564884,1140.910496798946,-1357.6009490710655,2943.771857690549,-95.24847611953084,-11.477121233919991,173.31556699193126,merge,0.674211652067095,11.731473691395532,0.6806874866949355,8.028320685301855
120.00000000152795,1.8955047591553258,-3.419654975851385,250.8345422771679,-284.88695181886635,-258.89065025826943,3494.0758907684954,1119.1082725869283,-1358.0120107669234,2938.1360963518205,-95.89685836656214,-11.926213299755199,171.39636630806294,merge,0.6743305319750736,11.59608373091822,0.6810328541785267,8.14241513031395
120.10000000152922,1.9125240456202384,-4.224634146732061,251.9112385227005,-296.40996722544907,-277.5894446332704,3491.9492061315,1097.3504013886923,-1357.6789989669292,2932.3532770073803,-99.02859691877266,-12.527010526115987,169.53898731695855,merge,0.6750672526197743,11.377079945448177,0.6805016519728229,7.716022437144378
120.2000000015305,1.8498025689345057,-4.907427647930867,252.96792946747763,-307.42426685475886,-296.5439120139998,3489.585604397929,1075.66866339986,-1356.6205795457759,2926.389321429822,-101.19325681736548,-13.122306351289236,167.6460551256061,merge,0.6733060773253904,11.096006615318798,0.6809415362559624,7.729463662196755
120.30000000153177,1.7480410403099442,-5.502511263552372,254.02992531635522,-317.8048546172793,-315.74706058466427,3486.9847789606333,1054.0525592986028,-1354.9492199761012,2920.2436520721853,-101.68859941382273,-13.809557108812067,165.7194594912062,merge,0.6717858168686386,10.916985815783894,0.681372928829599,7.88255893548726
120.40000000153304,1.6791392286984652,-6.05931733963536,255.18958653417585,-327.6715485327879,-335.1603111505793,3484.214876326588,1032.5723503889303,-1352.555941218635,2913.8815467840227,-104.68436881070004,-14.62965261940037,163.87297972641042,merge,0.6714128055096207,11.090307739913161,0.6809499638287229,7.478862165980983
120.50000000153432,1.6702016593898272,-6.559171715548459,256.4627447358073,-337.1918921672326,-354.7362974771252,3481.317521257934,1011.257347517369,-1349.467091886529,2907.272083608753,-106.72509743425812,-15.438956638681818,161.99047773428399,merge,0.6722750902746131,11.554724993982408,0.6815024764883467,7.517677949255056
120.60000000153559,1.707481858216226,-7.031671838515293,257.7658436572038,-346.43904819150487,-374.455875027286,3478.300891036472,990.0532040616597,-1345.8471568092518,2900.4393556921723,-104.22874068774291,-16.193410709393937,160.0214224168706,merge,0.672998470668637,11.940637845702762,0.6833691488523026,8.416283589643601
120.70000000153686,1.7752073605854444,-7.556508248412058,259.01425568466976,-355.4009511044014,-394.3289813903782,3475.1553090499074,968.9204747262356,-1341.780310224419,2893.420030469334,-99.6445778468023,-16.87911160418859,158.08289026491647,merge,0.67476166724235,12.11452689574092,0.6850220585764591,9.267700310025097
120.80000000153814,1.8485208335086003,-8.158484513180674,260.18928265571554,-364.03841460802687,-414.3582565979559,3471.8582559276583,947.9557818735714,-1337.1226798390833,2886.2148203308943,-97.46108572284793,-17.493857462252407,156.2956139966971,merge,0.6748482927379246,11.955642260671464,0.6842963208733052,9.259900069589605
120.90000000153941,1.8745753710277304,-8.743880088268696,261.3015192129659,-372.23812473319117,-434.5510906118557,3468.3622434562058,927.2624159970895,-1331.7750690527457,2878.828929838577,-96.87303012682321,-17.951733875202162,154.70517625427664,merge,0.6757578666706802,11.555563633213652,0.6833231501087399,9.006937639059789
121.00000000154068,1.8603701160829804,-9.389333250971221,262.3570851594277,-379.9135290498181,-454.9360989578646,3464.6342711028547,906.7842099720084,-1325.8785524935172,2871.289403237799,-93.71278360596438,-18.219522512000655,153.21808356300141,merge,0.676889185713559,11.320995612558049,0.6837454833640746,9.272941907463828
121.10000000154196,1.8800676300555805,-10.163919951370922,263.44996938027487,-387.19056972883254,-475.4930275424967,3460.7060432800595,886.427615380678,-1319.5951618252138,2863.6308413428455,-87.12062344274601,-18.312164000476393,151.55286175698083,merge,0.6793245072872182,11.470769067041179,0.6853091699113383,10.19991329978883
121.20000000154323,1.9243643641673087,-10.980961930933786,264.58716573878405,-394.1506449017861,-496.1853448571646,3456.592997318843,866.1370981593875,-1313.006709779423,2855.8791522641304,-78.28394892984278,-18.165770261688195,149.89175774215644,merge,0.6800403878690735,11.52588945870491,0.6870213342891561,11.09521713168072
121.3000000015445,1.9391643137165604,-11.71342224874897,265.72096798250476,-400.7145115783361,-516.9954664085141,3452.257306901175,845.919819393628,-1306.0908247461045,2848.06787586371,-68.40941081501641,-17.755487632830906,148.5611077607046,merge,0.6814208478520599,11.354561012783643,0.6885071863968111,11.494400761789064
121.40000000154578,1.878016384596612,-12.312912214159473,266.839568892968,-406.7281808907254,-537.9135689086244,3447.6481795128198,825.7720807586389,-1298.8426990224373,2840.23689043057,-58.20639887095607,-17.068131740263933,147.45862107897347,merge,0.6799872446752862,11.009805050707564,0.6899064915388149,11.556484613731977
121.50000000154705,1.7802470534920056,-12.844710497666414,267.9629496120389,-412.07134781889573,-558.8962363363282,3442.7681899659547,805.6832158504695,-1291.2661526051581,2832.4282930397276,-48.28899309604257,-16.126691348727906,146.58481255840024,merge,0.6788128553555177,10.751028488518498,0.6913083511337021,11.402750067809542
121.60000000154832,1.674320103641149,-13.220076473670034,269.183480136024,-416.8111637190199,-579.9451214689708,3437.677164286146,785.6370886418628,-1283.3760454369897,2824.680559703842,-38.99011118847016,-14.936447543472918,145.92108739882545,merge,0.6779026889814779,10.49540043321868,0.6927330798422492,11.191838787564892
121.7000000015496,1.5610919240501322,-13.414304567951893,270.4508834603236,-420.88543542295986,-601.0586229712727,3432.423433351001,765.6153261156713,-1275.1927398244086,2817.027957399246,-30.3731717896374,-13.53574983498802,145.4923917332511,merge,0.6772625572458144,10.207809220711118,0.6942200920635746,11.006240196216392
121.80000000155087,1.502049746278701,-13.531418898852516,271.81367101460336,-424.4294940473519,-622.2450378471939,3427.0596151538107,745.5986068756353,-1266.7413493825018,2809.50001332981,-22.31633049943941,-12.013492561658309,145.34445221187482,merge,0.6781251377951397,10.404322282498896,0.6957522882618721,10.831124303359008
121.90000000155214,1.515411665718727,-13.606517533344626,273.2680669558163,-427.6179724025377,-643.5095900582654,3421.596166636008,725.5687719658008,-1258.048624167869,2802.1212164565595,-14.721855111523272,-10.42120931741891,145.5116466632023,merge,0.6797001187877527,11.03055501889795,0.6973200925945102,10.67714758317956
122.00000000155342,1.5736020224999645,-13.69300537498575,274.7175341506806,-430.4822812325907,-664.834659090228,3416.0319834920438,705.5087430802481,-1249.1421858002277,2794.912066076705,-7.551608689857593,-8.79837941561963,146.06170510142007,merge,0.6802717533239748,11.374638221322366,0.698910044066432,10.567341969051684
122.10000000155469,1.608314966673363,-13.75266262823364,276.06638642240483,-432.8812515116509,-686.2122558213082,3410.3554919155154,685.3858603786433,-1240.0432893425138,2787.8887831955017,-0.6732765770492665,-7.2160191042285,147.02445554962583,merge,0.6811949281409416,11.203659576128665,0.7016348712987142,10.486745033897959
122.20000000155596,1.5680613031353108,-13.764362173529383,277.32514573637883,-434.6445710186642,-707.6332207697152,3404.556979387209,665.1617173133475,-1230.7751232651144,2781.0658697597983,6.132790351907822,-5.7488814654398315,148.38794658836363,merge,0.6810478352657146,10.624393966166142,0.7044790908488554,10.442341200634134
122.30000000155724,1.4895383688752202,-13.767823256723553,278.5682269920024,-435.66758380750235,-729.0534662327337,3398.6665570120367,644.8136481337093,-1221.3778814514064,2774.458026867396,13.10299263412661,-4.462563791451314,150.1075005981296,merge,0.6801302900959276,10.158057657431899,0.7073880637241199,10.424513227622123
122.40000000155851,1.4423665206676524,-13.787798112173697,279.9175774929209,-436.09949836676714,-750.4734708209025,3392.716810843769,624.3182006698695,-1211.8973521113262,2768.0748592440787,20.439020007481886,-3.4179299293186234,152.11053685136926,merge,0.6807202458024674,10.2385152183577,0.7103501534417691,10.415424075238848
122.50000000155978,1.4611719280110924,-13.814174791525332,281.3733697693809,-436.12407117047576,-771.9196164942541,3386.700670664209,603.6467086285961,-1202.3939474730867,2761.941298967448,26.97490705329595,-2.8998483446045986,154.05699947536803,merge,0.6822099855593995,10.792460648235645,0.7128557896390878,10.03523019443092
122.60000000156106,1.5203297304058032,-13.862170871977646,282.85073400741857,-435.81536474759463,-793.385078276175,3380.6067452491525,582.763914501695,-1192.9691103656287,2756.157200178257,30.168487460377932,-3.440067489738166,155.19051066405484,merge,0.6829057430714744,11.145483594693175,0.7142204847355301,8.59060716400912
122.70000000156233,1.5970562958193928,-14.0307555831795,284.25670573990686,-435.09970881254446,-814.8658377398089,3374.4269932244274,561.6550875177732,-1183.710043877408,2750.8014486364427,28.957309044571932,-4.7884886554863195,155.18630525897515,merge,0.6854778734298311,11.367278927824938,0.7147440251973778,6.1857561597726995
122.8000000015636,1.680558095262122,-14.343302575019035,285.6351591505779,-434.01488015877067,-836.3647818117444,3368.1383294836346,540.3361129292548,-1174.6293050328322,2745.9124354693117,24.37647982452684,-6.522966035399109,154.51345910572826,merge,0.6860564946837764,11.354835859280954,0.7152810027451962,3.4758887153332534
122.90000000156488,1.714023954224156,-14.673469537814254,286.94226837560706,-432.43433182932574,-857.8205485269805,3361.7116354121536,518.8787838864729,-1165.661662276775,2741.428291440484,17.006008623771223,-8.019256261735979,153.97658838289405,merge,0.6872214602621473,10.984697096313822,0.7143873666334143,1.4405383928348436
123.00000000156615,1.662944307579001,-14.951782399936931,288.1990838349814,-430.2016977631004,-879.1661601732588,3355.12313310771,497.3646898365626,-1156.7524712081392,2737.28943203854,10.760065180441012,-8.142168296122358,154.16590430191087,merge,0.6855885788007685,10.467823578731762,0.7135045737144712,1.0650924480800492
123.10000000156742,1.5713711580704461,-15.20615501966407,289.4571735422731,-427.22619771736487,-900.3212304720687,3348.401259592715,475.814131943789,-1147.8507787410535,2733.360648811555,9.799943343403353,-6.558199301515094,154.83054600836167,merge,0.6842523865038059,10.097999229438694,0.7140146448698502,2.4248407814127866
123.2000000015687,1.4684994043075135,-15.307691213570926,290.79074112054275,-423.58839546462207,-921.3101891441709,3341.5941964545164,454.2075984730896,-1138.9287199710805,2729.521716787335,13.84155488052299,-4.124088008150739,155.6867814167579,merge,0.6828603987312907,9.788098981361506,0.7160526759904696,4.658041805831185
123.30000000156997,1.3566436198513547,-15.233857702506599,292.1518505659329,-419.2447971715784,-942.1091003342474,3334.7685341654333,432.5227935201846,-1129.9730440200278,2725.70167854082,21.079992853246036,-1.8318888731930985,156.69618184496358,merge,0.6817288275417082,9.48597201948514,0.7185115514720013,6.63331118322183
123.40000000157124,1.298631976410043,-15.070724708331078,293.6077662973885,-414.3330591092977,-962.7713440294107,3327.954194027737,410.7457148446837,-1121.012262280853,2721.9574076887607,30.16403290996393,0.039986875237922666,157.90564015305574,merge,0.6817687632723188,9.690597850466723,0.72047211059552,7.931555631999808
123.50000000157252,1.313790274426209,-14.854924185244673,295.14004640120277,-409.02568342695804,-983.3577048747326,3321.127659927088,388.86292917687655,-1112.0943550551822,2718.342168359381,40.22759495195884,1.459460820125324,159.3278186993964,merge,0.6829946703204353,10.374403234036581,0.7221047682268512,8.631825502917302
123.60000000157379,1.3732290869531514,-14.653207924015998,296.66620216450707,-403.3997907861543,-1003.894146471502,3314.263202218062,366.85599537141894,-1103.2940940495234,2714.8993691471637,48.708844581664934,2.5319755583942793,160.85050273697684,merge,0.683867746771135,10.86580090380458,0.7228376529348537,8.832704754206523
123.70000000157506,1.4077321315396585,-14.443324303869774,298.08306298947855,-397.33742460408473,-1024.3143014359607,3307.3790024977684,344.69282880205424,-1094.7794466964558,2711.745960304812,52.35408706750227,3.369395427371837,162.36523447345357,merge,0.6836233971049609,10.845738675153955,0.7220251137928577,8.815070202398044
123.80000000157634,1.365993864617194,-14.203873500547552,299.39285615319653,-390.68809054656515,-1044.5270283718105,3300.50689091363,322.35976798524445,-1086.6839243705313,2708.96065044896,53.500999502493045,3.9575078772717784,163.95130520444977,merge,0.6821195869490182,10.407134844644444,0.7211282824837241,8.980703982670398
123.90000000157761,1.286033924640129,-13.962579289553315,300.6616804255463,-383.36424187634356,-1064.4708093667086,3293.695645798454,299.881704257589,-1078.9212568843602,2706.438089686239,57.43696890683427,4.310538690948199,165.71537115196068,merge,0.680757627896009,10.036665972699302,0.7216136826091832,9.361467597911144
124.00000000157888,1.2385773341472754,-13.718101297924877,302.01649898843823,-375.5018987697199,-1084.2104297157537,3286.945329243064,277.2731314243949,-1071.4148302764022,2704.0768500859203,62.689742957341444,4.503068847887303,167.54049313456153,merge,0.6807670044519201,10.18755149386967,0.7220048481075556,9.564745216043807
124.10000000158016,1.219263149345817,-13.347759966264544,303.3994113400422,-367.2119242420447,-1103.7990703239425,3280.2319884455683,254.52094161757944,-1064.3187792715605,2701.91793125867,65.50758945771935,4.74105234243545,169.1916394320608,merge,0.6807140880187265,10.35415103163639,0.7210003128614171,9.450231026990608
124.20000000158143,1.2031706701632805,-12.95747238857269,304.74339242132373,-358.4403086328905,-1123.1968343835233,3273.5962770643655,231.62562553761717,-1057.7644104278395,2700.0102013403625,66.31166985286917,4.904005024550485,170.7819251707166,merge,0.6806087563598285,10.481808124126978,0.7199546571091069,9.487747737301092
124.3000000015827,1.2012765627917765,-12.523465108665565,306.07863415368973,-349.2419132341347,-1142.4245809079248,3267.0196038264517,208.60570540512086,-1051.6971652239142,2698.3018232357203,67.10956644921801,5.073915326179389,172.3793456845865,merge,0.6804491070593135,10.593362606443742,0.7188980574212182,9.541285861564832
124.40000000158398,1.191280043930038,-12.1159674517048,307.381308573518,-339.5663908495481,-1161.4387723103666,3260.5376497479383,185.4720798873071,-1046.25519843415,2696.8500260210394,63.863122951657225,5.409153214027853,173.83260524725318,merge,0.6802504890597814,10.670135216475426,0.7163491653237157,9.395892400676608
124.50000000158525,1.1917022708748288,-11.68640823020802,308.68690890305913,-329.46882543702776,-1180.2621306190981,3254.1270180840165,162.25153000216497,-1041.5450196219415,2695.74498397961,58.73520145955592,5.804663678732725,175.21533936019196,merge,0.6800129876326936,10.738687191473165,0.7137941877007001,9.318923451197515
124.60000000158652,1.181649078526605,-11.288221229356486,309.9672787993317,-318.90247349022667,-1198.8491955685624,3247.8220595381945,138.96807593682843,-1037.4117506936818,2694.9487963668466,56.29906751619782,6.255342669337908,176.66058834784653,merge,0.6797476858707118,10.784890823550654,0.7126705583389897,9.583064592964645
124.7000000015878,1.1811055240424313,-10.867157329117562,311.25497540919633,-307.9221982889383,-1217.225612671363,3241.597852951536,115.62450456724507,-1033.676973899897,2694.3609667108835,58.238125386884,6.749393313080138,178.16346582948267,merge,0.679453051304982,10.82923689015072,0.7129016214893363,10.138452219228848
124.80000000158907,1.1253427880354367,-10.351046888951666,312.441248959957,-296.44046787423446,-1235.307612902986,3235.513225648302,92.21788154584819,-1030.2558156733971,2693.910190233225,62.53820769275618,7.221783200828307,179.66329083768517,merge,0.6778646798131224,10.421000078142619,0.7128780182100345,10.455842837836856
124.90000000159034,1.0199364298864793,-9.74567416237492,313.5215664766008,-284.3623021784275,-1252.9997057763956,3229.671358611283,68.76789987912339,-1027.2817639149362,2693.645780994335,64.76591625640926,7.6923521292709,181.0471844437152,merge,0.675474126376299,9.691635244366735,0.7116317046029926,10.362788292672539
125.00000000159162,0.9066557159934828,-9.024955350553068,314.5892207029874,-271.7212853089729,-1270.3122094551811,3224.1338068189234,45.30137670325671,-1024.8669451408166,2693.6174942795637,64.96592165505223,8.02561622113611,182.42120405594775,merge,0.6738261594293808,9.251012071831315,0.7103765545520944,10.346952527001145
125.10000000159289,0.848399993744526,-8.176813601248213,315.72892243195014,-258.66094155257923,-1287.3575734152137,3218.8516069728703,21.82246493589661,-1022.9490677977726,2693.7770625011804,65.31861397085747,8.377898912465088,183.8119464611854,merge,0.6735291991488855,9.442810477033705,0.7091147263334853,10.346554078207403
125.20000000159416,0.8692180858049303,-7.258717339300406,316.92228784052213,-245.30196700117142,-1304.237420495005,3213.726217863223,-1.6426381648224766,-1021.5918508377557,2694.1582531145455,64.770082296113,8.69227965417521,185.18892590933874,merge,0.6744480663435303,10.22607509342671,0.7078251871551274,10.375830503047446
125.30000000159544,0.9471008105482819,-6.389735413681325,318.1458289079532,-231.71855013206184,-1321.0162841340143,3208.670914973411,-25.09282182432093,-1020.7304508686891,2694.722063317752,64.78549101378142,9.066064595415254,186.56587732476632,merge,0.6757554151369746,11.138942769988812,0.7065169099622408,10.39356598789441
125.40000000159671,1.0435472470137528,-5.671076662712593,319.3591220186962,-217.88793406830234,-1337.6621932488854,3203.697132509664,-48.49820145718788,-1020.4255903443905,2695.5059281327667,64.17553739836666,9.416165993380902,187.92265490464072,merge,0.67614488504944,11.518313620963376,0.7051812685185734,10.418261615890719
125.50000000159798,1.136839117877127,-5.187724506181107,320.5786764168727,-203.74177546279353,-1354.0900989661473,3198.8545807575792,-71.86134893073915,-1020.6118826259055,2696.4719682969335,64.20638748301383,9.828367177719274,189.2778141829012,defense,0.6764398174380715,11.64941367476585,0.7038271814356399,10.432108234957868
125.60000000159926,1.2291020050205281,-4.986576502927497,321.62288756012407,-189.31920197076343,-1370.3256338896701,3194.0877820601195,-95.14919608366068,-1021.3474896975541,2697.6581239260704,63.65353741825826,10.21534960734927,190.6142896517277,defense,0.6767013831841032,11.447155937545533,0.7024498659471109,10.448864936017833
125.70000000160053,1.2672067827378428,-4.993561478316564,322.2113202051849,-174.5677206902971,-1386.2845205934987,3189.406339277494,-118.38845728546262,-1022.5089565196275,2698.9976084774316,66.50331841671093,10.5203681132088,192.04658250201723,defense,0.6760169928469834,10.525655006186266,0.7024120608326582,10.84133050074456
125.8000000016018,1.2200424608430362,-4.808549510713392,323.25660994614435,-159.39571407003265,-1401.830102729389,3184.858295193976,-141.60019515573057,-1024.0205569116722,2700.4313900073857,71.06063470225779,10.77483619625721,193.50776299765263,defense,0.6741785015128642,9.970477845601325,0.701983586581753,10.99408171329304
125.90000000160308,1.1403301244723594,-4.56625467084496,324.4806081699145,-143.75717218643334,-1416.8770041827106,3180.506399814087,-164.73340902546954,-1026.0143131363354,2701.9870937499136,73.22009232822069,11.027802474850741,194.87846644294632,defense,0.6724701827476908,9.720558214786928,0.7004290299429754,10.784344446500535
126.00000000160435,1.1017380453864982,-4.274249522750432,325.8307080477762,-127.74691388000274,-1431.5346645743134,3176.3250758722725,-187.7129373653308,-1028.6520993499682,2703.7138807713213,70.35547711207768,11.317867859624462,196.1547113213353,defense,0.6721070715905955,9.945431099315353,0.6975274131150265,10.337679860525792
126.10000000160562,1.1223473673227624,-3.928393977599188,327.2556013408372,-111.46753204024134,-1445.9400423046977,3172.2412788036527,-210.47259898842768,-1032.0193921820435,2705.6752007767886,65.34288662050317,11.61783005862042,197.40095129802023,defense,0.6729560917543329,10.56210618132954,0.6947679932319067,9.99367934953509
126.2000000016069,1.185685758899024,-3.6063932413513826,328.7082480548682,-94.98069250813461,-1460.1787580503812,3168.1952952222705,-233.0528971095152,-1035.9531197363306,2707.8460417108568,62.851929049432464,11.953685507250883,198.74313219075475,defense,0.674071994687147,11.18550967393079,0.6934935357488158,10.126790335619821
126.30000000160817,1.274744587277841,-3.420313261918345,330.14357607245796,-78.28390788424575,-1474.2372313344435,3164.180213370234,-255.52699573710774,-1040.2749922232597,2710.149539323327,64.59207947994472,12.333086708733452,200.17804876559086,defense,0.6750086744701789,11.560211702746166,0.6935007813036224,10.68054725195351
126.40000000160944,1.375561203852193,-3.427478673816377,331.55758426920465,-61.36945663051832,-1488.0907632499745,3160.186976141176,-277.9258251045653,-1044.9170873848627,2712.538788084501,68.73297424634617,12.693291943267983,201.6289310611237,defense,0.6758450192555363,11.70419693842842,0.6930688469870688,10.98856324180331
126.50000000161072,1.4630725516656582,-3.598935102178574,332.9341608476636,-44.220241365122696,-1501.6928749529907,3156.202400280467,-300.20031538245667,-1050.0074935175085,2715.054552635738,70.97261883606527,13.048108986683406,202.96961147145532,defense,0.6760313516837373,11.527221825005746,0.6929567306956407,10.824645435183038
126.60000000161199,1.4897812320387738,-3.817182085421509,334.240934430298,-26.78315261061319,-1514.9168480362448,3152.2224878910097,-322.28932902414044,-1055.6409231067403,2717.732106389487,71.21910010692046,13.278270355059384,204.2908548967001,defense,0.6752820529831688,11.22997601761653,0.6915016774025066,10.73781334339165
126.70000000161326,1.4717431956836393,-4.126050395756346,335.5155576308141,-9.025395816947903,-1527.6639316997152,3148.2525210200342,-344.2290058918297,-1061.6877878512025,2720.507928782791,74.25223584129422,13.372011822264062,205.72545446231695,defense,0.6745831837826903,11.158565393872733,0.6915323951778952,11.055279339049477
126.80000000161453,1.485743723858295,-4.523276119139439,336.8571903240132,8.987542049734618,-1540.050301133294,3144.2727068406525,-366.0815217450461,-1068.0886582463459,2723.339711088172,78.67713709619174,13.397726674724495,207.18270336206803,defense,0.6751609467632678,11.449524098271336,0.6924814293711501,11.115429976688823
126.90000000161581,1.5238829381297807,-4.924941643001756,338.23112846703896,27.209065422512687,-1552.1640246563359,3140.260397975242,-387.7945665581584,-1074.968021636176,2726.2406514110507,80.6768365013113,13.432313215388143,208.5520187966551,merge,0.6756921979102797,11.638277490595401,0.6925159746756853,10.859042077951385
127.00000000161708,1.5325389987015925,-5.233797115708189,339.5499322779965,45.65958633322209,-1563.9305488304358,3136.208220845899,-409.24851628132933,-1082.463279367695,2729.2331149049523,77.7294523213381,13.52289611165216,209.84257934166064,merge,0.6753947960118726,11.619779402499876,0.6903631763525713,10.403724573514461
127.10000000161835,1.4640766444863065,-5.409423391949574,340.77854123854075,64.38774432974273,-1575.1866316727321,3132.130662106982,-430.34411651620456,-1090.6444407268366,2732.3631178472133,72.656929216661,13.637043328535162,211.11022262846438,merge,0.6737900020427574,11.386819672192182,0.6884675608259088,10.055315616827915
127.20000000161963,1.333960598703917,-5.425710177304613,341.91998370253344,83.437263134975,-1585.760259601093,3128.0840707888037,-451.1539765764417,-1099.361170850652,2735.626380243811,70.0724772788115,13.784383202985588,212.47855502295906,merge,0.6710577401942706,10.799738939779317,0.687679807073605,10.18428477805703
127.3000000016209,1.1972024462085986,-5.297868008038128,343.0473235243245,102.80578325200477,-1595.6052826863408,3124.1575511625233,-471.7820487428879,-1108.4451928261074,2738.969451276201,71.63645241253853,13.97404617613517,213.94940876268558,merge,0.6689066174507825,10.283844912161992,0.6880746872639018,10.728899146504292
127.40000000162217,1.1214072464819766,-5.0185062354691405,344.26638523457456,122.42379542523098,-1604.9010815320887,3120.3678922605873,-492.2878122058685,-1117.8504054995656,2742.364237610114,75.62302103867327,14.14486814096741,215.42483811864835,merge,0.6681965088040166,10.24439170611606,0.689181111253237,10.988517697044008
127.50000000162345,1.0853156755518794,-4.518454795703367,345.50104023842505,142.24405862321146,-1613.7748596131871,3116.692519299281,-512.5952147424531,-1127.691910057328,2745.835566772619,77.81760853716094,14.328876467791845,216.79511826411593,merge,0.6674816245103824,10.260684439488259,0.6893150733733524,10.815367341569115
127.60000000162472,1.06035809913644,-3.950039139936235,346.69927588807946,162.26960911530864,-1622.1748088060817,3113.1854202657137,-532.609476533995,-1138.0414250685455,2749.4015256707044,78.05339494215804,14.399831971961392,218.13612424513065,merge,0.6667558237694301,10.277010708142477,0.6886845583495727,10.716265158684308
127.700000001626,1.0539719926924287,-3.3114614099100197,347.8876929782554,182.4744539777579,-1630.1585250952708,3109.822159713489,-552.359233114494,-1148.8298151750437,2753.029444801614,78.38409837034371,14.472957197685679,219.51679110283388,merge,0.6660015091625807,10.313321119260513,0.6880440140751714,10.658560578352466
127.80000000162727,1.0410591884275395,-2.6849353596509524,349.05270046199655,202.85835681370867,-1637.6695479133818,3106.6479022493186,-571.7852374176971,-1160.0978816477586,2756.735601773706,77.86122639181578,14.516128371815727,220.88432756806526,merge,0.6652260220869296,10.33141560450535,0.6874133146940943,10.631700221025625
127.90000000162854,1.0403120485209087,-2.0297549075211885,350.2232283637204,223.39845586619126,-1644.7628525702403,3103.6307565285715,-590.9294447992413,-1171.7875010166078,2760.499388186011,77.86803467678303,14.60295237189783,222.27519666752585,merge,0.6644206772981095,10.361917743238855,0.6867881790098145,10.611995305597995
128.00000000162981,1.0291393655187229,-1.4017769400971392,351.3778448869743,244.09130942903138,-1651.3813091163738,3100.8135703389826,-609.7296210961737,-1183.9363082473044,2764.3408261585146,77.313921383727,14.675002131259436,223.6457917244329,merge,0.6635937290142359,10.375738754179427,0.6861643134806372,10.59926962670211
128.1000000016311,1.0283566566063007,-0.7504671673342872,352.54138426705043,264.9170783248446,-1657.5800881337445,3098.162296008602,-628.23005199112,-1196.4888396459573,2768.240138262418,77.3762346794964,14.794665222662275,225.03600575671987,merge,0.6627384804747913,10.401013798431123,0.6855402922406557,10.589201776537129
128.20000000163236,1.016450736340263,-0.12568903817663668,353.6897600551081,285.86908168939556,-1663.3028078028806,3095.719689184168,-646.3665823869512,-1209.4796064039444,2772.21803579371,76.9103619355797,14.896878312021435,226.40518470303707,merge,0.6618613081393204,10.41295563160277,0.684915498690647,10.58076999216892
128.30000000163363,1.0146405868622526,0.5244380442437052,354.8462938739035,306.93052789543333,-1668.6052851537597,3093.450860024706,-664.1859976972534,-1222.855990641467,2776.2541984095546,77.0682491981138,15.042054655752805,227.79374076463287,merge,0.6609565422451432,10.435708637538642,0.6842878583862549,10.5757237980296
128.4000000016349,1.0018187107818808,1.1514799494630485,355.9865572660166,328.0915346203751,-1673.4323589880403,3091.3990701087805,-681.6225073030288,-1236.6494069072608,2780.369260918513,76.68421610492618,15.165147269702626,229.16155708509393,merge,0.6600291071547879,10.447123390980183,0.6836583517703992,10.570260512826062
128.50000000163618,0.9991175618705895,1.8065639620678264,357.1334490770142,349.33841058656924,-1677.8403378588794,3089.52875779776,-698.7252839187324,-1250.8100949104678,2784.542413790676,76.9175356764235,15.326353502065555,230.5490610154696,merge,0.6590741242764683,10.468728714563658,0.6830241655621455,10.568995510911458
128.60000000163745,0.9856922918443017,2.44148000701969,358.26298857666035,370.6581360477345,-1681.7755180796285,3087.883787893519,-715.427084077174,-1265.3663247621796,2788.7940263541254,76.59299787790353,15.462029772220262,231.91607154941136,merge,0.6580956248255877,10.479924159797523,0.6823872959889915,10.5659614919129
128.70000000163873,1.0254389495518574,3.0120775372805944,359.48502740803855,392.0434301087171,-1685.3471736111321,3086.3951687087956,-731.834451410568,-1280.2374068269207,2793.090425529099,79.48277744808856,15.495089249100527,233.35958591826105,merge,0.658358780493,10.958339281137347,0.6830307635585096,10.973075515838506
128.80000000164,1.091685995612631,3.5418556066812563,0.7531197170343426,413.493426685501,-1688.642330760729,3084.991304112965,-748.0174851306292,-1295.391888636825,2797.401763283971,84.01806224991161,15.459478354596278,234.81477061888563,merge,0.6584629368387676,11.332778372015202,0.6840601209509238,11.10464893417225
128.90000000164127,1.1214038814969773,4.0300808172254285,1.9444168172105571,434.9930781846395,-1691.5339366706812,3083.723407959688,-763.8619539358839,-1310.9147511919468,2801.7293333794805,86.29608604867315,15.423170965768385,236.18076442741224,merge,0.6573165711889579,11.196855990932521,0.684065011878479,10.84532749928022
129.00000000164255,1.117215173316024,4.410565113403735,3.11499145872041,456.521205432487,-1693.916020272978,3082.6421026087046,-779.198947705354,-1326.8766632101588,2806.0758103128524,83.73982241943108,15.430580307158761,237.47374717888397,merge,0.6561889760912416,11.090972931885426,0.6819479669626758,10.322902504534515
129.10000000164382,1.1107237796781049,4.794437042257463,4.312265045270225,478.0724369285615,-1695.8511479781812,3081.7096626567454,-793.9064416220734,-1343.2952813686013,2810.4701568477094,79.03410438913984,15.453615976475339,238.75094145311098,merge,0.6550757755286135,11.024597496534243,0.6799692405741302,9.914506779138886
129.2000000016451,1.088211617030902,5.173067397282762,5.4954637129437485,499.62631989404906,-1697.2863078061444,3080.960489991966,-808.115922560056,-1360.07070140264,2814.923746187237,76.64960551239194,15.490393739469125,240.13771785926073,merge,0.6539637012457208,10.98710841183515,0.6794602584525107,10.02365322965311
129.30000000164637,1.1145637401957387,5.5084104518700485,6.760876570358099,521.1916466832289,-1698.3398997376573,3080.3376288669083,-822.0035085089021,-1377.1074997187277,2819.4084694889366,78.32944521495341,15.545631091315188,241.6289079012854,merge,0.6541128175748706,11.387624745609468,0.6802167392953146,10.57856014384735
129.40000000164764,1.1680489297206542,5.828217449211971,8.061603962323918,542.7794829076867,-1699.0993763619995,3079.7840616011204,-835.6453010078687,-1394.3827609507673,2823.903123817134,82.39188972455885,15.574166933210568,243.12777462053862,merge,0.6540425888050515,11.660110047438774,0.6813799443276214,10.877760813553301
129.5000000016489,1.1885796886716546,6.147113533770634,9.280623397637672,564.3608742119317,-1699.4518407858263,3079.336765479702,-848.9185945796146,-1411.9609093905885,2828.415437563196,84.71311202071145,15.615215375832342,244.52618051885867,merge,0.6529206816919827,11.536722139559078,0.6814974587893049,10.727888780910495
129.6000000016502,1.1759072249916067,6.39331416183523,10.464588299294881,585.903108813749,-1699.3022863053995,3079.037093975258,-861.643289750132,-1429.8872080822248,2832.954157544017,82.37557803664146,15.696964904607906,245.83798642421843,merge,0.6518145264715256,11.463989345021814,0.6794714077521468,10.238039839808843
129.70000000165146,1.1623292099576383,6.659589081544103,11.666840256828404,607.4103190841904,-1698.7156506547162,3078.8548668067306,-873.6953703526849,-1448.1618691262147,2837.5492515479477,77.91464642622812,15.788427751212188,247.1266996330236,merge,0.6507180007468402,11.421631403684993,0.6775676243059003,9.842220296516029
129.80000000165273,1.134903547561923,6.939550057017117,12.845540327907878,628.8553991966457,-1697.6405644873594,3078.823259688029,-885.2181388309082,-1466.7077688870208,2842.2073352356288,75.71486211285982,15.887476089872022,248.52251974700536,merge,0.6496198940950241,11.399145325488837,0.6771146203062527,9.98441995049694
129.900000001654,1.1557288297648687,7.1914385867822315,14.095776114157626,650.2634418723221,-1696.1952057432472,3078.893282430634,-896.397145946675,-1485.459115717671,2846.896930245942,77.57685073095926,15.994474126131244,250.01820491517304,merge,0.6497402906661293,11.795679834283499,0.6778968230593901,10.579813492020437
130.00000000165528,1.2047049580970715,7.4332881012997865,15.370860142058303,671.6525456023948,-1694.4514478709318,3079.0217105142656,-907.3035465072603,-1504.4071558744854,2851.5973041495595,81.77985661629106,16.064849204285114,251.5156365713111,merge,0.6495108298255722,12.006581098070933,0.679027325849058,10.897536105136924
130.10000000165655,1.222729269932912,7.684274102981183,16.564090437401294,692.9796720947377,-1692.300706253839,3079.241848403603,-917.801303850641,-1523.5987553580594,2856.318396979514,84.21167891448465,16.135647300061905,252.9091419093977,merge,0.6483007768503333,11.844897707929162,0.6790932434767474,10.743266062169894
130.20000000165783,1.2082930778458079,7.8748969128682464,17.721390374962823,714.2013859321842,-1689.6558300954312,3079.5903090459738,-927.7058883074247,-1543.0522368448044,2861.0693692640484,81.99924186629796,16.238283825628276,254.2158920200601,merge,0.6471210985005357,11.739867428202242,0.6770258052357709,10.235255232842103
130.3000000016591,1.1933129841144685,8.089833779266558,18.900817037236823,735.3310863052296,-1686.582824232122,3080.039711912209,-936.895916113212,-1562.7493150387463,2865.879369376141,77.64642780653746,16.34664388082639,255.50107211738145,merge,0.6459626355880794,11.671172361301808,0.6750842502454588,9.822778392825974
130.40000000166037,1.1652621515574588,8.32410679063587,20.05931205842057,756.3355571584208,-1683.0345412453144,3080.6209225578996,-945.5241706177264,-1582.634810958217,2870.7536011542234,75.49918363731825,16.46047334743668,256.8955161010654,merge,0.6448134965876942,11.625321188673006,0.6745878730880963,9.958326860293623
130.50000000166165,1.1849609684981661,8.534611413011515,21.289528983378524,777.2554851764506,-1679.1263678043842,3081.289255566743,-953.7832982043642,-1602.6712346433171,2875.660027461782,77.38291546378258,16.57998924036101,258.3914280351887,merge,0.6448634841534546,12.001638689930898,0.6753333753580413,10.558108546695353
130.60000000166292,1.2328767527550033,8.735148220040042,22.544482188976403,798.1162070018876,-1674.9231051422412,3082.007018719536,-961.7795125199889,-1622.8571952997931,2880.5722217766433,82.11959692474422,16.63476760931246,259.9083794814186,merge,0.6445343479090165,12.181838188709456,0.6770572004295092,11.111969449211355
130.7000000016642,1.2506496078960168,8.945834048970246,23.721617050481864,818.8619955267227,-1670.3232029840483,3082.8037246384624,-969.4642888484364,-1643.2124398059343,2885.4861225689206,87.63316927899982,16.56595634280829,261.35748770732374,merge,0.6432552041501092,11.995758510186306,0.6779964188945251,11.184979112617368
130.80000000166547,1.236320348492788,9.100377415647104,24.863295130460806,839.4394484802724,-1665.2466041301575,3083.7122506669702,-976.6717262882936,-1663.7525672703853,2890.389889795509,90.24839365613711,16.452008665571697,262.70307977282744,merge,0.6420161564848903,11.868233788486455,0.6777862963797542,10.829400759828967
130.90000000166674,1.2213707684982655,9.278274773756412,26.03071421736511,859.8709430862824,-1659.7581803631795,3084.7072515497807,-983.2834912077194,-1684.4653729884276,2895.2706912295907,90.53072298014476,16.208167002817007,264.006324247105,merge,0.640806206041717,11.781920158997474,0.6768388465134778,10.613456616334828
131.000000001668,1.1935518755881798,9.477248289604473,27.17983607287487,880.1177262842649,-1653.8153556263785,3085.817235481605,-989.4421366251541,-1705.3144530323736,2900.1119504733592,93.17745279246023,15.80284456086687,265.3810969192344,merge,0.6396129143736724,11.721242200925207,0.6772550166334315,10.842420859779281
131.1000000016693,1.2127723385320313,9.653560896825168,28.400770741939137,900.2352329028487,-1647.5283054116137,3087.001354885331,-995.2597800662891,-1726.3029940794638,2904.9001880999926,97.15640317952383,15.329366664448417,266.78002274161133,merge,0.6396097687393666,12.088592280255066,0.6783584421543148,10.931055193907513
131.20000000167056,1.2600176703914299,9.819122097338893,29.64746093244245,920.2565563599838,-1640.9575055752412,3088.2251195708245,-1000.6311470805116,-1747.4494799401375,2909.609482874197,98.95639683250073,14.895733189915633,268.11349762262097,merge,0.6392268970964765,12.261031632376218,0.6785791831763146,10.750072381707037
131.30000000167183,1.277767565128877,9.994367998095516,30.81938760272046,940.1148545443506,-1634.0101730307563,3089.51432892285,-1005.4472284010673,-1768.7349340051426,2914.2174776361467,98.64885188952438,14.39306544747643,269.38598564700806,merge,0.6379139498681318,12.069534734950462,0.6780089789124173,10.702817272274883
131.4000000016731,1.2637135299001585,10.116281471893442,31.954422885481076,959.7476343982207,-1626.6136087671343,3090.8986080215245,-1009.8434748631233,-1790.131669075495,2918.7307423813463,100.7046472808507,13.757731782600663,270.69254556327263,merge,0.6366447137885717,11.935168912024624,0.6786639789039914,11.011292778974559
131.50000000167438,1.2488584445825228,10.259542021166984,33.1165803921543,979.1856316611997,-1618.8297083618809,3092.3547654260965,-1013.8948743774218,-1811.648695249383,2923.147232312733,104.20716380464296,13.07712978900135,271.9924226036887,merge,0.6354077329325674,11.843443557482829,0.6798029522273649,11.071744440449725
131.60000000167565,1.2212424600524237,10.424983982069081,34.261510799371436,998.3851375418196,-1610.6206814393256,3093.9091540008994,-1017.4975027260824,-1833.296763261841,2927.429628060347,105.6994432002752,12.46565571122109,273.234323067124,merge,0.6341908316081826,11.777798452589442,0.6801180820932582,10.884230621924306
131.70000000167693,1.2398443437522992,10.568560326195318,35.476970539000675,1017.4150602967771,-1602.0892325408786,3095.524813009152,-1020.5484420375655,-1855.0493688794397,2931.5460648461135,105.14576178975624,11.808129856427211,274.4136847245356,merge,0.634152267253056,12.14296032165351,0.6796516259340233,10.834853371166233
131.8000000016782,1.2862399550668389,10.70069031570821,36.718317904681506,1036.3154629298674,-1593.2907654793498,3097.170257071406,-1023.1814211405601,-1876.887306152458,2935.519664645094,106.95695179994746,11.026060871589646,275.6162727559493,merge,0.6337369311903773,12.314935407708743,0.6803759534419745,11.119711718363488
131.90000000167947,1.3038377319596317,10.84204862391983,37.8871840823891,1055.0100962995368,-1584.1425811261408,3098.867804129541,-1025.4613068506417,-1898.8232653080017,2939.354322837478,110.26209783294277,10.207440492066885,276.80926724010214,merge,0.632410614607161,12.125103408147409,0.6815629827119455,11.141875911190215
132.00000000168075,1.2899594059791106,10.93296277511636,39.017005457781764,1073.4285250878058,-1574.5801594042757,3100.644120650661,-1027.2904905358505,-1920.85994780715,2943.002490861869,111.61862901832038,9.470006300630267,277.9603876670616,merge,0.631129303517814,11.989782543081011,0.6819525136717617,10.92715118850467
132.10000000168202,1.2750928681489682,11.043289573178505,40.17428460698373,1091.6090875402624,-1564.6611369871086,3102.478197871015,-1028.5712199513127,-1942.9735227441113,2946.425394458914,110.96010964681564,8.697904159014747,279.04763907003803,merge,0.62988159360985,11.897120380349127,0.6822463890629988,10.841271104229849
132.2000000016833,1.247579505399411,11.176885464930976,41.3147736300849,1109.5038133981539,-1554.3529199984234,3104.3944207165987,-1029.432922806274,-1965.1666780224666,2949.662593252909,112.70480154789561,7.802318783512488,280.1471893749321,merge,0.6286558899187262,11.830002921726308,0.6837638132782942,11.082198461392348
132.30000000168457,1.265426892824647,11.289680939174687,42.52399029452165,1127.193595501842,-1543.748956004521,3106.3595924616607,-1029.9378803153345,-1987.4454792868107,2952.7211540431563,115.98365631016257,6.870881362855684,281.24331172142814,merge,0.6285939614514169,12.194679259018933,0.6850660982246266,11.070907389691024
132.40000000168584,1.3179379285578299,11.375936643433402,43.77438540441305,1144.7444137331688,-1532.917225388167,3108.337591221741,-1029.9946581656889,-2009.7915493042608,2955.540596203101,117.3226898683835,6.024052629279107,282.3167330493772,defense,0.6286815823245475,12.57033225154709,0.6855480417592068,10.831781163973517
132.5000000016871,1.383436699948578,11.378149863459251,44.997024318924375,1162.1277981798892,-1521.8345976774174,3110.3277038090855,-1029.5123287112494,-2032.1731112225395,2958.073056173086,116.65894866768193,5.145317677431665,283.327652510626,defense,0.6281868651839009,12.604224288336907,0.6859494549223558,10.727593604642067
132.6000000016884,1.4100394801895317,11.347659560563347,46.15177428135349,1179.2643240672144,-1510.4331792205753,3112.336036108947,-1028.6160691387254,-2054.6029878419668,2960.3712135955275,118.45540798884583,4.137717605970293,284.3404086504321,defense,0.6269200959667258,12.359916001570916,0.687598568901251,10.952176094612902
132.70000000168966,1.3989402403313198,11.251262072897918,47.27038777015459,1196.080566359802,-1498.6595560413466,3114.374407074237,-1027.3686217199163,-2077.0920162266457,2962.4485296366424,121.79614145958335,3.0932630097967375,285.34931352065774,defense,0.6257099443725465,12.220537148601503,0.6890313959202671,10.923251578010683
132.80000000169093,1.4166367988270296,11.081460111830891,48.45751062615069,1212.6665340275033,-1486.602043598618,3116.418759277591,-1025.68432784999,-2099.612470772183,2964.233068110028,123.16159815904537,2.136026827186539,286.3463882712047,defense,0.6256279737413964,12.492766656871659,0.6896354888982515,10.666429481583526
132.9000000016922,1.4581184358330463,10.879742343870262,49.68090335370661,1229.0862450828172,-1474.3185409363855,3118.4463266713055,-1023.4806183961399,-2122.1244225397495,2965.6677728962186,122.52426463348463,1.1486324837736057,287.2786483610161,defense,0.6256504226500781,12.75862748814202,0.6901713461734345,10.5495596955488
133.00000000169348,1.509416603141098,10.620021200036216,50.87204090247604,1245.3138560017956,-1461.7918002211873,3120.4515145126197,-1020.8761207069433,-2144.6512872525327,2966.8182587640076,124.41537465068721,0.027092576986339045,288.19930321430024,defense,0.6252464343449297,12.771168733821119,0.6919873940282306,10.763419520422474
133.10000000169475,1.5242190737030086,10.369173632633112,52.00448490009692,1261.2857501211781,-1448.9764857737032,3122.427137929407,-1017.9343939263085,-2167.2097352366,2967.705605847019,127.85848009985021,-1.1325220040198742,289.1151183176565,defense,0.6241709955795608,12.591589989628469,0.69358944186611,10.723688655995051
133.20000000169603,1.5028770231296171,10.093155182789218,53.090994790698986,1276.9254651939339,-1435.8247840874124,3124.3778619416985,-1014.5777825091959,-2189.761988846636,2968.2456877736004,129.27681715351716,-2.2028262303596633,290.0296241785805,defense,0.6231379030541643,12.521098706150331,0.6943456441632412,10.454348317021939
133.3000000016973,1.5094842957986807,9.771230112191148,54.22921865666567,1292.3249073316313,-1422.4144751431734,3126.29604447417,-1010.7318730259257,-2212.2657655882385,2968.37207624926,128.69360824592633,-3.2996589252566757,290.8729907790046,defense,0.6230967023108016,12.792629874519717,0.6954352279207475,10.321232485718882
133.40000000169857,1.5402381535119314,9.441536591728584,55.388608730529796,1307.5333976942795,-1408.785798525416,3128.171605658573,-1006.4584623624453,-2234.7386875792918,2968.122628974107,128.21353187849394,-4.396846433922367,291.7682488595946,defense,0.6230725171583731,13.01021235242542,0.6966220883956183,10.224228604133046
133.50000000169985,1.5837388578920069,9.077815160523189,56.514902934326315,1322.5264051693875,-1394.926176319743,3129.998375926906,-1001.7069071585119,-2257.141317183285,2967.459109924695,127.02758746722186,-5.4805091424596215,292.6647613603053,defense,0.62271516928509,13.009653352158027,0.6978787397995259,10.166828967655483
133.60000000170112,1.5945298587801098,8.742198876710919,57.59224249731832,1337.2461473542555,-1380.8023024236065,3131.7647487860354,-996.5334870792495,-2279.4892370831617,2966.421455670199,126.42513303113856,-6.529757173378203,293.63928770647084,defense,0.6217060736342783,12.81613450710784,0.6991998177611577,10.108177018453887
133.7000000017024,1.5710231101294294,8.396826158459046,58.62611735748163,1351.6125009340087,-1366.3725090420744,3133.4704467433603,-990.840454494409,-2301.705608480091,2964.9383038627357,122.54328421215487,-7.405014413546201,294.6982447348009,defense,0.6207494694974235,12.725546497422176,0.6989997457986934,9.698862412712954
133.80000000170367,1.5758071597563732,8.01024685761923,59.71060184202021,1365.7212857627103,-1351.7054564676505,3135.116981262991,-984.5342907127452,-2323.6949416657576,2962.979502053851,117.0802835848333,-8.205895280191447,295.80803911049196,defense,0.6207324010532649,12.95887954263423,0.6980979839473938,9.365486673403133
133.90000000170494,1.6045668210430633,7.618621815792167,60.81516522776219,1379.6152232103361,-1336.8318327827242,3136.699185531852,-977.7241914364608,-2345.4902268933906,2960.6590997274043,114.3081816768289,-9.045473803860757,297.03523664813605,defense,0.6206296112618183,13.09682722997843,0.6982752696019617,9.540126493975935
134.0000000017062,1.6114406873531752,7.283090113641251,61.88307285947214,1393.2406122078878,-1321.7259692804328,3138.2070265072794,-970.516069563852,-2367.1319860778826,2958.0477944916934,113.31468057036196,-9.77979247944552,298.3971247193533,defense,0.6197747800070559,12.96324882313528,0.6979944232216059,9.718391324933766
134.10000000170749,1.5889286022886537,6.954100772823829,62.90234713465336,1406.508253206748,-1306.347749294303,3139.6404010887354,-962.8014655428054,-2388.5226438712048,2955.1076197869747,109.58734816365968,-10.311541376354157,299.7835467662562,defense,0.6189639124724504,12.892324132589781,0.6962996258028625,9.393096381485453
134.20000000170876,1.596907200164244,6.584469956992783,63.96485297421464,1419.5123892417737,-1290.75526376914,3141.003596113712,-954.4351913064618,-2409.538331477597,2951.819264689404,102.92331853783098,-10.666822636906543,301.17829808328185,defense,0.6189845660719154,13.101754976653009,0.6936188486778885,8.674136295812346
134.30000000171003,1.629123539293409,6.202082797237474,65.03896680799265,1432.2825670109519,-1274.9685776496897,3142.2922449462626,-945.3905039341236,-2430.141633712044,2948.252039169413,95.99074251802926,-10.917887864255666,302.65970633385854,defense,0.6188417297601494,13.179540163825916,0.691725243034197,8.241706766951705
134.4000000017113,1.6384887245360291,5.865175376535248,66.07792850088603,1444.7599558914733,-1258.9645597230237,3143.494315201736,-935.7598425537298,-2450.390657866281,2944.498624473685,89.72623308970499,-10.954610338411108,304.2786250143009,defense,0.6179666746331408,12.98753974928457,0.689968699898825,7.921215600637056
134.50000000171258,1.6179326057931984,5.525857784181659,67.07385741532885,1456.8552214865322,-1242.710780640861,3144.6067012091876,-925.4751342511989,-2470.2184581685506,2940.6348571137787,81.72325033601564,-10.701669560201276,305.9192578371762,defense,0.6171534131368025,12.867085488413446,0.6876450300420346,7.3577470589535885
134.60000000171385,1.6276203139778456,5.1369169294706625,68.11812260227319,1468.6698678591908,-1226.2601180997162,3145.6367584278523,-914.5503947695487,-2489.653491415163,2936.748965234506,74.37380645203693,-10.265758722346426,307.5870443613164,defense,0.6172278573967002,13.060412834242696,0.6876856084210469,7.130013993738794
134.70000000171513,1.660909596705704,4.729214299182527,69.17886250202967,1480.2390808558607,-1209.6324095190898,3146.5810290870936,-903.0827058534571,-2508.7717840094783,2932.8931701702745,68.23181439604109,-9.565107365357656,309.25325850469636,defense,0.617132542870391,13.12569325514129,0.6863157783441551,7.040424308289359
134.8000000017164,1.6707301186484307,4.363034687562121,70.20778821716908,1491.5019470882985,-1192.808733611034,3147.4253199194404,-891.063363268081,-2527.5130186849838,2929.164716548607,62.106306870957674,-8.663925192729055,310.8385051807729,defense,0.6163166225184269,12.926346525683584,0.6848770845146716,6.9807532049574785
134.90000000171767,1.650373282426595,3.993085235620417,71.1950305308874,1502.3679314829565,-1175.7634046991845,3148.163437890163,-878.608852819709,-2545.96805777982,2925.560965395409,59.46264453735476,-7.68668973331449,312.427702063261,defense,0.6155659635691396,12.800733801616381,0.684776237153689,7.629749004376419
135.00000000171894,1.6290758531786527,3.6461859463469324,72.21806932176294,1512.8985759676798,-1158.5274545922525,3148.801740490705,-865.8020463182716,-2564.2043884725317,2922.0472958531054,58.93187897868182,-6.610304963240394,313.92474878015366,defense,0.6148628326862241,12.7144424135241,0.6844976506675127,8.283558388048712
135.10000000172022,1.5986486622466234,3.343760310672711,73.23656747421187,1523.033082616855,-1141.0896545818423,3149.344006480694,-852.5942310509897,-2582.16258418499,2918.6904031614217,58.52884837975083,-5.602530083929732,315.3131737907713,defense,0.6142010422066463,12.645871519769923,0.6840600168161713,8.77062968452409
135.2000000017215,1.6075573344462133,3.027722497577734,74.31020828138612,1532.8765027926456,-1123.4900530264076,3149.800251883257,-839.0234695146013,-2599.866432423714,2915.465835828656,59.111100427378965,-4.625082082702634,316.63656443278813,defense,0.6144239572616379,12.896646608474132,0.6834903711225448,9.168621699145653
135.30000000172276,1.6450615760844416,2.698353674612542,75.39705942822526,1542.4616083862875,-1105.743117297203,3150.168104588914,-825.0493943516691,-2617.255571869276,2912.4262894948392,59.115682523075776,-3.748529512915501,317.9035251026092,defense,0.6143954560340441,12.982824818323852,0.6828178286255023,9.42330171834985
135.40000000172404,1.6605587508743977,2.398536680900496,76.4440379868197,1551.715589597592,-1087.8345432045833,3150.434033996415,-810.7142016364916,-2634.359214642485,2909.538199995482,59.75504693556706,-2.898233289721269,319.15165383527454,defense,0.6136228607358434,12.76458222410178,0.6820701585744354,9.629310104894362
135.5000000017253,1.6460970226871023,2.077688945210982,77.4471056216173,1560.5455916193096,-1069.7492970266871,3150.592031444997,-795.9850673153488,-2651.1182699646342,2906.8477664047214,59.662403834929854,-2.132157842495742,320.3737328142712,defense,0.6129227717855882,12.6090827551316,0.681259648901025,9.750127957304805
135.60000000172658,1.6299932156832708,1.763205855231722,78.4855297979858,1569.016776716621,-1051.511421662445,3150.6469789756447,-780.9061433693207,-2667.567592992837,2904.318558745757,60.13784331303502,-1.3723917992064423,321.5964222839278,defense,0.6122768973558149,12.50145479505302,0.680406522488336,9.855597021045634
135.70000000172786,1.6031234302370654,1.4782139342790905,79.51991753335123,1577.0681549833967,-1033.1167418278387,3150.6017263258427,-765.4503380871357,-2683.6488411732516,2901.9943917905866,59.857781239621204,-0.6778996573314969,322.80411699717024,defense,0.6116772047091432,12.42046316455435,0.6795101463958672,9.912799990173351
135.80000000172913,1.5838555974896618,1.2400806060458403,80.59394304900967,1584.7630304543952,-1014.5855692617146,3150.463298698139,-749.6616744224276,-2699.401350814788,2899.8382374827743,60.156241111780425,0.02612382493079211,324.01864814655073,defense,0.6111127913993175,12.361936399106302,0.6785868462119453,9.970736552282828
135.9000000017304,1.5596838944270135,1.0432316577756064,81.65928455501154,1592.0387885651273,-995.9156356352315,3150.239173143411,-733.5176699159865,-2714.766952040027,2897.8933019003216,59.716852163122034,0.6791562117008294,325.22090992975166,defense,0.6105826709357436,12.308600389384283,0.6776286430892595,9.999999544904853
136.00000000173168,1.5451054656298484,0.8923101482355882,82.7573678296804,1598.9584861509911,-977.1242701496639,3149.9336696196287,-717.0900069154354,-2729.837916299182,2896.091161391106,62.58995969124555,1.2350837426059342,326.52515013930173,defense,0.610077660284568,12.273758480801698,0.6779761369113304,10.514045216650546
136.10000000173295,1.5256300941434042,0.7709617579689718,83.84079023608057,1605.4589383911778,-958.2114153469279,3149.556066652921,-700.4466803544808,-2744.7164112516357,2894.346841443023,67.96091301086017,1.6865008386348699,327.9081305789898,defense,0.6095991635381809,12.238915366946959,0.6788073750047814,11.128742704009108
136.20000000173422,1.5153506215967534,0.6836400702429265,84.95174591767669,1611.6030751789267,-939.1916333685288,3149.1073882519127,-683.573027031114,-2759.4068879984984,2892.6421411684873,74.73154613530883,1.928887474569348,329.3044911416827,defense,0.6091383058590114,12.221579591790322,0.6806541501267264,11.428964123015705
136.3000000017355,1.4990000932515655,0.6134631268891588,86.04428447274812,1617.3274189560634,-920.0671727542781,3148.597888479343,-666.438635727481,-2773.896523548288,2890.9622445012424,82.01667705124171,1.9116015033684606,330.69268136600806,defense,0.60869773389767,12.201242075730322,0.6825523641428337,11.447804603389791
136.40000000173677,1.491133633194513,0.568182148974089,87.16118014141917,1622.6947410151026,-900.8499590669792,3148.026025546146,-649.0188695028628,-2788.1415910082555,2889.2846571441205,88.06693632364565,1.6946632310705823,332.05064360966134,defense,0.6082691874059207,12.19668300554291,0.6840752478245319,11.129626708670514
136.50000000173804,1.4762876143009638,0.5324754922439161,88.25747565708402,1627.64151415743,-881.5445999100082,3147.40300325042,-631.2742531081282,-2802.0572810900235,2887.5912575333655,92.67952885627115,1.244657404494522,333.36610259803274,defense,0.6078561217026875,12.18681349268362,0.6857395224337082,10.9280098592028
136.60000000173932,1.502884292372849,0.4431978028825619,89.40120956853295,1632.2797717640233,-862.1607823542587,3146.722664152104,-613.2429104753174,-2815.7017259409977,2885.846776651928,97.0616648815128,0.6154343301750749,334.6940299874195,defense,0.6083628550280455,12.538786526977663,0.6874370870353143,10.72446703833985
136.7000000017406,1.5543997618391672,0.2996832963519412,90.54853614517587,1636.6388309119825,-842.7035051376682,3145.9759270797103,-594.8887049632915,-2828.975313988174,2884.0139952111754,98.476370284792,0.004794042928638517,335.9796037037797,defense,0.6084324491984239,12.642383670292713,0.6882536502879453,10.469337297054953
136.80000000174186,1.5785533886580954,0.13992974315408455,91.64090408416322,1640.625260106836,-823.179028555927,3145.155017797333,-576.1912117938706,-2841.7692039188114,2882.074813458565,97.60665063859736,-0.6682022533603819,337.22198934481037,defense,0.6077565586502038,12.416318103376923,0.688443395747527,10.452513339334791
136.90000000174314,1.5336150845002532,0.010350552664554001,92.66686525452128,1644.089742754166,-803.6014079133062,3144.2582524994555,-557.2127122717136,-2854.204685624727,2880.038054371405,98.98249178164222,-1.4780051544177955,338.5036081665983,defense,0.6059677703355812,11.82673213425431,0.6905797738453759,10.726483995040217
137.0000000017444,1.4532997614997616,-0.07896405886114771,93.67047001460426,1646.9322579124957,-783.9906546819118,3143.3094905048492,-537.9866057999475,-2866.3882730011073,2877.9010709898503,102.20762832935202,-2.349260617014869,339.80067036330854,defense,0.6043502904176767,11.321033213786654,0.6929573729122057,10.93233888324637
137.10000000174568,1.399864210711445,-0.1188568351811315,94.76445361363243,1649.2858686575948,-764.3502917085717,3142.330187266025,-518.5055878756737,-2878.2827962604338,2875.635540639979,106.14920944796293,-3.2278941856126737,341.04311243824844,defense,0.6039284958828924,11.317433755069285,0.694858522537516,10.780182663900012
137.20000000174696,1.4019383554390012,-0.10490664736476304,95.96362450405412,1651.3205986979979,-744.6708147050784,3141.31110331243,-498.74114289829055,-2889.767811934645,2873.188533989856,107.54902725877326,-3.992262876732039,342.2406106881458,defense,0.6045830789381791,11.806334036877537,0.6958734989977591,10.480798373569783
137.30000000174823,1.4435146406489712,-0.08532913195857654,97.19467943401564,1653.103915701104,-724.9484196085765,3140.241140626207,-478.6912691333646,-2900.734755936407,2870.5298522945704,106.75976643279992,-4.802509315204876,343.3892552501188,defense,0.6050030434851041,12.178223736143813,0.6961272283595701,10.40098276461056
137.4000000017495,1.468995022327427,-0.06453055731825784,98.36238119449642,1654.5446841256105,-705.1998568149112,3139.125685474697,-458.38726734851895,-2911.2507755448405,2867.670923490295,105.97834036853007,-5.574667083314034,344.5911783569026,defense,0.6045509692747679,12.130551804309876,0.6974624184921415,10.339590641529767
137.50000000175078,1.4666993862104456,-0.10203197714893435,99.46997560786033,1655.5441731990738,-685.4474661004739,3137.9765234075994,-437.82189635903063,-2921.2412816483948,2864.6008830432866,104.43050090437151,-6.310439031203369,345.79413516581786,defense,0.6041218484156138,12.075314674048807,0.697805851974188,10.33850392414491
137.60000000175205,1.461753829480045,-0.1604898768787189,100.59482393107648,1656.1664587151115,-665.6889063186147,3136.784140547964,-417.03499593550094,-2930.8319145155738,2861.352610697374,105.87057542428818,-7.120881295382705,347.0428884080332,defense,0.6037100935608108,12.043439627920208,0.700485576578905,10.611603388543282
137.70000000175332,1.4429488785899396,-0.2215062735866107,101.69988647184958,1656.3521808796434,-645.943450091711,3135.5593619674623,-396.0299605402382,-2940.1031468510546,2857.928738332245,109.13978499035171,-7.9469576952235155,348.30257635566016,defense,0.6033138868148802,12.024266340398686,0.7028527490710389,10.618234108497704
137.8000000017546,1.4612604670521303,-0.3253027608546388,102.85606742595523,1656.2157986727927,-626.1939798963705,3134.2917115500036,-374.80331781936917,-2948.9404925636936,2854.2773309672893,110.44106157844918,-8.674775738562726,349.5340895992362,defense,0.6039178842585916,12.391839004670164,0.704297687425277,10.377344137898653
137.90000000175587,1.5042835395112666,-0.46571934817632815,104.02574212610436,1655.8050018109464,-606.4343774182964,3132.9698391889665,-353.3566873515402,-2957.23477222018,2850.3633579816074,109.77993038048466,-9.45744179196217,350.7037225139349,defense,0.6042160298250342,12.57516912257444,0.705819517825393,10.27350809453991
138.00000000175714,1.5223545897182928,-0.6063275706787841,105.14232890242369,1655.0420400715257,-586.6891162590415,3131.5909146780614,-331.7116888395591,-2965.055728379428,2846.2016604910255,109.28373264373923,-10.219548426896836,351.92725410938965,defense,0.6037741735818931,12.445590585299096,0.7074018935335457,10.198009066353402
138.10000000175842,1.5092004609301386,-0.7850116042275664,106.20806812291472,1653.8379448461628,-566.9896337369667,3130.161094868043,-309.87624208016535,-2972.3270520829647,2841.776833174512,108.07573191984736,-10.976601686092957,353.1433533819458,defense,0.6033706915515602,12.362486229304208,0.7090232383296841,10.160298164232643
138.2000000017597,1.4930476589223123,-0.9598191915994245,107.29716831388828,1652.2576667802139,-547.325994881807,3128.675907999024,-287.86668667285545,-2979.115079827233,2837.107158726749,107.48187157446733,-11.672409307683022,354.4249997097631,defense,0.6029934484705822,12.313380107781816,0.7106845579895036,10.1142512906212
138.30000000176096,1.4653328382266462,-1.1072617636740736,108.37047259447269,1650.2448850686203,-527.7235359160998,3127.1463296297193,-265.6936615733492,-2985.341072493214,2832.1816743925633,106.38971285307403,-12.358905490770718,355.6970784328018,defense,0.6026372496315711,12.27997173846746,0.7123787129521215,10.082194878135988
138.40000000176224,1.474768017407733,-1.268818885511653,109.49626741676555,1647.9107855079653,-508.15272349827814,3125.5668482506157,-243.3704054795101,-2991.072119694382,2827.0166244304687,105.98204331556929,-12.983753446966055,357.0305078895754,defense,0.6032495052446117,12.613713617314689,0.7141070871003937,10.042362199195873
138.5000000017635,1.5110415860556043,-1.445764026782855,110.63861921265824,1645.3035529458991,-488.60171092390476,3123.9289116152913,-220.91125719431585,-2996.228958273528,2821.6029440867187,105.05096216446576,-13.610740598188146,358.3490619007158,defense,0.6036361524059538,12.799174849401812,0.7158619659192692,10.013896240665282
138.60000000176478,1.5251860751255346,-1.6059653667890166,111.73152632090995,1642.3537800928764,-469.10145123131866,3122.2297801176223,-198.32662854056704,-3000.8796158367186,2815.954227402324,104.8168487079935,-14.18188504915277,359.72438619794264,defense,0.6032629857685435,12.665849334508477,0.7176497067015182,9.98034490972942
138.70000000176606,1.5095617750087056,-1.7916711014647568,112.77403453341512,1638.9751029107126,-449.6931461472794,3120.4764741083,-175.6518787425765,-3004.8783537674567,2810.0512115382585,100.98233793840083,-14.572712595506259,1.1080758147333716,defense,0.6029299845594449,12.576779461231364,0.7174865347566666,9.590862805008445
138.80000000176733,1.4917686298945334,-1.966081109273427,113.84112741122654,1635.2310890730646,-430.3595202459596,3118.665540093997,-152.9322689193992,-3008.091685674451,2803.9168988513857,95.5181602269834,-14.89400044929685,2.5074596278348733,defense,0.6026246260005246,12.52079091192139,0.7169110134866186,9.278502831176688
138.9000000017686,1.4632107891213504,-2.1092366654140875,114.8933481601703,1631.0685353922775,-411.1314865195995,3116.8084421108365,-130.17247511305214,-3010.6685410982623,2797.6189679028153,92.91715242156084,-15.22280572292774,4.027678278758755,defense,0.6023424314566433,12.479373806042444,0.717430901794739,9.486523892412652
139.00000000176988,1.4721588292989591,-2.263664767822559,115.99860465991013,1626.5926963039274,-391.9683318449178,3114.8999925939206,-107.38094519160988,-3012.7411980896327,2791.1832903317127,92.09360500439924,-15.397385450524956,5.626291945711243,defense,0.6029805249323776,12.787270021714383,0.7174419867357175,9.691971965014543
139.10000000177115,1.5081512207788255,-2.433048872797894,117.1189904687137,1621.8430116339619,-372.85652840022254,3112.932645033494,-84.58599292297984,-3014.225240836752,2784.6281777576837,91.27606037068769,-15.566857576331858,7.1799528016001375,defense,0.6033718133010518,12.936953476751698,0.7173605343917663,9.838805898879015
139.20000000177242,1.5220514270651617,-2.586327460904839,118.19239222329483,1616.754168381842,-353.83449816304176,3110.903867683429,-61.79026405248679,-3015.1872592650093,2777.9534607608825,91.33797408160089,-15.677272102367507,8.737961303314824,defense,0.6030109329628794,12.771123068824444,0.7172613200964976,9.95049312342753
139.3000000017737,1.506211995861132,-2.7655756448104922,119.2193788198474,1611.2457162276771,-334.9522433137122,3108.8209600425303,-39.019830649689666,-3015.5482626006897,2771.170079712993,90.77620223087028,-15.82702712201877,10.247056545646654,defense,0.6026985246020157,12.654874629111237,0.7171428719128141,10.022692599577223
139.40000000177497,1.4882348189803538,-2.9334761782236,120.27495982741841,1605.3797501681572,-316.18530499347173,3106.680391589561,-16.27485509477284,-3015.3786341330638,2764.274126556319,90.9146464333273,-15.937499993184632,11.77253704160788,defense,0.6024201686281008,12.577691003187091,0.717015707386468,10.07937247303494
139.50000000177624,1.459535054233365,-3.070462601352311,121.31870204311966,1599.1072834133035,-297.56985630640935,3104.4939307025315,6.4145995687960635,-3014.603154153881,2757.276096485093,90.33794591243411,-16.09144239683115,13.260163089147865,defense,0.6021701100311633,12.519567387024384,0.716885299018148,10.116348698919364
139.60000000177752,1.4684446159342732,-3.2185700699080146,122.41828870705432,1592.5289906259966,-279.05361132085386,3102.2560664998414,29.051794767903594,-3013.293884025874,2750.1713445657224,90.42825410318379,-16.20548720383773,14.772458350629199,defense,0.6028461018667146,12.816367292346882,0.7167485292735346,10.147753218247637
139.7000000017788,1.5044035908991737,-3.3818043556621746,123.53498596197883,1585.682837516871,-260.6187739836807,3099.9591033461184,51.6031739531911,-3011.378211317324,2742.971082621798,89.79852068618801,-16.360404153651718,16.252588158892046,defense,0.6032740213593659,12.956180176417833,0.7166160138848925,10.169141703960463
139.80000000178006,1.518153624087042,-3.5294981863511876,124.60593379304687,1578.508023339564,-242.3109444826011,3097.6008163249344,74.07569912395938,-3008.9287962900776,2735.670237190515,89.8323172842755,-16.472090205861996,17.75990546487511,defense,0.6029508092096008,12.781660912140135,0.7164829659532306,10.18789809092062
139.90000000178134,1.502117620201238,-3.7036748060628,125.63184395986853,1570.9302497552524,-224.18857714283527,3095.188920270163,96.43253956726828,-3005.875255569489,2728.281008021173,89.15463307835603,-16.621876562535547,19.237322155589954,defense,0.6026779932689859,12.658449695356877,0.7163571272757188,10.200966107238443
140.0000000017826,1.4839352549328326,-3.8662781645070003,126.68756475001885,1563.0087349577525,-206.2204419894832,3092.71971879133,118.68430948809394,-3002.2902923639062,2720.7977929177973,89.14150686391106,-16.72528495715435,20.742862520846913,defense,0.602440529256035,12.575945571910763,0.7162335417751543,10.212581157544639
140.10000000178388,1.4550247330617803,-3.997978523783275,127.7321864148686,1554.6987816565172,-188.44776145378646,3090.205355290112,140.7909936959192,-2998.1056526102066,2713.233897797406,88.42584517382925,-16.864743171993506,22.21992131039464,defense,0.6022323539076654,12.513695665299503,0.7161182821677716,10.220984922700696
140.20000000178516,1.4334646483739995,-4.076047723809608,128.8070600250428,1546.0564165364274,-170.83765495733172,3087.6443086157174,162.76679274977818,-2993.393716068164,2705.583046690652,88.37563875287637,-16.955185606480647,23.72528957838801,defense,0.6020445780747533,12.469989486635752,0.7160064374593759,10.228501468218317
140.30000000178643,1.4073135749704078,-4.111541917532708,129.86553811082047,1537.0378219706447,-153.43284813323226,3085.0537888289005,184.56859945480846,-2988.0883766453044,2697.859721289897,87.63059392472518,-17.08034451403081,25.20313701877612,defense,0.60187708429189,12.427417244426241,0.7159030437019187,10.234246167566495
140.4000000017877,1.4220699710438502,-4.159665079259148,130.97795020251482,1527.7341910079062,-136.16745887361105,3082.422943809995,206.2708326824584,-2982.308725832429,2690.045154921779,90.52041941026879,-17.339386590765162,26.72934748645768,defense,0.602632273272147,12.749514960662118,0.7189127604394812,10.568139852569912
140.50000000178898,1.4640513182749446,-4.234808120411272,132.10336692677788,1518.1744431852073,-119.02364435325035,3079.74256854651,227.921970497205,-2976.107151171207,2682.106104875207,95.09114663548227,-17.661567972704262,28.247317029043224,defense,0.6030342454118949,12.867899991822368,0.7214777783042534,10.572490250031437
140.60000000179025,1.4821480896823773,-4.311952826711585,133.18028605333114,1508.300135402251,-102.06021627017165,3077.0135928349796,249.408795623411,-2969.3485635700413,2674.017809825465,97.06196423357433,-17.954415044368215,29.689120255329502,defense,0.6026978965441304,12.666602176262778,0.7221374464130829,10.171546321668503
140.70000000179152,1.4694292614600641,-4.431356266009093,134.21618922165456,1498.0480548471644,-85.34502475551615,3074.2459911812607,270.5974465303305,-2961.885050797252,2665.766268308419,93.91040043999496,-18.181373527128514,31.08418357492859,defense,0.602417149874849,12.51843879700722,0.7215825661144029,9.568336770520014
140.8000000017928,1.4537750402826481,-4.548134340303452,135.28487907470142,1487.4728295605116,-68.83836952576212,3071.4328681214333,291.39572504184866,-2953.629801246594,2657.3856751595467,88.61387234472468,-18.388673763121353,32.50733825533607,defense,0.6021758826687639,12.418300473040937,0.7203136726394248,9.14644786706369
140.90000000179407,1.4263569098129332,-4.641669824501943,136.3442196138519,1476.5370927465458,-52.587327843399315,3068.587721899304,311.86976189815095,-2944.7377712906405,2648.931302819261,85.97703439470413,-18.602390057182912,34.08555976590228,defense,0.6019660062168581,12.34494350178834,0.7201468427440011,9.253092477083218
141.00000000179534,1.4057740038052018,-4.6854986173196975,137.43413025233082,1465.2917431831645,-36.55104168102791,3065.7068242234113,332.08817703449256,-2935.334359983037,2640.4111184520543,85.05308137504494,-18.644075783437692,35.73940120743112,defense,0.6017774914092703,12.294042738188454,0.7199472197804648,9.35348179929886
141.10000000179662,1.3800466313630355,-4.690041223895953,138.50782117887027,1453.7003707748872,-20.778007141809884,3062.809017312107,351.99503826757206,-2925.3598181520306,2631.852797438738,84.08913130079443,-18.680660919945026,37.3614187326159,defense,0.6016089843263992,12.247207867724336,0.7197243052007924,9.41919988128271
141.2000000017979,1.3951171932922595,-4.7075802276361935,139.63762925494808,1441.84513352233,-5.187693147073392,3059.8797924874843,371.68698788882364,-2914.9158673496713,2623.2306832546506,87.0779704255055,-18.8343375557669,39.02566374257691,defense,0.6024217547529381,12.590827661297713,0.7227537731064769,9.837193739382151
141.30000000179916,1.4372690755967426,-4.751900143324617,140.78434992733892,1429.7577576453773,10.248303042092552,3056.9071452735725,391.2474298866041,-2904.0739035841493,2614.501477225471,91.83977699680793,-19.053670345769195,40.67387626897348,defense,0.6029004131268116,12.741925241176666,0.7256546811422825,10.01035006740019
141.40000000180044,1.455345988218109,-4.799809909492127,141.88059212019297,1417.3886613846967,25.462376025061396,3053.894411919764,410.5262195593595,-2892.735703707809,2605.6550088453146,93.94349630671024,-19.256281711337845,42.23058569685208,defense,0.6026285389375039,12.5683722380654,0.7253787420001422,9.722726425000321
141.5000000018017,1.4425388662429164,-4.891589579611275,142.9336903558636,1404.6849390400978,40.37736854216138,3050.8542550774723,429.33217013883524,-2880.7925553696505,2596.6970426321896,90.84670753554586,-19.402995261533032,43.73892980207129,defense,0.6024032806308698,12.44306682786423,0.7235334327111282,9.219092225449142
141.60000000180298,1.4267884429512492,-4.979850764400122,144.01638480551682,1391.694060809172,55.0400221099023,3047.7780528812978,447.5620556539837,-2868.171649315866,2587.665019887203,85.5758010533525,-19.53006464772424,45.260141806542094,defense,0.6022100971904779,12.360804589654116,0.7218219235466309,8.866824289466528
141.70000000180426,1.399241208584711,-5.045063517102157,145.08645144923665,1378.3858385312792,69.39792528802035,3044.6810641518564,465.3331372034662,-2854.9943753469333,2578.597030119762,82.99964629567029,-19.657121840275234,46.91318556608482,defense,0.6020420457739512,12.301455047083335,0.7216664151118821,9.016196678317526
141.80000000180553,1.4092910348957595,-5.123444136546364,146.2151009450333,1364.8334761694284,83.54127557753189,3041.5501960189463,482.81430386389576,-2841.3901294946313,2569.471347605199,85.10094650137358,-19.79275458155972,48.65445619490769,defense,0.6028659313992688,12.62701885910773,0.7247645215103027,9.525440948966576
141.9000000018068,1.4460079438387716,-5.218389304095694,147.3644062465886,1351.0695487644537,97.50808240680452,3038.3733486999126,500.1038689021142,-2827.4160582443837,2560.247456678599,89.48513851577731,-19.960618559286832,50.37649923502185,defense,0.6034447216945866,12.799722868493959,0.7277908405058136,9.802186784309594
142.00000000180808,1.4597065274561338,-5.302097685747786,148.46406225572767,1337.055282788115,111.23000867586701,3035.153011350596,517.0558445584257,-2812.9812340231233,2550.915519566086,91.48457937479944,-20.09652079631298,51.982625427768134,defense,0.603256199904523,12.652484856454922,0.7292969825585973,9.564069534290281
142.10000000180935,1.4432475254630799,-5.416507039824179,149.5169691698248,1322.7454941849032,124.62311867082063,3031.9026635227206,533.4830833804141,-2797.9783704403367,2541.4795649552557,88.3245966869488,-20.17139200365771,53.516822358006195,defense,0.6031070298816988,12.552648601717726,0.7294324256369573,9.065458291885768
142.20000000181062,1.424587820734582,-5.517146109013287,150.59617521378294,1308.1815393697389,137.73892080286228,3028.6148745788187,549.2263349599986,-2782.3349038497267,2531.992944129485,81.3914798494377,-20.1197367858483,55.04125799548154,defense,0.6029836786556474,12.488663881698237,0.7279452942566009,8.495686366747917
142.3000000018119,1.395142318834155,-5.587117141597988,151.65971190367992,1293.3386016335778,150.52155921355458,3025.305764561695,564.2955027456472,-2766.0868780390115,2522.5477916028412,74.01673939595965,-19.93777095617088,56.645564216291646,defense,0.6028811148407233,12.440989785563097,0.7268969753633926,8.255705202215625
142.40000000181317,1.4037798084510364,-5.664159808079951,152.77933971617642,1278.2781360783254,163.0669432786478,3021.962654552078,578.8539504611821,-2749.364812042514,2513.178240778551,70.61973652314076,-19.644344672377862,58.37139048007271,defense,0.6037225927474142,12.754575143322354,0.7268807911366408,8.539025878337261
142.50000000181444,1.4396370229681366,-5.754733667856218,153.91609584825466,1263.0247974539395,175.4099956152921,3018.5749258962483,593.0065601064231,-2732.257579516412,2503.870396295196,69.2936926844138,-19.128454083989933,60.069941249793196,defense,0.6043029627133021,12.905381092370916,0.7267358588307109,8.800939948746782
142.60000000181572,1.4527677731287425,-5.83183655053096,155.00367103518528,1247.5479184939022,187.4786999618476,3015.145598230702,606.6843562586348,-2714.727239125588,2494.6816326292187,67.91627900187254,-18.623264152304564,61.70056069505468,defense,0.6041160015745289,12.736696480943452,0.7265090521662999,8.98615642024423
