time,bank_rad,pitch_rad,heading_deg,agent_n_m,agent_e_m,agent_up_m,foe_n_m,foe_e_m,foe_up_m,foe_roll_deg,foe_pitch_deg,foe_yaw_deg,mode
0.09999999999854481,0.02601980468762033,-0.16464888167849107,0.049689278627691943,31.763873918963142,-0.0023315780578933793,7227.710040111038,2952.586612688169,503.2736686340252,7668.566140638176,1.4056653764006894,-0.11261842600805225,193.73606173783966,offense
0.19999999999708962,0.1238116714988003,-1.4608922568698348,0.0633408038892387,63.56484094673935,-0.007572366258029339,7227.576944675124,2921.1294479194703,495.6680383563447,7668.579660430903,6.9463133016272,-1.3474893905079455,193.7655627364381,offense
0.2999999999956344,0.2798319858077268,-2.657000133206079,359.9535029510793,95.42011035545511,-0.02757486481268012,7227.21829525491,2889.641713574394,488.05545834518495,7668.4550761737855,14.04075502342769,-2.655505154907319,193.5837338748396,offense
0.39999999999417923,0.4795297695099746,-2.9437525728071403,359.9336357598744,127.3358289167517,-0.08336854511232443,7226.616236222443,2858.1205780848713,480.4451600256286,7668.157885762221,17.77630858974697,-3.6289033788961493,193.20938941873482,offense
0.49999999999272404,0.6524365671653346,-1.7988794634240997,0.5375446477154956,159.3112140128656,-0.16322632642401033,7225.844165458381,2826.584655954037,472.8403678616805,7667.71898044518,15.596831052440235,-4.239303531221552,192.85659389173205,offense
0.5999999999912689,0.7851661567532097,0.17617682817699046,2.0839807070891188,191.32360169496462,-0.1851971862779773,7225.053235063559,2795.0499807037945,465.2397316568136,7667.170330401734,8.716857948876136,-4.589765994640775,192.64816357716288,offense
0.6999999999898137,0.9522482805927208,1.7008743389295482,3.763344704180106,223.36920522504624,-0.0804760594606614,7224.300908688435,2763.5166324831134,457.65295947292003,7666.485874931538,2.043054157986402,-5.088879775014974,192.663175377059,offense
0.7999999999883585,1.1085520280437535,2.362474046461752,4.760087265683633,255.4597050067647,0.24222185498024948,7223.618941429371,2731.9720822182285,450.07680181871063,7665.5774595669245,0.8689281994854335,-5.778993187016861,192.81552425107486,offense
0.8999999999869033,1.1912750419655123,2.413017167012523,4.957435833367531,287.5738429565244,0.8730153822537142,7223.015515314424,2700.407090315391,442.50315369748597,7664.3770442931,2.1899575427874525,-6.434034521084837,192.85852963388118,offense
0.9999999999854481,1.24183008679806,2.6446237678094118,6.023159274816805,319.6736811314103,1.8834906255359207,7222.497725119704,2668.828285441433,434.9413812864881,7662.904990989474,3.936036013164634,-7.053001752674668,192.9225172928325,offense
1.099999999983993,1.2911743826099922,2.9125336713182874,7.345817726476447,351.766553317706,3.273382666549192,7222.036959823608,2637.232889316613,427.3915186271523,7661.1247097893865,6.7595111040662115,-7.628585622010449,192.87280888672404,offense
1.1999999999825377,1.3239830836395343,3.029088481308312,8.565507226502323,383.83508034120035,5.100454245139678,7221.638719847801,2605.626052786668,419.86528970196065,7659.0630465741815,8.816257221198253,-8.194468906333032,192.84692014738363,offense
1.2999999999810825,1.367356926025342,3.089196406212957,9.667642601273585,415.875623368747,7.35848672828207,7221.278609947149,2574.004186550635,412.3664174992221,7656.687685674656,11.603718583312713,-8.729004667548582,192.7199919781582,offense
1.3999999999796273,1.398169969831599,3.0421424480344803,10.696389544740235,447.8690079044936,10.088203678325112,7220.954916261417,2542.377353813909,404.89783003530954,7654.051738634777,10.178933736886506,-9.249183945172575,192.52026502896587,offense
1.4999999999781721,1.4415919867320044,2.97619726678911,11.690354039178498,479.81545326124353,13.268889753682753,7220.641490036953,2510.7476475634357,397.4630547213425,7651.152640173492,9.370609351181407,-9.776039038393817,192.48539275706716,offense
1.599999999976717,1.4736191134126213,2.8245227080945297,12.661228768798873,511.69700953836605,16.933018030086345,7220.331744799197,2479.11020482627,390.0608257066982,7647.937781533412,9.97184680881169,-10.280628823482283,192.38073291458886,offense
1.6999999999752617,1.518577717516736,2.6622038941219324,13.62806936629185,543.5160076311713,21.054027812990817,7219.999945266259,2447.4701791216107,382.6947419208979,7644.438740191833,10.097736126386849,-10.802410780424292,192.3362588307887,offense
1.7999999999738066,1.552476316544961,2.4182925758088767,14.586029822884491,575.2546041981574,25.661226548074584,7219.635813577116,2415.825929524021,375.3645624478166,7640.624689427323,11.231461652001272,-11.308774858400305,192.21171577880426,offense
1.8999999999723514,1.599194194882117,2.1633080314599984,15.550408591095096,606.9167716661296,30.725438614098316,7219.214817777362,2384.1818078245974,368.07479670923624,7636.527380312142,11.559890526710733,-11.833070731526126,192.14544281775466,offense
1.9999999999708962,1.5800476968278163,1.9556060763235241,16.50299923053988,638.4726868928268,36.30073265848277,7218.721067849672,2352.536477687588,360.8266478241372,7632.1155502321335,12.768065531517186,-12.338206308467747,191.99945486421606,offense
2.099999999969441,1.5279097044901748,1.7485097470047752,17.439196903139855,669.881799182452,42.43625899757138,7218.162966817197,2320.893891193903,353.62407294199295,7627.421070526108,13.09808890392795,-12.862141315623765,191.91382953377166,offense
2.199999999967986,1.5172260918526188,1.5002991767069338,18.377659712924565,701.1494421436147,49.071832433281756,7217.558806797874,2289.253110951906,346.4692928943716,7622.412375632376,14.287062555264624,-13.36404833487154,191.74922623476712,offense
2.2999999999665306,1.5380775785134102,1.3247252457918097,19.30075731193593,732.3001532724227,56.15707996546096,7216.9022477694425,2257.622047767874,339.35656876251943,7617.148610957391,10.615686493974067,-13.855889752755544,191.5133972227186,offense
2.3999999999650754,1.556835189613549,1.1093798750899597,20.201834222851463,763.3227725770266,63.72177867110154,7216.1943315764665,2226.0103938222555,332.27739132139124,7611.681310111821,5.669711140324651,-14.36583199487065,191.46318444528217,offense
2.49999999996362,1.5931480732158723,0.9048164598302678,21.11015003321372,794.2238249696203,71.7361358374158,7215.418628770066,2194.4176754123787,325.229478193329,7605.944401264474,5.221216048295783,-14.868324868002336,191.57520830790384,offense
2.599999999962165,1.620047868936145,0.6325741248333666,22.015901840850734,824.9827028813235,80.2245563444156,7214.5668199145975,2162.842116178107,318.2100856824119,7599.879385418612,6.982148512635068,-15.358476121186381,191.56273936763574,offense
2.69999999996071,1.6610360544579008,0.3546547537092432,22.936503104185245,855.6075409828401,89.1563549534538,7213.6203158058825,2131.2848462047873,311.2270006201248,7593.520592697377,8.837917029839334,-15.869855534478168,191.58123441092897,offense
2.7999999999592546,1.6363121699796006,0.12765960079845143,23.855169590224147,886.0624084771474,98.57935001396785,7212.562544749225,2099.745113621369,304.2828954425208,7586.839645970911,11.732081506295017,-16.306727573362128,191.48965903591986,offense
2.8999999999577994,1.5793267401572055,-0.0951849413888956,24.76777014676771,916.3016616087125,108.53641558600734,7211.4021502372925,2068.2257327598913,297.3773791399382,7579.901770198274,9.732987032979421,-16.75254245212825,191.2887353256703,offense
2.9999999999563443,1.5083030911227193,-0.23890884487608655,25.322211036516723,946.3416425821791,118.9906622309289,7210.161966584426,2036.7320683623955,290.504479408265,7572.761848660764,5.707773119233941,-17.269219504797555,191.22264920673874,offense
3.099999999954889,1.392499673018971,-0.3894054799282884,24.588513400297618,976.1978854874751,129.9298282891785,7208.87600707832,2005.2663458641407,283.6644656314416,7565.35284290514,5.565113224836462,-17.781113030277876,191.32101944030168,offense
3.199999999953434,1.2373697163253214,-0.8142527584410305,22.79048768292374,1005.913661148006,141.2504944834789,7207.580394885376,1973.8306084203161,276.85614725895306,7557.614758477253,7.4620074603730675,-18.277197636472263,191.29086865096346,offense
3.2999999999519787,1.060415136179399,-1.473656536363979,21.06392636160062,1035.5540779773014,152.8031514018874,7206.284761939475,1942.424341758844,270.08747469539355,7549.582223022509,9.308016949503106,-18.79382313361509,191.29743203256538,offense
3.3999999999505235,0.8782374174176515,-2.1087304399960956,20.101323148839146,1065.1659707207418,164.48422785542584,7204.976614460617,1911.0483155576633,263.3616358278688,7541.226181539774,12.166421451886844,-19.23303168426209,191.19154403510996,offense
3.4999999999490683,0.6964433558418343,-2.8559004285643823,19.33176120274608,1094.7774729306782,176.22092759905354,7203.631210111392,1879.7021881188778,256.6772950741979,7532.612841841677,10.040028924865041,-19.681381180481235,190.97621501688877,offense
3.599999999947613,0.516515975204483,-2.402719002315039,19.727508054589507,1124.386589291736,187.99985058997157,7202.266253384355,1848.3888398897384,250.02737863922576,7523.7976764677,5.889159375909565,-20.201123438380403,190.9051991980907,offense
3.699999999946158,0.3439218027033593,-0.47130730280687627,20.820149460464055,1153.9685583584144,199.85081119152122,7200.973798121944,1817.1141559873986,243.4127090704783,7514.712313496528,5.740074287401709,-20.71517192148467,191.00324050832546,offense
3.7999999999447027,0.17701029020368148,2.077100754428629,21.75493508099804,1183.4919375300433,211.79257816307398,7199.906049518645,1785.8822591663245,236.83258446200807,7505.297330949971,7.641277259688764,-21.15035008819253,190.9736334395725,offense
3.8999999999432475,0.00786642616074505,4.098841864125292,22.118955376491677,1212.9537214468119,223.79473770934197,7199.191822925512,1754.7027294456636,230.28954919360885,7495.627212306262,5.327376402792543,-21.538837985525056,190.83951752818638,offense
3.9999999999417923,-0.15291556305315035,5.585139918860569,22.09311284917713,1242.3807542681495,235.79378062560636,7198.893236688218,1723.5859438209263,223.77768396592066,7485.796062825814,-1.6113268297288759,-21.543491287802706,190.75266573557835,offense
4.099999999940337,-0.2985383775198853,6.796692830387506,21.78787875674717,1271.8075234512785,247.72379283502107,7199.0107780408325,1692.497085796085,217.2882211996327,7475.86379428364,-11.303019024827782,-20.18327524168162,190.6229776703175,offense
4.199999999938882,-0.44399134173257554,7.848790991654221,21.247507053156372,1301.2507916876261,259.5136231449143,7199.550667641763,1661.3798057886124,210.8291945066966,7465.920735723978,-19.872778785011302,-17.576531810027117,190.07334772427637,offense
4.299999999937427,-0.5884473306973363,8.742075724789398,20.516008952402114,1330.7300254495733,271.1025048356029,7200.485259282652,1630.1670334910639,204.45042187927487,7456.107728579548,-26.339073902039516,-14.583018517993452,188.99625995666705,offense
4.399999999935972,-0.7302975502474297,9.490171956855306,19.6011049022016,1360.263990885548,282.43914510741763,7201.772877198387,1598.8105754797125,198.24578181668144,7446.56358164574,-32.613341104770605,-12.419756916482083,187.90418655210604,offense
4.499999999934516,-0.8746643414210745,10.089719679588804,18.50894325983075,1389.8694847239135,293.4744127203674,7203.372938930119,1567.2938095671727,192.30550623162705,7437.351507697473,-39.1679990203533,-10.990212579425586,186.9119209206362,offense
4.599999999933061,-0.9884296429399122,10.580962682052572,17.288562384262534,1419.5612906807971,304.1780441567141,7205.225938277418,1535.6208733848266,186.70372341270394,7428.478996046412,-46.003873280800526,-10.015895695517878,185.9599985169668,offense
4.699999999931606,-1.0274133861411134,10.879755588614621,16.174122329415454,1449.3550947775966,314.5836256718529,7207.257887327055,1503.803511263645,181.49904001578258,7419.920063744555,-53.07475297916806,-9.32368154005685,184.97350497217124,offense
4.799999999930151,-1.0090904194047838,10.97961434505605,15.323175473899376,1479.259428316108,324.73160882994523,7209.426632838062,1471.8573664151309,176.7374291205728,7411.6300685688175,-60.355112224957054,-8.839482190103956,183.908189664795,offense
4.899999999928696,-0.9503940708903388,11.1236735618625,14.494133435915828,1509.2524748789044,334.60124148717415,7211.7382535704855,1439.8002971739545,172.44185837589865,7403.546103666741,-65.55253264288716,-8.450057329130685,182.7817470822143,defense
4.99999999992724,-0.8641425049528716,11.307756363547693,13.778958341874029,1539.3246388383695,344.1706828319636,7214.220632002098,1407.6505043505358,168.56861258966794,7395.602081282187,-65.78090763639268,-8.114030001808322,181.63669072927382,offense
5.099999999925785,-0.760558355348217,11.500541922765315,13.248726721387408,1569.4701066777106,353.45534793775073,7216.8982349647795,1375.4202912967505,165.0836034124016,7387.777161391104,-63.77423059640261,-7.8794178253130465,180.57825397734297,offense
5.19999999992433,-0.702208608375417,11.827350193180544,12.644737042119536,1599.655210174505,362.421314607602,7219.841870477513,1343.1191450026074,162.05811238323014,7380.11464586075,-64.25108463688909,-7.776260939982539,179.6321068915042,offense
5.299999999922875,-0.7319805456151693,12.205502964180551,12.021160357030066,1629.8615017608997,371.02911383432905,7223.116922769249,1310.759096286364,159.57812377864212,7372.642340776849,-69.28470216859557,-7.74706685287492,178.69385710568287,offense
5.39999999992142,-0.8274138473698739,12.62264407945794,11.323069894347803,1660.0785376542585,379.23132672687876,7226.74822706894,1278.3526153250257,157.66096372410124,7365.317320006612,-73.89268813383045,-7.652668541434554,177.67219633168773,offense
5.4999999999199645,-0.9514595408197328,13.045981345819332,10.478453150393422,1690.3145106772238,387.0244739329678,7230.677211313588,1245.909463450302,156.2319111235915,7358.079168344638,-73.89494386354353,-7.534310460208545,176.55651210442397,offense
5.599999999918509,-1.08665633652638,13.389882831778129,9.46273318535569,1720.5810548878333,394.3993722828517,7234.8398534844255,1213.4329761869412,155.22244313106353,7350.9035300828045,-70.25715074113052,-7.408529774181286,175.5000007851868,offense
5.699999999917054,-1.1923658239234702,13.651571975227348,8.318060049446121,1750.8899380822206,401.34976344767983,7239.170261542609,1180.9267190059204,154.63305567515727,7343.813177308372,-65.541885962821,-7.298652776328086,174.61349539667066,offense
5.799999999915599,-1.2749808513957255,13.740109649089923,7.0880695095853214,1781.2490013243641,407.89694478705553,7243.615728854505,1148.4067923786083,154.53479421251106,7336.8697251887,-63.965519982330704,-7.232643542935175,173.83738075068132,offense
5.899999999914144,-1.3624790726933746,13.70785262407154,5.859334058425027,1811.6534469382834,413.99418023443087,7248.145895530647,1115.8909272873298,154.9738646550827,7330.101851417828,-64.27942005566872,-7.056563600662583,173.0920711014132,offense
5.9999999999126885,-1.4372657415092425,13.52998218301978,4.629772255968989,1842.0988004644391,419.65755563876195,7252.721563056377,1083.374987235784,155.90910777853398,7323.496183014563,-64.60590266828099,-6.873581351976745,172.26680971078298,offense
6.099999999911233,-1.5234880313888455,13.255507374378123,3.4237740059782453,1872.583466598069,424.84939186788455,7257.309629282517,1050.8726715456914,157.36765978410918,7317.05451524882,-65.98260223598774,-6.640248469198525,171.41408306589284,offense
6.199999999909778,-1.5467199255022968,12.947756028563889,2.2195063748103836,1903.1113384452367,429.6210466738488,7261.872968244589,1018.3926282170473,159.31638127219844,7310.759302392653,-66.79597750257595,-6.445846219321036,170.49649389585056,offense
6.299999999908323,-1.5380294102892773,12.597520548896023,1.1159807713325105,1933.6826878119632,434.0118621205735,7266.400289968113,985.952584261041,161.78766351484455,7304.6089089252055,-68.456972670953,-6.234916706983749,169.57543503373037,offense
6.399999999906868,-1.5666653313005818,12.185074228866263,0.15962759233520077,1964.2843860287119,437.94922161509135,7270.8916966248125,953.5545758551596,164.7521005816544,7298.58469460072,-69.45929597989073,-6.0834838789490435,168.6129332432385,offense
6.4999999999054126,-1.6242272521000738,11.787748849056994,359.2284134807436,1994.90496498044,441.3790909838762,7275.326777586213,921.2185433414477,168.2429892667666,7292.682303081948,-71.26355314468364,-5.925874414977117,167.65620216369783,offense
6.599999999903957,-1.6298384097135428,11.419724081718703,358.2367193626634,2025.5479536419834,444.3654984233513,7279.685941835645,888.9376071750332,172.20496999119075,7286.871535039214,-69.06808374337784,-5.703615248678294,166.70829703565644,offense
6.699999999902502,-1.6085300646246028,11.043127995489204,357.27671671395586,2056.215237991281,446.95731476421366,7283.969892424536,856.6952343939345,176.58794080065326,7281.149370620281,-65.02784766625858,-5.492573231542054,165.8296332563605,offense
6.799999999901047,-1.6279478760381547,10.62569954539141,356.41071516979537,2086.890643093256,449.08777391663847,7288.178960006985,824.5082438031304,181.44697880843276,7275.568080560383,-63.603894146497026,-5.341098178009345,165.0289792430262,offense
6.899999999899592,-1.6765294551514263,10.23515292621478,355.5404206148633,2117.5596523099994,450.7060068525839,7292.293935548142,792.408134306752,186.82639590335452,7270.157017947248,-63.9278203653403,-5.101069970683535,164.2662297417388,offense
6.999999999898137,-1.6751903612307186,9.880414059863257,354.59714483835097,2148.2284066435263,451.87782341218764,7296.303111820651,760.3913509816039,192.6873526727046,7264.904941314742,-64.19430306914686,-4.8673920632260685,163.43977123566583,offense
7.099999999896681,-1.6239925368812635,9.568045226271828,353.6676237920321,2178.9039708412765,452.6671081867908,7300.213295657167,728.4758935208856,199.05546087849498,7259.81552024493,-65.47791426872827,-4.594573702794047,162.5993923697184,offense
7.199999999895226,-1.5557087653839108,9.310085414612894,352.8428670694287,2209.5763543490402,453.059398720866,7304.038850663603,696.6594987317304,205.89919385043945,7254.8718746521445,-66.20003967739413,-4.365775433450195,161.70503492859453,offense
7.299999999893771,-1.53360130673436,9.06444846570455,352.0978996323669,2240.218311548919,452.97894267788575,7307.799370213857,664.9632704021976,213.24783085589178,7250.073869651816,-67.76740760671599,-4.123579877206922,160.8102509237444,offense
7.399999999892316,-1.5427562822454335,8.903001332228603,351.32296425587793,2270.808759400268,452.3781394426265,7311.497544709665,633.3850166551939,221.0720024836601,7245.403816999939,-68.69029445736888,-3.940175922203638,159.8752204564089,offense
7.499999999890861,-1.554261067297431,8.72823414960918,350.463019178438,2301.349610404318,451.29671490656824,7315.135188929424,601.9477857805026,229.40148244560172,7240.8586970498,-70.41794005635363,-3.7515544198911313,158.94513623006927,offense
7.5999999998894054,-1.5837344042416772,8.56273436052191,349.5497192984907,2331.828661444632,449.7109814544114,7318.702256237779,570.6485697890218,238.20726306731203,7236.420641157568,-71.48531245475046,-3.6269822860143943,157.9808637062712,offense
7.69999999988795,-1.6056447851106497,8.342889430516822,348.59067616383066,2362.2492466751137,447.65460453807856,7322.1926330373735,539.5118315326472,247.51857271284703,7232.083736166734,-73.34262839178642,-3.5005988226439344,157.0221621592812,offense
7.799999999886495,-1.641649664052633,8.10687035956897,347.6176992666762,2392.597607987902,445.1004002124543,7325.589939954624,508.5386418429688,257.3040486029409,7227.830541441501,-74.53804055605545,-3.440714862128716,156.03133792929333,offense
7.89999999988504,-1.617976083674002,7.915061716267217,346.6185015205356,2422.8865949062783,442.10719942366524,7328.886470596728,477.7555792681177,267.5914006960725,7223.652221582535,-76.51303341393735,-3.382089104232244,155.04709525739827,offense
7.999999999883585,-1.5631443687088855,7.736241179405735,345.66956623919594,2453.125650202134,438.7227411046546,7332.094976731209,447.14173333005556,278.32751973150516,7219.522151260758,-74.53071557430255,-3.266645674401176,154.06569566063393,offense
8.09999999988213,-1.5436838162004296,7.533886367062688,344.812481900549,2483.2830689082693,434.8829675062036,7335.231537253761,416.67018712832095,289.46843236861747,7215.440822771019,-70.70594152990341,-3.156439444826014,153.15690376150283,offense
8.199999999880674,-1.5524368142950504,7.3999131723492635,343.96685077034573,2513.3299910695087,430.53676805266105,7338.297058652026,386.3738552881018,301.0672331189401,7211.453085400432,-69.4385746642658,-3.096921109938019,152.33570751319763,offense
8.299999999879219,-1.5618400915300308,7.246546418515025,343.0712395421629,2543.271715174085,425.72083799020095,7341.29419361769,356.2955737286524,313.16143595493025,7207.5811015158,-69.91142149297177,-2.952205609776015,151.5421124697398,offense
8.399999999877764,-1.5884106597808776,7.099713902345966,342.14357636544804,2573.0914069224996,420.41101647097497,7344.213738182893,326.4225514657298,325.7139935264529,7203.8159097977405,-70.32635899789746,-2.8195600867062693,150.68539381444984,offense
8.499999999876309,-1.607246477439789,6.899021073031213,341.1806855113795,2602.7958597958154,414.6404206759988,7347.051275336633,296.7780946811256,338.7456029833259,7200.156863874006,-71.75311387854951,-2.6543923081683913,149.80698114596328,offense
8.599999999874854,-1.6400767426421825,6.682934386846148,340.2080873403398,2632.3668834192767,408.3830623121003,7349.79174506633,267.35175604717455,352.2255363188613,7196.588938903159,-72.63459146513729,-2.5380362319263097,148.87856421562662,offense
8.699999999873398,-1.6143596694384936,6.517940891846051,339.20927234301587,2661.8246548737015,401.6970157410086,7352.429090347079,238.1703813717847,366.1770605111846,7193.1071194857095,-74.35083415793089,-2.4139758875270614,147.94536071464634,offense
8.799999999871943,-1.5576772047957352,6.3655992861005455,338.2552880201582,2691.185432018859,394.62994815497547,7354.9771370325925,209.22402777539477,380.5714399923642,7189.695506179941,-75.43866191450927,-2.3526594375173704,146.9784739725325,offense
8.899999999870488,-1.5354675786955316,6.185764589514189,337.38887398384827,2720.4095693525023,387.12118535785015,7357.453097386435,180.54131894288716,395.43171614361404,7186.345921789214,-77.31958548191666,-2.2917540788830957,146.01388166387662,offense
8.999999999869033,-1.5411529280171603,6.076366212511548,336.536291544884,2749.4611741566982,379.12229349301975,7359.859602663785,152.09810448555746,410.7051379889113,7183.033928498546,-75.27830796989706,-2.174844006540811,145.04650769241405,offense
9.099999999867578,-1.5478503770866963,5.951226483142812,335.6359598511656,2778.350146139107,370.66948773775255,7362.200451894656,123.86042479049527,426.35227451603345,7179.761515122995,-71.41152374758052,-2.060444688919131,144.14715517700142,offense
9.199999999866122,-1.5715763052819902,5.834835341970819,334.7058553875215,2807.055826872467,361.74023432683384,7364.468196810026,95.86917782813785,442.4193946135987,7176.572795452237,-70.0909851790606,-1.9917503510876193,143.33272044160276,offense
9.299999999864667,-1.5877772583629435,5.667553956489476,333.7403260941942,2835.5890850356027,352.3670883058464,7366.6593229294185,68.17240298575852,458.93635346065565,7173.489652246231,-70.49184354272285,-1.840545607402939,142.54438148824482,offense
9.399999999863212,-1.6179825723439576,5.486181318251036,332.76512749163476,2863.9276039398283,342.52592205777876,7368.760579118764,40.751552318498874,475.86894293680825,7170.50428337515,-70.8544361747851,-1.701659768754852,141.69551796243078,offense
9.499999999861757,-1.5907626995391513,5.362778540299554,331.7638088731713,2892.0991107680916,332.2728005565705,7370.76596900307,13.63243329040803,493.2337242891076,7167.616597952691,-72.22378633173618,-1.5329927655973221,140.82569896370475,offense
9.599999999860302,-1.5327701444672264,5.251127345197226,330.803099419294,2920.1269401524287,321.6543101494727,7372.6890705394335,-13.200373755053118,511.00227576313705,7164.812506450055,-73.06345545148142,-1.4125192368658075,139.9079964858737,offense
9.699999999858846,-1.5083845215847986,5.106690426209789,329.92625753131694,2947.963903921971,310.6146337563735,7374.54943015354,-39.71738137319357,529.1930983953008,7162.087440963829,-74.73717713189941,-1.2864573093353908,138.98548311326095,offense
9.799999999857391,-1.511688357858476,5.033738531802047,329.0670044276874,2975.5674021861446,299.10927797801327,7376.352269331273,-65.93324852277017,547.7796386129784,7159.426197633478,-75.79795651016644,-1.2219383161301842,138.03041426376006,offense
9.899999999855936,-1.5162899468646218,4.949369910385069,328.1616588396602,3002.952080828673,287.1733955484088,7378.101473180241,-91.81688026330704,566.7799549764694,7156.820960196001,-77.65209684884762,-1.1598205708854783,137.07706637330188,offense
9.99999999985448,-1.537759699144633,4.875963141201517,327.22869990196875,3030.0937157065737,274.7866740146137,7379.791610987458,-117.37941901983686,586.1641784135005,7154.256372081703,-78.87829139263901,-1.1635854435520565,136.09594007168567,offense
10.099999999853026,-1.5519100795728242,4.754965112313243,326.2592167019631,3057.0073230175185,261.9804590149983,7381.419152054555,-142.5883624260094,605.9483448395414,7151.721471151972,-80.87986078322373,-1.1739991194070285,135.11917195891735,merge
10.19999999985157,-1.5800418541726804,4.620878160236211,325.27993634331324,3083.6667132833477,248.73302166651442,7382.972949977956,-167.4830327606286,626.0900294029224,7149.1939401064665,-79.01427014833195,-1.1355527552034845,134.13868269923842,merge
10.299999999850115,-1.5518201841875974,4.5512230197426735,324.27672928143414,3110.1069632355775,235.09719841972333,7384.44572525332,-192.10334732971094,646.5578073098111,7146.677682162381,-75.3268734265151,-1.0952737141485183,133.22713304141357,merge
10.39999999984866,-1.4929643373879191,4.491774505743707,323.31613584910747,3136.3629035336435,221.11429504921207,7385.8501259390205,-216.39821243787975,667.390444860796,7144.211120023263,-74.12014788153964,-1.0933546254317335,132.40541490979922,merge
10.499999999847205,-1.466885781251706,4.393040222253483,322.4382208989063,3162.386063836312,206.73064906937773,7387.209505611626,-240.31399976162905,688.6084820321108,7141.811161247439,-74.62605443641631,-1.012939652523935,131.6033116108959,merge
10.59999999984575,-1.5123813990076318,4.2484147230886276,321.5770715854561,3188.1066669566258,191.88505579432217,7388.536448592255,-263.8754194567411,710.1822063891542,7139.471505002207,-75.09548032157736,-0.9477719314773858,130.74145975889306,merge
10.699999999844295,-1.5687693528147906,4.1549170109473215,320.6483448749081,3213.4811765042487,176.55434835738862,7389.809774552411,-287.05444001449956,732.1227603694847,7137.189280230528,-76.56641255442601,-0.8585010716194648,129.85386840009105,merge
10.79999999984284,-1.5658496874927954,4.0943309353791,319.60894685180637,3238.553596276805,160.80492378873242,7391.007746916891,-309.87208723250257,754.4052153457491,7134.951716058353,-77.52202506840081,-0.8196369340878724,128.92124497423535,merge
10.899999999841384,-1.5312478817651696,3.9966396672936977,318.55057274287753,3263.366876640827,144.68089913711498,7392.134420771796,-332.296632421058,777.0417439818935,7132.751138920409,-79.3029938450049,-0.7801219053748485,127.9814838284063,merge
10.999999999839929,-1.531150852020136,3.8220861276827587,317.54276590467623,3287.891173576809,128.15522767135587,7393.201896926245,-354.3445779383592,800.0044898512213,7130.57369131634,-80.48504093331235,-0.803365869256268,127.01187339598292,merge
11.099999999838474,-1.5587357477353956,3.677402206274872,316.54987954613995,3312.0788961423063,111.20391607393505,7394.204618816471,-375.9823816797978,823.3038083697812,7128.408288956103,-82.44857432076665,-0.8342592594663809,126.04431269722606,merge
11.199999999837019,-1.5431399388979177,3.611896068061726,315.52243423558934,3335.968847076858,93.88155870957031,7395.133307713098,-397.25581834759805,846.9041670735926,7126.234594821373,-80.59216846849152,-0.8189497431304931,125.07023691747158,merge
11.299999999835563,-1.5010062774332853,3.542600767465465,314.51701063844666,3359.603868693867,76.2262942799021,7395.997092459119,-418.20905172302514,870.7810848857417,7124.057899450413,-76.92723265445557,-0.7988539285868034,124.16225928045667,merge
11.399999999834108,-1.4961286811080696,3.4090505166010248,313.57843686012325,3382.9278239408145,58.19225649193028,7396.813598142645,-438.7855221577666,894.9648263701686,7121.9145081364995,-75.71027887855361,-0.811723756935601,123.34336185241277,merge
11.499999999832653,-1.5197554477668862,3.3149710397472467,312.6446578477379,3405.8819192421297,39.7512521813845,7397.582146660763,-458.9292644875362,919.4672589753523,7119.819947394893,-76.19036811491361,-0.7489684228105341,122.5415933569591,merge
11.599999999831198,-1.5016512075575252,3.3102646122249806,311.65985431789966,3428.510529163158,20.95714528177059,7398.292726592401,-478.66909979178934,944.2632635402639,7117.769120722997,-76.64721090471058,-0.7018938827425482,121.68189761093922,merge
11.699999999829743,-1.4572318132357207,3.3044947872732466,310.67992323037174,3450.8610839479115,1.8468818089691734,7398.9535416746385,-497.9760548162885,969.3593777517051,7115.758875292728,-78.10036254332385,-0.6338477754949134,120.79578212266959,merge
11.799999999828287,-1.44999823143873,3.232578608393809,309.75267456291596,3472.8758796946872,-17.620459816969348,7399.586282380387,-516.8748156995046,994.7344782161846,7113.777472998799,-79.05234862186876,-0.6159364185928554,119.86664342803425,merge
11.899999999826832,-1.508928542805729,3.094879713857468,308.82487558490334,3494.4733622316903,-37.48977489707125,7400.198688893992,-535.33279209774,1020.3954813020385,7111.8168400902905,-80.82614395332638,-0.5999001275995841,118.92993810920761,merge
11.999999999825377,-1.573654137554449,2.992791650316949,307.8217476353804,3515.6312935917413,-57.75668370223702,7400.761191312289,-553.3707224786775,1046.3176060816186,7109.863978768641,-82.01469149444767,-0.645948259801034,117.96526473313604,merge
12.099999999823922,-1.5768529318418472,2.909887920003421,306.7275055962965,3536.4175555855845,-78.35860268424753,7401.247883262134,-570.9546072663939,1072.5056764961141,7107.907335736281,-83.98092852291128,-0.7019897603105459,117.00229271102529,merge
12.199999999822467,-1.5469949966434877,2.7780150806155164,305.633503041527,3556.878678633831,-99.25854916460034,7401.659708392775,-588.1351561368696,1098.9319766699361,7105.928057029572,-82.17257946349439,-0.7152821756504709,116.03102573731603,merge
12.299999999821011,-1.5490233459800096,2.557907686271815,304.6029552639543,3576.967339968628,-120.47657289228017,7402.005432885388,-604.9592883136278,1125.579597803155,7103.9323767451915,-78.5653151522234,-0.7213716729295466,115.12430100195208,merge
12.399999999819556,-1.5782394403794155,2.3632368134970014,303.595409434109,3596.632131835335,-142.03208475606854,7402.277677075956,-621.3662590748514,1152.4697861166699,7101.954247382391,-77.36672562218466,-0.7556415711997431,114.3070661447191,merge
12.499999999818101,-1.5652388240041382,2.2508671347600155,302.5558506590409,3615.9280001552174,-163.88481421489695,7402.467815283904,-637.2991085185297,1179.6056015920335,7100.007550529355,-77.85245028096168,-0.7172926733632026,113.504749573612,merge
12.599999999816646,-1.5258112605058787,2.1350929185612535,301.5347744982276,3634.903019281847,-186.00179533877258,7402.584370348156,-652.7898765886955,1206.9670234925338,7098.088086050696,-78.32342547838523,-0.695097261741134,112.64583688465426,merge
12.69999999981519,-1.521975095672091,1.9507077574331209,300.57926618180056,3653.487080788708,-208.41134101917524,7402.6417092060865,-667.809350945487,1234.5559703919716,7096.1920986319365,-79.7858079679468,-0.6551041442928949,111.75936353384348,merge
12.799999999813735,-1.5464212897753538,1.8044465381780141,299.6317879621722,3671.6182104469412,-231.13376608161082,7402.637273081741,-682.3851397155036,1262.3555931836158,7094.308648876763,-80.75940503993284,-0.6651548256075259,110.83147591361809,merge
12.89999999981228,-1.5303424869053257,1.751763452930617,298.6343122383864,3689.3564085272283,-254.13093863240917,7402.5625907262065,-696.4845780533109,1290.3675662903383,7092.428950281385,-82.55029611333637,-0.6797375176175211,109.89546014860419,merge
12.999999999810825,-1.4881137366148185,1.699258995769145,297.6376192704268,3706.7543415044674,-277.3718944549857,7402.426019748438,-710.158748097204,1318.5645779954143,7090.534477707026,-80.60687974947429,-0.6490487005840639,108.94499895804906,merge
13.09999999980937,-1.4814570481725517,1.5768599996518156,296.69187977710504,3723.741622452664,-300.879612865288,7402.245929926738,-723.4569444754522,1346.9356311427882,7088.631391909316,-76.88663713421055,-0.6106426891284402,108.05349357169575,merge
13.199999999807915,-1.503060643597812,1.4943282792336465,295.7506519547396,3740.255181160183,-324.6701765307489,7402.023715961588,-736.318477270169,1375.4939149102406,7086.756090218068,-75.57579587494429,-0.5993212330233502,107.24629061136503,merge
13.29999999980646,-1.5294511588766342,1.3761701402796052,294.75873931463536,3756.327637882561,-348.72047179935055,7401.753123304251,-748.6891780489512,1404.2409466661109,7084.925059841171,-75.92901937232787,-0.5172258442698932,106.45817107361903,merge
13.399999999805004,-1.571652795951663,1.2321669647748124,293.73662584196313,3771.9249798951046,-373.03351573823494,7401.419315187747,-760.6030580840142,1433.1620578651382,7083.1341600577625,-76.29022196261933,-0.44808908134864894,105.61427756432884,merge
13.49999999980355,-1.5645626187897244,1.1396360537598123,292.6694967614731,3787.109292795633,-397.57841047644155,7401.00723450062,-772.030556672183,1462.2547323969247,7081.381891748545,-77.63828846283783,-0.36034502745504643,104.74469141128489,merge
13.599999999802094,-1.5287231049498178,1.0241569206877326,291.6180925581112,3801.9341938100733,-422.3307043230295,7400.522056755906,-783.0006974713064,1491.507014696082,7079.6573515297205,-78.50961995383201,-0.31941568415107485,103.8327031117939,merge
13.699999999800639,-1.5259641644881425,0.8276211124406092,290.63573007654117,3816.323989286166,-447.30746060861486,7399.9764614701335,-793.4790604127751,1520.9102279449407,7077.954155238828,-80.19956876443285,-0.2820965940178203,102.91109513403057,merge
13.799999999799184,-1.5509087799297232,0.6643868692589792,289.66731312769696,3830.2123657984107,-472.5186574609835,7399.3669598584775,-803.4929880798433,1550.4523196893253,7076.259795624671,-81.32638369042287,-0.30418086179023446,101.96433341619196,merge
13.899999999797728,-1.5359208424018496,0.5973545405029392,288.6517596544607,3843.6655512235075,-497.9362181186734,7398.684903344778,-813.0091490404446,1580.1299807496796,7074.56430375427,-83.22952597592591,-0.33829656996314394,101.01842429315462,merge
13.999999999796273,-1.494823809097292,0.5308627828341108,287.63699064860344,3856.7414259550546,-523.5383624067247,7397.938365266642,-822.0813059833785,1609.9242427776658,7072.848724474446,-81.42173989399873,-0.332932647011455,100.0617429816396,merge
14.099999999794818,-1.4882296511011097,0.3909300478387624,286.67463713464565,3869.365273021423,-549.3365821603301,7397.144963310063,-830.7588253825996,1639.8319387329484,7071.11874603492,-77.83376783009453,-0.3200076457853128,99.1666806846806,merge
14.199999999793363,-1.5097241355288318,0.29013654709573555,285.71916912365094,3881.4708892953795,-575.3362396560991,7396.305622376571,-838.9792844703102,1669.8567491860083,7069.408787706739,-76.6082718384527,-0.332411269611632,98.35863480931575,merge
14.299999999791908,-1.492198547985736,0.2933396232377319,284.71608837644493,3893.1267675288063,-601.5135217428333,7395.410627827031,-846.6888645980729,1699.9919294318538,7067.733657677141,-77.04173151187034,-0.27555546165240363,97.56353751638743,merge
14.399999999790452,-1.448652302990739,0.2994197560161346,283.70938720899676,3904.393375438836,-627.8502444251469,7394.466922838885,-853.9229315548505,1730.2285494369075,7066.089060533577,-77.47829929913321,-0.23135538410103768,96.70678971288366,merge
14.499999999788997,-1.439562396746597,0.23016589072111263,282.74825186784597,3915.196397971748,-654.3527267066835,7393.496583915943,-860.6521684213,1760.5598349904794,7064.472530265597,-78.89923155004553,-0.1697867303809874,95.81871848812834,merge
14.599999999787542,-1.4585187562307464,0.20105034648987094,281.7956575394706,3925.469328090435,-681.0219575200574,7392.504945632208,-866.9066502026384,1790.9787074966569,7062.873224694559,-79.84514606061475,-0.15603530639113317,94.88639250766282,merge
14.699999999786087,-1.4825070879640565,0.1419732873880608,280.7926604778999,3935.2496462966515,-707.8426491954069,7391.485226721231,-872.6529216404416,1821.471416288229,7061.2836803895325,-81.60525492594662,-0.1475029305374854,93.94193620312677,merge
14.799999999784632,-1.5222202680004517,0.05918223486359054,279.7598724996636,3944.502061623696,-734.809484007582,7390.4254362838365,-877.9195962253054,1852.0304549155014,7059.691539737034,-82.80184655184419,-0.199824966682438,92.96999983261207,merge
14.899999999783176,-1.5140482379864966,0.036667362263645406,278.6846293201631,3953.294777751042,-761.9064163461089,7389.308245110021,-882.673183948472,1882.6474660116314,7058.08564870087,-84.76835524021463,-0.26556247889997747,91.99746059996873,merge
14.999999999781721,-1.4772146655501408,-0.008429074716297304,277.61971479990325,3961.6874440219553,-789.1220275735211,7388.136577630655,-886.9704451800619,1913.3121711067504,7056.4480972051,-83.04912844220068,-0.29093479797782906,91.0104478218838,merge
15.099999999780266,-1.4723809265137495,-0.14209904777867768,276.6170652302332,3969.6018759027666,-816.4553260668641,7386.927650505835,-890.8605118906926,1944.0292476403588,7054.785189620546,-79.54313547649724,-0.3080341864593635,90.0875060561087,merge
15.199999999778811,-1.4950342313565268,-0.24324846894922986,275.6323861964581,3976.969639497319,-843.9003490507376,7385.682471380952,-894.2777199727672,1974.792419707967,7053.129097482312,-78.35799164483251,-0.35183062471410714,89.25831145942577,merge
15.299999999777356,-1.4790732944992355,-0.23844126591396175,274.60761397365917,3983.8624548095204,-871.4449879846999,7384.389435511494,-897.1678046196397,2005.5805337090696,7051.492869691855,-78.83437031500465,-0.32544144927117313,88.44205951252718,merge
15.3999999997759,-1.4371281837972385,-0.23077904700929922,273.5811050456987,3990.343535797692,-899.0815738754582,7383.053792103536,-899.5677836462177,2036.38910239665,7049.8729151881635,-79.3067759195111,-0.31394627975130834,87.5654132761965,merge
15.499999999774445,-1.4286356069558994,-0.30284491339718833,272.60117721100625,3996.337325131424,-926.8038097530568,7381.698056720433,-901.449087943133,2067.2077249631216,7048.265573442266,-80.76539683006727,-0.286631885629163,86.657942215428,merge
15.59999999977299,-1.4480215207024207,-0.33614498292528977,271.63305913599515,4001.776934316018,-954.6011624467711,7380.327981269682,-902.8437000036664,2098.03295497402,7046.660566789574,-81.74690569635615,-0.3092972282435734,85.70670806220132,merge
15.699999999771535,-1.4724162390191986,-0.39784856199877433,270.61526057109353,4006.7022984774258,-982.4646824187159,7378.935876884437,-903.7197952742155,2128.852575358585,7045.049026513839,-83.54254613126051,-0.3388735723647256,84.74611682810527,merge
15.79999999977008,-1.5124879571811818,-0.4838238493364806,269.5676022228035,4011.0789699073684,-1010.3827053942467,7377.509812663678,-904.1363820375257,2159.663689567426,7043.413455740646,-81.68866856079683,-0.32129361029475517,83.76750007924609,merge
15.899999999768625,-1.505403888227824,-0.5063317728936878,268.47722316678306,4014.97777670342,-1038.3508014754746,7376.031358769632,-904.143485927574,2190.4774075224827,7041.760205039621,-78.06124677484789,-0.29566069912897164,82.84739911505089,merge
15.99999999976717,-1.4697407901467143,-0.5514026963538823,267.3947076621787,4018.4603081628043,-1066.3679590925683,7374.502318836076,-903.6768985010857,2221.2794494915934,7040.123989914179,-76.75076820581388,-0.2996600482324381,82.01626967820911,merge
16.099999999765714,-1.4651840153177393,-0.6890700723071537,266.37339785329874,4021.4486238014265,-1094.4197227009238,7372.940185412425,-902.6839962060697,2252.04767242594,7038.520532532156,-77.0911507579054,-0.23216500992335606,81.2039868310871,merge
16.19999999976426,-1.4879520633578724,-0.7954689168909963,265.3721732944549,4023.8752613552374,-1122.4881078807123,7371.34626327687,-901.2023856869348,2282.7832074957314,7036.946467142416,-77.44525315263755,-0.17723643430838842,80.33427173848872,merge
16.299999999762804,-1.4728081684783885,-0.7919243300078476,264.3322832749334,4025.8138107483373,-1150.5733308192603,7369.708131330747,-899.204603749715,2313.470845892315,7035.400176172454,-78.78518907728039,-0.10411391199560249,79.4363958827569,merge
16.39999999976135,-1.4317882344026018,-0.7842069342680181,263.28924258435694,4027.328690878284,-1178.678807684178,7368.0301945547735,-896.7229109684876,2344.112215100204,7033.8714610623665,-79.65341253989986,-0.07875084139014744,78.49464523574348,merge
16.499999999759893,-1.4233764714736403,-0.8589555472252381,262.2899526729067,4028.346104701256,-1206.7808753401066,7366.3352881410065,-893.7279950566252,2374.6843151720614,7032.353589446927,-81.34062645501139,-0.05792217196327825,77.5412007931232,merge
16.599999999758438,-1.4426884157625621,-0.8952448567391516,261.30013175459897,4028.8019659061447,-1234.8511604051803,7364.629574217859,-890.2507938819209,2405.1880700113884,7030.834707392845,-82.46685528652831,-0.09793284594280705,76.55922346688241,merge
16.699999999756983,-1.4670072555186053,-0.9585759027670245,260.2613455590708,4028.7370620072297,-1262.892291458212,7362.904889226804,-886.2603748472033,2435.6056487679866,7029.30433998195,-84.37002484026532,-0.15091750424585473,75.57660680598168,merge
16.799999999755528,-1.5069405810010574,-1.047026332562938,259.19410349102395,4028.118560772385,-1290.8891182831765,7361.1494498016455,-881.8164423616219,2465.9435688043905,7027.7448141605355,-82.64035891664501,-0.15751355830726646,74.5791262964779,merge
16.899999999754073,-1.5005120121628965,-1.0687605167649532,258.0854501621692,4027.0174763608543,-1318.8518384354927,7359.344249372918,-876.9670864260014,2496.220766126228,7026.162211756683,-79.12452779036663,-0.1570367075948993,73.6419867471087,merge
16.999999999752617,-1.4655860201607462,-1.1127131838937119,256.9828586052368,4025.4953885379446,-1346.7907667035827,7357.49044041161,-871.6488755918641,2526.412130861513,7024.589437545625,-77.87628484297112,-0.1886981722812504,72.79715906456273,merge
17.099999999751162,-1.4608811228073668,-1.2528731647422824,255.94057380721222,4023.476991415048,-1374.6777950118815,7355.605724503479,-865.8136032378628,2556.4812095466923,7023.040657023544,-78.28045627671105,-0.1480118686633668,71.96949243525394,merge
17.199999999749707,-1.48331951763967,-1.3628570070789916,254.92050917586664,4020.898003466483,-1402.4828696359953,7353.691735661478,-859.4993056288234,2586.4341913960184,7021.5125551311585,-78.68987442814712,-0.12081609966402906,71.08297314983693,merge
17.299999999748252,-1.4686216357172448,-1.3585294904987724,253.86324656495174,4017.8317470764373,-1430.218986893207,7351.735656685576,-852.6805039401116,2616.252474892223,7020.002361725056,-80.08730745423725,-0.07649725462239373,70.16722534629156,merge
17.399999999746797,-1.428160086269867,-1.3483018070988488,252.8013287071912,4014.341882123525,-1457.900981929934,7349.741406070698,-845.3900748304352,2645.941979253849,7018.499934784851,-81.01128652237733,-0.08142272410752562,69.20671650244998,merge
17.49999999974534,-1.4194634925278369,-1.423254235601458,251.7823775660895,4010.3589566624187,-1485.4923156693426,7347.732162449509,-837.5998958752314,2675.48147250173,7016.997241948584,-82.75313068151155,-0.09274834180516975,68.23679176424459,merge
17.599999999743886,-1.4383145105494488,-1.4605118875997813,250.77716356597486,4005.8240643157574,-1512.9532419646105,7345.714586247361,-829.343469771446,2704.871593528156,7015.482582478104,-83.93318248581252,-0.16636127290217304,67.23710238847539,merge
17.69999999974243,-1.4622065462578984,-1.5230426948567177,249.72753259651904,4000.777502241517,-1540.293359226551,7343.6803255280975,-820.5932402348134,2734.08849115178,7013.944087574566,-85.88691691023566,-0.25426583232027056,66.23547318132259,merge
17.799999999740976,-1.5016216549917736,-1.6105675768391647,248.65293056846755,3995.189531970798,-1567.4914243103701,7341.617939594016,-811.4059755336083,2763.1551503423516,7012.3651617688365,-84.24386715680052,-0.2943731026539204,65.21997389311915,merge
17.89999999973952,-1.4954108158986512,-1.6269465689642215,247.53860468578168,3989.129487903388,-1594.5700956211524,7339.508103641305,-801.8267551432663,2792.098258883333,7010.752502938557,-80.80985086775615,-0.32682572866901044,64.26491431122385,merge
17.999999999738066,-1.4607377675787918,-1.664693368691207,246.42716693997613,3982.6573060591872,-1621.550831001735,7337.3515637465625,-791.7945238348517,2820.881636836083,7009.1365671780295,-79.5948758404136,-0.3925754835876565,63.40484963700847,merge
18.09999999973661,-1.4555034939615283,-1.8021100108390378,245.37396281309302,3975.703274431872,-1648.3923466794643,7335.166440281305,-781.2659976505033,2849.460490016565,7007.52960692229,-80.03292219469375,-0.3851141989374897,62.56233667894442,merge
18.199999999735155,-1.4772362330354816,-1.9100362921295349,244.34629802117647,3968.208927675423,-1675.05311344829,7332.954948412827,-770.2784952866177,2877.847219863791,7005.929062583525,-80.47258262614517,-0.39251163021355595,61.66169747934929,merge
18.2999999997337,-1.462528838843447,-1.8985327601145874,243.28464016096217,3960.245202286435,-1701.5591674268892,7330.704004906512,-758.8095307419125,2906.0188792238823,7004.330951622981,-81.90104866420951,-0.3839460493785115,60.730997880931,merge
18.399999999732245,-1.422119717892781,-1.8790363958273504,242.21446716721996,3951.875163237943,-1727.933038160624,7328.417296578563,-746.8915863523155,2933.986954040215,7002.725777183247,-82.85593236673766,-0.4262555402230256,59.75598209999702,merge
18.49999999973079,-1.4127544803039866,-1.9466961552861315,241.1792827983335,3943.0397740830863,-1754.1199999374364,7326.118869716263,-734.5001622071177,2961.725516582636,7001.104119281531,-84.6276338765137,-0.4761381908784475,58.771104130945865,merge
18.599999999729334,-1.43078414122562,-1.9777418352762548,240.16294266225674,3933.6849906782013,-1780.0752719403824,7323.816028052581,-721.6932428395339,2989.259333538904,6999.44980584105,-82.8378943553233,-0.4708772913291228,57.76561772552035,merge
18.69999999972788,-1.4539201590793036,-2.031788045062263,239.10435847965434,3923.848613421161,-1805.817086080101,7321.500253632242,-708.5135090211263,3016.6217817671763,6997.769596764413,-79.27169938187537,-0.4576893033403146,56.81388808255567,merge
18.799999999726424,-1.492496076775874,-2.109927763741918,238.0204028994374,3913.50516344149,-1831.318662354472,7319.160819843453,-694.9053116684981,3043.7695468343572,6996.096749080968,-77.92517361988722,-0.4802826182837649,55.95175177339575,merge
18.89999999972497,-1.4861915406483641,-2.111483647368245,236.8962585669697,3902.7195959321807,-1856.6153250186378,7316.778054042989,-680.8311602654878,3070.652468523057,6994.446461288435,-78.22295367317655,-0.4278982227284143,55.11001997009079,merge
18.999999999723514,-1.451444065433612,-2.1333128779101527,235.77235964175753,3891.546644768933,-1881.7414360879377,7314.352147566373,-666.3268876789599,3097.2877853450495,6992.816340012279,-78.53941755618888,-0.3875609822159374,54.211449257878535,merge
19.09999999972206,-1.4453587971750772,-2.258113885454905,234.69997847550027,3879.923731224234,-1906.6441397435167,7311.9021167049505,-651.372747119617,3123.649485256531,6991.2046049696355,-79.84346561230133,-0.3289455472773386,53.285592641253245,merge
19.199999999720603,-1.4660715351458204,-2.3549770250613355,233.65753340129416,3867.799972356275,-1931.271523113956,7309.431266076234,-635.9997193004843,3149.7531796303365,6989.601784706927,-80.6784753148338,-0.31876785127100726,52.31478270221529,merge
19.299999999719148,-1.4511255033782577,-2.3274055809158942,232.58728794433367,3855.2411586875082,-1955.6624117245483,7306.926003145981,-620.1863228002048,3175.5695938739186,6988.000777246902,-82.33425233995858,-0.3144024632153673,51.334830408645324,merge
19.399999999717693,-1.4105181249842103,-2.2887221149176313,231.50191721191877,3842.3061227006033,-1979.8504753520356,7304.389497574461,-603.9655856284999,3201.109494323439,6986.390424811998,-83.43155082624119,-0.3717365283134755,50.3239596085555,merge
19.499999999716238,-1.4002447142968348,-2.3389109479319234,230.44276993016493,3828.946095800789,-2003.770321117437,7301.847120658923,-587.3173032995509,3226.3411843459876,6984.759760766012,-85.30826551673972,-0.4430389341717902,49.310989191988796,merge
19.599999999714782,-1.4171901808081209,-2.3534509221857465,229.40592786382882,3815.115197345252,-2027.367459004642,7299.307569487283,-570.2908845682681,3251.304214214622,6983.092312316958,-83.64313816757365,-0.4602272399347729,48.283872337553625,merge
19.699999999713327,-1.439303115654567,-2.3893844148317154,228.33385810542384,3800.8475050337324,-2050.666894303874,7296.762081667426,-552.9233556504083,3276.0386287676147,6981.394470244807,-80.18939518819569,-0.47069511156170096,47.31337555617967,merge
19.799999999711872,-1.4768081803167932,-2.4492922654693263,227.2428446082186,3786.1225421866047,-2073.637340042857,7294.200953845641,-535.1652494749458,3300.490949085507,6979.697770650388,-78.90158544506272,-0.5198129116171752,46.43608178539093,merge
19.899999999710417,-1.4702393925013268,-2.427131163896375,226.11492504957477,3770.998536615685,-2096.325751704934,7291.60374453823,-516.9867857642536,3324.6042221528546,6978.015946064392,-79.25767930596724,-0.4938370385065802,45.580662348917436,merge
19.99999999970896,-1.43519290246043,-2.4226208355492065,224.97734979006052,3755.524008778732,-2118.776087479531,7288.969872165048,-498.4210701928954,3348.401598723736,6976.346640963132,-79.62580181274056,-0.4805831745420313,44.66882143934865,merge
20.099999999707507,-1.4280466514989638,-2.5232942818319963,223.87910963095936,3739.6498409927367,-2140.9210364997457,7286.320197827849,-479.4526826847392,3371.853638293626,6974.686998132062,-80.98204425903221,-0.4500626902669367,43.72879680642907,merge
20.19999999970605,-1.4474419927712683,-2.59648548170781,222.8081455816836,3723.339336187376,-2162.6952309618528,7283.660090600709,-460.11029598487454,3394.981295154755,6973.027588062949,-81.8686841095818,-0.46909225019056205,42.743511479718656,merge
20.299999999704596,-1.431799949665403,-2.539697624614099,221.71568954543008,3706.647095567,-2184.1524632952433,7280.974856737984,-440.37740528859814,3417.7516767931575,6971.360095028588,-83.574287177611,-0.4952685415703305,41.74838491723625,merge
20.39999999970314,-1.3904881737452062,-2.468378576358262,220.60706047318507,3689.6238968140015,-2205.3383962645803,7278.26671952557,-420.3036931280193,3440.2065409562424,6969.6677832920195,-81.77308017418221,-0.4599423695128289,40.73301323094819,merge
20.499999999701686,-1.3788924180386675,-2.4882404253119925,219.5232758910578,3672.232544853293,-2226.1801359697756,7275.563110910055,-399.9216512872555,3462.3918338700782,6967.956543878335,-78.19753601897973,-0.41780324912814176,39.767868804485325,merge
20.59999999970023,-1.3943238934685682,-2.4730057697080885,218.4654650020272,3654.4357873850413,-2246.6163418479073,7272.8748867490685,-379.1896687599095,3484.2487962387695,6966.261280801427,-76.78867688031981,-0.4172565553987447,38.89026057899978,merge
20.699999999698775,-1.4150182754498997,-2.4760095595316494,217.37699270131492,3636.2569848864473,-2266.6822612214155,7270.192637834278,-358.0856025096321,3505.7170141406204,6964.599075084007,-77.01623005305703,-0.34030609858332833,38.03778849269728,merge
20.79999999969732,-1.4509584222690206,-2.5020818731854195,216.2740914708337,3617.6804448666176,-2286.343313514472,7267.508309823329,-336.6395715109929,3526.8239915779154,6962.967283254388,-77.27118905538185,-0.2728053778968801,37.12992438480452,merge
20.899999999695865,-1.4829412942661946,-2.5970435512524457,215.1320448629207,3598.7373519571242,-2305.6258586242293,7264.805627655852,-314.83989343768735,3547.5381480742676,6961.365446364159,-78.51086377332479,-0.18571576845273827,36.196675003551285,merge
20.99999999969441,-1.5272870866086625,-2.75054499021363,213.9782586213497,3579.413081710496,-2324.4931519937686,7262.06779423644,-292.7123829733048,3567.884041707702,6959.783783421949,-79.28789301388215,-0.14539395936954105,35.217200107577405,merge
21.099999999692955,-1.525954168478804,-2.836130011405978,212.7887499718886,3559.761623533409,-2342.999268800142,7259.2743940654545,-270.2445894937548,3587.8264144886325,6958.216513930303,-80.88760473663459,-0.11055684802640145,34.22860722978691,merge
21.1999999996915,-1.4954814595170498,-2.946569632254294,211.58999862523154,3539.822398604426,-2361.1956234543372,7256.425354974792,-247.46071804255064,3607.3889988558813,6956.652058689344,-81.93331761237913,-0.13668708702932825,33.209653255543465,merge
21.299999999690044,-1.4912700380679489,-3.1675449023048423,210.44251081625185,3519.5586396991503,-2379.003540794626,7253.534607076881,-224.34928400384112,3626.5349874789927,6955.080738841957,-83.75999531138555,-0.177046093452955,32.18995397847725,merge
21.39999999968859,-1.5131380402153565,-3.3640587750422557,209.32996783475008,3498.9437481529026,-2396.351672557449,7250.601024383265,-200.95280485476914,3645.3140176103234,6953.484823863834,-82.09511875788141,-0.1572375762634041,31.154813280784634,merge
21.499999999687134,-1.500088918521083,-3.428972268450238,208.19051712190245,3478.0235390496155,-2413.303178022449,7247.61322369296,-177.29614909992276,3663.7768912969896,6951.869346717892,-78.64309842134136,-0.13260320374861942,30.173958853135385,merge
21.59999999968568,-1.4613611887443754,-3.4785186025057566,207.0396545061106,3456.829616796986,-2429.917562890793,7244.575759153176,-153.34714621973424,3681.8571302751175,6950.26802390307,-77.30663629203433,-0.15270597176396225,29.281627654477507,merge
21.699999999684223,-1.4514440066351724,-3.621014068586215,205.93312076892286,3435.325785938552,-2446.119378058721,7241.508611127046,-129.09347670243815,3699.490121167925,6948.6967623574465,-77.60649352905378,-0.09665625112265717,28.415322014506806,merge
21.79999999968277,-1.4997689806793122,-3.8554506933783026,204.85453277359397,3413.477233520584,-2461.8048009993527,7238.421170972201,-104.56062218659626,3716.7082775654144,6947.152522130997,-77.92678145317224,-0.05043927831593403,27.493975527342386,merge
21.899999999681313,-1.5576140929608286,-4.029421152309162,203.75159235858217,3391.2915024827935,-2476.934572962414,7235.288973668969,-79.74223631107125,3733.4779286967682,6945.633868054006,-79.23329622383055,0.014312443931740032,26.546651402169903,merge
21.999999999679858,-1.6028425794040304,-4.289750894105656,202.57965277506426,3368.8088466671934,-2491.564287579227,7232.088023687777,-54.660050280091404,3749.8280751412117,6944.130680621293,-80.07448528032563,0.03141410962513795,25.55266762658934,merge
22.099999999678403,-1.6572810065519124,-4.642112182339596,201.36548476497182,3346.032227700156,-2505.6580916432795,7228.788705711267,-29.3076152913684,3765.7213684600665,6942.636087354228,-81.73564291898336,0.04155568088080952,24.548893939979347,merge
22.199999999676947,-1.702596821632888,-5.107914591434607,200.10708357266967,3322.991768279079,-2519.252445316095,7225.37072559186,-3.7107053396915743,3781.1833376517875,6941.138276776958,-82.84182595680437,-0.010345104489322151,23.513800142278637,merge
22.299999999675492,-1.7594071296339886,-5.665682746567248,198.83649456695696,3299.6928651710573,-2532.3105336811677,7221.800259846774,22.134632302544844,3796.174950163773,6939.626391319567,-84.72575792628724,-0.07811749607926635,22.47760405664372,merge
22.399999999674037,-1.7681958586497393,-6.1813936014770965,197.50982839874726,3276.177756827602,-2544.9023935131886,7218.0659788997955,48.20067374645263,3810.7562305678157,6938.0831636301045,-83.15008616206562,-0.0846996532114143,21.427358843981704,merge
22.499999999672582,-1.7473800868046834,-6.731797679205597,196.19529543959663,3252.471291096159,-2557.092823249615,7214.177139583925,74.47105322002315,3824.9819840884334,6936.513856608394,-79.78350284769522,-0.08634772408823503,20.431503009955193,merge
22.599999999671127,-1.7516201129334898,-7.386278748847133,194.9722749143549,3228.5724048170473,-2568.8425984804744,7210.130076453612,100.96715127216389,3838.7793838585662,6934.9502722570005,-78.48909237805721,-0.13392483106314343,19.523378948608052,merge
22.69999999966967,-1.7816539921520007,-8.013616134200927,193.80114191318108,3204.4812898892915,-2580.088854125257,7205.902424188417,127.69085985561422,3852.081162323601,6933.406701742351,-78.83037072527766,-0.1044778654901501,18.639122540459837,merge
22.799999999668216,-1.7754938509590108,-8.519900789814688,192.59563896388852,3180.2227630022226,-2590.9022600490393,7201.498493694359,154.62225819587363,3864.9238690564307,6931.880500448209,-79.18856565643895,-0.08560965832087333,17.700796472351005,merge
22.89999999966676,-1.743209193940481,-9.011795501912733,191.39392766359657,3155.813044740251,-2601.3413844745173,7196.935444537909,181.76187572210466,3877.2725722160812,6930.369192198274,-80.53380980980194,-0.04955463780796096,16.736809398512445,merge
22.999999999665306,-1.7381438430214753,-9.58137022987523,190.27597436601283,3131.2459704889056,-2611.3153270190783,7192.205873281744,209.0926123521994,3889.1600793414946,6928.862988878382,-81.41349896010462,-0.06280352156653979,15.729382946219118,merge
23.09999999966385,-1.7593765288715575,-10.108592322753877,189.19024972114727,3106.5246485888406,-2620.74786072734,7187.290930518866,236.61409042759288,3900.5480677176542,6927.353799026576,-83.11085301597902,-0.08470567420771594,14.714015979465954,merge
23.199999999662396,-1.7457328979866586,-10.503901424636167,188.04546753914013,3081.669035854617,-2629.715651938803,7182.198522058726,264.3048071795295,3911.466915042969,6925.830161032096,-84.25410707800992,-0.16975651730396996,13.667751477007089,merge
23.29999999966094,-1.7062725480095466,-10.879658388906892,186.88222026815944,3056.69069514069,-2638.282549773098,7176.948888472957,292.16181576378636,3921.877263623806,6924.279928017596,-86.17133750471062,-0.27191070901137415,12.61980110590701,merge
23.399999999659485,-1.6951222828524253,-11.331824241101952,185.78522405174868,3031.58379487103,-2646.3607729756573,7171.540200740978,320.1675745401709,3931.8443747911065,6922.687117975769,-84.65906244832625,-0.31122653357937846,11.555039046552189,merge
23.49999999965803,-1.7106129328100053,-11.737972313693541,184.71040979550287,3006.355413785807,-2653.8754933302966,7165.959983873659,348.3094118291453,3941.424553154323,6921.057901831502,-81.35353872717644,-0.3442650262163587,10.540291084308267,merge
23.599999999656575,-1.7309347910896855,-12.164610748022112,183.60394714936442,2981.0261760422413,-2660.869205959077,7160.213817049894,376.5953391091381,3950.5401505724994,6919.421654892504,-80.08044754131872,-0.42357028982981126,9.613196502591506,merge
23.69999999965512,-1.7662327087927125,-12.61367897677674,182.4855368814664,2955.610856773626,-2667.307818577601,7154.283395080233,405.0232361676036,3959.1241910503777,6917.790741210366,-80.44154911078294,-0.4248693785870696,8.708828239748462,merge
23.799999999653664,-1.7578644935994492,-12.978395871347226,181.30219534220188,2930.1209026890774,-2673.27146962886,7148.171563580409,433.57944936957045,3967.216379685366,6916.163435142097,-80.81764551899823,-0.43782104080356166,7.753117026125265,merge
23.89999999965221,-1.720636416304312,-13.353905763943404,180.10422151519484,2904.559904226936,-2678.825180669262,7141.896136082018,462.25799241345396,3974.7815542935286,6914.536187459618,-82.1801514712661,-0.43533979358070274,6.775153754630619,merge
23.999999999650754,-1.7100172209206743,-13.818658285631647,178.9763997800578,2878.939184023421,-2683.880144915064,7135.453953021375,491.04135035772356,3981.855165064229,6912.9000213705185,-83.07762046692669,-0.48309970286173726,5.752841596494969,merge
24.0999999996493,-1.7255067507980832,-14.242566082898307,177.87265715743322,2853.277024614929,-2688.362139487591,7128.831358851412,519.9211615263537,3988.3992456667615,6911.2455975477405,-84.7910974425909,-0.5405492938446651,4.7208131517688345,merge
24.199999999647844,-1.706178853138785,-14.52953034843859,176.70592547104752,2827.577625100662,-2692.351554040202,7122.037018780634,548.8887627687266,3994.4821078417635,6909.557246806678,-83.11400145398616,-0.5272982583109441,3.6683579113883487,merge
24.29999999964639,-1.66094229259634,-14.794407733478668,175.5191083249304,2801.8326888554398,-2695.9147310717017,7115.090251286021,577.9451074369778,4000.163416851562,6907.841113962123,-79.66009763596259,-0.5072763059826181,2.6623589995051393,merge
24.399999999644933,-1.6449035657883802,-15.136444538895589,174.39450775179546,2776.051394579479,-2698.964010060533,7107.994817645529,607.088751225294,4005.36586175167,6906.129904574767,-78.24128969795167,-0.5357766379250649,1.7394518034280024,merge
24.499999999643478,-1.6557737150129879,-15.42964924819553,173.28957185848023,2750.2618671209693,-2701.426776946364,7100.746421615446,636.3052005436118,4009.9905567714663,6904.447106527797,-81.15189989170227,-0.6134528873280659,0.8227896133157098,merge
24.599999999642023,-1.6717240122659949,-15.739907163399035,172.15122710859916,2724.469999560017,-2703.348364542383,7093.350059309328,665.5725898268264,4013.99268593136,6902.77290239667,-84.59315112077029,-0.6290552557510297,359.8345997522868,merge
24.699999999640568,-1.7026453995397408,-16.06858743973016,171.0003630040732,2698.6964330735245,-2704.69617552633,7085.791676167399,694.8820897467722,4017.427053409714,6901.078831217623,-87.23514279046537,-0.7452710000878354,358.7373732117997,merge
24.799999999639113,-1.689678259527946,-16.305948721118142,169.78586059828646,2672.94399804176,-2705.5524434955764,7078.073575080979,724.2239916336988,4020.2530860956686,6899.336988376925,-92.98102182065715,-1.0458474189447169,357.5886227137445,merge
24.899999999637657,-1.6477449865039593,-16.55143044319898,168.55748879478355,2647.196972310938,-2705.9821972399245,7070.20985276979,753.5900312868329,4022.5166398496704,6897.494675299358,-98.05694428829673,-1.3962123605850758,356.369079189842,merge
24.999999999636202,-1.6334034432438416,-16.888277341926155,167.39763096589908,2621.475829324948,-2705.8980361198574,7062.203457708246,782.9785713360126,4024.3146087200716,6895.525787879026,-99.10079081526591,-1.7954517239664567,355.11204992767307,merge
25.099999999634747,-1.6455243884049167,-17.182126143975744,166.26374787947628,2595.8182588440727,-2705.229958491868,7054.050116726491,812.3905840756482,4025.7277933093824,6893.43224583773,-96.9946970625049,-2.2042050296157893,353.9169786827394,merge
25.19999999963329,-1.662194686950722,-17.496166096328785,165.0971652333585,2570.2304204905217,-2704.0248424502893,7045.755361942793,841.8198561867858,4026.745975619976,6891.221836011672,-93.55922265220492,-2.568553581110135,352.86958810881663,merge
25.299999999631837,-1.6937709419424856,-17.82954111518526,163.91846160208968,2544.7388133262325,-2702.252659867345,7037.305343990153,871.2456037251511,4027.266679823879,6888.903674728713,-92.40157226519108,-2.9383010167047408,351.9556850212032,merge
25.39999999963038,-1.6808859901402438,-18.071282384143345,162.68067513720234,2519.32970306463,-2699.9938987827613,7028.69925421063,900.6442264438044,4027.2247201830405,6886.4747576561995,-92.98639615061072,-3.21570732500356,351.04959296193124,merge
25.499999999628926,-1.63893540893994,-18.32091903122001,161.4317259747181,2493.9792782282752,-2697.3112248264933,7019.949922831482,930.0147795450094,4026.663890361457,6883.940086711067,-93.60897773944508,-3.5105714752336628,350.08766774871464,merge
25.59999999962747,-1.6248804710140197,-18.661618792276283,160.25337596347705,2468.7190497603087,-2694.1194299984913,7011.0607332433465,959.3366472416274,4025.5219132781212,6881.2847448260045,-97.97559308683518,-3.92953114641503,349.1133513223601,merge
25.699999999626016,-1.6374273340705807,-18.957907411023697,159.10247123923975,2443.5957411126133,-2690.353091435087,7002.028172703016,988.5890734832045,4023.786336188017,6878.467034072685,-102.36556649510169,-4.352425314034754,348.0590777115256,merge
25.79999999962456,-1.6143592035816787,-19.11068772738926,157.89611076207444,2418.59430260943,-2686.0939030618947,6992.858143074766,1017.7836286268084,4021.558854004601,6875.474382767755,-102.90716713352745,-4.797045199572905,346.91539587718216,merge
25.899999999623105,-1.5651518632891734,-19.23999759497933,156.67164101938303,2393.6843189718693,-2681.4045038625886,6983.565022116986,1046.9362808106682,4018.929460079734,6872.3207079021695,-100.33033673877812,-5.237044736153452,345.7814224008211,merge
25.99999999962165,-1.5464951410314867,-19.449445196091528,155.5040762931424,2368.9003249397897,-2676.2030035107196,6974.1615843304135,1076.04625648605,4015.9062260207475,6869.020564697823,-96.51898208227867,-5.622940136356087,344.75654976128635,merge
26.099999999620195,-1.5552571226896523,-19.607158235496584,154.3643852946862,2344.286283829165,-2670.4249166453023,6964.650768710572,1105.0734500969695,4012.393278159903,6865.580815324429,-95.0777686575944,-6.003049428078855,343.8470228782967,merge
26.19999999961874,-1.5690426006363218,-19.78010203938745,153.1903720756283,2319.8325766963553,-2664.1155309465403,6955.034497943974,1133.9767444040785,4008.2960570853793,6861.995763518125,-98.0835554754724,-6.417316070130554,342.9573825308216,merge
26.299999999617285,-1.5979199273520401,-19.96773753547727,151.9998158001873,2295.576466164926,-2657.251469869222,6945.3058636098685,1162.7336710051584,4003.5877901946624,6858.233228725917,-101.66537123214574,-6.78679264793863,341.9742059786731,merge
26.39999999961583,-1.5817292311431448,-20.058007942384524,150.75748828048137,2271.4905927387927,-2649.9104603983033,6935.45866811235,1191.3643327764419,3998.3661509059066,6854.28703055538,-101.60231926407616,-7.148240726967303,340.869242212815,merge
26.499999999614374,-1.5363844912142766,-20.15559880074309,149.50445136180147,2247.53771339097,-2642.150749633982,6925.500412992078,1219.8970589576297,3992.724983387974,6850.176334204334,-98.40372390025941,-7.490086321640586,339.73886013072337,merge
26.59999999961292,-1.5202523860806756,-20.348134583384443,148.31002655575304,2223.769048452913,-2633.897270702436,6915.44683163986,1248.3479218720154,3986.6896688641955,6845.9233954795545,-94.07465312334973,-7.778472223733215,338.69348083881596,merge
26.699999999611464,-1.5312143832676433,-20.49530802622076,147.14904791715884,2200.2371822828345,-2625.0903279095533,6905.30143908914,1276.6764237306052,3980.1696897476636,6841.542285986468,-92.24428453059852,-8.058272024645813,337.7579451497654,merge
26.79999999961001,-1.546656934283296,-20.66183896885249,145.95635273608022,2176.927662087657,-2615.7737255115885,6895.06385644885,1304.8369427209705,3973.1083445265103,6837.037634388543,-92.1650847264468,-8.232218119553009,336.8245738744667,merge
26.899999999608553,-1.577225812601301,-20.84435931770654,144.7488890668972,2153.8813348588847,-2605.928434953575,6884.7270417081,1332.840102000325,3965.5472872078285,6832.42070754666,-92.19470237340676,-8.416442212873646,335.83798208112546,merge
26.9999999996071,-1.5618530204218448,-20.931240768320862,143.49022658406696,2131.06646332126,-2595.6319771150406,6874.284307997615,1360.6488264955046,3957.428433487002,6827.683601891649,-95.98668386805262,-8.720657801603561,334.8418021375537,merge
27.099999999605643,-1.5172377662296561,-21.026413535626773,142.2210729081063,2108.43981288086,-2584.9385449977613,6863.741294810102,1388.231444081483,3948.7352582860585,6822.790365187124,-99.83674390757439,-9.01360977265097,333.77535507465217,merge
27.199999999604188,-1.5023798513565454,-21.21695038899584,141.01368086202896,2086.05654020093,-2573.7751492899743,6853.112474833659,1415.626883733452,3939.5592753385417,6817.728684705806,-99.79578231101432,-9.312646909371585,332.62018483408497,merge
27.299999999602733,-1.5148378025246076,-21.361485411161016,139.84220410259675,2063.976951689489,-2562.088654595797,6842.4021776050695,1442.876659396886,3929.986551903947,6812.513404968792,-96.52395222171906,-9.59675684529619,331.4641015243656,merge
27.399999999601278,-1.4901295528410898,-21.360659672587165,138.63469789317213,2042.1606342971143,-2549.95332313046,6831.607043634171,1469.9885502535024,3920.0339023719566,6807.16533377781,-92.09230091573117,-9.831703205684384,330.4068527319099,merge
27.499999999599822,-1.438929491432363,-21.338000523379602,137.40646399857957,2020.570481331755,-2537.4325522076865,6820.739967737076,1496.9087764578871,3909.614770664344,6801.702177366087,-90.16675870644957,-10.062201533339078,329.4613988554178,merge
27.599999999598367,-1.419992413389953,-21.397946463415252,136.2143282323586,1999.2753726926237,-2524.470411053645,6809.831642234356,1523.5691186800216,3898.647817915813,6796.132534692085,-92.63219284044945,-10.319191109357995,328.53170644257875,merge
27.699999999596912,-1.4620972713382896,-21.537734665517295,135.04637842503683,1978.356740095605,-2510.9858484241627,6798.897895390884,1549.9268962292495,3887.1058095498797,6790.43382424103,-95.69800438507362,-10.516330814195557,327.5188442239175,merge
27.799999999595457,-1.5125696099305102,-21.60516036378909,133.85828915482685,1957.8588431593105,-2496.958844743816,6787.920301551953,1576.021453905211,3875.0751236251567,6784.59514764222,-95.12149533919514,-10.684412889867476,326.3869284297239,merge
27.899999999594,-1.5064766685785813,-21.59182852725908,132.5813334261233,1937.7241080687322,-2482.481284620079,6776.876901903927,1601.888834388243,3862.613472998534,6778.6282605325705,-92.69827735661407,-10.888877997864068,325.23827317716206,merge
27.999999999592546,-1.4485967179671713,-21.539391301460356,131.2518130099131,1917.8707931723238,-2467.6336361792128,6765.76210071846,1627.4965795983305,3849.6804292559614,6772.542968580589,-92.47508383482878,-11.162919388338032,324.1486508984957,merge
28.09999999959109,-1.3684557815515057,-21.455539319685638,129.95170408254558,1898.2611902771243,-2452.451893052938,6754.589871737221,1652.7974438212245,3836.240433213519,6766.332620121065,-93.88783639523483,-11.390712971685748,323.06784432676017,merge
28.199999999589636,-1.3234379465807848,-21.406046678095414,128.73037519134562,1878.9761373087492,-2436.876687955979,6743.405453125978,1677.8090572146946,3822.331443923805,6759.994966548291,-95.45418649988814,-11.676471963009334,321.95621829234494,merge
28.29999999958818,-1.3452771343082306,-21.396931552348843,127.55198353686795,1860.1064305627303,-2420.83619249497,6732.247565218413,1702.4951851463238,3807.93810708879,6753.509116300437,-97.95215228365166,-11.989669382736286,320.83000433851583,merge
28.399999999586726,-1.3815937999294872,-21.28535604623396,126.38777700060486,1841.7145677567948,-2404.2958115690813,6721.118902566397,1726.8738599658668,3793.0987514820854,6746.865286840761,-100.08782023754891,-12.403647230228325,319.6856336285304,merge
28.49999999958527,-1.3662560579777074,-21.058999246902413,125.16387459997487,1823.7406045788753,-2387.323731831251,6709.992809620357,1750.9073370072333,3777.8024072996977,6740.033973552132,-103.06023598137674,-12.869416256874505,318.53984898785274,merge
28.599999999583815,-1.299071863803374,-20.76198018559422,123.8982000029012,1806.0936265877062,-2369.994209740425,6698.854632854078,1774.6419390719127,3762.1101233987097,6733.009666084349,-102.65820408743522,-13.308308321844851,317.3536672816363,merge
28.69999999958236,-1.21141063390621,-20.42901778126282,122.66003607181818,1788.7189689608772,-2352.3491872924674,6687.71302556954,1798.1179972672726,3746.064129156925,6725.806866318405,-100.54086098109909,-13.762726156485119,316.21475795657386,merge
28.799999999580905,-1.1615295418401335,-20.134096864628862,121.49842840675255,1771.6817941008514,-2334.33445957569,6676.623387857661,1821.2666554711748,3729.6156560430127,6718.421242326218,-100.67081067806792,-14.266817270969783,315.1844235851842,merge
28.89999999957945,-1.178514917926646,-19.880032096727174,120.38690597248285,1755.065719419818,-2315.877568309339,6665.640273725233,1844.0263803065154,3712.734479372826,6710.833857234514,-102.4528004597135,-14.722650599678381,314.1587131245911,merge
28.999999999577994,-1.2105356934394764,-19.525580649449402,119.31325736024398,1738.9400298509015,-2296.956482191367,6654.785085940165,1866.4513495572971,3695.4778339652503,6703.050159363986,-101.45151748166558,-15.105953253577592,313.06113455980307,merge
29.09999999957654,-1.1913073941392562,-19.045478733474933,118.2033239147349,1723.2493064873656,-2277.642075355503,6644.024973482573,1888.6081702340857,3677.906412683593,6695.095117892531,-97.46452060039917,-15.417533448419492,311.9594262502606,merge
29.199999999575084,-1.1625181892000596,-18.648115519165998,117.0005993419877,1707.9353637468114,-2257.992932083369,6633.349729694393,1910.4948194451713,3660.0185486320493,6686.9920314695655,-92.56540396228164,-15.658152563054605,310.949662163294,merge
29.29999999957363,-1.19144830715766,-18.390824218653144,115.76675416596075,1693.071220736058,-2237.9747368503504,6622.796177029378,1932.0321030144275,3641.748283832087,6678.760751323664,-90.40594484391426,-15.880688054351815,310.0292571143377,merge
29.399999999572174,-1.2324644981742834,-18.076869672391897,114.56779208972834,1678.73187412024,-2217.560287667492,6612.374501911542,1953.1299465260772,3623.041417296059,6670.412935381276,-92.71431385045828,-16.121170157356023,309.10159215706483,merge
29.49999999957072,-1.2197450962346355,-17.660692798901792,113.3449771682826,1664.8546996719983,-2196.8020849602435,6602.043613980174,1973.737530830929,3603.888306015169,6661.928882527301,-95.60066467859075,-16.298711757644543,308.0736725013471,merge
29.599999999569263,-1.1750968666672668,-17.26433086299699,112.08965863529644,1651.3701284164408,-2175.734495534657,6591.783431607655,1993.925049820339,3584.3545875682516,6653.298024144709,-94.7510941506835,-16.445689788454533,306.9189688132351,merge
29.699999999567808,-1.160786938068233,-16.9784078052542,110.83077587741965,1638.3115960525859,-2154.343079432994,6581.622775059718,2013.7780068688098,3564.4991368931064,6644.533175609968,-90.57440797105315,-16.552293533856552,305.7358705354017,merge
29.799999999566353,-1.1742217108214734,-16.658922694389577,109.62097384948868,1625.7427834842745,-2132.6190075875415,6571.5880800683235,2033.335220230582,3544.343124237214,6635.660430722326,-85.38836159913909,-16.608541267728572,304.6350494011419,merge
29.899999999564898,-1.1490492101445198,-16.196313372969396,108.44309892821879,1613.6006586815722,-2110.6092404674314,6561.649488186193,2052.511192807068,3523.8451507870564,6626.718281948519,-82.98767464819825,-16.65656654054849,303.6328305925769,merge
29.999999999563443,-1.0969744458729334,-15.716637242580644,107.26589380739874,1601.8245832580449,-2088.357595742513,6551.79731774025,2071.2077542614825,3502.961951880239,6617.735519787973,-85.03422670224435,-16.720428393105255,302.63906463375446,merge
30.099999999561987,-1.0787666236147615,-15.338498104697711,106.11281435259745,1590.4873509442864,-2065.8300164389766,6542.087049319312,2089.3730289985165,3481.671654452352,6608.698204325759,-87.64837437885424,-16.711846302159724,301.58263348618965,merge
30.199999999560532,-1.122814703077473,-15.05052332351517,104.96716958058599,1579.691778596933,-2042.9906686185755,6532.573848775095,2107.04617950597,3460.0131001693285,6599.589423771662,-89.47653943876301,-16.803357359804,300.42292070193014,merge
30.299999999559077,-1.1748998060735565,-14.685404614093516,103.8276270614831,1569.479989751717,-2019.8564331515133,6523.24952307458,2124.187198381678,3437.987904353816,6590.387362322027,-91.96914329786044,-16.946198738751846,299.2077226279641,merge
30.399999999557622,-1.1687895406995876,-14.221597535279997,102.6434848075771,1559.763857305267,-1996.4787085480066,6514.053089931018,2140.8259919213265,3415.6292319339236,6581.076220617601,-93.927867865685,-17.200766930733074,297.9431338001662,merge
30.499999999556167,-1.1515041701988833,-13.868789578288512,101.37102525462832,1550.4768651540417,-1972.892506924372,6504.962570648719,2156.919625478246,3392.943166911439,6571.630372063539,-96.68100894736315,-17.506993310635,296.6599728644985,merge
30.59999999955471,-1.1907298890395552,-13.679906303326263,100.07783002591624,1541.7057983423185,-1949.0814900954008,6496.011251916602,2172.533054698997,3369.9736388641104,6562.036115882519,-95.9111291491126,-17.782649617001297,295.33356639714304,merge
30.699999999553256,-1.2416314983677377,-13.450351272080916,98.82420940691384,1533.536208506428,-1925.0441253602653,6487.206233152575,2187.7230287339785,3346.747538954421,6552.303927268634,-93.4241102549449,-18.07519992887275,294.05108924703984,merge
30.7999999995518,-1.2379799086694872,-13.173530239020957,97.6838786778598,1525.887590479766,-1900.795404879932,6478.494669393414,2202.439177998708,3323.2535046079497,6542.444416964793,-93.3519717751676,-18.422088273518973,292.8657854153293,merge
30.899999999550346,-1.2023398000796945,-12.944201641062232,96.56077288408007,1518.680531404111,-1876.3539139279444,6469.851872515789,2216.6197449767196,3299.4872939264915,6532.449701279336,-94.95613249643723,-18.71498863094222,291.70733722573453,merge
30.99999999954889,-1.1959516087476993,-12.777462971625871,95.26783131950751,1511.9656333784883,-1851.737760591696,6461.3104019058555,2230.333953463185,3275.482808757959,6522.316627375093,-93.65923591427374,-18.926639824742526,290.5085620454735,merge
31.099999999547435,-1.2172033383062029,-12.568916560870136,93.986361446494,1505.8114634538824,-1826.9507741260995,6452.8890712987395,2243.6413361203868,3251.2599553997916,6512.0588672111935,-90.80915160557208,-19.135165454897162,289.34509660909464,merge
31.19999999954598,-1.1991187201946178,-12.26895336317841,92.85853706015517,1500.1395914560246,-1801.9990287065586,6444.549857671255,2256.4554123604676,3226.7996050376332,6501.691700167045,-90.49305439304656,-19.392384574895114,288.26898695386933,merge
31.299999999544525,-1.1541851302838537,-11.98144055396525,91.78544071472054,1494.8746752519517,-1776.8936453391839,6436.276209886363,2268.7017823924484,3202.097580517395,6491.2128949028765,-91.86777121694134,-19.591010518124964,287.19029643407623,merge
31.39999999954307,-1.142418866459568,-11.738824749327428,90.57900167744863,1490.1056263920027,-1751.6517355521771,6428.124169045544,2280.4559497117107,3177.184144968904,6480.617780413601,-90.35506481642291,-19.703111281437792,286.04318118038145,merge
31.499999999541615,-1.1593009721634413,-11.444188857979642,89.39690779796908,1485.9134781212363,-1726.2803350942063,6420.125914220005,2291.782568900056,3152.0756887851744,6469.919046986801,-87.28524729294179,-19.812961743208504,284.9089659322754,merge
31.59999999954016,-1.1371544504376458,-11.000660216541894,88.23857510562779,1482.2203979347833,-1700.7954145684664,6412.245341614437,2302.597383072257,3126.757937183898,6459.138783747017,-86.80340870268721,-19.973115538872687,283.8437346609344,merge
31.699999999538704,-1.0880877780376108,-10.543284305161722,87.08352489072244,1478.9536066330754,-1675.198828904894,6404.464798908788,2312.8269094556035,3101.2304100839415,6448.2808063929415,-88.01399886387854,-20.0721180881806,282.771817629685,merge
31.79999999953725,-1.0733701996971299,-10.190325558825789,85.94964227582922,1476.1948998897574,-1649.4948116651824,6396.842870467723,2322.5127634212854,3075.513151510391,6437.340853787274,-89.37068102426329,-20.225506383120642,281.6354883643989,merge
31.899999999535794,-1.0873895274508714,-9.79632439115771,84.87021462775996,1474.0192307901646,-1623.7042244946936,6389.41974816142,2331.615326654519,3049.619609097137,6426.304205943695,-91.66542334431408,-20.3948421072579,280.46438385322546,merge
31.99999999953434,-1.0626680129134356,-9.250752960294276,83.82127314260975,1472.346619895497,-1597.837427250918,6382.154283037859,2340.2094181129,3023.5733789053456,6415.1569999944895,-90.48545136559248,-20.517673924227704,279.24178741513947,merge
32.09999999953288,-1.0109912368649854,-8.686537414895222,82.76746210860405,1471.1017405860305,-1571.8911212215476,6375.0242777350995,2348.3578473960056,2997.383980285506,6403.9074692715885,-87.62622770770874,-20.654288729185236,278.05599990179,merge
32.19999999953143,-0.9942065453146097,-8.222508743773794,81.71910343611351,1470.3584155258486,-1545.8754177442572,6368.094771554018,2355.9721654101622,2971.0478540285494,6392.575529495904,-87.33339898529086,-20.845502978517665,276.95818844108265,merge
32.29999999952997,-1.0062339274694707,-7.716675817622213,80.72295414257965,1470.1847572175375,-1519.816120763924,6361.412162372249,2362.9778585861077,2944.574407315077,6381.162864535404,-88.72085419983128,-20.978539834675356,275.86065588227683,merge
32.39999999952852,-0.9797304564398829,-7.058329913150939,79.76576526617366,1470.5019390440073,-1493.7175459942232,6354.92969848769,2369.418377530778,2917.9791980711016,6369.663886239857,-90.21918938981986,-21.171232261665345,274.70212309075896,merge
32.49999999952706,-0.9262261832613674,-6.379304016490921,78.801591100553,1471.2349468743503,-1467.5711031119263,6348.619995969308,2375.255908796083,2891.281753745451,6358.061936762032,-92.67088589705271,-21.382020052693523,273.5097160989255,merge
32.59999999952561,-0.9080211055268811,-5.800565796728874,77.83425422940506,1472.450857604023,-1441.3863025572214,6342.554134691084,2380.567985512676,2864.4969491158718,6346.342666755232,-91.56733920114485,-21.55081103823752,272.26527655989514,merge
32.69999999952415,-0.9186579547609388,-5.1839805161709265,76.92287111174423,1474.2111698020674,-1415.1924095498698,6336.7848284980155,2385.417456864139,2837.626542863502,6334.514041326482,-88.78372235226979,-21.7323977877818,271.0629295772328,merge
32.7999999995227,-0.8908697871090882,-4.416038374081679,76.06111716081415,1476.4387500618798,-1388.9951167960667,6331.260036413509,2389.714865883416,2810.678580734175,6322.593895040793,-88.61436105541667,-21.96519152591019,269.9539826811375,merge
32.89999999952124,-0.8360136655678898,-3.626256327579998,75.19206144912354,1479.060550654054,-1362.7806169143323,6325.946571698258,2393.387403619697,2783.672837354566,6310.5816266267275,-90.12507443095143,-22.13981231822237,268.84191219553895,merge
32.99999999951979,-0.8167043506302258,-2.9355008970687275,74.30940876045497,1482.134918161133,-1336.5635136883577,6320.922087175101,2396.5167657030843,2756.61606233893,6298.468608195225,-88.55796611833233,-22.234364275206392,267.66187414791636,merge
33.09999999951833,-0.8262358974734376,-2.305004733483265,73.58658196814676,1485.717446219189,-1310.361072365365,6316.2421447414845,2399.170146762188,2729.513943397503,6286.269010415662,-85.4316281751175,-22.326586731171076,266.49654041593766,offense
33.199999999516876,-0.7973936250412839,-1.6502250897123318,73.05891056504132,1489.7336754337327,-1284.1533398230147,6311.840600243685,2401.2629925579067,2702.384465573647,6274.010807798937,-85.04739770361238,-22.464642009435625,265.39860119432655,offense
33.29999999951542,-0.716055037933115,-0.9079747954301586,72.59053223514773,1494.082430584686,-1257.917387717146,6307.645925757533,2402.724244064674,2675.237810041034,6261.694590081266,-86.36143511957683,-22.539500451393856,264.295351771913,offense
33.399999999513966,-0.5922841840706973,-0.23976497136301728,72.34330960135134,1498.7062453738158,-1231.6603840528255,6303.645956775266,2403.600011127473,2648.0791100159117,6249.313005654923,-87.78333868256105,-22.672900993653023,263.12337734909363,offense
33.49999999951251,-0.43389838840979755,0.24611520346674498,72.43327242046631,1503.56154544975,-1205.3903202878128,6299.853132266683,2403.8560115639752,2620.9333511452064,6236.850821849129,-90.15915052990606,-22.820029373240793,261.9154250478959,offense
33.599999999511056,-0.27421025146563577,0.9394948873331592,72.5283567280169,1508.6075438256432,-1179.0946806385098,6296.299049797789,2403.5711071521814,2593.8007488370604,6224.290922734604,-88.88595151895213,-22.924289992671746,260.65716437135177,offense
33.6999999995096,-0.1248337706679727,2.1398902468312877,72.70385876063906,1513.8223655017748,-1152.7769258277294,6293.058369473479,2402.8079164718897,2566.6707981699,6211.639655281538,-85.93928879005436,-23.04092674492105,259.44352131149776,offense
33.799999999508145,0.033270715436214376,3.0988613521126678,73.13283870548936,1519.144460928439,-1126.4026490204915,6290.087920764998,2401.480368887539,2539.5670789057162,6198.920320501122,-85.7258852816014,-23.2073644818759,258.32118295035343,offense
33.89999999950669,0.19057313106592136,3.4815352801354043,73.85003397949127,1524.5261611719548,-1099.9674119509673,6287.405137787148,2399.520457348633,2512.5223810560888,6186.13660731926,-87.1949759908955,-23.31317204472925,257.19533018401904,offense
33.999999999505235,0.3609240388863118,4.2642290943273835,75.0100321104947,1529.9218055815127,-1073.4612682723855,6284.948449524129,2396.974992076291,2485.5387409613445,6173.280987318752,-88.73841506837962,-23.4827921239056,256.002061180711,offense
34.09999999950378,0.48828777286431246,4.066835036080342,75.83131294150492,1535.2644102040533,-1046.8748828053326,6282.743454251066,2393.8138847217338,2458.6483085833056,6160.337165520841,-91.24863702995737,-23.66788162726585,254.77240117712853,offense
34.199999999502324,0.5617958793354553,2.720003041726531,75.91365869279652,1540.491933386831,-1020.2162906697112,6280.809012029064,2390.115974532318,2431.84211523807,6147.287987316513,-90.02174470129438,-23.814755972604168,253.49158105702702,offense
34.29999999950087,0.5970917763439995,0.8797820421379877,75.4337837578279,1545.5776509622983,-993.4959682007326,6279.122608339397,2385.9413334091123,2405.102034243632,6134.139890573618,-87.12355315996813,-23.972414381394092,252.26101509254985,offense
34.399999999499414,0.6063498095428533,-0.907997603210603,74.6933795856985,1550.5582761266114,-966.7263942529811,6277.597382945216,2381.2066808567474,2378.4634089393244,6120.9143084179495,-87.02015448723442,-24.175789971516117,251.1267673501913,offense
34.49999999949796,0.593274750164686,-2.5260122151329765,73.95239418427646,1555.4890246955151,-939.9248414902589,6276.148809441376,2375.857240738906,2351.9753120962814,6107.616561443621,-88.67268035664682,-24.324368321657083,250.16928946088652,offense
34.599999999496504,0.5613606385941917,-3.8266128580206327,73.41077936643303,1560.413224490132,-913.109868668862,6274.712299307987,2369.98652954489,2325.6233086258326,6094.238562870214,-87.06051461442192,-24.39971117991441,249.15366636964072,offense
34.69999999949505,0.5139188430879359,-4.791874864344232,73.11697573870954,1565.3587443068277,-886.2921876949565,6273.245763023168,2363.6556575856494,2299.380851569038,6080.788095275921,-83.79114668292411,-24.4626402883178,247.8956161292755,offense
34.79999999949359,0.4543478055441599,-5.627069053453752,72.9499419634634,1570.3431611808605,-859.4768416576112,6271.720895024506,2356.822509143428,2273.2850932811566,6067.29343197358,-80.14682877918496,-24.419739915205145,246.69995585408827,offense
34.89999999949214,0.3858689085921079,-6.4057617520904735,72.87136376747841,1575.3764229319152,-832.6676474099106,6270.119079204029,2349.515808421162,2247.319215821274,6053.778429006135,-75.75444142076724,-24.30706242207257,245.57201371112208,offense
34.99999999949068,0.31177965656695766,-7.307841754847344,72.8135643725798,1580.4656998230928,-805.8712616873311,6268.4212688239395,2341.6967235170246,2221.4976121752175,6040.27922593048,-71.51881816395404,-24.06404873714995,244.5393992562004,offense
35.09999999948923,0.23499428609719347,-8.398803272105763,72.77147737005993,1585.6176055832848,-779.0956413466705,6266.601863976306,2333.4317828970325,2195.7858307709735,6026.807751426655,-64.25612220191599,-23.642258639176188,243.58190995777397,offense
35.19999999948777,0.15815158869263254,-9.491776546596821,72.82157867241628,1590.8354024200005,-752.3483166272296,6264.6333749191945,2324.7554030414985,2170.1552592366825,6013.3985870684355,-54.676536571227,-23.064553936746275,242.7736043156941,offense
35.29999999948632,0.08356768820476405,-10.549026842781434,72.97002185893747,1596.1176425510732,-725.6362238415331,6262.490793710947,2315.6595028458496,2144.5889259950363,6000.122454222662,-44.01609583955373,-22.31593807978146,242.1484931970191,offense
35.39999999948486,0.012770061693095882,-11.564895723610741,73.20722766543254,1601.4590764496936,-698.9646686881383,6260.153540627986,2306.1821506487036,2119.053304983516,5987.029964602921,-32.224509863922094,-21.335975077872366,241.74152771552718,offense
35.49999999948341,-0.053551252271643555,-12.539055566440721,73.52068361635095,1606.851917970874,-672.3377367253304,6257.604673751575,2296.3984854036075,2093.502803555762,5974.148604891059,-20.977013293039068,-20.1846715851363,241.51091367506456,offense
35.59999999948195,-0.11540881548578555,-13.472110756129455,73.8979964870331,1612.2867097250205,-645.7587548536828,6254.829946078196,2286.325239381825,2067.9036372390074,5961.583717115057,-14.028269871614523,-19.052749244594644,241.48580054719625,offense
35.6999999994805,-0.17333108933466299,-14.365198758539933,74.32811651471702,1617.752869125668,-619.2305841370287,6251.817194112924,2275.975665026616,2042.2306216136656,5949.45259875615,-11.564937681273054,-17.85534197454796,241.57885833651036,offense
35.79999999947904,-0.20265358565202743,-15.20135062121784,74.89422184030042,1623.2360826481447,-592.752818456459,6248.535368198714,2265.3691330469987,2016.4744986701749,5937.804052320135,-10.782999257636478,-16.495485673759966,241.72754169648508,offense
35.899999999477586,-0.149733258699723,-15.974251630978031,75.60119002607611,1628.704692310475,-566.3140396999579,6244.877579110283,2254.5336119363183,1990.6360897519498,5926.6218511789175,-10.14002711546611,-15.16639422608682,241.88761579902956,offense
35.99999999947613,-0.043436266904248844,-16.75426275020209,76.04966166348764,1634.1376279180554,-539.922963515715,6240.75636833244,2243.4834458611476,1964.7178811219137,5915.9192612583165,-9.623489704148756,-13.906844831213245,242.03329452463376,offense
36.099999999474676,0.013864533525945359,-17.56354894314292,76.13556929873724,1639.5609059901778,-513.6157433847952,6236.248719128376,2232.2316480614304,1938.7242564716985,5905.705995858747,-9.247080411806765,-12.702157947355158,242.15964965716637,offense
36.19999999947322,0.02730236929908528,-18.377480373379885,76.1613729102453,1644.99280277468,-487.39971949769114,6231.419426046467,2220.7864249799486,1912.660373261757,5896.00829622345,-10.236977259575603,-11.550303870951804,242.20294861662381,offense
36.299999999471765,0.06351164421411995,-19.189295098421404,76.35685451264966,1650.4397984480138,-461.2653928944647,6226.180945985931,2209.130367432488,1886.538115028596,5886.883210905129,-11.733297485468237,-10.542933784043699,242.27213767344355,offense
36.39999999947031,0.12870853580102523,-19.984660326785782,76.38597728690961,1655.899785561382,-435.2228809562679,6220.466478715951,2197.279080546244,1860.36982493582,5878.276623047814,-11.80495110886559,-9.511741083258341,242.2732585937807,offense
36.499999999468855,0.13047712566136818,-20.77764935089936,76.17612424524394,1661.3824964295995,-409.2801196689405,6214.373631305588,2185.2436728562657,1834.1654431193465,5870.157260532341,-10.457277578971283,-8.443435795183184,242.3007624444503,offense
36.5999999994674,0.09507702225697251,-21.59428562854895,76.0589622069151,1666.888898533398,-383.43082431921346,6207.96888679027,2173.0652367668204,1807.9173927604272,5862.425998698548,-4.619239795281854,-7.469138939535946,242.4590936782486,offense
36.699999999465945,0.10004442048787997,-22.423682276140323,76.17419272251817,1672.418849747717,-357.68092792040994,6201.153555476019,2160.7994563373,1781.6132803394953,5855.016285129342,2.8678176073665456,-6.521853311163849,242.68347164530857,offense
36.79999999946449,0.13907150224283715,-23.238290419462142,76.15776183939417,1677.9699264013223,-332.0330148080668,6193.850699555854,2148.4872663815636,1755.2380260742527,5847.974318043852,10.822001901986606,-5.621254975976651,243.11525039621228,offense
36.899999999463034,0.17612702973317315,-24.072337831024274,76.1275927140699,1683.5526105903587,-306.48861940312554,6186.117736194152,2136.1784785014806,1728.7731534787404,5841.237817670256,19.688504542609124,-5.08514318012137,243.6093017860999,offense
36.99999999946158,0.22823215675705744,-24.838599401970452,75.96224889956402,1689.1755003710568,-281.0534215413551,6177.91993086159,2123.927862025897,1702.18427221049,5834.824962457011,25.338076070407613,-5.0881708801217185,243.96894040073474,offense
37.099999999460124,0.21063841860450072,-25.579573691151833,75.5978368872982,1694.8387475232503,-255.72103130553182,6169.355750583369,2111.7963813099423,1675.4585592144342,5828.788924934095,29.414221739512442,-4.278064355816065,244.85779348670255,offense
37.19999999945867,0.12485971604786676,-26.381496281892893,75.25858864137777,1700.5271185032022,-230.4862590354632,6160.526244672794,2099.797716017696,1648.6139256926808,5823.050442226375,36.9172217667548,-3.3518443648291996,246.0643276231929,offense
37.299999999457214,-0.00816845212123543,-26.971275131296704,75.10226887291306,1706.2279972838742,-205.36423419983294,6151.451219700462,2087.9251313562168,1621.6385748600976,5817.511190291379,48.53106442774702,-2.661209882600404,247.44302240805604,offense
37.39999999945576,-0.11810403468742847,-26.796069979946093,75.29104659059381,1711.927314788966,-180.3584609095277,6142.142640690494,2076.222441973135,1594.5018992847722,5812.1312165248455,60.105291333034906,-2.206437757819439,248.9021249093533,offense
37.4999999994543,-0.12460141212491933,-25.3757828377017,75.51601614370657,1717.6098549421793,-155.42969572158776,6132.579746246624,2064.80767169092,1567.1769104601497,5806.921668288687,67.32604292090336,-1.963093941048546,250.42865839015877,offense
37.59999999945285,-0.07852124542749113,-22.717586857101878,75.42336303470822,1723.2872360193337,-130.51822896828864,6122.815607992021,2053.817162746686,1539.6399108018597,5801.890676411552,70.46174900476763,-1.8907194854303402,251.98039666869684,offense
37.69999999945139,-0.032075912584467486,-19.721641510708803,75.39473667822902,1729.0031465166112,-105.56988603551741,6113.030938732249,2043.3606227285668,1511.87969521023,5797.0439555359935,70.78098259344368,-1.8984027376836246,253.49512747100016,offense
37.79999999944994,0.027870918656838824,-17.614167481772697,75.47239633173413,1734.7554730849133,-80.55452196827976,6103.285362004781,2033.4270076580463,1483.9222880521957,5792.3644617679865,72.61245865291205,-2.091992678383074,255.0196536473843,offense
37.89999999944848,0.07263913081789548,-15.255041838790417,75.72741995754754,1740.5478850952225,-55.43813330054433,6093.727086530883,2023.976618860964,1455.7940313588565,5787.8021835753325,76.11782262664013,-2.3776782585099303,256.53209418753556,offense
37.99999999944703,0.17988960170563942,-13.100366073531132,76.26383066263797,1746.3645022822536,-30.198006586155376,6084.345937009585,2015.1029426518753,1427.4957114147564,5783.3443885457045,76.5113832155212,-2.464217097483468,257.9329636486394,offense
38.09999999944557,0.30994905203413947,-11.644874995028081,76.8259685356553,1752.1813070665332,-4.808945949627964,6075.111597142062,2006.849948716905,1399.0590156492501,5779.001065805251,74.90216650625135,-2.5242687893757276,259.30372412885805,offense
38.19999999944412,0.4445391578561215,-11.1460612501892,77.37545578462186,1757.9579906597287,20.73993176581427,6066.079970648325,1999.150380290702,1370.5033404066123,5774.7618171049035,75.59425779123427,-2.6731827769334133,260.6707901219402,offense
38.29999999944266,0.5938925116638848,-10.32282566342539,78.25560903618933,1763.660263490727,46.44538796215219,6057.213243975279,1991.9528747171523,1341.843740406215,5770.591367009944,78.22557858603336,-2.7658355534461463,261.9916305732694,offense
38.39999999944121,0.7444915799380485,-10.072783501788923,79.04291685659683,1769.2400353261248,72.31836502087758,6048.526235460118,1985.3087691199826,1313.0885790364746,5766.488129776186,80.57665812865177,-2.9415420201343103,263.2874117911574,offense
38.49999999943975,0.9093632487478565,-9.597209881589437,80.27968496936145,1774.678089490361,98.34714474864212,6039.961265426096,1979.1852900152712,1284.251400659205,5762.412469687048,83.81998616655578,-3.1271463911315287,264.58554684974644,offense
38.599999999438296,1.0235521899981785,-9.492389626504279,81.14550449794663,1779.8909311428802,124.54000684135954,6031.535853254888,1973.6714372314639,1255.3450481207751,5758.355425146095,83.329841409851,-3.2679917504364253,265.852164226352,offense
38.69999999943684,1.0712125003360633,-9.111358693404727,82.61797119214586,1784.7408161913609,150.89375193043676,6023.303067581105,1968.8296688243397,1226.3843694752527,5754.328967411167,80.90850222543179,-3.4123448656842603,267.1130299523278,offense
38.799999999435386,1.0711010113471136,-8.667382245685088,84.31802301680469,1789.1116468370733,177.39703412651613,6015.3042041399185,1964.5746172532592,1197.374899277632,5750.335273142418,80.94101352769859,-3.6255104286575928,268.3975976576277,offense
38.89999999943393,1.0905311044726458,-8.408881160836268,86.07142384097348,1793.0094061616694,204.01601275289153,6007.52875742704,1960.8398553430782,1168.3223444491293,5746.350206164339,82.9028552967577,-3.757182720841724,269.65691459836285,offense
38.999999999432475,1.1384265306070787,-8.239261893006171,87.77423292124438,1796.4645722459038,230.72753423464846,5999.929867253164,1957.6748207076575,1139.2450477762923,5742.37581789718,84.58736547625904,-3.962524515676927,270.8895971024449,offense
39.09999999943102,1.1842458510317804,-8.102997602457368,89.37017985016118,1799.410319569411,257.517519434123,5992.515098964331,1955.0407247101166,1110.1518469537407,5738.381565264076,87.25018605974411,-4.1661030108850605,272.1251213403247,offense
39.199999999429565,1.2429520538724304,-8.014487127936862,90.93126482019827,1801.8657536584103,284.36982059130594,5985.241142643947,1953.0247215932284,1081.0664033270696,5734.360060057747,86.1180070618102,-4.304669964158708,273.33223212528173,offense
39.29999999942811,1.2920183659053641,-8.037965818085398,92.46580257318757,1803.7724904017007,311.2663050230596,5978.105312909049,1951.709446524851,1051.9909727290835,5730.327754205945,82.03365798076878,-4.423875817660147,274.1519569777523,offense
39.399999999426655,1.3514662403330053,-8.12141588334901,94.00155172734662,1805.1586173741093,338.1912194628417,5971.060292803154,1951.0391991487843,1022.9022078383085,5726.315673326711,75.70667826960138,-4.645738621985823,273.7139086421888,offense
39.4999999994252,1.3563192155976522,-8.14604651052943,95.47554630909758,1805.9321703686503,365.1165885755734,5964.104860547412,1950.882794525595,993.7940586850723,5722.357945416167,67.41253931412653,-5.176226346946529,272.15291097944237,offense
39.599999999423744,1.3264319527574395,-8.182202560434474,96.93303406087549,1806.0550830331504,392.02133661657945,5957.246344157919,1951.058164758376,964.6575072120144,5718.45852790559,57.83969589500111,-6.0835291730530185,270.2465509489022,offense
39.69999999942229,1.3267500245209027,-8.334786803857465,98.41832983034479,1805.60681746264,418.9064309005298,5950.473009315044,1951.4139617846793,935.4884267028278,5714.5942368346905,47.85938617377902,-6.939370763526176,269.0053454866361,offense
39.799999999420834,1.3589756552438987,-8.444603563521872,99.87245106154124,1804.647419078025,445.76932389596584,5943.753353995639,1951.8969630671695,906.2920493750062,5710.773021327639,37.79427505662987,-6.727882148429301,269.2505594833501,offense
39.89999999941938,1.3884349242419414,-8.588430606085165,101.27905046841899,1803.1252241482812,472.586828466113,5937.092893945653,1952.5303976907944,877.0778080181389,5707.075828649855,27.995229222715487,-5.071778968567552,270.5079520064917,offense
39.99999999941792,1.4342585131266632,-8.739901280001176,102.6780940867198,1801.0783988361184,499.35182824683756,5930.458573484954,1953.3476789808822,847.8607583735368,5703.64808625387,18.464292473806807,-2.6182151010889396,271.79695588481405,offense
40.09999999941647,1.4707558756086958,-8.986663980651189,104.05891263066573,1798.4599866601122,526.0374264866713,5923.845270470935,1954.328686866432,818.6437962410242,5700.622957357389,8.835381294710974,-0.39756136582298013,272.49303186639776,offense
40.19999999941501,1.5199129642467037,-9.263923714233085,105.43968218524527,1795.3072027214416,552.6613104228264,5917.213957316682,1955.4041720552664,789.4161836481003,5698.071945990918,-0.23996604482077177,1.4825059268386702,272.7138661586135,offense
40.29999999941356,1.513017198182115,-9.458266037957802,106.76936991040179,1791.5273679591905,579.205604078356,5910.5516254979975,1956.4921971535887,760.1662442636363,5696.005169992769,-8.404998534062576,3.1589468676891723,272.5601304998801,offense
40.3999999994121,1.459851084408647,-9.606417581240022,108.07942451266675,1787.041474824751,605.6258260541197,5903.8711114406615,1957.5111686771847,730.9050768104962,5694.454397729525,-16.60074101883294,4.676910634136106,272.08932656874015,offense
40.49999999941065,1.3705774195230473,-9.648247376774941,109.27757353069096,1781.8521607421549,631.909307855605,5897.20259100422,1958.3786269007844,701.641290616436,5693.415249890006,-25.05774251479442,6.010457027216668,271.34526546044543,offense
40.59999999940919,1.2513112150472436,-9.534359708573561,110.32640301713334,1775.9772086510143,658.0532859787352,5890.597807281921,1959.020882879728,672.3795823572046,5692.84887321691,-33.532018669027245,7.174236684266286,270.35511502437845,offense
40.69999999940774,1.10462538854018,-9.14801025633904,111.46071993749332,1769.4386724230824,684.0617427971503,5884.127193638107,1959.3730188806226,643.1236940719011,5692.704663500959,-41.88603754871744,8.14873787567775,269.1337240276049,defense
40.79999999940628,0.9371994441589007,-8.419009085428486,112.6871822785459,1762.284198076049,709.9342916312344,5877.871560905985,1959.3708997450954,613.8817531349492,5692.936094901762,-50.41963795951485,8.908938249079096,267.70357611254383,offense
40.89999999940483,0.7598367191788588,-7.408970195068313,113.7529480628836,1754.590765216229,735.6711628319837,5871.908366754288,1958.9775360904569,584.6556186791586,5693.4705469326145,-57.208056845992,9.512046456496588,266.1448781608566,offense
40.99999999940337,0.5765330094711121,-6.1529543241623195,114.55512345218365,1746.4355244740352,761.2920109085177,5866.308944860321,1958.2039023274674,555.4378174968869,5694.233789094257,-62.785457856873265,9.84187002922264,264.4689568779722,offense
41.099999999401916,0.3881890786757941,-4.835219280839739,114.96698072648721,1737.898723264576,786.846867800884,5861.124966014108,1956.976383914904,526.2383603132281,5695.204693578155,-68.61026445221184,9.866267797397063,262.9426920999836,merge
41.19999999940046,0.23352427743165982,-3.6002329605328764,115.11007957064247,1729.078353026771,812.3954554433703,5856.36281590645,1955.3543461249974,497.0282262612248,5696.306276749814,-70.7303985957394,9.811237699045082,261.6555750535146,merge
41.299999999399006,0.1161567998287329,-2.101388635173464,115.00901611401294,1720.0616508582916,837.9670372376204,5851.9795870444095,1953.399623344771,467.791052245544,5697.497576748357,-69.91526094504567,9.727758658446435,260.46135578617094,merge
41.39999999939755,-0.028955722402824173,-0.31345145872376384,114.61349765237017,1710.9054775088305,863.570236574626,5848.060058110384,1951.0929649288043,438.53820348580814,5698.78490360832,-66.76201826972809,9.73659479344857,259.2669929954513,merge
41.499999999396096,-0.18166194159354526,1.4562059630741906,113.94610456114171,1701.687558277934,889.2218407364437,5844.5966055371855,1948.38997328509,409.30224367082616,5700.202680093446,-63.65886758327197,9.8138229140051,258.05060415029504,merge
41.59999999939464,-0.333122241996455,3.098565350332132,112.97310519836381,1692.482698949347,914.9409211581001,5841.566883976132,1945.1910602595867,380.1430515283764,5701.813159088802,-64.3129986978881,9.848940547412257,256.93481174066216,merge
41.699999999393185,-0.48663832152366715,4.543944923210189,111.68398483705113,1683.3662860490383,940.744491941701,5838.96269766681,1941.3939181681803,351.11331664844624,5703.651112509013,-69.76409275211567,9.839250889214124,255.8009872098058,merge
41.79999999939173,-0.6424855844796228,5.713823217806568,110.04503208104558,1674.409454511425,966.6469497736533,5836.759723792211,1936.9844818153008,322.22535391199256,5705.664645779112,-75.02529812943035,9.890357397751862,254.55895322986592,merge
41.899999999390275,-0.800573376603343,6.5132948171300535,108.05861643704795,1665.680058679721,992.6610040079232,5834.921218287921,1932.027912409235,293.45719206472523,5707.78796567781,-79.2576154912096,9.790008717927758,253.1751992969713,merge
41.99999999938882,-0.9325928240800575,6.971468603267175,105.8719238317491,1657.2291636614418,1018.7908450664348,5833.382702143174,1926.4783227909502,264.83378734703024,5709.979279324365,-84.10648051495787,9.596404932709154,251.74879562714443,merge
42.099999999387364,-1.0027664356282322,7.163307071095806,103.84699597755616,1649.021070308734,1045.0474763924965,5832.036502055365,1920.3749347694713,236.34441571651718,5712.193537380284,-88.28991549375934,9.231689789658631,250.28401000952144,defense
42.19999999938591,-1.0229709224562356,7.122150191672656,102.1551440524453,1641.0235295970624,1071.4481948109842,5830.825677651277,1913.6778673603865,208.02142710972078,5714.381994796748,-93.2643654833606,8.766905017454315,248.8242331763756,defense
42.299999999384454,-1.0027676455439092,7.087966158031974,100.7180615239401,1633.2752070802358,1097.9724212797996,5829.748265770626,1906.4701263126576,179.84019865645575,5716.506300640896,-94.4093918338969,8.288239782583835,247.34746186428373,defense
42.399999999383,-0.9495954547360773,7.319555558597742,99.44324982534626,1625.8149352510027,1124.5855550694644,5828.814491897545,1898.812480481211,151.777253551636,5718.558791240796,-93.7159565222169,7.760821433293274,245.96213047050327,defense
42.499999999381544,-0.8647271374074236,7.820600350107282,98.27706304390934,1618.6651244523732,1151.2767184193035,5828.05779650994,1890.6586515960507,123.86551516214634,5720.530849951932,-92.23317751268108,7.307239500901747,244.70981946308052,defense
42.59999999938009,-0.7483294023736606,8.457441297791565,97.32976512966361,1611.8325378839631,1178.0345512695023,5827.520069643778,1882.0436616511543,96.09633166057108,5722.434534503746,-89.91290702297447,6.916892369460985,243.5444840112015,defense
42.69999999937863,-0.623645585029852,9.177019887455454,96.58578459241915,1605.320136878029,1204.8418457664877,5827.261972751239,1872.8846377650116,68.52964511941019,5724.279192399806,-90.65520165221754,6.490784392496859,242.47070136557073,defense
42.79999999937718,-0.5470830246415885,9.913940729336854,95.94806826980671,1599.1663782799544,1231.6709769318488,5827.404884249738,1863.1200938830957,41.2168722647057,5726.04756363464,-93.23203612166425,6.132911773093684,241.37603203255975,defense
42.89999999937572,-0.504622060525244,10.664494409571205,95.56205143194977,1593.3893348724475,1258.496287504333,5828.02517367721,1852.8393866193721,14.115037852118638,5727.727979030443,-92.72210270922852,5.8489068635150705,240.19049478090918,defense
42.99999999937427,-0.4609130965810078,11.488709612230885,95.21396370687583,1587.9202467228013,1285.3191933700716,5829.084075957969,1842.1085841302242,-12.816321784500378,5729.330186492166,-90.65598105678318,5.552554265645607,239.0168858818778,defense
43.09999999937281,-0.4816164718595779,12.433870014816021,94.69469238423123,1582.7834265004842,1312.1261512978301,5830.6632040247,1830.8458675799743,-39.51832777864963,5730.860844161734,-91.25367701826052,5.188814649324108,237.9269539751747,defense
43.19999999937136,-0.5193827905449475,13.346571321529913,94.27904640021868,1578.0279001312401,1338.8800316599866,5832.8142927578065,1818.9955483483834,-65.9281459174885,5732.302449762172,-93.58073967922728,4.8826396607552685,236.8232015151943,defense
43.2999999993699,-0.5523503524765506,14.26103365700265,93.74481383853548,1573.6305405299586,1365.560367871192,5835.468327226988,1806.6464342936515,-92.0879758298457,5733.646094480431,-92.81554805965858,4.651272847418063,235.63417684707883,defense
43.39999999936845,-0.5981659756748319,15.229357748414904,93.11161207715627,1569.6332130922674,1392.147381898141,5838.638585852757,1793.861229932845,-118.04319144055515,5734.904562862739,-90.47759624880653,4.40747000026241,234.45756666327316,defense
43.49999999936699,-0.5894385218130231,16.175061527135536,92.58022206945277,1565.9886973787723,1418.6558216103251,5842.22674334136,1780.562936127273,-143.72863834603857,5736.086879059625,-90.80953129143296,4.0975102172588205,233.36289381007583,defense
43.59999999936554,-0.5502219689432372,17.223141242269854,91.90928704069964,1562.636076870953,1445.1074335905498,5846.169686700574,1766.700462166172,-169.07637093566265,5737.179173498431,-92.86831919674908,3.847816467137266,232.2574091688433,defense
43.69999999936408,-0.5519198697494461,18.326385271974573,91.04505687492617,1559.6079410363477,1471.4846513202556,5850.5394746304455,1752.3588517255832,-194.1347739929045,5738.174578923682,-91.87927674710826,3.679657945989764,231.06987887419697,defense
43.799999999362626,-0.5824486550148467,19.331588698789602,90.29373497350186,1556.9515809318436,1497.743419897352,5855.385950886352,1737.5976008004789,-218.9544395662993,5739.087327627763,-89.31188350253598,3.500137979517737,229.89209823391062,defense
43.89999999936117,-0.6178364160097478,20.27737225435199,89.48984314771835,1554.6428563241973,1523.8816812283676,5860.658332934824,1722.34542237965,-243.4646220110134,5739.930266428265,-89.41900446013405,3.254323613848932,228.79192778590473,defense
43.999999999359716,-0.7079357267228364,21.229294357251796,88.41495016515728,1552.7467383064995,1549.8788689021158,5866.4028905794685,1706.5563613638026,-267.5927865085428,5740.694032691503,-91.25196654238465,3.071392462151068,227.6836230093327,defense
44.09999999935826,-0.827400599054802,22.11895312192212,87.1766187104544,1551.2946814389436,1575.7362597650917,5872.575596540818,1690.3069406782242,-291.39802329690195,5741.372110059232,-90.07848963156957,2.9773726555139906,226.50011073197024,merge
44.199999999356805,-0.9593068769258176,22.86050627892659,85.74858245501562,1550.3053081724427,1601.4681828798662,5879.105033861769,1673.6521901446754,-314.9368727928043,5741.978630116868,-87.3219144885215,2.872813886083984,225.3256457188331,merge
44.29999999935535,-1.0658112924405008,23.502763568076,84.19802039445408,1549.7908941469702,1627.085906418805,5885.915145294553,1656.5324707342238,-338.1282515708987,5742.530986770004,-87.24328090107626,2.700623340544771,224.2217455762229,merge
44.399999999353895,-1.1474895932692655,23.912029095775317,82.48815286706302,1549.71887804203,1652.605455652139,5892.935001691819,1638.9028971838056,-360.9000382793019,5743.025305037141,-88.8892853063365,2.5934426305778597,223.11552570087827,merge
44.49999999935244,-1.233668293477347,24.143264027830753,80.7347418152794,1550.158726653418,1678.0097320605446,5900.1431899528925,1620.8076968342675,-383.28427636428614,5743.454895317066,-90.6562322502126,2.4094618593141495,221.9467560808906,merge
44.599999999350985,-1.2604702899138485,24.369290056790884,78.98435752669042,1551.0451099860268,1703.3267048019807,5907.481456928132,1602.2354941765789,-405.2361614515577,5743.795220267576,-93.3911333121773,2.1995967972556287,220.74599446178823,merge
44.69999999934953,-1.2533215750328917,24.50304396825617,77.25466938579311,1552.3186602470437,1728.5806618792853,5914.923898612977,1583.2570720984224,-426.8171231955022,5744.033541014394,-92.61648956265886,2.0355935350090064,219.4851481110571,merge
44.799999999348074,-1.273470037189571,24.45501555463282,75.59727290582593,1554.086458323119,1753.726521763414,5922.502318671182,1563.9182759345576,-448.08650183483394,5744.18169534672,-90.13900478038931,1.8443859998337273,218.25366867594522,merge
44.89999999934662,-1.3576443166534446,24.207186367559217,73.98000044426796,1556.4777379792247,1778.70254471043,5930.233075396362,1544.1610175345138,-468.9582273404365,5744.249885863316,-90.22979534261744,1.5803751693562895,217.11630078299518,merge
44.999999999345164,-1.446416820370904,23.993780533832865,72.36917829646481,1559.5253679498064,1803.4910619914815,5938.068538484744,1523.9537491930055,-489.3498569734417,5744.227859958252,-92.03081585184577,1.3775456847587373,215.98281688603353,merge
45.09999999934371,-1.474748145018488,23.85833142024057,70.84563831494407,1563.1152561411652,1828.1497233800824,5945.954883368111,1503.364826449422,-509.3303451587132,5744.110495022241,-90.85805342870597,1.265869611092063,214.77693833037074,defense
45.19999999934225,-1.4508584028777607,23.72613934515272,69.34181037180598,1567.1282199353864,1852.725766972299,5953.8703808063865,1482.437458072697,-528.965526041355,5743.912629554988,-88.09849435969751,1.1444222503317905,213.5804785078746,defense
45.2999999993408,-1.4022401469797117,23.619727062026136,67.71203736529809,1571.53627794737,1877.2008235931105,5961.810331160242,1461.1220845960493,-548.1673248415341,5743.650687071416,-87.9673977543166,0.954201480989052,212.460307035682,defense
45.39999999933934,-1.3852782519473357,23.44470925215888,66.15296395746965,1576.454577495494,1901.5021669503346,5969.803368873721,1439.3943634110253,-566.85161458457,5743.320222190842,-89.56012896925459,0.8297839784453552,211.33859993743712,defense
45.49999999933789,-1.395650069670983,23.345622216674744,64.81346203059849,1581.9667164386133,1925.5880228555184,5977.8657269801,1417.3119104733328,-585.0961876292206,5742.914529580137,-88.22622065332021,0.8051556308644074,210.14844551899347,defense
45.59999999933643,-1.4072775385412046,23.25528605916554,63.49643116073067,1588.017707725734,1949.4739257586998,5985.990345588264,1394.9122694584016,-602.9720502769818,5742.446925104159,-85.303664129658,0.771654759438365,208.96372960563536,defense
45.69999999933498,-1.4365541137012392,23.209130655208323,62.00925734338945,1594.6372584813387,1973.1108253882333,5994.162384032035,1372.1603598699062,-620.3850433431032,5741.9399059157795,-85.01433087162873,0.6671516783916313,207.84549318356017,defense
45.79999999933352,-1.457932355119391,23.125109598117884,60.445534755518636,1601.7787019500222,1996.5143867270745,6002.368684860305,1349.032972196169,-637.2522138136503,5741.39514660278,-86.44813996783537,0.6301073960519048,206.733489329281,defense
45.89999999933207,-1.490926810839003,23.00637016823232,59.021798640771735,1609.4867420710816,2019.6656173707981,6010.602200187269,1325.5641088475015,-653.6163398618398,5740.806020892433,-88.02016168161404,0.5235510978514533,205.5601922340626,defense
45.99999999933061,-1.4712882427617888,23.022200976322143,57.621323964803715,1617.6771558236833,2042.6111243928246,6018.846412167826,1301.755650156702,-669.4294006919566,5740.152411076471,-90.54180041269014,0.3953333804101259,204.35763351086123,defense
46.09999999932916,-1.4212858343309687,23.071440491517336,56.04318804544816,1626.2697010761988,2065.367166614357,6027.09727203362,1277.6591047874913,-684.7700815513916,5739.419410756445,-89.6257925504931,0.3233061396335551,203.09892924053355,defense
46.1999999993277,-1.3984535112653107,23.036930706981757,54.49503348879907,1635.3422295570085,2087.8558289617467,6035.381690875948,1253.302432645147,-699.7100566302255,5738.616471626508,-87.00492749449926,0.22373868560382412,201.863018264362,defense
46.299999999326246,-1.4400257674211674,22.912398909814527,52.991456417945464,1644.9931075805164,2109.9781648576313,6043.718631920037,1228.653829502537,-714.1509152782957,5737.760497798839,-86.91580900020024,0.044831531563496355,200.71359885682517,defense
46.39999999932479,-1.493852195945732,22.869015235367527,51.63512623866035,1655.284665885093,2131.68815069212,6052.097324662561,1203.706031257726,-728.0033750169131,5736.848154396826,-88.5374408094098,-0.07062314973868647,199.57540521664131,defense
46.499999999323336,-1.4956697808502375,22.939475708749995,50.24559373651201,1666.1267128367929,2153.0500949135326,6060.48824438746,1178.499818324863,-741.3550492532395,5735.870612982693,-87.24944559509014,-0.08295153002805035,198.37651874345107,defense
46.59999999932188,-1.4667665713989093,22.98708546072324,48.614185608742844,1677.4278178386585,2174.0992479096303,6068.880077820441,1153.057427019331,-754.2834704114533,5734.839099194142,-84.36996585847577,-0.10457985176709758,197.18430592054816,defense
46.699999999320426,-1.4661221274329352,22.895936820848714,46.95046075494044,1689.212115435094,2194.7899398935497,6077.283860553575,1127.3631435971188,-766.6887856599986,5733.7774752090545,-84.08622782440517,-0.20140049435301693,196.05901514397294,defense
46.79999999931897,-1.4918158182750625,22.830067338388922,45.33265123795359,1701.521491476431,2215.06117185946,6085.696328554398,1101.417115529666,-778.4826296893514,5732.68869136515,-85.52684892987804,-0.23041783343469174,194.94001101158193,defense
46.899999999317515,-1.520903371545858,22.728375101110547,43.71005509717243,1714.3113103790326,2234.9376281647988,6094.106329277587,1075.2453661535599,-789.7137423984426,5731.565046323598,-87.10391115754999,-0.3265606289819124,193.75782616278863,defense
46.99999999931606,-1.5633786360985162,22.585966545675095,42.11307255834477,1727.6062294873304,2254.3780233801285,6102.496158492879,1048.8524089330974,-800.3366889489529,5730.387130800596,-89.63014662329039,-0.4440252334804793,192.54844174917457,defense
47.099999999314605,-1.5600121231694488,22.546505079572814,40.490828886474134,1741.3356085886624,2273.4455446188326,6110.848612125707,1022.2730757950128,-810.4392868975947,5729.138522076049,-88.7436901482134,-0.501701091441122,191.28348365778976,defense
47.19999999931315,-1.5259848685893445,22.491235209571396,38.85923003850589,1755.4353399220267,2292.191974645662,6119.168393234298,995.5200944817278,-820.0980425599561,5727.827018336302,-86.14928532474687,-0.5876979553405903,190.03977287039618,defense
47.299999999311694,-1.5186835740207894,22.31949629640462,37.306286894348005,1769.9578922560072,2310.525847066285,6127.467469205681,968.582061322718,-829.2095154210368,5726.470792438764,-86.05189150182805,-0.7572794334815247,188.88196470084966,defense
47.39999999931024,-1.5369893636467427,22.1829966632985,35.82050860183318,1784.9453604208695,2328.367069827446,6135.743337876088,941.4701487997216,-837.6839525223082,5725.067895583418,-87.66587950532343,-0.8632633214625554,187.73780217849662,defense
47.499999999308784,-1.5598583056243318,22.030708789753376,34.32090338305296,1800.3527591195816,2345.749911564982,6143.988991860741,914.2066701476032,-845.615891514469,5723.60799948763,-86.39698136793518,-0.8618486406783632,186.53444527068527,defense
47.59999999930733,-1.5958782230204691,21.851656793580872,32.833068975260176,1816.1944470261058,2362.6335939778733,6152.188790362886,886.7974676136404,-853.0864585244278,5722.1007673083905,-83.53559986574882,-0.8695710180762909,185.33665682682664,defense
47.699999999305874,-1.5885098459961486,21.779365805241206,31.3017649210313,1832.407174870318,2379.092885077326,6160.330613329483,859.2472440693952,-859.9941943953202,5720.571460964406,-83.23961105181877,-0.9559637150766841,184.20503087943413,defense
47.79999999930442,-1.5512465188102638,21.704282602570736,29.748501032847656,1848.9336145589275,2395.190165984149,6168.422876387385,831.574272694691,-866.2519069311322,5719.0244550875905,-84.66904577336722,-0.9742002748684543,183.08189901733553,defense
47.89999999930296,-1.5397586210623813,21.529354433076843,28.26631935574237,1865.8108501913096,2410.8301604387807,6176.476857786227,803.7942882409768,-871.9128392005423,5717.45126820868,-86.23603249417245,-1.057159597510608,181.89458030534237,defense
47.99999999930151,-1.5804789708546758,21.2686205936457,26.86087534681885,1883.0916143270113,2425.894932034557,6184.494399292222,775.9213753758203,-876.932805428575,5715.83325495868,-88.75075711669555,-1.160659969585175,180.6796324364778,defense
48.09999999930005,-1.6628969770192534,20.923098996134268,25.47547315889343,1900.789180914315,2440.3341471547824,6192.44943730731,747.971934372971,-881.4053105601961,5714.152695432186,-87.87402250115389,-1.2008437513003831,179.4092737256835,merge
48.1999999992986,-1.7370483761239792,20.583074106902142,24.030139911167755,1918.8592585362696,2454.208321409378,6200.295749244074,719.9426237247478,-885.4085091862252,5712.415987952087,-85.28675826239127,-1.2698393437360356,178.1585085587198,merge
48.29999999929714,-1.7857459528888813,20.110988359961116,22.5442154187805,1937.2552688241094,2467.5949281686517,6208.014181383142,691.8433269024312,-888.8382147331712,5710.642763678402,-85.17067144313944,-1.4260230884935419,176.9926865858247,merge
48.39999999929569,-1.8332465871994992,19.515428457443612,21.083475211529695,1955.9872829206752,2480.4594280608567,6215.567568291155,663.7036009489419,-891.6080566148341,5708.832618454751,-86.76669202189143,-1.5183596513883837,175.84272908745712,merge
48.49999999929423,-1.865538701612425,18.819186487471118,19.63350479517081,1975.0236880415516,2492.8470269206236,6222.946704055194,635.5323979438647,-893.8161718547137,5706.973978138635,-85.50226525617835,-1.4990296526008264,174.63242686387812,merge
48.59999999929278,-1.9019290844458625,18.052595604769476,18.22744598816408,1994.3716806690556,2504.720576324625,6230.11765763636,607.3197724198778,-895.5441636476456,5705.075090988851,-82.64412014716473,-1.4883570997483642,173.42554742840355,merge
48.69999999929132,-1.927759248866587,17.223945182443128,16.837997966284952,2014.0008098860571,2516.123219281118,6237.079046396256,579.0833586239527,-896.6924401384495,5703.162643491948,-82.32586243400723,-1.5597558728548129,172.28637485994273,merge
48.79999999928987,-1.9592388227446793,16.35352568797885,15.49325411150521,2033.915639237711,2527.0171987488766,6243.7976109324045,550.8592038811703,-897.1786457735625,5701.242653894315,-83.73408117826456,-1.5626549202298925,171.15863387789932,merge
48.89999999928841,-1.946507314234394,15.570606650466967,14.090893488819242,2054.074144455204,2537.4829601454385,6250.291287672696,522.6519384784879,-897.0583740006632,5699.305915649441,-85.28173634860289,-1.6278082727760101,169.96593434634727,merge
48.999999999286956,-1.902649915322556,14.812742932415308,12.675223007251123,2074.4412112930254,2547.581871888152,6256.593010938388,494.4848682502832,-896.2906490870537,5697.334727943689,-87.77467238685368,-1.712556924246029,168.7453938630169,merge
49.0999999992855,-1.8801067557887792,14.028684222075672,11.356301310609878,2095.033770396556,2557.2156859578654,6262.681015395132,466.35496832990214,-894.9708326492255,5695.3100176407515,-86.89719916481134,-1.7302586075705948,167.46994585116963,defense
49.199999999284046,-1.9035540752821765,13.230107477028746,10.131161919148749,2115.8690941578675,2566.265356413024,6268.518685658884,438.2426517619908,-893.1754438357248,5693.236792253155,-84.3066550814243,-1.7771674316695627,166.21232970856445,defense
49.29999999928259,-1.935816556172441,12.509936036183449,8.89292734982094,2136.9358750998936,2574.7121082730478,6274.082413826305,410.1790430451421,-890.8039648068778,5691.136463719985,-84.16456580901607,-1.9148448248884524,165.03829688758807,defense
49.399999999281135,-1.9242979769376358,11.885131647650088,7.554323618377469,2158.1939621831266,2582.666023663237,6279.39986268813,382.2112080748991,-887.7771657357104,5689.010431359673,-85.7353938364548,-1.9884249875952271,163.8824830192752,defense
49.49999999927968,-1.8816576311906388,11.269384604278928,6.171339590437126,2179.614544621043,2590.2001323446675,6284.507422794289,354.3216186469816,-884.1916298418189,5686.845409156555,-84.46769731485824,-1.946334624181939,162.67131967552282,defense
49.599999999278225,-1.859367092584596,10.605414058981106,4.846620999423806,2201.194426146579,2597.251554134249,6289.398876314825,326.48234036320514,-880.1253760406627,5684.648132658577,-81.60478860055825,-1.912865475437735,161.46365442332043,defense
49.69999999927677,-1.8822853442821743,9.90898571550954,3.5978214848329375,2222.9328701348195,2603.7136958590636,6294.045368232993,298.73846876939575,-875.4864669953463,5682.447430949522,-81.26403256442461,-1.9641907235675238,160.31978329510457,defense
49.799999999275315,-1.9138340502388909,9.277366648087227,2.340626842634578,2244.8165378098493,2609.5641535242858,6298.424091992113,271.14250118473024,-870.2011826620462,5680.251178312558,-82.65084958103222,-1.9466158191366563,159.18903314160664,defense
49.89999999927386,-1.9023729024571185,8.732170325427717,0.9919002345436542,2266.821124807983,2614.9149155079485,6302.561328776666,243.6875756476215,-864.3251328187608,5678.049314147204,-84.1787862980343,-1.988973788510633,157.99214309838365,defense
49.999999999272404,-1.8600812737726355,8.192399004541553,359.60052047365326,2288.929259735031,2619.842065742246,6306.492417079613,216.40542371863503,-857.8224545992906,5675.82519783015,-86.64979152928316,-2.049875135373855,156.76718852503885,defense
50.09999999927095,-1.8372562771757242,7.601525669718568,358.26398944456946,2311.1304231593126,2624.2855395489014,6310.213364028302,189.2734278723386,-850.7862329082631,5673.558137139004,-85.76531888225328,-2.0403341462232736,155.48823699108502,defense
50.199999999269494,-1.8586629875341873,6.973973981316862,357.00281810381443,2333.410315007056,2628.13895561466,6313.698370038128,162.25628749831122,-843.2879639479083,5671.251627330763,-83.16573668339348,-2.0603495082511487,154.22550928290502,defense
50.29999999926804,-1.8885865432335116,6.405197067981278,355.73927611096826,2355.7523874909966,2631.3783762663506,6316.92608369388,135.405329626086,-835.235295526537,5668.92923831031,-83.00007510486715,-2.174390995821948,153.0446181468563,defense
50.39999999926658,-1.8764005685171001,5.919893207035299,354.3903773511425,2378.1475483760646,2634.1164160487897,6319.920981285892,108.783401050945,-826.5597863086231,5666.594398481664,-84.54837357806225,-2.2241655660831423,151.88423484273744,defense
50.49999999926513,-1.8337331776429562,5.44107762323088,352.99852169209174,2400.5897347751506,2636.4307540828054,6322.716895362523,82.35330137637472,-817.3527821785602,5664.231991241634,-83.2740207550422,-2.154519044797567,150.67103859837147,defense
50.59999999926367,-1.8098499636712282,4.9117927210527945,351.65717790521524,2423.061724708746,2638.2639834896695,6325.3120871593155,56.07117296272235,-807.6855462585507,5661.847097558471,-80.4029752763253,-2.093297960593979,149.46043045250622,defense
50.69999999926222,-1.8292698161515906,4.344677366221745,350.3888631386844,2445.5359502955953,2639.5117172202704,6327.684569274938,30.00020654174008,-797.4771999129267,5659.470808721173,-80.04073869381817,-2.1196929103762723,148.3119124070558,defense
50.79999999926076,-1.8571703948278875,3.8329671718723035,349.121718062636,2467.9923509225164,2640.1501707331836,6329.815009032244,4.207376604413735,-786.6659908295683,5657.113084141812,-81.40727090437937,-2.076947712498148,147.17895131501726,defense
50.89999999925931,-1.843877997171569,3.4046292869507955,347.7735539624019,2490.4365440368933,2640.291228700801,6331.725380284149,-21.32552391090991,-775.3051372269756,5654.76284756265,-82.91668736112187,-2.091813518080243,145.97872390953722,defense
50.99999999925785,-1.800475316723255,2.9859917379734253,346.38137852285183,2512.8735488008765,2640.012807210581,6333.447411289081,-46.5595207137194,-763.3655626605517,5652.404635519856,-85.36688120280748,-2.124137364192115,144.75030209431893,defense
51.0999999992564,-1.7753442930394274,2.5187928318935247,345.0352727025087,2535.2798957635778,2639.260304547281,6334.981851590225,-71.53608267049073,-750.9339773947331,5650.015836884505,-84.47495276772979,-2.082676333693083,143.46918708972538,defense
51.19999999925494,-1.7711220032779302,2.0898954834495784,343.7293906706722,2557.6259235482653,2637.96926873002,6336.318318101558,-96.30498153614312,-738.0736572533662,5647.5982684413675,-81.86595958469134,-2.071161290986623,142.20264529346758,defense
51.29999999925349,-1.7726729845922382,1.6800543378069115,342.4140731221743,2579.91097402205,2636.185513091348,6337.47065170472,-120.79670936280822,-724.7046080602621,5645.177992816544,-81.67890033175958,-2.157005750985604,141.01578161255102,defense
51.39999999925203,-1.7857999090184298,1.2736968010310787,341.1140300648192,2602.1100562121333,2633.871622584602,6338.427990779579,-144.93513119906336,-710.7723698371911,5642.760665617311,-83.20690371570406,-2.178571311334729,139.85183590434985,defense
51.499999999250576,-1.7640391111553835,0.9602862356807195,339.7628340075671,2624.239911383078,2631.112985223819,6339.205445766002,-168.77574711298732,-696.3589921747804,5640.329049564601,-81.92698367105665,-2.0770655947296093,138.63806744756553,defense
51.59999999924912,-1.715614342925456,0.6799287415141475,338.38169740003275,2646.3130825895623,2627.9829686209446,6339.829681300718,-192.3767157459547,-681.5257708559319,5637.886392549053,-79.0487879721798,-1.9838288336925107,137.4258585585898,defense
51.699999999247666,-1.687813815267244,0.3652265609382812,337.06217810764736,2668.2744996221195,2624.397122197939,6340.300593264673,-215.6592582276912,-666.2066325829304,5635.466327522976,-78.66790443135041,-1.980767630358252,136.2723205812441,defense
51.79999999924621,-1.7031028412786282,0.01772710568915735,335.81905652706905,2690.0646115433105,2620.246092725406,6340.609726071605,-238.54932232447132,-650.3501988510568,5633.080848652286,-80.01682835991575,-1.9093809464427252,135.14107448466203,defense
51.899999999244756,-1.7276952589485408,-0.2784287916677905,334.58433573131487,2711.6635578670625,2615.5094391080233,6340.744810796071,-261.076550816473,-634.0039969101832,5630.717662970263,-81.51210689258869,-1.8934815543236336,133.94288535675287,defense
51.9999999992433,-1.7132349485693026,-0.4896525365605733,333.27538244257534,2733.1096519092534,2610.2946273772654,6340.71551125136,-283.19082131453195,-617.1526066830502,5628.362797273448,-83.9463103106065,-1.8934633389054605,132.71382199234966,defense
52.099999999241845,-1.6696394794105733,-0.6866227264776839,331.9133531703467,2754.4291806075807,2604.680581513886,6340.544124579844,-304.955166008319,-599.8676780478877,5625.991193159965,-83.048413888455,-1.8168553775138268,131.43589985700558,defense
52.19999999924039,-1.643480929537624,-0.9346966236633717,330.57597177461037,2775.579905457328,2598.628906126112,6340.2401989939035,-326.432560788304,-582.2003094698032,5623.602813451168,-80.43181728652002,-1.7709204881837177,130.17195712885896,defense
52.299999999238935,-1.6583947619683481,-1.2283418256226224,329.2975874277135,2796.50096917321,2592.0514640590927,6339.8020650937115,-347.5332089189156,-564.092434658774,5621.2267220707035,-80.23216969887973,-1.8250983765627715,128.98255456079616,defense
52.39999999923748,-1.6817205619439481,-1.4781592753396242,328.03200691225027,2817.1687902903745,2584.926478937125,6339.218499239991,-368.1710028282544,-545.5062697198741,5618.8708768268025,-81.74884020759102,-1.8150656713721862,127.81764811369798,defense
52.499999999236024,-1.6663311513074466,-1.6434173847843314,326.7024725838056,2837.633457947415,2577.3539430869946,6338.493954326821,-388.38049371739913,-526.4860354589194,5616.522680024797,-83.3870645106114,-1.8658203475174624,126.59042151016344,defense
52.59999999923457,-1.621983217170576,-1.7889018204710891,325.32565309050926,2857.9305077265117,2569.407988150077,6337.646593716824,-408.11434367112327,-507.0168191346107,5614.164733350071,-85.97336536732949,-1.9370209364945696,125.33748370654352,defense
52.699999999233114,-1.594562430680542,-1.9798077824979756,323.97481463021086,2878.013588555528,2561.0542542392805,6336.688606171373,-427.44131055206583,-487.16745913784,5611.773756747642,-85.21249346924554,-1.9348269719917797,124.03184345665372,defense
52.79999999923166,-1.607316455546048,-2.213252690989128,322.682256468143,2897.8087583580336,2552.214110448975,6335.624176545855,-446.4295821228851,-466.9813707345827,5609.351038381523,-82.7293997407866,-1.9639265147182745,122.74216098092982,defense
52.899999999230204,-1.6285062695771082,-2.4036323969619557,321.40702086858477,2917.2879024192653,2542.869557653374,6334.444792842803,-464.9848050153418,-446.4049583599876,5606.920162273881,-82.63549964153238,-2.0932873880678993,121.5357153617464,defense
52.99999999922875,-1.6417331566637012,-2.6075740825886844,320.09724828403375,2936.488628334744,2533.079635414067,6333.148871310774,-483.01562359380193,-425.4115662117398,5604.484192220718,-84.2567391394431,-2.1589445218968906,120.3537276475954,defense
53.09999999922729,-1.6585744106525815,-2.85129538753419,318.7832775161177,2955.376726083353,2522.8216568591242,6331.72707521385,-500.59967548637104,-404.0666200898846,5602.026641913432,-83.07386507093327,-2.1005528954139776,119.11678032094487,defense
53.19999999922584,-1.6368615744429904,-3.030759003480777,317.41855887518153,2974.0044881343224,2512.1681843821584,6330.180035525054,-517.8121608719945,-382.41013753876473,5599.5512234358075,-80.29156074088759,-2.049989577789923,117.87833894625231,defense
53.29999999922438,-1.586779109723035,-3.180924572165657,316.01650317288096,2992.4178206927054,2501.183020683967,6328.524024654571,-534.5578704632054,-360.39836127503423,5597.088544576192,-79.97660670600092,-2.0909325627542024,116.6995092877138,defense
53.39999999922293,-1.5540191593233428,-3.358700517228168,314.6474705697785,3010.5599683883665,2489.8346505941204,6326.774183789617,-550.7455939789039,-338.0125275448984,5594.648087101624,-81.39338040129314,-2.0640004746573184,115.54503044168786,defense
53.49999999922147,-1.5604855085591733,-3.5615521705204225,313.3391125589,3028.343963888216,2478.058434972067,6324.941091482574,-566.4196427701614,-315.2893492855464,5592.217848477781,-82.94838135256974,-2.0945095513771372,114.32619410911751,defense
53.59999999922002,-1.5762016842633502,-3.7132655569323796,312.0515090146872,3045.7429977814922,2465.844295324183,6323.020335138273,-581.5307244061119,-292.22441339690903,5589.781650752968,-85.44538415898126,-2.1429291801691743,113.07888077041116,defense
53.69999999921856,-1.5855310735342438,-3.864906302865125,310.73172156616295,3062.803469677565,2453.2433868393387,6321.008850010327,-596.1614625013846,-268.87125339592353,5587.316278555298,-84.61966540853457,-2.1137103685348984,111.77686358875818,defense
53.79999999921711,-1.5991000678651681,-4.045497549897669,309.40877701056075,3079.4872816340317,2440.2376091997116,6318.901392363346,-610.3887342313994,-245.25857021531428,5584.822974949113,-82.07025545539506,-2.1149661966285445,110.486516670558,defense
53.89999999921565,-1.6046815922105062,-4.250615777022989,308.0584053586645,3095.8245388985515,2426.864309046017,6316.695403279442,-624.1086020994766,-221.35382700417804,5582.327127202026,-81.90307294555295,-2.2170956478840536,109.27197312520585,defense
53.9999999992142,-1.6141413358821555,-4.486670743439759,306.71049340115854,3111.775179835691,2413.1061544293807,6314.385476041487,-637.2257602228952,-197.1497495610165,5579.833706129354,-83.45256001292843,-2.255379552884733,108.0863375104423,defense
54.09999999921274,-1.5872002486546206,-4.647387209195102,305.322180924396,3127.4024947489056,2399.0222661052526,6311.970587911445,-649.8324411138167,-172.68821464752634,5577.325371882892,-82.21950289095462,-2.166243200099884,106.85251203527679,defense
54.199999999211286,-1.5331037253334276,-4.760759341011414,303.9034556568007,3142.7622152589606,2384.6654731002004,6309.464460656905,-662.0115190489583,-147.99189537959612,5574.80524351962,-79.38392435068258,-2.084083287985263,105.61442907682772,defense
54.29999999920983,-1.496774373699966,-4.8852488851024365,302.5221074057854,3157.7892504724605,2370.0143261750986,6306.886794098533,-673.6581835892564,-123.04545464217473,5572.306385009721,-79.01071722968376,-2.094064167510517,104.42871879971071,defense
54.399999999208376,-1.4989916033154345,-5.022696431891993,301.20393686063153,3172.3858195222037,2355.0237408356056,6304.255758813715,-684.6805134229253,-97.84320466826172,5569.840195812956,-80.37048703758735,-2.03669087931686,103.27387925136058,defense
54.49999999920692,-1.5110148300420192,-5.105090431378328,299.91177730475675,3186.5262696455734,2339.6904463116994,6301.570252230764,-695.130043750214,-72.41054448197936,5567.3942527890895,-81.87427704936958,-2.035574097287743,102.05862824277344,defense
54.599999999205465,-1.5177241810408426,-5.177757508914439,298.5883298814417,3200.2632713635435,2324.058462779541,6298.824682120845,-704.9554092339416,-46.760966763925175,5564.954071092564,-84.31523558960463,-2.0505339986699544,100.8128660090275,defense
54.69999999920401,-1.529009627014659,-5.272579698142711,297.2605246809833,3213.553466531182,2308.1210261709057,6296.018291406942,-714.2501665570243,-20.923291930948782,5562.494897644437,-83.44669653614979,-1.9847392316722248,99.51586497266004,defense
54.799999999202555,-1.5328590655928664,-5.384908609051807,295.90560158617507,3226.4329637721876,2291.9089604738338,6293.146374047953,-723.096282172773,5.091492446493824,5560.0168721118725,-80.85287339149859,-1.9493555244686591,98.22846386166825,defense
54.8999999992011,-1.5405809773894228,-5.524676139933278,294.55191108191,3238.857166887232,2275.4169915619277,6290.207932864103,-731.3839177920196,31.285548131368575,5557.5483642600775,-80.64202262418284,-2.015946684630909,97.00882228345733,defense
54.999999999199645,-1.5411251412259421,-5.677907177123661,293.1765563593768,3250.8628795535665,2258.673408453778,6287.199689639792,-739.0180838375899,57.646176653095345,5555.096780663673,-82.14975535664139,-2.0188118344698647,95.82114065011136,defense
55.09999999919819,-1.545753609188378,-5.8509188085475925,291.80725954163745,3262.4046925365274,2241.6746188320753,6284.121435725874,-746.0527429672056,84.15354958266333,5552.649728865052,-83.77843001886396,-2.082594613802042,94.57633547486155,defense
55.199999999196734,-1.5438283448402341,-6.029502374247447,290.4202282345871,3273.5202007800654,2224.4465602280575,6280.971182714921,-752.4391892677071,110.795060542656,5550.18946450536,-86.35180371647228,-2.1667853925537814,93.3064883507053,defense
55.29999999919528,-1.5463061009562655,-6.220290271243978,289.042369804912,3284.1635086310216,2206.987495491528,6277.749570468405,-758.2744231794264,137.54772718499692,5547.693355751539,-85.60124190891277,-2.173330931783219,91.98189458615587,defense
55.399999999193824,-1.5427512510796677,-6.410390553848206,287.6491862147902,3294.373055736801,2189.3211585207796,6274.455429680881,-763.6407918962814,164.41017046748834,5545.163106571618,-83.12158463644377,-2.210799650046876,90.66871173028012,defense
55.49999999919237,-1.5438405844022771,-6.607406020705028,286.2669556240066,3304.102725801777,2171.447785187951,6271.090130316648,-768.4270417651107,191.37777806659497,5542.62167921885,-82.99887041322481,-2.3501759873317063,89.43161220941826,defense
55.59999999919091,-1.5113633546997616,-6.714946828270681,284.8626448795994,3313.432011220382,2153.394113049637,6267.648915950463,-772.5396574145574,218.425189775194,5540.071785188565,-84.59315764543209,-2.4258417786168125,88.22649439048324,defense
55.69999999918946,-1.4533572715553922,-6.754901676448135,283.4417048147802,3322.43123319605,2135.1874785225045,6264.140879378736,-776.0813324215857,245.5375705262309,5537.4976102241635,-83.41167949615586,-2.3731772922795624,86.97133632597505,defense
55.799999999188,-1.4133569451807793,-6.786996093219135,282.066953635887,3331.03192790332,2116.8246584999374,6260.5918071225105,-779.1384025313479,272.7199075038572,5534.90338006585,-80.62338842931199,-2.3263224185545495,85.70620800796769,defense
55.89999999918655,-1.410837312153517,-6.81947307052716,280.7618464986408,3339.1307155100026,2098.2919497963553,6257.02953773169,-781.604300321026,299.9586786926005,5532.319397753585,-80.27463780201877,-2.3726290461479134,84.49652701514222,defense
55.99999999918509,-1.4398979144976225,-6.8584800246392605,279.4858259600127,3346.685721663831,2079.5952690428953,6253.46134512865,-783.3898377161963,327.22143490917244,5529.755133962015,-81.65821533149956,-2.3505124812257967,83.31598027151101,defense
56.09999999918364,-1.4685604815148434,-6.881775621410905,278.27639977096857,3353.7218889310166,2060.755252152359,6249.8700176209695,-784.5533951018898,354.50053348801765,5527.19892457071,-83.18009609543881,-2.3863505207378353,82.0799377322257,defense
56.19999999918218,-1.4824986603429788,-6.931652570711484,277.0837950959862,3360.305709453616,2041.7954590618267,6246.239384267334,-785.0504570775299,381.77326497292205,5524.634605671447,-85.64052793348785,-2.439967613202939,80.81869043682315,defense
56.29999999918073,-1.4952465839329996,-7.018455607563462,275.77924166762904,3366.3940030918616,2022.7192310911585,6242.566951518775,-784.9818101995261,409.03767153238306,5522.039547727088,-84.80515105689395,-2.411129630112865,79.5010318278578,defense
56.39999999917927,-1.4695153298954713,-7.046782505328365,274.3979030962674,3372.069855660123,2003.5384026505835,6238.83906712449,-784.4294240307299,436.3098147728299,5519.415373165396,-82.23871649473566,-2.4115719651681697,78.18702203309155,defense
56.49999999917782,-1.4155601453068267,-7.0294214421652255,272.97651911566345,3377.4073310651006,1984.2670242915076,6235.058491219873,-783.2855974216392,463.5613800684396,5516.7874692937285,-82.02565871331926,-2.5144995628556965,76.94187973479555,defense
56.59999999917636,-1.3766050771570326,-7.014693280415991,271.59093668726905,3382.3422988625152,1964.9139380456595,6231.251332307357,-781.4639753133829,490.7476374163912,5514.161115255923,-83.52910981682837,-2.5529747885125493,75.73056082549213,defense
56.699999999174906,-1.373109472181692,-7.007077321608538,270.2747559722688,3386.7706513460794,1945.483456767845,6227.448575658382,-779.0668982211403,517.882264585945,5511.519350849927,-82.27717920774143,-2.4595659682747106,74.4778502072467,defense
56.79999999917345,-1.379347741428128,-6.964076945522595,269.0781675226285,3390.669816310805,1925.987814225689,6223.654586969858,-776.1779873073409,544.9894960733158,5508.865623136639,-79.41377988177273,-2.370719554229508,73.2127183279248,defense
56.899999999171996,-1.3816812189083945,-6.911523826376493,267.92245777470987,3394.1077926457892,1906.4396077053216,6219.857005359292,-772.6983393896853,572.0260526601611,5506.233463665355,-78.99161971679969,-2.3758564861318656,71.99789834085495,defense
56.99999999917054,-1.40946714513775,-6.910479206672213,266.6626118160513,3397.024553767446,1886.8525671727268,6216.067578501696,-768.5455076671362,598.9472627488806,5503.634965501294,-80.30204294601053,-2.312534448793722,70.81691180778216,defense
57.099999999169086,-1.4346685672650334,-6.916817888904857,265.4255158056421,3399.4272189558806,1867.240402764626,6212.271589571894,-763.7777312494457,625.7590659600858,5501.05795442276,-81.75597812008608,-2.304947418753769,69.58106606644118,defense
57.19999999916763,-1.417975075006574,-6.876197094063904,264.1925031523932,3401.4218810132343,1847.6065670325534,6208.443917669553,-758.3584626767106,652.4225400115113,5498.488449717442,-84.1445099061902,-2.3137516482913107,68.32226927171074,defense
57.299999999166175,-1.370438961338116,-6.791029042686953,262.8242881788176,3403.0838769367065,1827.9498410931012,6204.58021435234,-752.3843455000446,678.9633013822951,5495.9017309136425,-83.25375796377904,-2.2367025510925975,67.01323280132733,defense
57.39999999916472,-1.3345446874132847,-6.714182513432634,261.44673314786667,3404.3580253323075,1808.2807247870064,6200.705146406999,-745.9321980898208,705.4155200805587,5493.29793433798,-80.62904647995174,-2.1881822172140977,65.70323841017765,defense
57.499999999163265,-1.3319547678730852,-6.653318706600266,260.1229186480803,3405.142443876736,1788.620507292166,6196.8528553110755,-738.9063620748245,731.7214649379064,5490.706371827746,-80.36138765872676,-2.2435134174755476,64.45433164106636,defense
57.59999999916181,-1.3378193088328443,-6.569000822689283,258.91877540844257,3405.4103294600213,1768.985534241714,6193.029631400997,-731.2319233754567,757.8189573498423,5488.135596416241,-81.81045460184095,-2.234266167372192,63.24068525769691,defense
57.699999999160354,-1.3125536639000677,-6.404673339465614,257.76461795427184,3405.2658209513015,1749.369158287004,6189.209359211639,-722.9660328631156,783.7202192065063,5485.573304391807,-83.38125062109306,-2.2850473633170805,61.9758972566081,defense
57.7999999991589,-1.2625638596296649,-6.156574522405871,256.4993396228878,3404.785391974526,1729.7628455473246,6185.383757528365,-714.0738566714069,809.3882786188082,5483.002517556355,-85.89270217862445,-2.355974269290785,60.69271834710565,defense
57.899999999157444,-1.2287194589396415,-5.903416963066856,255.2265025925358,3403.920091608939,1710.1812000086293,6181.58439185155,-704.6515386630298,834.8558841611477,5480.400327049765,-85.11175830747835,-2.343638277545515,59.35572579493248,defense
57.99999999915599,-1.230859602191698,-5.669664838687796,253.9990649293103,3402.5774629227967,1690.6535011270219,6177.855170967713,-694.7709305227759,860.165863035658,5477.768175921902,-82.59251938615179,-2.3605480407130712,58.01927543024852,defense
58.099999999154534,-1.2424419913502334,-5.43056343046201,252.88204366255627,3400.7346814761913,1671.1980247884899,6174.20350587185,-684.3391737797859,885.2536465920141,5475.130530904726,-82.40417267453802,-2.4817179356518237,56.75186305411523,defense
58.19999999915308,-1.223005672177854,-5.1290363735471365,251.8097457466887,3398.492142123572,1651.7989754769858,6170.59178322689,-673.2896671833798,910.0467514686875,5472.49176644961,-83.92957464907361,-2.5382023617878104,55.51959155804423,defense
58.29999999915162,-1.1788061656075148,-4.747741802432291,250.62468126065937,3395.925288214528,1632.4407212555957,6167.002783555636,-661.7184340620871,934.5879771664015,5469.8354784626845,-82.70210859995883,-2.460183739547163,54.24256841471541,defense
58.39999999915017,-1.1497288812565425,-4.370989922757611,249.42179293276195,3392.995345774205,1613.140240146946,6163.468365762386,-649.6969573869945,958.9279035794939,5467.165416104186,-79.85933687733286,-2.38567476099496,52.951418393798384,defense
58.49999999914871,-1.1562000133168255,-4.028859267009932,248.25542422377234,3389.6165444403496,1593.9347772177161,6160.038427420315,-637.1415182426719,982.9971787805476,5464.513955451375,-79.44173441016963,-2.4066462929541195,51.71458923877643,defense
58.59999999914726,-1.1712479517013417,-3.701221430254608,247.19548737906723,3385.7630126694967,1574.8463242863265,6156.723112992204,-623.9935081024531,1006.7195546295933,5461.892740369061,-80.7563302020955,-2.3579008030439024,50.5100540609279,defense
58.6999999991458,-1.1546735776506314,-3.355338080553868,246.25006050715947,3381.5304215232427,1555.8494057348348,6153.475841433451,-610.3071136992633,1030.1197905809647,5459.289836848444,-82.20985088308902,-2.364275647632491,49.249746998758916,defense
58.79999999914435,-1.1130686437534265,-2.9558040265491368,245.25088222994788,3376.993863589759,1536.9205472742563,6150.27167229124,-596.0564550305955,1053.154466218638,5456.6904746950595,-84.5968364306099,-2.388192758671577,47.972545557031744,defense
58.89999999914289,-1.0857116474029107,-2.5246331956845967,244.14275000682844,3372.1203613323055,1518.079599846106,6147.1435132351135,-581.32892766049,1075.8769664940362,5454.0707149018235,-83.72281620165984,-2.3240072015435422,46.64546296984133,defense
58.99999999914144,-1.0932665753725996,-2.1142398761908803,243.0257220109098,3366.831785466303,1499.3705218326752,6144.146138608387,-566.1866082644533,1098.3449762728483,5451.431239156321,-81.10501945610143,-2.2867159317104,45.30899028997493,defense
59.09999999913998,-1.1090887272896381,-1.720877713499154,241.99584162529783,3361.103166779938,1480.817827008362,6141.292068633852,-550.5533751039884,1120.4757790816768,5448.800231353247,-80.8179261160637,-2.3549074587575407,44.035534769559895,defense
59.19999999913853,-1.0934529604988117,-1.3178732098110553,241.0749275962663,3355.0226792626854,1462.3877920017414,6138.528749824181,-534.3799332047779,1142.1840405992173,5446.185728754106,-82.24436386240342,-2.3577610195917647,42.798795158710575,defense
59.29999999913707,-1.0529871912851636,-0.8599291340540322,240.10401879657942,3348.6602590971265,1444.0505261224018,6135.826263719184,-517.716299017757,1163.5010253792068,5443.575925754553,-83.7905302630385,-2.419610242563309,41.511969615194715,defense
59.399999999135616,-1.0265796689513806,-0.36428985485602233,239.02863384224824,3341.9872594216577,1425.828493537047,6133.219130218524,-500.5426069165072,1184.379694916459,5440.953662589411,-86.27367658920649,-2.501956565704096,40.21146369307428,defense
59.49999999913416,-1.034711192654424,0.11059945435238822,237.9450036061102,3334.9336319245426,1407.7721863414895,6130.766906819693,-482.9386699283789,1204.8850618178365,5438.296750855583,-85.48972252737846,-2.4982096393969537,38.860395332730626,defense
59.599999999132706,-1.0510068403797088,0.5609500845778397,236.94764927449918,3327.476991347281,1389.908268984048,6128.4840542565735,-464.95786935407443,1225.0822553513647,5435.607278495667,-82.95683579833276,-2.5221609883326406,37.50203168366045,defense
59.69999999913125,-1.036188101853424,1.0113854303651484,236.0591526586528,3319.69759191203,1372.1956273150656,6126.3127222369285,-446.53490173772275,1244.8773396203617,5432.909178751973,-82.72943740770906,-2.651563473081033,36.21181437948389,defense
59.799999999129795,-0.9968459645849277,1.5173868134492974,235.1256630199253,3311.6597699048216,1354.5985003348044,6124.218440910271,-427.6322479264511,1264.1781514725433,5430.206670868689,-84.21222695373542,-2.7151824630370887,34.95767763445547,defense
59.89999999912834,-0.9714402234637601,2.0666586648540335,234.09228022673884,3303.339767711354,1337.1413200123284,6122.236824987031,-408.3258811021017,1283.0586802020803,5427.484179665512,-82.96019120837066,-2.6397280223706967,33.65842181535781,defense
59.999999999126885,-0.9633774830963441,2.594294192269725,233.125010078231,3294.701023950121,1319.8601238214005,6120.408581899122,-388.6656722897334,1301.5916496286434,5424.746092152098,-80.08845359486422,-2.5661268396776835,32.34437449196813,defense
60.09999999912543,-0.9358324073767667,3.126559056236767,232.2929153144726,3285.803171516954,1302.7170797319593,6118.687951601297,-368.59680332234984,1319.68179132901,5422.024712498761,-79.62506768228594,-2.588946567505791,31.085627567982513,defense
60.199999999123975,-0.8911640678060412,3.7321102312950782,231.45551398438934,3276.700896516256,1285.6750786258674,6117.039957723069,-348.09083814429766,1337.2362182344561,5419.331943458256,-80.89337746948559,-2.540796814650917,29.860433628790737,defense
60.29999999912252,-0.8665898994705352,4.383470065615613,230.5639476921367,3267.349057715063,1268.7802789083462,6115.531035233214,-327.1905271366802,1354.297246983162,5416.656358301417,-82.30190657110782,-2.5459713180026813,28.579815529961405,defense
60.399999999121064,-0.8798775085310995,5.008240369143963,229.68179474989563,3257.6883364709424,1252.0973315177537,6114.242229409656,-305.8870302483261,1370.8145694896573,5413.983607644072,-84.63519336333931,-2.5681027347451204,27.28292041094151,defense
60.49999999911961,-0.9027248731300482,5.529409652769871,228.95340624719503,3247.689510972161,1235.6352071877354,6113.191039317128,-284.24433111361043,1386.869388521899,5411.2902441449405,-83.72361995904025,-2.4978276738800655,25.93580224846345,defense
60.599999999118154,-0.8948101231293695,5.899060584807246,228.4806077720056,3237.4157733077873,1219.3370540038188,6112.300903312326,-262.30084598479755,1402.5380910300603,5408.577330375428,-81.06144352638988,-2.4530838895399167,24.577944180718873,defense
60.6999999991167,-0.8630317299501247,6.485381131723742,227.7479927310389,3226.93489995969,1203.1786480641056,6111.522791376767,-240.01404886467918,1417.7155735470722,5405.87356658679,-80.71276391952675,-2.5149664112784498,23.283225704891624,defense
60.799999999115244,-0.8442292246113504,7.160569941824764,226.85790483430344,3216.23498571,1187.1785687224599,6110.888057231194,-217.36779004169122,1432.3036811541574,5403.187837667754,-82.07630311367943,-2.5102266230041774,22.02663076169085,defense
60.89999999911379,-0.8590670110751374,7.824725919088972,225.92242273076255,3205.2762880434116,1171.4031971549919,6110.466907509604,-194.39846620976982,1446.3494816211346,5400.508725448313,-83.5620573770112,-2.562014386721935,20.719886783381636,defense
60.99999999911233,-0.8807578705491077,8.380786249177325,225.12447842971852,3194.025299230688,1155.8695268668544,6110.2841558182245,-171.10427018926697,1459.801293573919,5397.8199171750875,-85.97211648649883,-2.6331817674062536,19.399974375342353,defense
61.09999999911088,-0.8699325261874871,8.57610266574334,224.8264266236176,3182.5389430120476,1140.5132181272052,6110.259751002226,-147.53765002860902,1472.7486471205038,5395.0993410394285,-85.13357474070476,-2.613205777249017,18.029498332796614,defense
61.19999999910942,-0.8333952444088971,8.429918975705052,224.94170188321635,3170.891146079528,1125.2887280896591,6110.326617604584,-123.72601666622818,1485.2720409484966,5392.349165783868,-82.53979243459818,-2.619237453293004,16.650163469366497,defense
61.29999999910797,-0.8099143775541384,8.483509871715126,224.76074951147856,3159.0714327089613,1110.206626889168,6110.512336721349,-99.64136343763744,1497.259712991674,5389.594671249345,-82.23575617868855,-2.7319893368218517,15.338358014741056,defense
61.39999999910651,-0.8205871982844483,8.953579855909855,224.06056355258127,3147.0376189536714,1095.3235788156646,6110.889182298786,-75.28129872469556,1508.611230603369,5386.8416809255605,-83.64048121979366,-2.777605855873246,14.06444406267442,defense
61.49999999910506,-0.8398898996782571,9.561291169886566,223.22507898681997,3134.759066388759,1080.655489073789,6111.482666216496,-50.69131350318076,1519.4232711518937,5384.074316994658,-82.33644394745295,-2.6779056872739115,12.74684027953626,defense
61.5999999991036,-0.8286803511999313,9.854498866635153,222.81583541646629,3122.273091445035,1066.1286518297047,6112.216555311987,-25.89272059506087,1529.78235385941,5381.296667322582,-79.40896894404185,-2.577699506294693,11.41333153116359,defense
61.69999999910215,-0.7925463236451603,9.757281783660027,222.85305330873803,3109.636563634144,1051.690547248589,6113.02612195572,-0.8680853111059487,1539.5793682665008,5378.542940571409,-78.8753309847729,-2.575352439973337,10.134248458523167,defense
61.79999999910069,-0.7702173317787736,9.890591100124343,222.58346060948244,3096.853198720935,1037.3705617521991,6113.939467985488,24.3759900083149,1548.7165676496745,5375.827082611603,-80.07335669383205,-2.501089407776155,8.891060367488882,defense
61.89999999909924,-0.7831166220304412,10.509083656915863,221.7589270857928,3083.8871667802478,1023.2348833230449,6115.0351444625885,49.81408353189152,1557.2489207289423,5373.137514622531,-81.41587164349848,-2.4769454627021137,7.591914344363631,defense
61.99999999909778,-0.8047106158978534,11.296753842233382,220.77553064041336,3070.7148695650426,1009.3127144817458,6116.343188728497,75.43631434421326,1565.1254881060254,5370.461421124399,-83.67206422171459,-2.468655371272816,6.276915391155289,defense
62.099999999096326,-0.7946486536861189,11.726975929809567,220.23944690844118,3057.3638233341644,995.532327502414,6117.7890734645425,101.21784832052501,1572.4460199504697,5367.77405914734,-82.70487912551185,-2.362575720148026,4.916048070569739,defense
62.19999999909487,-0.7588510718213782,11.699808038195592,220.19398279545854,3043.8777100858083,981.8364264535217,6119.30926742642,127.13770256592655,1579.3235810312078,5365.071400070751,-78.48999269737709,-2.1720881169401474,3.5471626713764177,defense
62.299999999093416,-0.7371043274635193,11.893681377449225,219.8673565610939,3030.260532659263,968.2554894665432,6120.934158372527,153.16583753462484,1585.7646483061378,5362.379187103227,-71.76711834835683,-1.8283172403635435,2.266796853929681,defense
62.39999999909196,-0.7512854129422238,12.595540533096218,218.9927637376556,3016.4888529605882,954.8646588374822,6122.744388692728,179.29012691983615,1591.759783172154,5359.742390427482,-63.119266910594945,-1.258551110751589,1.1401349328330914,defense
62.499999999090505,-0.7746231741022789,13.570765755350386,217.86363493863607,3002.552858041258,941.7081069225944,6124.771380789981,205.50224408618826,1597.3206081014641,5357.216826254109,-52.99086340276381,-0.41808594447559233,0.21721736015799092,defense
62.59999999908905,-0.7675015844110142,14.580280597208128,216.7614076206649,2988.4675984752616,928.7260094043296,6126.9524190213115,231.79823772724387,1602.4647856011495,5354.8765503576105,-43.397152906765,0.6016578754685836,359.47432896251246,defense
62.699999999087595,-0.735155004866987,15.317138956806081,215.95429045081994,2974.2491916793956,915.859795289888,6129.240799089289,258.1716391705419,1607.1544955279223,5352.850036185855,-37.44218009678234,1.7045396205946766,358.86057704988065,defense
62.79999999908614,-0.7165712957718375,16.174994397217453,214.9945988996952,2959.9032974391716,903.1516534811517,6131.677766428963,284.6076911140841,1611.3444088341869,5351.272245883808,-35.953915173334934,2.860342860013361,358.31510027295565,defense
62.899999999084685,-0.7319733890849117,17.07651593937256,213.94515845729168,2945.416204945171,890.6787835594439,6134.345241902984,311.08616226544797,1614.9878183713997,5350.241842976305,-37.77170669074329,4.034280329594704,357.76313692599126,defense
62.99999999908323,-0.7547547044316524,17.868895464081504,213.01577343075803,2930.775809754873,878.4763568233158,6137.273691615943,337.58500291555737,1618.0686484276264,5349.757042402429,-42.06856189477374,5.176846890215436,357.08622476124094,defense
63.099999999081774,-0.7445443353536749,18.200423814310554,212.6089566830665,2915.9960755299726,866.4685644061127,6140.383215717593,364.0875278095634,1620.570361588411,5349.766530943672,-48.13673934292875,6.23125585693369,356.226366613066,defense
63.19999999908032,-0.7069436322635188,17.90042893277376,212.82303979456515,2901.1096091608015,854.5857430723959,6143.599015758697,390.5829003715563,1622.4809471426386,5350.190311432189,-55.08844661624487,7.144585866302545,355.16755890666275,defense
63.299999999078864,-0.6548361609994224,17.143374075038444,213.44018709242172,2886.1317130353177,842.8052782915445,6146.898252636642,417.06265464509266,1623.7880920076143,5350.945826540047,-62.29414424661065,7.868502191063666,353.9174503837503,defense
63.39999999907741,-0.5743019598418125,16.225663611639554,214.1937933808376,2871.0743391802994,831.0364189773168,6150.1944148385255,443.5190560754052,1624.4812222364276,5351.953145860407,-69.46345088976634,8.354634376015413,352.4980808662661,defense
63.49999999907595,-0.47199447572920944,15.241122980957046,214.93473844656125,2855.9508889776935,819.2350263870447,6153.4357947658455,469.94043053842995,1624.5384377993992,5353.141700783274,-76.81868146370604,8.569249263326546,350.9399631872789,defense
63.5999999990745,-0.3570093670248929,14.104758875676948,215.64573848402443,2840.7711242464525,807.4047233656144,6156.618161472273,496.3176104011015,1623.9530980739933,5354.43455728164,-84.43446130519943,8.499126854502018,349.27734052832943,defense
63.69999999907304,-0.25862972368334713,12.6724449363112,216.27485306942577,2825.5405080441,795.5450212022464,6159.742683398026,522.6498336456849,1622.7519159232158,5355.751957101586,-90.43792331076577,8.267174325199385,347.5500255318065,defense
63.79999999907159,-0.21144648725772147,11.048262666911153,216.73607272234068,2810.265265077178,783.6802397162377,6162.86927422911,548.9483565877603,1621.004764852292,5357.042772539718,-95.01808930899315,7.73944948410967,345.8070173712799,defense
63.89999999907013,-0.19993641870771472,9.32840297665642,217.1238068272763,2794.950768148594,771.8251180281716,6166.0332356851995,575.1877171310431,1618.6576324613306,5358.251093566221,-99.89112787395257,7.013405820808905,344.1247250359539,defense
63.99999999906868,-0.18403262778202623,7.606188193492131,217.54649356281556,2779.588454544563,759.9510351530134,6169.146875821495,601.38874661551,1615.805323504303,5359.351273832506,-101.31186607744084,6.297271625358417,342.45032064615935,defense
64.09999999906722,-0.1351007831586881,5.952217447920465,217.98351650419656,2764.1605007352605,748.0101543284243,6172.077285349649,627.5660365319544,1612.5468301257454,5360.3471091938145,-99.84169796611963,5.58697970830885,340.8287372884687,defense
64.19999999906577,-0.07009603862079065,4.368799425344548,218.29826314123116,2748.652899254992,735.974033480586,6174.733408078221,653.6855598289322,1608.876921370837,5361.237022290257,-95.91565231960084,5.010237580779896,339.2930535793053,defense
64.29999999906431,-0.027229436218915562,2.82884255030146,218.40571685848323,2733.0817020474924,723.8699970325738,6177.176017733377,679.7180902871177,1604.7622348837417,5362.034258462745,-89.84021629706376,4.664537736118722,337.8479242363815,defense
64.39999999906286,-0.006772474530506008,1.3399292101753817,218.41537711249802,2717.463144450997,711.723135717404,6179.455670868784,705.6402399962305,1600.1771045219461,5362.77177973229,-81.97686415097851,4.612820177575002,336.49766470109415,defense
64.4999999990614,0.033767620277615686,-0.07903213204343816,218.4521248314998,2701.7741919122072,699.5196879997836,6181.469669151834,731.4331217725487,1595.111776949507,5363.499839617592,-72.6969326484042,4.894665995301503,335.259899353785,defense
64.59999999905995,0.08203816580901274,-1.4307712724649662,218.39854115647006,2685.9944734779983,687.2498645373379,6183.122097965572,757.085233687281,1589.5775272603905,5364.279771591041,-62.35327012105787,5.530522795542736,334.1709940445872,defense
64.69999999905849,0.0955468648769496,-2.7333801358021765,218.1833551167822,2670.146000066138,674.9357853929989,6184.477322273175,782.6016820396179,1583.611934067945,5365.17186994654,-51.203262523185536,6.37428151973865,333.5150421886247,defense
64.79999999905704,0.06870394779667384,-4.000290734900856,217.9066927615537,2654.263516714678,662.6010161337643,6185.630334182498,808.001100255186,1577.2779658670624,5366.226772989214,-40.91595635175127,6.833896303265076,333.6699170809331,defense
64.89999999905558,0.021085593852480017,-5.232374438225735,217.71417328883095,2638.371269193125,650.2633970748925,6186.629881333503,833.2811986330901,1570.5956984046543,5367.525860251656,-33.84676865435892,6.891005546663634,334.2323554009441,defense
64.99999999905413,-0.008497415038522044,-6.41512489649197,217.70380524756817,2622.4540307952825,637.9158901522243,6187.369052761227,858.4122966325231,1563.5585720593394,5369.182020253435,-30.445183098966552,7.73397484399943,334.22209305660544,defense
65.09999999905267,-0.00012144465554695102,-7.5522474603781715,217.8183956930125,2606.4941299412303,625.538287470459,6187.71698898975,883.3460760685676,1556.1513838235207,5371.309687111545,-29.963048211933174,9.388034590812751,333.7110748444983,defense
65.19999999905122,0.04360731446813195,-8.66829770836602,217.94278137175343,2590.4772326801794,613.1185550244732,6187.574864504895,908.0639196922954,1548.3808313298478,5373.935471312222,-31.817922350822325,10.931192524540132,333.1934986303363,defense
65.29999999904976,0.0952597614968233,-9.783570617166982,217.92574048858094,2574.40282517169,600.6675013559226,6186.9507327315605,932.556275518918,1540.2626486551594,5377.02004530049,-33.484974608771935,12.004925565595602,333.0187032723793,defense
65.3999999990483,0.11291878960000376,-10.901036231612792,217.71847964704838,2558.2877683009096,588.2060638969267,6185.949935704539,956.8381862386916,1531.8370776435502,5380.500362082097,-34.24697350030202,13.144334446668896,332.65111781602866,defense
65.49999999904685,0.09073733951032274,-12.018842549183733,217.43488570412606,2542.157044484279,575.7486800894912,6184.6860013824735,980.8727202698316,1523.0783386968214,5384.410602450183,-37.43619839325186,13.751409034079357,332.36773351200344,defense
65.5999999990454,0.0336426861518423,-12.98763968178539,217.19075637979242,2526.0349906861034,563.306461841024,6183.244782888222,1004.64181089821,1513.9630747464428,5388.7349060821925,-42.710969566580644,14.926410926880362,331.46329758078997,defense
65.69999999904394,-0.05224857648393441,-13.389016242979354,217.0461070144785,2509.930487838012,550.8868210485457,6181.638787161864,1028.1416071052472,1504.4733559323136,5393.425311352596,-48.97784878202233,16.30391229415146,330.11569458200046,defense
65.79999999904248,-0.16064532531087963,-12.809606829315667,216.92096583894443,2493.84776298361,538.4947635179636,6179.890442390183,1051.3513810706306,1494.5755968849712,5398.445578598195,-55.72718755566141,17.483790235781715,328.5665336921304,defense
65.89999999904103,-0.26315007568636206,-11.180344206554324,216.7107111206447,2477.77952125096,526.1329221108782,6178.041628433079,1074.2464048321701,1484.2335896220245,5403.752573317516,-62.82539400530596,18.370307965745333,326.88210646190544,defense
65.99999999903957,-0.3450673536478365,-8.917511514301102,216.27758407297884,2461.6966688862412,513.7861798824474,6176.12058454501,1096.8071436173773,1473.4164954540113,5409.291388681912,-70.22607676897125,18.944463674294102,325.0875297867421,defense
66.09999999903812,-0.43637101447171855,-6.31332621218016,215.48457334102562,2445.5648671410277,501.47719911091434,6174.236250134987,1119.0213958566528,1462.1014792409887,5414.997612395069,-77.8928823104235,19.197858389457302,323.21035493915224,defense
66.19999999903666,-0.5083812507716999,-3.6076018587652445,214.47501304720865,2429.3547585199517,489.2242842153338,6172.429474803525,1140.8845129527158,1450.27462170969,5420.800511004219,-85.78448402331051,19.123090640900728,321.2873680232342,defense
66.29999999903521,-0.556639320578319,-1.5021164844598036,213.56477348424775,2413.049666867661,477.02045306026974,6170.68786618613,1162.3993197033312,1437.931303201411,5426.625933731345,-93.87398730667095,18.71259017520141,319.3589289535429,defense
66.39999999903375,-0.6304044686386593,0.4638989355948178,212.39542642966882,2396.6076709238755,464.93374929365757,6169.12204315416,1183.5918760017623,1425.0928848302094,5432.40130739336,-100.44913578225903,18.088276066411808,317.44479684895174,defense
66.4999999990323,-0.6949393289981428,2.2309188954856927,211.19402314969602,2380.014452931061,453.01289306517396,6167.76263666406,1204.513789921448,1411.8142668073015,5438.086764939014,-105.6197274658747,17.145113627623843,315.6090008770825,defense
66.59999999903084,-0.7085907205565609,3.4827196322762806,210.3284831218933,2363.294563174772,441.2232093040242,6166.530645938615,1225.125274209886,1398.0631747126608,5443.616332479215,-110.83722887427504,15.935114127087965,313.92809442002135,defense
66.69999999902939,-0.6884561260900471,4.811038881840468,209.29578131687995,2346.463053882722,429.5371808040705,6165.388167419547,1245.501944477594,1383.9089895485288,5448.979707268015,-112.81081494361707,14.819515628230588,312.4014798534094,defense
66.79999999902793,-0.6776101502257954,6.111619712275003,208.15538942130846,2329.5154279438834,418.0062944439523,6164.398327464679,1265.7261501918208,1369.4143654641384,5454.206462468505,-111.9820756821167,13.800213974498094,311.1033587322537,defense
66.89999999902648,-0.681960196249735,7.180800564916024,207.16842860888934,2312.442958243391,406.68842271049584,6163.6264407827675,1285.7859917820826,1354.5780232621617,5459.291810182527,-108.77156205360389,12.910476160168916,309.8759532366719,defense
66.99999999902502,-0.6603423079097688,7.928310841192952,206.540392937534,2295.266687301547,395.53803682677267,6163.008600300792,1305.6477269585369,1339.381958124825,5464.234681037217,-103.4335343206093,12.230378406277786,308.6664725679648,defense
67.09999999902357,-0.6182147116175464,8.90680324969888,205.7825567129956,2278.003183122697,384.5129477715567,6162.501499419996,1325.275750752361,1323.812003362244,5469.050471326635,-96.25534741087804,11.816715212093953,307.4644442317848,defense
67.19999999902211,-0.5963243689324724,9.943630806795792,204.95261863318692,2260.6458215916623,373.66794428849266,6162.193586623988,1344.6379548049104,1307.8621724773652,5473.771783656272,-87.59009427382233,11.712376735382644,306.2833391719154,defense
67.29999999902066,-0.5957698956385422,10.961992728100237,204.16240945339277,2243.191510296748,363.0570845195911,6162.161894918561,1363.7117855740184,1291.5385163706032,5478.446262184892,-77.77088357378413,11.945550074105162,305.1554615479792,defense
67.3999999990192,-0.5750543701763271,12.025191438606475,203.4532655179627,2225.654464551649,352.63781760121975,6162.343063417152,1382.489409865793,1274.8611004550014,5483.1308152518695,-67.08946571628333,12.534128392933434,304.1314954794172,defense
67.49999999901775,-0.536600831742462,13.104764950442672,202.79385281802203,2208.04855148372,342.3651650674379,6162.684010179725,1400.9492051567424,1257.8654231777318,5487.892629596955,-57.378941810092094,13.40923813693748,303.0995300359425,defense
67.59999999901629,-0.5200540621718616,14.099075833457949,202.1659721056921,2190.37940642229,332.2855105812133,6163.270882460895,1418.9980377662696,1240.5583569234675,5492.8356450319825,-51.42204630115442,14.484121092646282,302.0289671643682,defense
67.69999999901484,-0.5257046199688056,15.024332776260659,201.59677421590956,2172.654078548514,322.445309495511,6164.176087598357,1436.5430078843006,1222.9320710993647,5498.075710972962,-49.80884001582735,15.64258090361263,301.0269502825741,defense
67.79999999901338,-0.5115392927395078,15.984743073941706,201.09396300454927,2154.8800829599913,312.8020227946039,6165.32663714549,1453.5022902230107,1204.9927539352227,5503.689616833633,-51.446083485961,16.62731167466683,300.275193011349,defense
67.89999999901192,-0.47985816159392697,16.97130758526029,200.61389360461587,2137.064766868912,303.3101807075086,6166.660719864509,1469.8715518926078,1186.7621536446748,5509.655418939561,-55.505666690646464,17.26216726605799,299.8064461193956,defense
67.99999999901047,-0.4688845455606418,17.883674126924888,200.1375805763433,2119.2105066110134,294.0063033354762,6168.263044791583,1485.6685603723924,1168.2418490803072,5515.916760138425,-61.211938763124444,18.12197071068661,298.73592639016505,defense
68.09999999900901,-0.47874528706611336,18.590053821896667,199.77264744350205,2101.3238087859545,284.9285061547699,6170.20071233452,1500.9012269537068,1149.4299297156717,5522.4111592728495,-67.64702185393249,18.907916448374912,297.3448035914616,defense
68.19999999900756,-0.4670399496456951,19.079116557625493,199.59791577359024,2083.4148739065567,276.0338644553221,6172.382635858834,1515.5587086806981,1130.318429948524,5529.080755788231,-74.44175598728484,19.460189899493876,295.7928026522008,defense
68.2999999990061,-0.4374423577881711,19.733648635064302,199.35552739338644,2065.4785586001162,267.2743507888546,6174.74240474133,1529.630412773321,1110.8993316003741,5535.863614380956,-81.45607792155259,19.731768210178288,294.1453720029613,defense
68.39999999900465,-0.4256854339921165,19.91112269310553,199.29688762953867,2047.5195077261076,258.67375294969685,6177.345655103284,1543.1129547608537,1091.1671072627378,5542.693689108512,-88.61548241434072,19.708196635678927,292.4458974012479,defense
68.4999999990032,-0.4525480559885969,19.569092946763508,199.42731401186475,2029.5564327047678,250.27727091509306,6180.270752312619,1556.0407580140827,1071.1193000237436,5549.507018627027,-94.02304196939637,19.53228890862573,290.8547686490577,defense
68.59999999900174,-0.5117076413141948,19.245012459097733,199.51435230929144,2011.595234141689,242.11988106895953,6183.552844180799,1568.541614021107,1050.7917073471199,5556.274475057593,-95.18338634980698,19.310859442091207,289.40668303751676,defense
68.69999999900028,-0.5664317661670293,18.54282380279534,199.88207411351996,1993.6178977444863,234.18081998277455,6187.11786257034,1580.7303733742333,1030.2313592628868,5562.997225474459,-92.93873771305081,19.066057657204322,287.96310988185036,defense
68.79999999899883,-0.5754584955770732,17.564718757474747,200.52739498446763,1975.597452602971,226.37917830821615,6190.832514248988,1592.619818519493,1009.451954184119,5569.683670252866,-88.04588642863177,18.913527904636446,286.55894638389424,defense
68.89999999899737,-0.5418421628478265,16.528674351371468,201.23098203426466,1957.5136273065878,218.6158170752752,6194.570842174825,1604.178310196069,988.4579010157313,5576.3524508001565,-81.11050906169146,18.95270028039051,285.23820822852645,defense
68.99999999899592,-0.4723565077325073,15.49794887666935,201.89626686982712,1939.3513772938086,210.81412927800895,6198.238182165564,1615.3826987537107,967.2618272163747,5583.036089647454,-72.64976251388568,19.24459643083695,284.0303676859021,defense
69.09999999899446,-0.3740633938561935,14.464478507599544,202.48752997255045,1921.1133983629582,202.9602556333209,6201.808199943352,1626.2251621605535,945.8846415261575,5589.776826567507,-63.11289777867848,19.819739560695783,282.97088343335236,defense
69.19999999899301,-0.25831078686544645,13.291507047968537,203.00903727454784,1902.8113153831557,195.064538582753,6205.282336969534,1636.6906006183071,924.363143408772,5596.629748049596,-54.31725768322125,20.64752649320766,281.9388846103857,defense
69.29999999899155,-0.1583402294899947,11.803121431161586,203.39685464718696,1884.4460780620948,187.13110920921315,6208.670070284191,1646.6908969457384,902.740382719907,5603.693350898856,-49.12311516780481,21.642656190721745,280.873555166616,defense
69.3999999989901,-0.11167937864580503,10.130523282416528,203.58218182864593,1866.0322217381456,179.18130644013672,6212.036938903338,1656.1318612491052,881.057741714042,5611.07334429473,-48.5075521496157,22.682948619439486,279.85371518799167,defense
69.49999999898864,-0.10214064553498436,8.377743966739454,203.6964230187204,1847.5887350078342,171.23063335013947,6215.417666208271,1664.9288862819362,859.353388702522,5618.83866847981,-51.44274782414795,23.704602432967807,278.84261805807404,defense
69.59999999898719,-0.08694016109795577,6.66403409445347,203.87065436344687,1829.0961964178707,163.2614036537949,6218.715933136109,1673.0716749136632,837.6389558940889,5626.9627339252,-56.844732824762524,24.6447440116213,277.7321532859495,defense
69.69999999898573,-0.03545461459402937,5.048644951970567,204.0841651597448,1810.5172143798275,155.24282083541632,6221.794979116506,1680.5827516089332,815.9061562132956,5635.372892639744,-63.377050455489936,25.45076259139495,276.4714678000987,defense
69.79999999898428,0.021446710220333277,3.517436486854319,204.14890667098496,1791.8267915270205,147.15986311547147,6224.565271244627,1687.4603982063586,794.1447526251488,5644.00503672579,-70.32051723705763,26.046319349190803,275.0542311786438,defense
69.89999999898282,0.03823977165570772,2.0435767555298114,204.01594642265007,1773.0528983268748,139.0341223019171,6227.09348548108,1693.6941274377336,772.34399874411,5652.796979431361,-77.40152458614716,26.387407331077608,273.50402175979394,defense
69.99999999898137,0.024538210359668668,0.6193272298827693,203.8494807187586,1754.2242058028992,130.88394369467937,6229.437270085332,1699.2771690661832,750.4927873318494,5661.684647885737,-84.51896041007008,26.45491086351478,271.8571891167856,defense
70.09999999897991,0.02374392248705252,-0.7456445057719296,203.79995401929466,1735.3343977458142,122.71128364434578,6231.532896579927,1704.2107691501342,728.5801054257558,5670.602688240561,-91.64492369197741,26.242294155056527,270.1560610446462,defense
70.19999999897846,0.06127739603741184,-2.052034399869483,203.8322255533693,1716.3546617612146,114.50602855039014,6233.258023054755,1708.5315060839496,706.5852792074887,5679.492279255412,-96.96671236512053,25.89057694911089,268.5565488373857,defense
70.299999998977,0.10790828009254133,-3.3131239762828972,203.7513155461833,1697.2717426187705,106.26920008563904,6234.557426878998,1712.373209868071,684.4930175739541,5688.332345162541,-98.10911588332765,25.508726609182474,267.0986007464429,defense
70.39999999897555,0.118174127503117,-4.543983121897944,203.49351767189168,1678.1170331408873,98.01759352521998,6235.520421278403,1715.861380164351,662.3056563829325,5697.129095275891,-95.84774726880974,25.117554571041442,265.646507099767,defense
70.49999999897409,0.08534430266463978,-5.755404634081124,203.17568562021665,1658.929874432012,89.76275807311097,6236.249269231063,1719.018926057414,640.031079210966,5705.890703315297,-90.89314220629528,24.82851386590392,264.22950053936944,defense
70.59999999897263,0.01557649599960651,-6.802169037284878,202.91829746667037,1639.7452603243155,81.51415349128028,6236.820159205163,1721.8194342086388,617.7045063236294,5714.622257807824,-83.88010803615651,24.738313072544933,262.8834041568016,defense
70.69999999897118,-0.08379295007063922,-7.255467794879909,202.76976215439163,1620.5753193910407,73.27896372837527,6237.239315232584,1724.22253709555,595.3778373004434,5723.344038279623,-77.56726803466624,24.77146265701012,261.4958810339988,defense
70.79999999896972,-0.18293967113347234,-6.687174672006187,202.702778766926,1601.418880094855,65.05902735132588,6237.506146616507,1726.1030761245129,573.08704304496,5732.107498550857,-75.22807988754741,24.88088621348819,260.0490140847632,defense
70.89999999896827,-0.23735245344859474,-5.219755289454833,202.62559143260887,1582.257899883316,56.834339352953535,6237.582191126588,1727.3331204594915,550.8764925824455,5740.958635174638,-76.75131646348953,25.02798091579957,258.65154724576416,defense
70.99999999896681,-0.2366148926089309,-3.679362918476019,202.56500552495953,1563.0656124520387,48.57281033476887,6237.425822316787,1727.818048795854,528.7881164283406,5749.904651216707,-81.19727907379254,25.13058726909964,257.27089206747826,defense
71.09999999896536,-0.22081107689587512,-1.5083029965360448,202.23717860382584,1543.8270561913878,40.26396055682783,6237.044307304618,1727.587552626009,506.8171857457829,5758.897087243983,-87.28815185325078,25.126122417608105,255.82561388138976,defense
71.1999999989639,-0.2121026897045469,1.2136146764850648,201.73889275277438,1524.5336212834297,31.94079565829609,6236.565023288548,1726.687778826585,484.9461865903337,5767.875433330286,-93.92461823390224,24.94424564252724,254.3087453107387,defense
71.29999999896245,-0.16624654808769188,3.5070030746823533,201.44973377846995,1505.1674671607784,23.596853318559926,6235.989449225361,1725.1417173039488,463.1622330812787,5776.7812357886105,-100.65017116087209,24.531120400436016,252.7621957746151,defense
71.399999998961,-0.08930347461502547,5.424241446170468,201.3466549355112,1485.7216239643965,15.234467973605033,6235.358153641704,1722.99037420728,441.437709203871,5785.566183692667,-105.56832389789977,24.01218856213522,251.3133552109633,defense
71.49999999895954,0.010479285273812382,7.366157149576133,201.40066514966824,1466.1985244492257,6.859568111024423,6234.730948889834,1720.3606053637009,419.72833731789126,5794.230370951375,-106.34534408746268,23.49164306804624,249.98853331164372,defense
71.59999999895808,0.1249611455688486,9.15206839406756,201.6678508393199,1446.6137976149114,-1.526997896675319,6234.153177872265,1717.3747613271646,398.0075738772949,5802.79957606937,-103.68633002769282,22.969713770290706,248.66081780145734,defense
71.69999999895663,0.2337107518053003,10.532063572511952,202.07899925150875,1427.0054187055348,-9.928292994547485,6233.672962048746,1714.0647413294507,376.27517729581405,5811.28842460287,-98.35379196330844,22.55107046100155,247.34309079776838,defense
71.79999999895517,0.2979494553058943,10.934814590468962,202.34482913919683,1407.4039499881055,-18.37114717936218,6233.390721991888,1710.3876294745603,354.57007948928333,5819.702404135931,-91.90591225872653,22.267524957730082,245.9668606030628,defense
71.89999999895372,0.29634702923113104,10.234696429175335,202.27705735667536,1387.8275468054214,-26.88850177309746,6233.394250250137,1706.2228468878063,332.9738221424742,5828.054737275115,-87.45928978419141,22.055948074860645,244.52270080640685,defense
71.99999999895226,0.24216660980126006,8.7633676603999,201.98976266126755,1368.2943836764102,-35.48698996958761,6233.728875547412,1701.449558826866,311.56775134164263,5836.368820584691,-86.9801737648234,21.89230394863376,243.12470249985716,defense
72.0999999989508,0.14831033421135859,7.00499349402073,201.68859702703705,1348.7874302278226,-44.14190405017563,6234.351839312008,1695.9838179074582,290.4185496804432,5844.649106316063,-89.7314459643317,21.747563471686323,241.75698677406814,defense
72.19999999894935,0.0588610209262912,5.314635457104804,201.61309280362227,1329.2694910494283,-52.81707389922408,6235.161332346725,1689.8378613490274,269.53427935931825,5852.8682687854625,-94.7786378686331,21.530984317020646,240.3596912171994,defense
72.2999999989479,0.022690358045648416,3.9822757009327603,201.79971857658478,1309.699430792559,-61.50053022953798,6236.005473466417,1683.0681052973973,248.8878785482641,5860.98212633172,-100.88324404542861,21.17764029570265,238.9153509255067,defense
72.39999999894644,0.021240256092365014,2.881019651075612,202.01391306753723,1290.0526425690853,-70.20173038629535,6236.769319589424,1675.7272599020469,228.43822005641513,5868.9511739919935,-105.54802301719246,20.765979606161032,237.53804710497914,defense
72.49999999894499,0.006994229924780272,2.674189466963019,202.11733009999955,1270.352143112346,-78.9157003857881,6237.522870372007,1667.9281144770885,208.11420376241443,5876.779525107596,-106.23694257675157,20.36391352406606,236.26502072691858,defense
72.59999999894353,-0.045592079058314174,3.2061950434465984,202.1130561072411,1250.6301865596786,-87.62532665255009,6238.385211926231,1659.7841670676087,187.86027149078652,5884.4963707144625,-103.55873912544408,19.954776892908782,234.98059248598105,defense
72.69999999894208,-0.11036150959084977,4.777614931903572,202.06526869293296,1230.899562351798,-96.30918890903985,6239.426996024939,1651.3192123466033,167.68446981706933,5892.112483903653,-98.75823370855723,19.58099639361686,233.59732713218534,defense
72.79999999894062,-0.1407753810476968,6.719432913896658,202.02792522177612,1211.1369027032854,-104.97084386713068,6240.582720272112,1642.441591827198,147.67560947898917,5899.6210731860965,-94.9169101340453,19.20316880817597,232.13889014253775,defense
72.89999999893917,-0.14346842901636608,7.779232779360194,202.05150190002547,1191.3412203268992,-113.61948653192044,6241.791153734976,1633.047352936024,127.928151160025,5907.0225419324315,-94.55069600317279,18.83107116418442,230.73949392931686,defense
72.99999999893771,-0.16993483607796106,7.92804873015704,202.052769710079,1171.534588840156,-122.23160340070028,6243.138311908382,1623.052066358124,108.5285611691909,5914.305323906422,-97.09295885377895,18.471698653667705,229.3961760066052,defense
73.09999999893625,-0.23547715413718723,8.559328729415581,201.8560745213262,1151.7376896167932,-130.76692074390124,6244.736515623075,1612.4551157222597,89.49487484775513,5921.443101394433,-101.76412212931996,18.044861275058942,228.05713301273823,defense
73.1999999989348,-0.3019904940825127,10.23601413354333,201.42176876233864,1131.9454526630846,-139.1972095882878,6246.6072608598415,1601.3158289397422,70.7742473746362,5928.40849103998,-105.73100318732905,17.627435759675677,226.76856788826092,defense
73.29999999893334,-0.35296727683862195,12.342970125248085,200.75961719472375,1112.1465224923966,-147.51960698536962,6248.717928444431,1589.737680802534,52.2744477926589,5935.2118769998315,-106.09230104876299,17.259564568384715,225.55851253234866,defense
73.39999999893189,-0.4031605108772785,14.419593445104741,199.95964627454822,1092.3501343256087,-155.68413362132435,6251.13647938233,1577.8022781274371,33.95940557630715,5941.871128810296,-104.23235630549499,16.81416434948568,224.2419795189804,defense
73.49999999893043,-0.43789578852180383,16.332262133856087,199.0871754585836,1072.5644293965136,-163.679063871374,6253.84392003479,1565.4579674456486,15.908326308213763,5948.366873900673,-103.31677629293169,16.240096894971213,222.829647959263,defense
73.59999999892898,-0.5023257761049436,17.974475133541947,198.09105017598236,1052.8097316423832,-171.44413669685932,6256.909557156596,1552.6232931671564,-1.7835866233655413,5954.668926418161,-104.93955136220626,15.59928326914469,221.46319761129405,defense
73.69999999892752,-0.5602966443436589,19.440114136566436,197.0935409792374,1033.0811963202655,-178.95197785804498,6260.323363121269,1539.2801046242096,-19.091518996854887,5960.753045141655,-106.90745168381967,15.039743860390915,220.20305998718928,defense
73.79999999892607,-0.5668414550608853,20.83164879114924,196.1324894492887,1013.3625296460732,-186.24269358717828,6263.996411502671,1525.509193252088,-36.109894205725446,5966.645635256741,-106.22566144730004,14.611118306112346,219.02910548424177,defense
73.89999999892461,-0.524830196159041,22.183726243396972,195.20412887325304,993.6473765113742,-193.37606889901141,6267.842424638772,1511.4054490637654,-52.92660173214411,5972.389479134542,-102.71507359163824,14.255302929065104,217.8170775462262,defense
73.99999999892316,-0.44369161101052895,23.352806553453437,194.4742013126196,973.9222768247063,-200.40174368153802,6271.809343508113,1497.033717113534,-69.57708573057283,5978.014647734347,-97.50480454027887,13.958945787109567,216.4673765307982,defense
74.0999999989217,-0.3339441282301442,24.067813866322535,194.14886807080967,954.1816819233521,-207.3322989738552,6275.906709567038,1482.3530327514247,-85.96045957234908,5983.5218462377225,-93.47482138146134,13.674341799519327,215.0137485439093,defense
74.19999999892025,-0.2085448087832919,24.630745580936082,194.07135054110663,934.4270840062228,-214.1792629045792,6280.151619860852,1467.2929996970665,-101.95677041980501,5988.91616968478,-92.92979466488791,13.401668838493284,213.6077728949681,defense
74.29999999891879,-0.07803082502621538,24.972758646679935,194.22052590801567,914.6778920375967,-220.95826475693704,6284.538502381146,1451.7947224283396,-117.4621081193151,5994.1933391794955,-95.29134742389675,13.140882061464923,212.26347727023202,defense
74.39999999891734,0.050490587129195644,24.60666850796775,194.57043598440558,894.9420789433192,-227.6913746049447,6289.03933100203,1435.8652301467725,-132.47461163317982,5999.334330632124,-98.00350591591202,12.928222572328574,210.91215098634018,defense
74.49999999891588,0.17526388035056134,23.59778776836513,194.97051922317735,875.192707867886,-234.40585730835056,6293.623035702968,1419.5582907218577,-147.05440819568432,6004.33249096039,-99.88501797296432,12.652727254408813,209.51644156212876,defense
74.59999999891443,0.3015673627125576,22.986767039151726,195.4925979593622,855.416398849959,-241.11977991513206,6298.264957218558,1402.8701019743512,-161.1591340649598,6009.1618029342235,-101.87419713560995,12.293674499082242,208.11941825171976,defense
74.69999999891297,0.41923240260100425,22.994679278908627,196.22713667700452,835.6288481636523,-247.84596876692694,6302.962832882587,1385.8398446583578,-174.82875117461342,6013.818788198081,-103.15839177307659,11.85784927307892,206.70189183735386,defense
74.79999999891152,0.4929728323202667,22.569055864366074,196.61512960429147,815.8862176281373,-254.61209493214582,6307.765749263272,1368.4587439985569,-188.0227679546703,6018.280120251775,-104.64221171172751,11.357923033202649,205.30087743268925,defense
74.89999999891006,0.5307896283880319,21.46592073217121,196.571800727165,796.2149052027777,-261.43624650339615,6312.699390227357,1350.7690367419937,-200.77759825667755,6022.546540819654,-105.565154444278,10.802899522972158,203.8862937170386,defense
74.9999999989086,0.5916829637059118,20.784362935405078,196.92159566068202,776.5540287437979,-268.29194198063243,6317.678467480561,1332.7650365546676,-213.05083658058817,6026.595260027343,-106.74534296072797,10.204253003115676,202.49374445592593,defense
75.09999999890715,0.6737014495047343,20.868441090489142,197.86933932793562,756.8599922145611,-275.15847342948575,6322.636269260958,1314.4954038143655,-224.92092291208237,6030.443159732974,-105.56693375752458,9.673380751260343,201.04643473558124,defense
75.1999999989057,0.734531204886561,21.018803127711536,198.70366877378964,737.1752738858584,-282.0757134117199,6327.6148305856705,1295.9997669773888,-236.45245508567535,6034.122115866056,-102.71045756570565,9.169763179646784,199.57156686493363,defense
75.29999999890424,0.7421756103753525,21.673560110155464,199.7982231673746,717.5890281067218,-289.1104529627818,6332.698349058831,1277.2625356062715,-247.57109180462277,6037.630210397771,-101.04916516922836,8.64685802461887,198.161453281617,defense
75.39999999890279,0.7121860189314887,22.785293830605056,201.29541650608655,698.1718932525295,-296.3141546559465,6337.96095536634,1258.2581947084304,-258.2098905970113,6040.960786972288,-100.61175291288207,8.224299559092218,197.0179237324469,defense
75.49999999890133,0.6873531530698553,23.976854473770143,202.9554693005649,678.8986795645474,-303.6602227745164,6343.381040008951,1239.013907903869,-268.4708101413121,6044.139747802395,-98.68053324362768,8.020975409028896,196.26231664073538,defense
75.59999999889988,0.6998056306365311,25.093048443394064,204.64345321285347,659.7202476907493,-311.1112371548293,6348.904580099792,1219.5772191730057,-278.42376859215614,6047.194057210154,-95.57414803455816,7.827623727050551,195.15150675948868,defense
75.69999999889842,0.741902498356693,26.09042405094985,206.26709094617843,640.595147424317,-318.6419437541052,6354.482284863451,1199.9423666206426,-287.96418114008696,6050.127224364317,-94.01494153256975,7.572386797329243,193.8076597101379,defense
75.79999999889696,0.8047430141666821,26.925423159804343,207.81457263428027,621.533589418936,-326.2616727711996,6360.119239579556,1180.0830341902365,-297.0088717258628,6052.939686523578,-93.85150106685369,7.368448481405073,192.6329754903534,defense
75.89999999889551,0.880034209360959,27.581479871752055,209.30862343071075,602.5533935215708,-333.9878243198808,6365.827842870167,1160.022598732978,-305.6613837019492,6055.643259542156,-92.25805348560512,7.3213203762529995,191.84092305829276,defense
75.99999999889405,0.9606344186170216,28.054391529802448,210.77203535147234,583.6665101714269,-341.8381492338719,6371.614288772634,1139.793372422191,-314.04893830574485,6058.25674950893,-88.45265702344331,7.372051701606673,190.96816832288826,defense
76.0999999988926,1.033999133770588,28.26520047652437,212.02893918934416,564.8812845984364,-349.84368319609325,6377.491889826027,1119.4155063135108,-322.252324826828,6060.796089775246,-82.82176840800952,7.511714409059012,190.39005871839814,defense
76.19999999889114,1.064838727700972,28.058171078316605,212.50586699753575,546.2225981259585,-358.0473556124879,6383.478922873959,1098.8915957316196,-330.25812335009385,6063.278272306752,-75.96319894909931,7.83256606117066,189.3518563370839,defense
76.29999999888969,1.0260122823072644,27.429637371139115,211.98470449516387,527.7418164582368,-366.48972805366475,6389.59741170044,1078.236689699398,-338.0254689057021,6065.731243365026,-69.64013350758532,8.318861688920324,188.02616872002525,defense
76.39999999888823,0.9454295295242975,26.47759023517752,210.91439727817323,509.4700146108239,-375.17640488617207,6395.863760239238,1057.4673107154936,-345.43456332926667,6068.212626359806,-66.4332979072368,8.862450024353457,186.691514177875,defense
76.49999999888678,0.8800242953400057,25.745705315212717,210.42797668693362,491.34335524772195,-384.02683521503565,6402.229427687333,1036.5758958835959,-352.40439808602054,6070.771314910287,-65.56658699718531,9.411909716338863,185.6450494277735,defense
76.59999999888532,0.8621517311184639,25.656467450345897,210.9722233250038,473.28082851540995,-392.9741678288503,6408.633052550108,1015.561485384597,-359.04138285370226,6073.376586010999,-63.75662716162324,9.788937103807626,185.38730656566656,defense
76.69999999888387,0.8865116155382214,26.123737074020525,212.27045109821313,455.24288306316504,-401.9975527149442,6415.045568363876,994.4324135177619,-365.4758101065653,6075.985897373137,-60.33463484118014,9.982563959763471,185.68765427196467,defense
76.79999999888241,0.9422032823710121,26.742052136242613,213.83430423688245,437.24217207925835,-411.1128475545272,6421.479266856561,973.1894273696889,-371.7442956904215,6078.597814990846,-55.51930999092144,10.273599942076372,185.85886445248957,defense
76.89999999888096,1.0191747629047645,27.295271727013457,215.45524319160268,419.2988776763627,-420.3381116015294,6427.946489817757,951.8471281506845,-377.8578226737145,6081.22214333244,-49.92211306246897,10.4143181727263,186.24426837116184,defense
76.9999999988795,1.1085052414172079,27.695541319188752,217.0692616078876,401.4330147013661,-429.6906582609137,6434.453633162025,930.4165169749048,-383.7884378230163,6083.896426985782,-44.05556342948387,10.97344934644722,186.16441224986065,defense
77.09999999887805,1.202437496749943,27.905365217652328,218.64877689379625,383.6528187829628,-439.1931882132155,6441.006089564154,908.8838739299338,-389.5903093162521,6086.600756915599,-37.26710757016752,11.997986844399076,185.75670397330157,defense
77.19999999887659,1.2952897613594543,27.916167934886694,220.19029187414276,365.97135461669296,-448.86016597092527,6447.5979177386735,887.263151226457,-395.26867513734635,6089.356162369493,-30.613840954742756,12.788443572468491,185.61040301263645,defense
77.29999999887514,1.376888721360316,27.753871579017375,221.67648481642848,348.41478199269187,-458.71494533877495,6454.2211747145175,865.5744688023489,-400.8040542378958,6092.212749971742,-24.498987397781036,13.109281543626762,185.88434431131674,defense
77.39999999887368,1.4175747846388793,27.52483545952631,223.06581599928884,331.0341484211117,-468.8151999617695,6460.877961141309,843.8064973739259,-406.24835321879294,6095.122321132493,-17.4859736926846,13.860069664459672,186.12622894746593,defense
77.49999999887223,1.392133199326423,27.324043115086145,224.34218715754778,313.9136548502753,-479.2298581381461,6467.574813455782,821.9694753289779,-411.6237166389769,6098.079165413833,-9.599763802251477,15.05032983861721,186.37859519257657,defense
77.59999999887077,1.3235183685790017,27.15168805431442,225.52572348619535,297.11943289489875,-490.0041677587672,6474.3339885604355,800.0725013073712,-416.94047972185837,6101.109532026583,-1.0251309267748312,16.677515154119725,186.7594336059889,defense
77.69999999886932,1.2599215184110049,27.006582160635485,226.71823675810356,280.60525275402694,-501.06183123067296,6481.148017848874,778.1246938850228,-422.2154031748701,6104.237802716294,8.035723608257001,18.358643586453233,187.43363084235457,defense
77.79999999886786,1.2299437463825509,26.9240368594985,227.94635858553937,264.28598380523,-512.3260039368912,6487.996971914381,756.1372095670781,-427.47089527868656,6107.483449650148,17.412230816401127,19.90313763572484,188.4695634614068,defense
77.8999999988664,1.2322297432858826,26.916025985028536,229.1712460192978,248.1201148729806,-523.7618092462645,6494.866902246532,734.1257875784601,-432.7392985674106,6110.872313366827,25.818024746401065,21.028959342703487,189.71489128248456,defense
77.99999999886495,1.2612099668354821,26.932445251050794,230.35549500624722,232.1156974283583,-535.3709622472832,6501.759270175096,712.1391464054276,-438.0756843032805,6114.472471935216,31.025969329116922,21.14818699379344,190.57411441073282,defense
78.0999999988635,1.3097743535731645,26.921760227982418,231.4977160401852,216.28135427732812,-547.1571702739707,6508.672493956143,690.2118021666735,-443.517212889772,6118.310850700146,34.039034579151284,20.470162216886713,191.07475700897393,defense
78.19999999886204,1.3704445330887134,26.844152629285016,232.60776001537357,200.62341024395514,-559.1243363515404,6515.600966999433,668.3019273756779,-449.03104596409827,6122.295023880583,38.519817662386195,20.157957436992735,192.28940629230863,defense
78.29999999886059,1.4363005752097173,26.672928552929527,233.688925556062,185.13959348778852,-571.2844909856799,6522.541094921575,646.3634247452736,-454.5910204571576,6126.343882830379,45.001632045159205,20.430083407633656,194.46091913952733,defense
78.39999999885913,1.5018733965423623,26.39559126200949,234.74419553269465,169.8246600453636,-583.6509810241637,6529.488161488366,624.4009202880194,-460.2349388107295,6130.460935225145,52.11441933474426,20.581406333239336,196.82642744843346,defense
78.49999999885767,1.5598068023804215,26.022356968759386,235.77314815750455,154.6923030148244,-596.235499532004,6536.4308846679305,602.4765015402827,-466.0630059353392,6134.6971196049035,57.162169057519364,20.348797491855294,198.56610720347942,defense
78.59999999885622,1.5827837499531865,25.63935649471917,236.7674994115604,139.77878081276188,-609.0651277627011,6543.357297755653,580.6542572272159,-472.16593962542834,6139.088443734991,60.77462104635583,20.353792757627268,200.4449076206756,defense
78.69999999885476,1.5443108905623886,25.326723623867032,237.71004779921063,125.16622966324518,-622.1911733293579,6550.263443089762,558.9194752908243,-478.5331757354145,6143.598135146114,63.89698289091433,20.403264196917632,202.22685006102128,defense
78.79999999885331,1.466985796714923,25.072307685182402,238.6168618370088,110.93024311777964,-635.6333147701217,6557.157123317859,537.3235777001698,-485.2402356132465,6148.24787216962,63.933272676333104,20.46039132153816,203.29411590321408,defense
78.89999999885185,1.3996512351603418,24.851464468743593,239.5735362376892,97.01671435495047,-649.323418959944,6564.045038512445,515.9181217503104,-492.33114019572855,6153.069911661986,63.58758275217171,20.668348706913992,204.71331940332428,defense
78.9999999988504,1.369524648722864,24.69183552171456,240.6047836160545,83.33262471183757,-663.1983954456019,6570.923160002956,494.6755858817355,-499.7621387093822,6158.034861852345,63.81314879504357,20.906105573927192,206.1503792684143,defense
79.09999999884894,1.3746945592678599,24.59970045629946,241.6686037647899,69.8367504402172,-677.2315818468221,6577.78617371741,473.63200706865183,-507.5670623512662,6163.165866298745,61.72970044056039,21.056784116424915,207.03222114741897,defense
79.19999999884749,1.4085954181673823,24.52595377955759,242.72004215440415,56.5353557939955,-691.4226237703917,6584.634400803763,452.7840644013143,-515.713600341282,6168.462529694644,60.09590428235859,21.36440725927533,208.34005611384643,defense
79.29999999884603,1.4628489226961519,24.41739304988819,243.74654479726402,43.43480225779281,-705.7727222042448,6591.464443885812,432.0742647543782,-524.126782317655,6173.879088205737,61.37233191949785,21.712690778970938,209.9360444764708,defense
79.39999999884458,1.5287632434478637,24.232210738267153,244.74068908523657,30.53547221128055,-720.2931484592075,6598.2738835538685,411.454460146101,-532.7636103146376,6179.375404455248,64.55511440470532,21.965458268233252,211.37988928827292,defense
79.49999999884312,1.5986604066435692,23.943841190452442,245.70329218090464,17.833883568896415,-734.9970513753872,6605.058319348652,390.95838111753073,-541.663115948995,6184.961457115066,66.7247701200103,22.064503922549495,212.26270496928856,defense
79.59999999884167,1.6621034288525425,23.55467965941702,246.63597020192668,5.34428405230305,-749.893201080922,6611.805252704162,370.6466951089802,-550.8805131078049,6190.665871442164,67.7150019278941,22.269742233487264,213.48849171114747,defense
79.69999999884021,1.6898345867583766,23.142825906347326,247.5367347668889,-6.889302554232458,-765.0048197167196,6618.498208032892,350.49877903957906,-560.3930616922246,6196.466040419144,68.64614884216712,22.520381427099796,214.92410152429446,defense
79.79999999883876,1.6561133201204425,22.78184983292185,248.4010612692675,-18.781459171912722,-780.3693967623014,6625.122963450158,330.5616734533657,-570.2362182048819,6202.379988044635,68.65287811205128,22.760100285510365,216.38046041387227,defense
79.8999999988373,1.5832985345894435,22.462297739841784,249.24482551720124,-30.25742481958443,-795.9953069541991,6631.679089864692,310.81855569623144,-580.3854025996196,6208.3902911066025,68.88580497111727,22.991661802898175,217.82999251778153,defense
79.99999999883585,1.5185695527829184,22.159656831788713,250.14780853663729,-41.38113584692716,-811.8236749767705,6638.181569507209,291.3159407614999,-590.8720817001384,6214.518010181362,68.41154468091248,23.217864346294277,219.22169012744862,defense
80.09999999883439,1.4893891836315933,21.90005429040444,251.13633912674592,-52.25413047144237,-827.8053089183778,6644.63812021603,272.03433108193195,-601.6680022915925,6220.747252234644,68.30352344078244,23.45287999872775,220.5848958833106,defense
80.19999999883294,1.4940140024276911,21.698045867944362,252.17154109647487,-62.92605162892893,-843.9179949545722,6651.048193931178,253.0190848971304,-612.7985514522576,6227.099913046825,67.63764746343244,23.695829378949426,221.8909029781438,defense
80.29999999883148,1.5261705802720804,21.51361397569356,253.19999434462724,-73.39129453534828,-860.1605693853492,6657.4116242100035,234.21763661934213,-624.2057143113841,6233.5444654429975,69.27541884726688,23.844518390029982,223.24682783725694,defense
80.39999999883003,1.577805300911997,21.29773653437795,254.19469536980145,-83.64655593366847,-876.5434604424211,6663.72910822902,215.5731273005899,-635.846612572914,6240.045585785535,72.85074434305116,23.934153197356448,224.63029355097888,defense
80.49999999882857,1.6406878961481002,21.010718084952966,255.1472239086986,-93.69098115030116,-893.0796049354764,6669.998752788699,197.08985192752246,-647.7291447841606,6246.593810520316,77.78790688253156,23.912415017759997,225.99922807933157,defense
80.59999999882712,1.7075360057833646,20.626850826631394,256.0623713988733,-103.5223863804433,-909.7696789415304,6676.211028031505,178.7924459607637,-659.8784764162174,6253.178825260565,83.0003303941301,23.772154133675496,227.32597856078195,defense
80.69999999882566,1.7684085544485255,20.14784011903922,256.93681120054237,-113.12538567071321,-926.61932288466,6682.352599291492,160.75446490486763,-672.3603971598656,6259.793749339789,86.07468139063117,23.60921189101515,228.57564379557306,defense
80.7999999988242,1.7947211084893975,19.648097425038184,257.7766708154468,-122.45555544529896,-943.6434025618577,6688.4029009828,143.06927699213418,-685.2452526227027,6266.435468754978,85.31601561025406,23.479206389335726,229.75601845752126,defense
80.89999999882275,1.7609294821740709,19.2003507669409,258.5854518512793,-131.42556281922964,-960.8653641579632,6694.33885669672,125.79092916090558,-698.5559758439471,6273.112136520696,82.23372633754354,23.346649787602097,230.90948957981954,defense
80.9999999988213,1.6885839222845695,18.795937485638145,259.3779400469836,-139.96136125917175,-978.2830844361781,6700.153548816338,108.89507813325072,-712.2484263107815,6279.8349626392455,78.23542914380747,23.2675024472283,232.08365994474053,defense
81.09999999881984,1.6234915096681586,18.405104710085702,260.22770221439316,-148.12924777204805,-995.8504511719802,6705.87050481863,92.35885463858006,-726.2772277157201,6286.617380515775,75.17119407334462,23.225179744184018,233.29367361261885,defense
81.19999999881838,1.59280494418969,18.049907570207587,261.16420013267845,-156.03277185551582,-1013.5349946427648,6711.508619678083,76.09806534809827,-740.5697539160055,6293.444425924695,74.96780946712948,23.198839635634872,234.57096804838258,defense
81.29999999881693,1.5950243550606784,17.748627659279027,262.1543157051005,-163.72492697026286,-1031.3218085304973,6717.072947467107,60.040150145194765,-755.0810247716239,6300.294624560174,77.20319247038269,23.192483396297927,235.88479477647545,defense
81.39999999881547,1.6242233144664417,17.468072591840155,263.1422541254059,-171.20060309967815,-1049.2089445187892,6722.5632152838,44.186605361106295,-769.813142913425,6307.1621868955135,81.23726842691813,23.13346109278488,237.18144653356228,defense
81.49999999881402,1.6726775335641941,17.162898764545805,264.09602605731214,-178.45487586481673,-1067.206240894001,6727.979318434561,28.548091006219856,-784.7726861401297,6314.036276084233,86.43857314225433,22.958191238768503,238.44373038049645,defense
81.59999999881256,1.7324305403257276,16.794484332562117,265.0029296974864,-185.4849731512329,-1085.3261057771497,6733.318686027987,13.147932424299404,-799.9778244707749,6320.900695493907,91.70386266295175,22.664286694406318,239.65691268621282,defense
81.69999999881111,1.792310751026662,16.34925959836485,265.86096451408685,-192.27310952424827,-1103.5707180533454,6738.56941427123,-1.9356838351205354,-815.4796006226891,6327.7347440863705,94.69841921367511,22.34942252825324,240.80412777454572,defense
81.79999999880965,1.8217955486651953,15.886603211647483,266.67796724661923,-198.77055483495639,-1121.9471974558605,6743.7101105826705,-16.60416344900617,-831.3306504678733,6334.519555170518,93.8334941848464,22.070146079072465,241.8999194819358,defense
81.8999999988082,1.817557165355826,15.39353136699531,267.46301623055416,-204.92384227104972,-1140.4483670287655,6748.721255423382,-30.804095193075653,-847.5436582589402,6341.256301030129,90.62984470638986,21.79081527115704,242.97805161144072,defense
81.99999999880674,1.8225284758201354,14.806502843848797,268.2659426223514,-210.807499499496,-1159.0455202064077,6753.614300431305,-44.56637618159384,-864.0792368861836,6347.963029625622,86.50372768090135,21.560609643308535,244.09110379777871,defense
82.09999999880529,1.8381030048878015,14.181527959528552,269.0873092028013,-216.47013482835303,-1177.741236480127,6758.398100756112,-57.91940392858148,-880.8974781684306,6354.659686317042,83.28242030632617,21.365190252647974,245.24911945638166,defense
82.19999999880383,1.8404220586609552,13.604277004339119,269.90483210538827,-221.89183312538577,-1196.5491881652608,6763.064639916507,-70.95780750369516,-897.9390869998042,6361.346749232001,82.85258488334728,21.18207016311418,246.47821520685164,defense
82.29999999880238,1.8215248935414474,13.070554633479492,270.6988191879593,-227.0128627837566,-1215.459727372885,6767.597227946261,-83.75916229672748,-915.1678539051876,6368.01391364429,84.82318293902968,21.01962751709155,247.74954405271367,defense
82.39999999880092,1.8190457953918036,12.503885975836967,271.50091489871767,-231.88842932968944,-1234.4501887112963,6772.008006677834,-96.32188542482312,-932.5845006111717,6374.655972838203,88.57598847696951,20.815315373327458,248.99961775407553,defense
82.49999999879947,1.8327520380038873,11.934794770246992,272.3009473687891,-236.53269983020428,-1253.5278919544344,6776.3004350071105,-108.61752721609945,-950.2023957041923,6381.262671392978,93.06933519468312,20.538297178454197,250.1938967911294,defense
82.59999999879801,1.859559612297299,11.360427414929871,273.07892092664775,-240.94092462822002,-1272.7039240500485,6780.472791465086,-120.56555088513606,-968.0525050550524,6387.8145564387205,95.84694741067563,20.267147590398505,251.31838963168218,defense
82.69999999879656,1.8715234715224178,10.831538393794833,273.84287040919213,-245.08559927110218,-1291.9770119492127,6784.510399985362,-132.06192673681275,-986.1695792740094,6394.293976256043,95.00232263882059,20.04660898322265,252.38617966912128,defense
82.7999999987951,1.8597174729116714,10.327521242918163,274.58339001499496,-248.90921012095873,-1311.3330430082024,6788.394586484081,-143.04192005284935,-1004.5625689668701,6400.7023388951275,91.91393119910653,19.82703501640429,253.42720387755003,defense
82.89999999879365,1.8430403994832862,9.823463587984133,275.34445357571616,-252.45280847066005,-1330.7530100174836,6792.133882207177,-153.55385613182307,-1023.191703250088,6407.058283275506,89.0692957995194,19.56944681932243,254.51042468940028,defense
82.99999999879219,1.8155444815069184,9.355112643920517,276.1086935577527,-255.67730402060795,-1350.2313253718228,6795.721150692085,-163.70556897994734,-1042.008505156335,6413.370054616329,88.71285440583074,19.274768880805947,255.67341755609945,defense
83.09999999879074,1.8110856000196576,8.86257875683006,276.896952397266,-258.64466189153524,-1369.7644749154917,6799.1757551441615,-173.59354302499312,-1060.9829792795317,6419.633722987372,90.56210002771512,18.98122084680461,256.89555846149125,defense
83.19999999878928,1.8279585157562293,8.365393195761145,277.7008041450013,-261.3769217528678,-1389.350145031607,6802.501642199779,-183.22615053616244,-1080.11317849626,6425.8435401294,94.06910680017116,18.647305915756,258.1054576719422,defense
83.29999999878783,1.837905990193678,7.918476529236817,278.4991908580192,-263.8503115755544,-1408.995540782776,6805.689907712665,-192.5749517644685,-1099.4078825419958,6431.987210342619,98.28493056803913,18.249722490773863,259.2587898344337,defense
83.39999999878637,1.8293233501188362,7.500097230900679,279.2679008874392,-266.00635001757604,-1428.6943389943153,6808.727062456906,-201.56246575661442,-1118.884935664737,6438.039486208258,100.83946815645335,17.86893327466563,260.34778909196285,defense
83.49999999878492,1.8184875705362358,7.07953264782786,280.05179312604344,-267.88696246379953,-1448.4316949351357,6811.621390978602,-210.08377727547526,-1138.5639533601613,6443.975038599229,99.83812254814916,17.54974761269514,261.38545790382733,defense
83.59999999878346,1.7974536039428333,6.683823618304253,280.8321973385615,-269.4535080966187,-1468.1987579483969,6814.366195673758,-218.08092069179207,-1158.440507834265,6449.791721616358,97.89858384429556,17.153837280337317,262.38555850182803,defense
83.699999998782,1.8000935638450126,6.24869113591276,281.6295013925194,-270.76427672550386,-1487.9979150509043,6816.978363109294,-225.6571464540282,-1178.4780934525845,6455.506921780148,97.85865837372407,16.65761667346962,263.4331047583117,defense
83.79999999878055,1.8236216838363957,5.79273988183798,282.4343766774509,-271.8361353623921,-1507.82832319304,6819.45963689358,-232.931100622063,-1198.652128665772,6461.130551711154,99.61585702743724,16.12898537973514,264.54988736013377,defense
83.8999999987791,1.8382254864555065,5.373077923212974,283.22657117814686,-272.63816079244697,-1527.6938069201276,6821.798138587645,-239.92813596321778,-1218.9587720721486,6466.65806330967,102.58215607324885,15.56984187126779,265.67090841413545,defense
83.99999999877764,1.8083404836526424,5.0371813343100325,283.99001888773546,-273.076945156309,-1547.5759597657395,6823.968636312738,-246.58904475442893,-1239.4085809630733,6472.066765083987,104.46397408422528,15.069431903112111,266.75674922023273,defense
84.09999999877618,1.7480961572903961,4.750525992880909,284.73527118411334,-273.08302444504494,-1567.4389881992724,6825.9627255378045,-252.8057345282906,-1260.0104782814485,6477.3282621057815,103.13639360176415,14.668268288165779,267.79657872185834,defense
84.19999999877473,1.6972424305579965,4.46356838907481,285.5115541751751,-272.6895220006846,-1587.2797253855963,6827.805829103548,-258.50385079731416,-1280.7548389873998,6482.43554674615,101.06275915764036,14.219430697006793,268.7826323719967,defense
84.29999999877327,1.6823483064614324,4.1692593470005965,286.36531566115457,-271.99444126075974,-1607.114236564711,6829.5240680082325,-263.73781320677625,-1301.6233695832764,6487.404666901365,99.45100625165004,13.784945208130859,269.80115136610965,defense
84.39999999877182,1.6996365619512377,3.87816575565414,287.28693462802147,-271.0717303253114,-1626.9546141109854,6831.128275108302,-268.46608198156525,-1322.6053776697834,6492.239756624821,97.68415176104895,13.404090663731356,270.8389437706525,defense
84.49999999877036,1.7171621867883295,3.629828559987031,288.220257615483,-269.9012918097059,-1646.783041857013,6832.611181293494,-272.73627815620273,-1343.6851913683718,6496.9537630459345,96.54569474346101,13.07149241453963,271.9240667927241,defense
84.59999999876891,1.6955715423734103,3.457048313539014,289.1146889036704,-268.38915515411213,-1666.5619093965781,6833.958298050687,-276.46585970799117,-1364.8512338616092,6501.547307790551,93.49339688481828,12.905167903359414,273.0186558290029,defense
84.69999999876745,1.645838627556004,3.3215695750404364,289.9615987910292,-266.45479530145707,-1686.2600989758869,6835.168490207756,-279.60402193258534,-1386.0795073806212,6506.041443333417,89.13853149228633,12.833568242995298,274.11596716162285,defense
84.799999998766,1.6048615745601744,3.17464358030898,290.8146350741227,-264.12214805885685,-1705.880045421778,6836.261082697955,-282.25995072825833,-1407.3562402185948,6510.468883523012,86.04310073978016,12.7633188873497,275.2814742578198,defense
84.89999999876454,1.5995684156178764,3.0052346484431776,291.7294018062237,-261.4887770402188,-1725.4480401643516,6837.2514516199,-284.5591392360909,-1428.6844289259489,6514.839817721942,85.92694809891933,12.679914871492002,276.52901686180275,defense
84.99999999876309,1.6250055642945676,2.822554365534028,292.70456897551526,-258.63626194967355,-1744.9847589545086,6838.142861421633,-286.59389119920513,-1450.0743288847755,6519.149265747276,88.32399148326752,12.587298765912948,277.8212619910667,defense
85.09999999876163,1.6481234209168556,2.6633078973559887,293.6752734889833,-255.53923297709085,-1764.4771798913798,6838.929280761409,-288.34651533006866,-1471.5237859182655,6523.392071204997,92.24931582671796,12.446539875703126,279.07878129797126,defense
85.19999999876018,1.6304169180171522,2.558471501649379,294.590794911672,-252.1042542471748,-1783.883193871653,6839.602552514264,-289.72702272205794,-1493.0168986141466,6527.554335719016,95.12262296991827,12.313651077032047,280.2544850210068,defense
85.29999999875872,1.58315532992395,2.4758541030199153,295.4514971804364,-248.25712522516153,-1803.16568317051,6840.166265251127,-290.6236868626663,-1514.5294166805134,6531.620245804856,94.69484455003858,12.224774919697156,281.35234321308207,defense
85.39999999875727,1.5427778986744016,2.376908068559738,296.31684470891594,-244.02614474826535,-1822.3321031568546,6840.637475624148,-290.9276284957714,-1536.0276866668135,6535.587822038913,91.44905912865569,12.162442333208322,282.3910144592254,defense
85.49999999875581,1.5365264167139059,2.257242410583888,297.24184974333144,-239.50531640811099,-1841.418605569702,6841.0249934142175,-290.63053369128227,-1557.4867802043,6539.48090621287,86.76879979956435,12.12918317126417,283.43130914610265,defense
85.59999999875436,1.5600628467935227,2.128106516376475,298.2262838326728,-234.775366900432,-1860.4548866638083,6841.32693890209,-289.84955792703096,-1578.9130324382295,6543.32873445552,83.35012199243972,12.086782943202756,284.54745035577076,defense
85.6999999987529,1.60375732334162,1.9640768268717832,299.21105295997046,-229.83207038808155,-1879.4357503300896,6841.5408045430095,-288.70848437061187,-1600.330213467842,6547.136985015383,82.87713228978447,12.042804731238375,285.7520230657451,defense
85.79999999875145,1.6340265521390143,1.7935905328279942,300.15385294069836,-224.6310007623832,-1898.334850642056,6841.65876592699,-287.2974913459532,-1621.7613895306363,6550.896491229281,84.92113624863426,12.004134798968707,287.0085294368917,defense
85.89999999874999,1.6170244199436274,1.6520665216916777,301.0337745304194,-219.08972862508404,-1917.1023049871155,6841.67248203654,-285.619220094934,-1643.2072565191831,6554.602917286966,88.8424699819475,11.90910633326074,288.24743111834096,defense
85.99999999874854,1.5663624909719154,1.5217086633703016,301.8660493068785,-213.1492925083916,-1935.6961655172504,6841.586293573505,-283.6395224125069,-1664.6577727752533,6558.247674593398,93.51819083088276,11.727477271799916,289.42434045721893,defense
86.09999999874708,1.519737670930523,1.3784736850094248,302.71561984172325,-206.85209398494737,-1954.1340204585038,6841.417065617198,-281.26925449691737,-1686.0812489390366,6561.811863914949,96.50310608185016,11.526986713147664,290.5194790884562,defense
86.19999999874562,1.504698562275644,1.2298282728904368,303.62841886140217,-200.28599663211125,-1972.4641756480237,6841.172073869277,-278.40506133594675,-1707.4371739027436,6565.275713168604,95.94434370390046,11.352936851200232,291.5488126524702,defense
86.29999999874417,1.5183198710535746,1.0920371257314854,304.5989523586472,-193.52237604791844,-1990.7239832664188,6840.848483872256,-274.9905249882094,-1728.6933066992963,6568.638830342952,93.02949791723863,11.168064325353066,292.5460032811714,defense
86.39999999874271,1.553169104146387,0.9383248899925132,305.5719853549787,-186.5597170065168,-2008.9097222171429,6840.445191762284,-271.06959082673154,-1749.8499663025677,6571.92177326974,89.07351338636141,11.005825228493551,293.57315710493424,defense
86.49999999874126,1.5771487473217494,0.7925803589914754,306.50538891723164,-179.36156050967546,-2026.993696017282,6839.957912520888,-266.6900450280214,-1770.9076254842896,6575.147869767434,85.89015456067868,10.855415588034651,294.64748581930587,defense
86.5999999987398,1.5789478506886918,0.6276762074381995,307.3856799047853,-171.87950000475686,-2044.937876053095,6839.386390228236,-261.91615996821923,-1791.8834657129428,6578.327477023155,83.92505277748327,10.785524966838688,295.7682722929166,defense
86.69999999873835,1.5744165417296665,0.4322505716330476,308.2602576066902,-164.14792807054016,-2062.760894278228,6838.7294854814445,-256.71191333660784,-1812.7489674286385,6581.478196878567,82.33350004858944,10.792439591102887,296.8818427851384,defense
86.7999999987369,1.5557717361861205,0.23686728423392814,309.11333980815846,-156.13768951605684,-2080.4361201124107,6837.988979294622,-251.11939343089037,-1833.51499923162,6584.601924208018,81.59623219427252,10.856866617183659,298.00711946630025,defense
86.89999999873544,1.5566672890485584,-0.00048341137364622805,309.98678965472607,-147.90541949792035,-2098.0011629779065,6837.167493858505,-245.1039374441139,-1854.1522344827074,6587.7133446306025,80.76605668797541,10.95844033545711,299.1125796121615,defense
86.99999999873398,1.575093668696135,-0.2587954342819447,310.87375853358157,-139.4786639218563,-2115.4736535012084,6836.2629881809835,-238.70641891884128,-1874.673777370098,6590.809019756994,80.5476899587976,11.079986120645865,300.2282208966645,defense
87.09999999873253,1.5841448836360859,-0.49228725759259045,311.74060044689435,-130.83801873196754,-2132.834577856557,6835.271036596513,-231.8618947432957,-1895.032671136923,6593.907195036239,78.24730937287472,11.278942663201073,301.10144559206844,defense
87.19999999873107,1.5733162302951862,-0.7151920703651753,312.56446975164994,-121.93890681698547,-2150.043100298547,6834.192518930796,-224.53133066524873,-1915.183708264735,6597.0379617559165,74.47446432785074,11.442161286873601,301.54013699635607,defense
87.29999999872962,1.5585700459961254,-0.938476661480908,313.3871702318659,-112.81316182012169,-2167.1205251947013,6833.028588671064,-216.79986704779415,-1935.1629960186635,6600.205751013655,71.79007339937608,11.66527432933297,302.3705585067456,defense
87.39999999872816,1.5331774331394015,-1.1372666854338866,314.1900005491793,-103.43311954014656,-2184.0380446060353,6831.783155715609,-208.7690415838763,-1955.0312059158978,6603.388513546667,72.01195474692373,11.917533833136666,303.496144371365,defense
87.49999999872671,1.5291798670191603,-1.3542460721341623,315.0114893126184,-93.84571985683363,-2200.8321363781865,6830.459107777656,-200.4951823159562,-1974.8329117896194,6606.563353064472,74.39685277833455,12.134386191300424,304.56990599431595,defense
87.59999999872525,1.544547068135165,-1.576027658204988,315.8393538267058,-84.06651057298534,-2217.5119314421686,6829.05547932407,-191.94002012526252,-1994.5345557185972,6609.736869334558,76.26917401306082,12.200724053275286,304.86963353540744,defense
87.6999999987238,1.5739058851570076,-1.817142021893103,316.65372839059785,-74.09199836455429,-2234.0695198589383,6827.57050004594,-183.04262802016856,-2014.0809038744537,6612.926910483974,75.35243471784985,12.16624797443493,304.44347798323145,defense
87.79999999872234,1.5886027602181227,-2.0454366517421976,317.4410601763741,-63.900656493579675,-2250.4793879554963,6825.99865586646,-173.77277558229906,-2033.4327526634797,6616.154194715766,74.12460633973438,12.147868988395386,304.4688107529205,defense
87.89999999872089,1.5569572728336005,-2.2237573813856115,318.18278321365534,-53.42928147213713,-2266.673720213096,6824.337883639392,-164.2097147956306,-2052.6426660268894,6619.396035284481,75.34537309142617,12.231357234937029,305.41056259972936,defense
87.99999999871943,1.493594521226253,-2.364949376951031,318.8938059931896,-42.632981663182136,-2282.5989420003493,6822.599545954702,-154.432177668386,-2071.7845779107056,6622.61913375932,78.65480396978138,12.342567202982806,306.79463001366344,defense
88.09999999871798,1.4373280933339527,-2.4864551236373265,319.6360858395645,-31.545884645613075,-2298.2816137728105,6820.800726844088,-144.46790843348893,-2090.886789587978,6625.807185732598,83.50041431468297,12.367244940471728,308.3107946169878,defense
88.19999999871652,1.4139672015917035,-2.5769314412655224,320.45381793655497,-20.238861292118745,-2313.7918714970237,6818.943315043554,-134.29871965187982,-2109.933615796227,6628.954888271275,89.32174063205952,12.230833068147815,309.8099619319383,defense
88.29999999871507,1.4209843571366092,-2.6297209808262076,321.3336680324319,-8.761147824384853,-2329.1802883371765,6817.020957774988,-123.90825718128022,-2128.910572951761,6632.051337044576,95.6117689652179,11.897317990739017,311.23138003919644,defense
88.39999999871361,1.452087059293256,-2.6839587862531915,322.22720846582877,2.8854030622565254,-2344.44575956126,6815.033621435336,-113.26767451654815,-2147.797722593498,6635.078132375041,101.34934169940506,11.39936635726064,312.5482266639749,defense
88.49999999871216,1.4969207931692752,-2.7787215222668995,323.10397247845566,14.711662480449728,-2359.5715315894486,6812.980664866421,-102.2985868713576,-2166.53093101416,6638.000612831399,104.52984459631874,10.843722723693244,313.75412437818653,defense
88.5999999987107,1.5235544281973348,-2.8920650923399664,323.9420727677032,26.745779150856364,-2374.517868310118,6810.859019532797,-90.92388520496131,-2185.032122186646,6640.780795495212,103.78669868499735,10.356547281868846,314.6875556629749,defense
88.69999999870925,1.5009671844674535,-2.9881124948609696,324.7264893138164,39.04058680334584,-2389.2106513912013,6808.670523457039,-79.09586303272438,-2203.2344747165876,6643.404255175031,99.74762642624121,10.082345337442584,314.79368823565267,defense
88.79999999870779,1.4440893576587095,-3.0726382774413254,325.4743825821868,51.63186237040781,-2403.592465422747,6806.4284759102675,-66.84792926164268,-2221.1494252854864,6645.903087783757,94.02139140914488,9.92133242550696,314.22112526561796,defense
88.89999999870633,1.3911237283161508,-3.152189594314627,326.25389901562846,64.48271769969358,-2417.701602612018,6804.145139623949,-54.251605589949406,-2238.8341086439737,6648.320307618767,87.78080835153935,9.749135248187773,313.8465669085144,defense
88.99999999870488,1.3689378113545043,-3.2091781659409566,327.1058554896776,77.530698853411,-2431.616480656755,6801.8166507350925,-41.31005203022025,-2256.267251507886,6650.692474903044,79.92906661727834,9.597742269784726,312.925292327626,defense
89.09999999870342,1.375386707741282,-3.2311990404682565,328.01674062655087,90.73076330362788,-2445.3959765166564,6799.432099969089,-28.078688136281027,-2273.486574472045,6653.058854245734,71.97214659143455,9.258629397379414,311.55049554966723,defense
89.19999999870197,1.4046851614792644,-3.255075160173116,328.9384303035684,104.08036505540932,-2459.04019956454,6796.9910584981,-14.659161126924925,-2290.60191007836,6655.4181706372265,65.69484580674639,8.835767065916745,310.5373728669893,defense
89.29999999870051,1.4472525982495938,-3.3190283048833455,329.8411317273907,117.58837908847238,-2472.531510704927,6794.493992048147,-1.1009644843442399,-2307.664361519191,6657.763555148364,59.57036322240149,8.45787269722787,309.75189874618496,defense
89.39999999869906,1.4718248714886577,-3.4012086453732397,330.70206786301225,131.27736857082627,-2485.8287471675853,6791.940328427142,12.605834964317728,-2324.6467097367804,6660.128708282742,53.68567215346793,8.146931602562951,309.2799865379376,defense
89.4999999986976,1.4699466280116926,-3.518269200007677,331.52153667495764,145.1738351003037,-2498.881724651967,6789.3347856701375,26.412692845431188,-2341.6004817314288,6662.484433441768,50.76118018683065,8.366437936185676,309.8217829729427,defense
89.59999999869615,1.4590880923019165,-3.66511176859573,332.34918743038565,159.2531336729275,-2511.7218056318534,6786.672376838163,40.282997636752505,-2358.5807774973946,6664.78502127091,51.214696453503265,9.32000209770248,311.3917390544346,defense
89.6999999986947,1.4334702796657353,-3.8061558847356296,333.16476603075665,173.53070197902255,-2524.3145412647227,6783.959909776711,54.223890625663074,-2375.6099188002086,6667.0237897924935,54.40245876173917,10.526647502398236,313.3662022564869,defense
89.79999999869324,1.4263071721666687,-3.967839871039101,334.0132764123761,187.96887323040994,-2536.7187015364575,6781.192911540467,68.26709909861513,-2392.65150640034,6669.235534545699,59.604990780340714,11.602457813253336,315.383061191476,defense
89.89999999869178,1.436610468854252,-4.129913087895951,334.8857402435597,202.5470044882293,-2548.9656483650783,6778.365778457344,82.44123571413668,-2409.665840323567,6671.445834376655,66.1498579603007,12.376369046527527,317.3078942267804,defense
89.99999999869033,1.460488380117892,-4.305626402952947,335.7510963024813,217.26575400284784,-2561.047718118934,6775.477951877985,96.77191279923646,-2426.6187029999473,6673.665306282432,73.48398936056697,12.798988186546643,319.10472071962766,defense
90.09999999868887,1.4707202768030998,-4.463953756272752,336.5838243236472,232.13612051280504,-2572.935269449582,6772.528219764725,111.27980967875924,-2443.482544134541,6675.890792705718,81.16682283856042,12.879938366077935,320.7856264171291,defense
90.19999999868742,1.458207230590143,-4.621235366944675,337.3746595296806,247.18140503225516,-2584.574634124301,6769.5236423913275,125.98015511846478,-2460.237503487821,6678.108873237938,88.88662451137955,12.636767275095728,322.3691964297363,defense
90.29999999868596,1.4588069284277643,-4.821324296764936,338.1849394082778,262.3711272514628,-2596.020672660157,6766.459828996549,140.89705440647188,-2476.856411627213,6680.298582012204,95.71946481994885,12.14172714187742,323.8490547477623,defense
90.3999999986845,1.471895379741473,-5.039127339824127,339.00733688649905,277.69260567555546,-2607.2917578752404,6763.332697315711,156.09702000025752,-2493.2507455169407,6682.429559250329,99.76968480298751,11.53526838844345,325.20967718655595,defense
90.49999999868305,1.4734951259379083,-5.230227884448891,339.8126765014786,293.15132236523334,-2618.3667499646363,6760.140463028222,171.62237503429688,-2509.3482761592577,6684.473010780779,101.59112390306109,10.779163840738734,326.46179008110533,defense
90.5999999986816,1.455035057714806,-5.404880689210793,340.5823889819885,308.7671579051651,-2629.1927311298327,6756.8906079573335,187.41994167910008,-2525.212525700183,6686.426078566933,104.15753541587978,9.739970724059672,327.647885314956,defense
90.69999999868014,1.4513234009080054,-5.605768390294238,341.3701712903604,324.51501394353915,-2639.8208072620455,6753.580401471663,203.44565579500974,-2540.9092841759657,6688.286343226353,107.2948034388596,8.468832310624926,328.7708518513198,defense
90.79999999867869,1.4617648827661691,-5.812835661529924,342.1672381828987,340.3860278088038,-2650.2635241406824,6750.207373862538,219.7230988104433,-2556.4020986346613,6690.019665369621,109.16194975735925,7.179799013966581,329.82210137553625,defense
90.89999999867723,1.4623161183850497,-5.986946270066776,342.948318520685,356.3844825790435,-2660.500091301216,6746.770376128963,236.30114743465234,-2571.595981279273,6691.574858499921,107.99131333283853,6.1316324775877415,330.8536404094086,defense
90.99999999867578,1.4440931068377145,-6.142312533146631,343.69689486717476,372.527523352353,-2670.4772669391295,6743.2776505060765,253.2124790960628,-2586.409023806247,6692.928357848087,104.85366572081622,5.326289708751999,331.8841877757476,defense
91.09999999867432,1.441496331791459,-6.322874976508921,344.4683213572001,388.7926281362511,-2680.2480564603516,6739.725987024477,270.42497900879937,-2600.8747598481664,6694.112575493682,102.17034881389341,4.5884572149822445,332.93284254294326,defense
91.19999999867287,1.453558166597722,-6.5111697744305275,345.25351300577853,405.17154623783085,-2689.8258842050245,6736.112701448026,287.8850708159076,-2615.076716563008,6695.158728197238,101.6944332714659,3.8562206814831925,334.02414434349294,defense
91.29999999867141,1.4556483226602377,-6.669469992002558,346.0262603499387,421.6674486142893,-2699.190012080365,6732.436601384935,305.55658933106076,-2629.080393277486,6696.079832929704,103.12962084843858,3.147165929747044,335.1467141630474,defense
91.39999999866995,1.416117503202611,-6.763664161081196,346.7488070012683,438.3051026851855,-2708.2521048024796,6728.709150542039,323.4555753483232,-2642.8493613650085,6696.859227410979,104.23504840468796,2.555806918432755,336.2568800477573,defense
91.4999999986685,1.3391927469591014,-6.788543719722283,347.4171412374259,455.11088398684166,-2716.914341279553,6724.958011422801,341.6250948604855,-2656.275269192461,6697.4701950611925,102.38417778306,2.128905350999317,337.3251830197137,defense
91.59999999866704,1.246485627062716,-6.7334494365728315,348.05874170758653,472.0970150837371,-2725.1242565093617,6721.222825692523,360.1051759821636,-2669.239164921084,6697.902013363052,97.86542089787427,1.8231487001632976,338.3392727836087,defense
91.69999999866559,1.1762357119776998,-6.5934408600921195,348.7565334011331,489.2373429640747,-2732.972039580109,6717.511250496465,378.90671850843665,-2681.676876800265,6698.180670608077,92.18429192693503,1.6004659843787814,339.3324778642758,defense
91.79999999866413,1.1324022152176398,-6.330277025463793,349.51449103681915,506.5062066767762,-2740.5356253605746,6713.815041887203,397.98149409946996,-2693.6775883869377,6698.355240920887,88.10645754271603,1.394836830663371,340.3898985972827,defense
91.89999999866268,1.1027963011287274,-5.972839778696784,350.2785604560728,523.9040171616268,-2747.7867311321766,6710.162380734542,417.29123004605134,-2705.3168611307997,6698.4477297942285,85.7121393927236,1.3059431920147293,341.5194867724369,defense
91.99999999866122,1.0909946937580013,-5.549754824375961,351.06051661579505,541.4178944281812,-2754.7632044966545,6706.544304825488,436.83861398666545,-2716.5481721361284,6698.479138305867,83.98632130659816,1.31363801158015,342.6571804819049,defense
92.09999999865977,1.0817642409697064,-5.095894773648726,351.8341574779804,559.0470589844651,-2761.4328219212393,6702.98503877492,456.6022341232242,-2727.408966508861,6698.455028367627,83.26486655466971,1.3905800132551283,343.8129138510564,defense
92.19999999865831,1.1060464596332278,-4.674192234188564,352.6638958624648,576.7731802356319,-2767.8617767893716,6699.455268701703,476.5865029599042,-2737.853423387874,6698.390955529833,82.47187528293594,1.5033113540942271,344.9522780315887,defense
92.29999999865686,1.151724373322549,-4.288939353263622,353.54613839356375,594.5817147428861,-2774.106967067277,6695.92089203285,496.75986590510826,-2747.9577657020304,6698.281528487072,84.12985376554599,1.5160734062813437,346.13420829957084,defense
92.3999999986554,1.1837487813823953,-3.94600894608474,354.40931189990727,612.4795485448392,-2780.108193435315,6692.401558082253,517.0952882687293,-2757.8100725675263,6698.108293858767,87.81765063046217,1.4472954537317795,347.3542075521638,defense
92.49999999865395,1.171868010632889,-3.63314771771594,355.21418636327104,630.4758367891483,-2785.770849470715,6688.932525492186,537.588187078679,-2767.413656478892,6697.859433895603,92.92793932382787,1.252101327515848,348.55488444763364,defense
92.59999999865249,1.1217763830308818,-3.339822268693042,355.9628659973308,648.5744480938595,-2791.0071151111783,6685.558094931132,558.2435753490154,-2776.736990225314,6697.517091419712,98.25456142146054,0.9320372410277019,349.69748803821557,defense
92.69999999865104,1.0500507999754187,-3.0213234277031935,356.69416166978203,666.7662539299143,-2795.8170579074645,6682.299765287814,579.0776717320929,-2785.6813464016577,6697.04932738089,101.40792343062499,0.5793333976437584,350.76686401046186,defense
92.79999999864958,0.9925651853071237,-2.651718269185145,357.4709861430214,685.0369526347112,-2800.300284081858,6679.133305066413,600.0998578526503,-2794.1350623201533,6696.4237971384555,100.75285517315073,0.2517938885182095,351.7864598406531,defense
92.89999999864813,0.9751309237602452,-2.221527541209854,358.3096503362762,703.3756282870448,-2804.557692226975,6676.014139215893,621.3109719140131,-2801.9978961878624,6695.63000646219,96.97277786194566,-0.04385374619850231,352.77747983046316,defense
92.99999999864667,0.9929775163813149,-1.7444541658633337,359.1904020765628,721.7718222801437,-2808.660449277327,6672.899246829316,642.6984173278312,-2809.2497719017297,6694.697492462925,90.86926874299726,-0.2454398112311726,353.78854144296974,defense
93.09999999864522,1.0360464160978708,-1.2948162986079106,0.06671681032577907,740.243870226939,-2812.6016173986022,6669.791418183088,664.2334146906611,-2815.915383963698,6693.680101004586,84.16564017784611,-0.3532259263615425,354.84856763920885,defense
93.19999999864376,1.0698934768141308,-0.8939437975843678,0.8864484469764786,758.8155351186917,-2816.327840293408,6666.715591444328,685.8805241286349,-2822.104250614319,6692.620201936922,79.59288396522095,-0.40483206708740915,355.99627825618944,defense
93.2999999986423,1.059631472057227,-0.5272067063127089,1.6269007980112486,777.4855036202931,-2819.7486192039983,6663.718042549306,707.6342582506024,-2827.9396587409847,6691.524046127478,78.36198101018849,-0.3923936948262076,357.22311892099395,defense
93.39999999864085,1.0104839550658151,-0.21088860810005555,2.257238387833868,796.2481867631035,-2822.7747826108584,6660.855974645895,729.4973467886358,-2833.5118325893113,6690.3795399183155,79.95431063137397,-0.33660809846195516,358.4884483104952,defense
93.4999999986394,0.9316745473599942,0.08768839678014337,2.7692646594140995,815.0939571052037,-2825.3739436092123,6658.171746617488,751.4660756386799,-2838.820921465951,6689.183302647329,83.68737371662273,-0.3237250244944979,359.73549825126094,defense
93.59999999863794,0.8328056149830213,0.4518788183844562,3.224845124753663,834.0135431655369,-2827.5742141106057,6655.686257317892,773.5390715773493,-2843.828686498855,6687.929193872416,88.35943574113033,-0.39684161679702323,0.9258949351911766,defense
93.69999999863649,0.7222367207078133,0.9310471237684008,3.632406807186115,852.99859669028,-2829.4129323542284,6653.42248636281,795.7127109497317,-2848.4327576621163,6686.605916453156,91.3964281009461,-0.48902448461323594,2.0331901541120474,defense
93.79999999863503,0.6064370204908455,1.5475969490648267,3.975020823810157,872.0413816154966,-2830.9321567160164,6651.403377866382,817.9745305379639,-2852.5184362390955,6685.202795726574,90.84874693532599,-0.5551293988238862,3.0750680391435896,defense
93.89999999863358,0.4898131707687402,2.3652418760483993,4.265099700838877,891.1342152628083,-2832.1760027402574,6649.6506256080065,840.306055066933,-2855.9827436141245,6683.726982165778,87.30140197086732,-0.5993091415286377,4.075851755179619,defense
93.99999999863212,0.37855339827855633,3.4454055406606154,4.514706703835413,910.271387942566,-2833.194652225098,6648.172202501053,862.6932407277113,-2858.8293573376413,6682.208428131509,82.23138819926761,-0.6099509639124363,5.091594773390037,defense
94.09999999863066,0.2775698837962347,4.709504040897102,4.658983297441267,929.4489568339159,-2834.0373462820844,6646.966699102119,885.1356229816073,-2861.174471904066,6680.672490417677,78.43741807853155,-0.6221405072075217,6.187709458360361,defense
94.19999999862921,0.18430974556066793,6.082384835869335,4.652247152884657,948.6547455709501,-2834.736558154884,6646.060379387659,907.6361316742866,-2863.1423466605565,6679.116386199958,77.64220684309616,-0.6204981031271003,7.3744350083549906,defense
94.29999999862775,0.09650049326352063,7.537626792994837,4.484371117681431,967.8750866208502,-2835.3264728857366,6645.474656453804,930.1979612206026,-2864.8079427215275,6677.526137617198,79.24986610691496,-0.5861392575774478,8.604812777684474,defense
94.3999999986263,0.012317509500228488,9.056052357857453,4.152287939966596,987.0975754767277,-2835.8424796501886,6645.2253031943055,952.8097068577202,-2866.1083279366753,6675.9079685332335,80.62299665026181,-0.4674908576929646,9.77874361241983,defense
94.49999999862484,-0.06908425652558646,10.580585374331314,3.6544304863576706,1006.3101510127452,-2836.3207744727724,6645.319677862788,975.4446222604853,-2866.9284996401043,6674.283551665655,79.14493260272964,-0.25366092439295257,10.857751386821532,defense
94.59999999862339,-0.1478840117879803,12.072679581179855,2.997633933372421,1025.503808468983,-2836.7968508978465,6645.759913684326,998.0555795229272,-2867.1625765370322,6672.690924045924,75.19763891739764,0.01089038277200316,11.863349151807999,defense
94.69999999862193,-0.22424869683068782,13.506940960857568,2.192186009335321,1044.6694677786832,-2837.3051007557824,6646.545173757336,1020.6050857596906,-2866.8047717904838,6671.168632283316,70.12872899808627,0.323685674345758,12.855935712317095,defense
94.79999999862048,-0.2975354811366389,14.868704337313769,1.251483554088012,1063.7995170020986,-2837.8774692234265,6647.667214929217,1043.1109404102508,-2865.974104137454,6669.719406075857,66.62722426077681,0.6521998520245379,13.916225291219895,defense
94.89999999861902,-0.36753300792931526,16.145697617494662,0.1890380690549706,1082.8856400122374,-2838.54454687535,6649.118747412828,1065.5990152669185,-2864.789870180513,6668.315143810577,66.32741895913878,0.9983573680368821,15.056008976535022,defense
94.99999999861757,-0.4354892779640756,17.32501823906669,359.01063640479185,1101.917382048952,-2839.336615420739,6650.897026193807,1088.0971857904747,-2863.332449518728,6666.921025586817,68.72492848219784,1.350310452938171,16.235750295916144,defense
95.09999999861611,-0.5018056218093511,18.398839547905002,357.71852359216086,1120.8855538369578,-2840.2811560377027,6652.993390797419,1110.6071201536993,-2861.580494510595,6665.537585335923,72.75197111886372,1.6433244368984319,17.39270755978907,defense
95.19999999861466,-0.5666953715360218,19.361948217378863,356.3188536291899,1139.7816236270073,-2841.403626396664,6655.39599424966,1133.085586428598,-2859.44499378479,6664.182634684173,75.70592274450954,1.9175198751333513,18.47068417179709,defense
95.2999999986132,-0.6091656070481789,20.24323001470565,354.86817898203236,1158.6127245828202,-2842.720908645111,6658.079875840956,1155.4685051813824,-2856.8276945848716,6662.877565649996,75.32355334448343,2.2066859902843947,19.47334993851708,defense
95.39999999861175,-0.6249013420331138,21.07813897455391,353.4141890143711,1177.4014155534203,-2844.222339989256,6661.000444411379,1177.7031571159382,-2853.6391884871823,6661.657196999717,72.08742278400055,2.4988936534169377,20.42269585154983,defense
95.49999999861029,-0.6482189493649821,21.816649177682333,351.95270769245775,1196.1147385374468,-2845.9472276108995,6664.202670408207,1199.777565560307,-2849.8893068187444,6660.549203460118,67.36879123184248,2.8169572032677013,21.3691135326977,defense
95.59999999860884,-0.6624109882243527,22.520331746174303,350.54209912643495,1214.7429490268546,-2847.9069270218765,6667.6803569849435,1221.7287583610232,-2845.692791388119,6659.546116003544,63.90954376581638,3.143609924350668,22.389258402748293,defense
95.69999999860738,-0.6390230754819787,23.180664854023952,349.33907356109586,1233.317194009686,-2850.059169655094,6671.36177024003,1243.6002865210328,-2841.1622619062955,6658.612611662293,63.47021279454814,3.4902112753072294,23.491253050493086,defense
95.79999999860593,-0.5718609089724056,23.42083060571997,348.66230323805996,1251.8799487278218,-2852.339471036634,6675.164605247685,1265.4333646604434,-2836.3537904019267,6657.717589917147,65.39584406678725,3.8598263761613745,24.618179835422325,defense
95.89999999860447,-0.47014228028521826,23.02202768285975,348.5943660186266,1270.4603590030065,-2854.688517798425,6679.009821288318,1287.2145478027678,-2831.2035999575296,6656.884230955232,67.04320320724742,4.272914012544287,25.663290368290173,defense
95.99999999860302,-0.3558897280085159,22.08200788194502,348.90982540257477,1289.0571623303886,-2857.088886761068,6682.885248579911,1308.8879159151938,-2825.616672025482,6656.159273605845,65.8778667974052,4.748483129822798,26.62745791252389,defense
96.09999999860156,-0.2430180588278713,20.996058075767728,349.29693161075863,1307.6626329183393,-2859.54513052657,6686.82673257258,1330.3939113708338,-2819.5092293694706,6655.602764041454,62.2731903652156,5.261507619325457,27.551874346375243,offense
96.1999999986001,-0.11875629426497328,19.702410173365173,349.7472691606513,1326.3163335658498,-2862.030126736521,6690.756669631979,1351.7057291994472,-2812.8720227160866,6655.260541608426,56.81047476094021,5.852609038168373,28.43271487585257,offense
96.29999999859865,0.013861524129032743,18.821968104143618,350.10863808333653,1345.0325998492256,-2864.53456091733,6694.644747242663,1372.8228738449188,-2805.7462395393914,6655.169457085911,50.05734407382656,6.576076124201544,29.260948910338858,offense
96.3999999985972,0.15303506314623025,18.842205336709902,350.462903695663,1363.8087496503804,-2867.0556640352265,6698.49103298885,1393.7502018332711,-2798.1828844481884,6655.371081061712,42.4946691788449,7.464291919546457,30.000727270411346,offense
96.49999999859574,0.2962427803149336,19.746671271312266,351.0140887978697,1382.6410328375769,-2869.58957556788,6702.310657027817,1414.4976500749658,-2790.2414049781514,6655.905791066462,34.47731189599176,8.527605300405792,30.609581815762755,offense
96.59999999859428,0.4390225312475315,21.0092130756777,351.85342409125246,1401.528488658534,-2872.1285688878506,6706.123698507321,1435.0883346045257,-2781.994953127363,6656.791837069506,26.71847001511283,9.749168258251009,31.076214726613422,offense
96.69999999859283,0.576293501427013,22.265414360929757,352.97197574297,1420.4665964132062,-2874.658369664575,6709.95069523058,1455.5589982893998,-2773.5211256262305,6658.011331481723,19.81977520018126,11.114803480241674,31.38319348946576,offense
96.79999999859137,0.7039080107189678,23.32697959296056,354.3189242876739,1439.4512523172548,-2877.160029423981,6713.807932730386,1475.914477320015,-2764.8704722508814,6659.593214541311,13.391924852571275,12.586716512800761,31.477662521704858,offense
96.89999999858992,0.819339458812464,24.118470895708775,355.8324889415406,1458.4792632878048,-2879.61232639308,6717.705669874782,1496.1594717471385,-2756.0955203756,6661.5599882109855,7.159963773061887,14.162520764334568,31.35510356853762,offense
96.99999999858846,0.9210404654975803,24.634884343025682,357.45204091687583,1477.5479012984688,-2881.993728920342,6721.648861291847,1516.3028177179597,-2747.249460900917,6663.924214526028,0.9759543138103015,15.824434213985803,31.013564491895337,offense
97.09999999858701,1.007661489670055,24.875697210550726,359.1373800003383,1496.6549803572927,-2884.2843008159757,6725.639531608183,1536.3548293669226,-2738.3857121150086,6666.690278756556,-5.2275503721474434,17.499502547565818,30.442334783274223,offense
97.19999999858555,1.0783356715023464,24.833872735240075,0.8631420836439736,1515.798517733633,-2886.465428588758,6729.677836317113,1556.332277503267,-2729.5525244166474,6669.845983094922,-11.311646333096915,19.143213975634335,29.64831082786566,offense
97.2999999985841,1.1338339606873085,24.524500966018834,2.594826384432612,1534.9766983385039,-2888.518787035282,6733.761802815799,1576.2518399709638,-2720.794032034832,6673.373926433256,-17.133619760326688,20.718274226730298,28.639007378900075,offense
97.39999999858264,1.1765530399286506,23.986571048409914,4.293642338935656,1554.1898037761864,-2890.4263118331,6737.888638481954,1596.1234990321225,-2712.1578640885564,6677.272998451433,-22.846500656649763,22.183868201502687,27.416560165250083,offense
97.49999999858119,1.2102792881924946,23.27925158905416,5.925519852297106,1573.4384944064311,-2892.1706033034716,6742.054222452924,1615.9576386950464,-2703.6887262200135,6681.534591485354,-28.523890667392788,23.508194985516386,25.976137741295506,offense
97.59999999857973,1.2396323285083624,22.473373603441136,7.466593171201356,1592.720934539208,-2893.7356578173926,6746.252009087867,1635.764906189702,-2695.428919714422,6686.144260278708,-34.208071004519624,24.661260020237524,24.315496589874652,offense
97.69999999857828,1.2692682034533957,21.639720014527427,8.901768436387794,1612.0354098775645,-2895.107190945158,6750.474410996756,1655.5561912698931,-2687.4184092101796,6691.082365155459,-39.929961712979484,25.615514719749882,22.445334166250994,offense
97.79999999857682,1.3033299491416908,20.83620944794923,10.22545004717327,1631.380372445717,-2896.272849390804,6754.713005448112,1675.3425176900982,-2679.694557170692,6696.324507187012,-45.709222055693935,26.34751065746561,20.390097900884065,offense
97.89999999857537,1.3446590332575272,20.100916423902845,11.440631235171832,1650.7544753118818,-2897.222252720994,6758.958679562492,1695.1349073863837,-2672.29182949078,6701.841936796224,-51.55388156811529,26.84032845879569,18.186613199243116,offense
97.99999999857391,1.3938801255028244,19.453188403200315,12.55696994938147,1670.1565827417674,-2897.9469497567015,6763.201763278118,1714.944217112498,-2665.241486395816,6707.601981278319,-57.46094070755803,27.08554663120039,15.880711677013961,offense
98.09999999857246,1.449452042424045,18.893555440698815,13.589646168386304,1689.5855418501574,-2898.439755501257,6767.432347740788,1734.7809535566244,-2658.5712794699452,6713.568514890513,-63.41824038924076,27.084067606358428,13.522510066078304,offense
98.199999998571,1.5082105167282132,18.406116866274974,14.558339297126302,1709.0404712397258,-2898.6958264764003,6771.640353727198,1754.6550775437217,-2652.3051774301243,6719.7024779064595,-69.40720786107875,26.845550696719883,11.161309236797884,offense
98.29999999856955,1.5656247546525042,17.94551438216784,15.484482789996582,1728.520828759413,-2898.712900648179,6775.816743674666,1774.575810462011,-2646.463140905855,6725.962437777257,-75.40579389772634,26.386575013248013,8.841145997213152,offense
98.39999999856809,1.61736671417926,17.44800945038135,16.383190781499298,1748.0238466743047,-2898.490557206639,6779.952670520327,1794.551456372726,-2641.060961046232,6732.305176183418,-81.39098577548556,25.727948995824917,6.5978014295101515,offense
98.49999999856664,1.6616994106049225,16.887282232807234,17.259040956444423,1767.5463527360594,-2898.0283114297927,6784.0384105299445,1814.5892515315352,-2636.110169556831,6738.686280825144,-87.34057957531988,24.89174757753807,4.457632096580299,offense
98.59999999856518,1.6985398039010609,16.263455699245387,18.11110391325968,1787.0875902145772,-2897.3250810368913,6788.0649928416615,1834.6952497421564,-2631.6180201124735,6745.060719650317,-93.23423412233137,23.898665720246147,2.4381111703154845,offense
98.69999999856373,1.728705134537218,15.587623144390069,18.93854957367991,1806.6464602887957,-2896.379693743199,6792.023890107608,1854.8742477762787,-2627.5875342448353,6751.383378110487,-99.05405196638604,22.76614499123833,0.5496028073884012,offense
98.79999999856227,1.7532443736548604,14.86719611474444,19.740327309322193,1826.221425236888,-2895.190812876446,6795.907462324692,1875.1297508163307,-2624.0175998232417,6757.6095451799965,-104.78498272977245,21.507510649504166,358.7977251187753,offense
98.89999999856082,1.7734996366050058,14.11083596726677,20.51643700855992,1845.8106203811624,-2893.756997438181,6799.708534844542,1895.4639742246272,-2620.903107845315,6763.6953410619735,-110.41525655649386,20.132116236505404,357.1856805843037,offense
98.99999999855936,1.7911002373688194,13.332324557710297,21.269004673274893,1865.4119637928325,-2892.076837954267,6803.42011696128,1915.8778754166106,-2618.235113621874,6769.598086333681,-115.93690963183391,18.646289824694183,355.7160916930566,offense
99.0999999985579,1.8077059656115277,12.547607027226462,22.0018886726129,1885.02323079967,-2890.149102986548,6807.035370553279,1936.3718780117022,-2615.982746117786,6775.283677085683,-119.907142352424,17.13636703388581,354.3364062973098,offense
99.19999999855645,1.8247588412744682,11.771771122582187,22.71986540487553,1904.6421235940747,-2887.972863285223,6810.547606030682,1956.9444401443354,-2614.08690987951,6780.749985606739,-122.1643285877853,15.651185558107203,353.0105856132882,offense
99.299999998555,1.84328184442113,11.016359344354484,23.427686570373687,1924.266323832922,-2885.5475705809736,6813.950305139011,1977.5822722200699,-2612.614601167042,6785.936926463289,-125.26370833777818,14.102239770732007,351.8620528702085,offense
99.39999999855354,1.8634810262342503,10.278933250117536,24.126726443120038,1943.8934488168863,-2882.8730098279134,6817.237538778645,1998.2709383896806,-2611.5742467921586,6790.802171059424,-127.59888892198337,12.565588851870316,350.80415859817754,offense
99.49999999855208,1.8849132522951098,9.5443494859034,24.814512320955696,1963.5211018372763,-2879.9492946930263,6820.403771269352,2019.0092278986183,-2610.8756918903823,6795.3825599846,-127.09839748044246,11.133544390420596,349.69334065737854,offense
99.59999999855063,1.9072345289360197,8.802758815558068,25.489497849067394,1983.1469947227265,-2876.7769387370763,6823.443184730646,2039.7983392778024,-2610.435879076828,6799.738712609402,-123.73825370297526,9.81876435713762,348.5299241183979,offense
99.69999999854917,1.9302038616543313,8.048376347063602,26.150792256873775,2002.768920543717,-2873.356801933145,6826.349745454467,2060.6360000731656,-2610.216961328014,6803.909031496436,-118.81649146784613,8.646783261548464,347.3442088932298,offense
99.79999999854772,1.9536512152996044,7.277782930904733,26.797786322586113,2022.3847279001395,-2869.6900446211457,6829.117271583635,2081.500168729969,-2610.317493986564,6807.853658187676,-114.87648268081583,7.625378799720793,346.2286735806964,offense
99.89999999854626,1.9774609228552775,6.488989096987402,27.429986527846008,2041.9923027317957,-2865.7780942882755,6831.739474358887,2102.3587471999185,-2610.8576158937435,6811.529366171229,-113.2580343804813,6.743634875275124,345.19745068736097,offense
99.99999999854481,2.0015614042331995,5.680894330661149,28.046943253590285,2061.5895555201387,-2861.6226225861546,6834.209984476501,2123.1835491695874,-2611.9056952968667,6814.912089596826,-112.7014446384952,6.013010320073144,344.18455954290835,offense
100.09999999854335,2.0259171800186007,4.852955880425535,28.648217970503932,2081.1744126827443,-2857.225530655158,6836.522369523418,2143.9798483462328,-2613.3814820572097,6818.03970109258,-110.86070533738541,5.420586310833454,343.08370292274753,offense
100.1999999985419,2.0505217206491806,4.004974415146827,29.23336434854504,2100.7448113855844,-2852.5889412259385,6838.67014563169,2164.7549716322833,-2615.21634732425,6820.954605560151,-107.8774042630166,4.898700649904325,341.90586793363207,offense
100.29999999854044,2.07539082946344,3.136950276094641,29.801913003631093,2120.29869718233,-2847.7151962222874,6840.646785321155,2185.483084220898,-2617.463960844159,6823.655030617261,-106.10377733622843,4.385990631922723,340.7430130782065,offense
100.39999999853899,2.10055668958514,2.2489865064450747,30.35335655233318,2139.8340239754757,-2842.606858766397,6842.4457226783215,2206.134488029405,-2620.1804021209778,6826.130302430964,-105.57813663228572,3.9247804830475017,339.5994337666842,offense
100.49999999853753,2.1260627848496814,1.3412253381939339,30.887134594432347,2159.3487558500497,-2837.2667186398257,6844.060356860412,2226.7251737236193,-2623.287938882235,6828.406646357024,-103.97223759628483,3.5692978082121023,338.39443120988295,offense
100.59999999853608,2.1519598381238914,0.41380962322405634,31.402619207549844,2178.8408703867276,-2831.6978003998297,6845.484054585449,2247.27162887316,-2626.719502426647,6830.514964559672,-101.34351455730287,3.2714743566052293,337.1382380124173,offense
100.69999999853462,2.178302802695617,-0.533137037529774,31.89910158850916,2198.3083631254804,-2825.903373495091,6846.710152254448,2267.7358466689802,-2630.548605324617,6832.452573987061,-99.94138453395492,2.967444655082195,335.92457234061095,offense
100.79999999853317,2.205148844519299,-1.499516467126584,32.3757801774331,2217.7492529219953,-2819.886963868117,6847.731958124704,2288.079653631151,-2634.8388278819425,6834.211675302619,-99.78388539682122,2.695893939886038,334.75682341789013,offense
100.89999999853171,2.232556184625647,-2.4852524891891656,32.83175023946417,2237.1615880116174,-2813.652366660923,6848.5427549179585,2308.327351269305,-2639.5127330774067,6835.808710832575,-98.50335987294532,2.515623412405324,333.5502851716742,offense
100.99999999853026,2.2605836351315407,-3.4902812018530263,33.265994585960875,2256.5434526640715,-2807.203659756468,6849.135803193883,2328.503078295195,-2644.502862214578,6837.266171836719,-96.17065689352103,2.3791519097517795,332.3040669601987,offense
101.0999999985288,2.288560367524492,-4.511573750142094,33.677498511343686,2275.890945610759,-2800.5423579745348,6849.501435436419,2348.5626295492602,-2649.8804245873926,6838.587371981112,-94.98499477102033,2.219096886397059,331.10305135880384,offense
101.19999999852735,2.2928732835249175,-5.487741034022577,34.11030048285591,2295.190928844913,-2793.6586374071767,6849.615345527896,2368.462298232784,-2655.7070010784546,6839.769763590137,-94.99265321488501,2.074163885647427,329.9531057876116,offense
101.29999999852589,2.244713044624277,-6.346091481286783,34.589426710071045,2314.3981054323153,-2786.4952320061952,6849.414351617879,2388.2142653901683,-2661.939521486215,6840.82045015803,-95.36970364694612,1.9321734726308035,328.794425354817,offense
101.39999999852444,2.1510658645458673,-7.070751542135205,35.11145533111834,2333.451384024337,-2778.977426559483,6848.841245409143,2407.7904790459183,-2668.6061691014424,6841.734010848114,-96.34888295035613,1.7695436776896254,327.64515938179125,offense
101.49999999852298,2.0262701229116984,-7.622560222383819,35.65946360453682,2352.2922090948455,-2771.0434302349236,6847.8817102678395,2427.2262813124676,-2675.63318735036,6842.514858277131,-95.58765511477684,1.6539609926740428,326.45095481453023,offense
101.59999999852153,1.883454896663565,-7.982694288363557,36.24821893317121,2370.902078833936,-2762.6796656960773,6846.585892622093,2446.555143153473,-2682.956936365554,6843.17765681161,-93.42202276407716,1.5517352951181798,325.2172254734077,offense
101.69999999852007,1.7325147145099469,-8.162940866225588,36.940585309192635,2389.2749102834805,-2753.885185458092,6845.020523604924,2465.7227286406232,-2690.646137022765,6843.727980057568,-92.11418064960475,1.4124211916831804,324.0302758193624,offense
101.79999999851862,1.5976455405053234,-8.201123014798148,37.74776100314232,2407.4248417364897,-2744.6808872566507,6843.257918779787,2484.6548053935257,-2698.7884294932537,6844.166622595409,-92.88519338738729,1.230356309214635,322.9152881723903,offense
101.89999999851716,1.48669101581501,-8.077235162854404,38.50880578471537,2425.3959091627585,-2735.1216518488945,6841.355700447071,2503.320792178197,-2707.4031233435317,6844.48526519047,-94.1212636890365,1.068246630816436,321.82081990573306,offense
101.9999999985157,1.3738136127970788,-7.8322952249284565,38.58099012900008,2443.162664020225,-2725.188928631574,6839.357918742085,2521.7747643397774,-2716.402064735902,6844.683975306612,-93.45215898738935,0.9638612259472896,320.6617975310094,offense
102.09999999851425,1.271066575136456,-7.718179335501301,37.76372015685386,2460.7519105220526,-2714.927370256627,6837.3026699177835,2540.060438715098,-2725.7192233858054,6844.774952555743,-91.27513669006098,0.8751037570149961,319.43985239674186,merge
102.1999999985128,1.178591375640556,-7.822514246151841,36.32562420740002,2478.2405933400673,-2704.4294982169254,6835.196129791788,2558.144873606462,-2735.3824850092974,6844.769359310666,-89.85473015842605,0.7501116476192136,318.2250183469401,merge
102.29999999851134,1.068952469078613,-8.108414015005938,34.63289408225726,2495.6289055529437,-2693.7058976702224,6833.065916419647,2575.955347229296,-2745.459304333229,6844.673394521901,-90.42373326155968,0.5851443881749694,317.0593978854183,merge
102.39999999850988,0.9397318702010689,-8.625894084635856,32.89821152824938,2512.942824709655,-2682.801554735885,6830.920795514721,2593.458709827646,-2755.9671300387677,6844.481441315273,-91.44736440333223,0.4438390686169197,315.9137165652113,merge
102.49999999850843,0.7895300148817538,-9.289086558958417,31.38297185377204,2530.215154696033,-2671.773746682259,6828.754451639915,2610.7169117583057,-2766.826418979163,6844.19003139208,-90.61597101554071,0.36897301519038395,314.7133776865141,merge
102.59999999850697,0.6214541986004241,-9.862876515636488,30.38696709585114,2547.4781758123895,-2660.677597973145,6826.546044588366,2627.815735846323,-2777.9649407853444,6843.806859738207,-87.58588409659986,0.3584965571403678,313.4539034133638,merge
102.69999999850552,0.443153705369601,-10.422479453801138,29.76396671706316,2564.7582640037763,-2649.551034362448,6824.268707735995,2644.8269809793046,-2789.3348830152254,6843.34149884803,-82.81334626034462,0.4348770175245841,312.2521892889964,merge
102.79999999850406,0.26099640483602166,-11.001965846680994,29.41676506407224,2582.06805393283,-2638.412839822703,6821.905960194925,2661.7529382566618,-2800.9302149401587,6842.80635915362,-76.85448337624223,0.624033113453617,311.23648556954333,merge
102.89999999850261,0.07889669155037736,-11.450570847302568,29.31560915550945,2599.4118962926655,-2627.271673242045,6819.456916254321,2678.5848900609085,-2812.754465245817,6842.218626488239,-70.28275879265765,0.951974018769571,310.35984135709407,merge
102.99999999850115,-0.10086132213517238,-11.111051433115666,29.403111606132722,2616.785969490367,-2616.1360627490967,6816.951682747463,2695.3191828700747,-2824.8066282164227,6841.5980090023495,-63.60598805458622,1.432257314155933,309.6009860473181,merge
103.0999999984997,-0.2751899321839667,-9.64811100051577,29.368311465127604,2634.194193106584,-2605.020519285345,6814.444835792122,2711.956330928143,-2837.0820024490067,6840.964731690091,-57.20705084446993,2.064567246209652,308.95401026166326,offense
103.19999999849824,-0.43374563260242327,-7.359321528706597,28.93757578944619,2651.6640870300093,-2593.9395398853394,6811.982391058159,2728.4871069425585,-2849.557832276833,6840.33736441294,-51.32664047110225,2.8414094888067805,308.4117346105586,offense
103.29999999849679,-0.5701564310147064,-4.728356623402177,28.02265487319529,2669.226866131845,-2582.9123325352225,6809.58780125649,2744.8979431515704,-2862.2022402809316,6839.7322129854265,-46.07405916879559,3.7467490963438803,307.9726601359039,offense
103.39999999849533,-0.6930933474502995,-2.2901724036969373,26.760052896748277,2686.9145364987976,-2571.9879605702304,6807.315391686711,2761.1919044394526,-2875.0027397446606,6839.165086661276,-41.444061079264415,4.749275776050897,307.64719089953735,offense
103.49999999849388,-0.8059641109094101,-0.2672690495345697,25.31347507090468,2704.7521901883024,-2561.219183960991,6805.193480191327,2777.3752602227264,-2887.9484115880205,6838.648858649773,-37.3733738529388,5.733264378285048,307.5010879952684,offense
103.59999999849242,-0.912673985596179,1.2976349774487486,23.792465349864308,2722.7594578604435,-2550.666106834121,6803.241833639279,2793.4653775484253,-2901.0383402340162,6838.192917404017,-33.752908036378514,6.567554808265647,307.59329440249945,offense
103.69999999849097,-1.0144283588434297,2.44915801563735,22.25041310547942,2740.94986832177,-2540.380997235734,6801.4599980555095,2809.4819851639068,-2914.276871366393,6837.8060957764865,-30.4568664779923,7.334224245622684,307.83236325175795,offense
103.79999999848951,-1.1113626364533538,3.2508449814092657,20.702466045251303,2759.33162628557,-2530.408221253272,6799.834167890749,2825.434239979613,-2927.654900003664,6837.493746514357,-27.344316895146257,8.086051477119772,308.1696322533175,offense
103.89999999848806,-1.2035130500057554,3.759767661305103,19.1463066201545,2777.9083661531868,-2520.784817094387,6798.341827364767,2841.3312809676054,-2941.16355168061,6837.260965524101,-24.268433689550946,8.837823598111438,308.57881992466736,offense
103.9999999984866,-1.2911426577676652,4.020382761439877,17.574848486111215,2796.679820413788,-2511.5411043182917,6796.954909265882,2857.1821604802694,-2954.7940499633314,6837.112992439798,-21.099775615332522,9.58667244317667,309.0414352278427,offense
104.09999999848515,-1.350342516531607,4.137531231129699,15.993763183927735,2815.6325835370358,-2502.6843088830237,6795.635112871653,2872.9953701167065,-2968.5368691200915,6837.055000979305,-17.740312193886997,10.324432631006175,309.54246720180225,merge
104.19999999848369,-1.349169564641675,4.216306896074231,14.392001703659608,2834.734485994148,-2494.1392319482466,6794.338106855947,2888.7791167814944,-2982.381869559524,6837.091888297829,-14.129908404750138,11.043008411533219,310.0709503431517,merge
104.29999999848224,-1.306413145543966,4.271147074564008,12.796888062212352,2853.9638176061176,-2485.8513204489373,6793.049127705395,2904.5417704265824,-2996.318741111335,6837.228096186841,-10.246017392356064,11.73636852260703,310.62149987207374,merge
104.39999999848078,-1.2664778032405424,4.279113167958627,11.291384245866476,2873.3257207498536,-2477.912679723409,6791.801888774828,2920.291908665426,-3010.337036863955,6837.46736036717,-6.098065817676082,12.40087574732447,311.1953209498426,merge
104.49999999847932,-1.2532929657321672,4.259577405248918,9.90385251629828,2892.828940395627,-2470.4349586369694,6790.639821781406,2936.038326560615,-3024.426228004398,6837.812507357106,-1.7181563685361745,13.034209023392998,311.8003213520803,merge
104.59999999847787,-1.2652938134863163,4.246268532142724,8.587425905511036,2912.4624758253967,-2463.4631121556013,6789.578566637359,2951.790027774048,-3038.5757637363727,6838.265319345966,2.850049004513944,13.633567697510028,312.450096356345,merge
104.69999999847641,-1.2776080562127925,4.292688896277783,7.297404680158244,2932.2165308514086,-2456.9773467933046,6788.603115930686,2967.555234556102,-3052.773861492557,6838.8295737898625,7.5643878821546675,14.329876720404632,313.17574151587394,merge
104.79999999847496,-1.2523274841700467,4.456066801514098,5.998657895470211,2952.0741343441728,-2450.8850303377512,6787.678817321814,2983.341955297789,-3067.0066063275503,6839.515396332318,12.37346539033441,15.281930541253859,314.0307694048001,merge
104.8999999984735,-1.1987007907338085,4.692690880107038,4.694766599843243,2972.0248382994214,-2445.116519405961,6786.79371140492,2999.1599527594185,-3081.259579412086,6840.332067361629,17.17597677368668,16.276243435449697,315.01983592452615,merge
104.99999999847205,-1.1595181627143263,4.921943678453779,3.4386207474190336,2992.0666270080314,-2439.7297119325935,6785.986846279156,3015.018998218089,-3095.5164178816985,6841.288444728747,21.85967579613683,17.201332812218137,316.1372340372547,merge
105.0999999984706,-1.1546769555528462,5.133038605568358,2.255178214504286,3012.198666993289,-2434.813287409767,6785.308346195814,3030.929159289317,-3109.75984181423,6842.391278135232,26.334057953983752,18.00553352932121,317.37563601361165,offense
105.19999999846914,-1.1800976879470504,5.338065683903591,1.106397835527175,3032.4152947244497,-2430.400237474325,6784.773517071337,3046.900737493202,-3123.9722613935865,6843.644786581144,30.545270360130708,18.66505214406379,318.72472953082973,offense
105.29999999846768,-1.229396698042162,5.5177477548603076,359.93618769680415,3052.703498154023,-2426.4883366571266,6784.368255559409,3062.944106939725,-3138.1360745280385,6845.050775640777,34.47981946564402,19.170648106420618,320.168808080789,offense
105.39999999846623,-1.2957651962006267,5.634842750154518,358.7151019460366,3073.051651806511,-2423.0772158767613,6784.068429971892,3079.06955815775,-3152.2338232105913,6846.608878024141,38.161033107572436,19.52283587208506,321.68610550793454,offense
105.49999999846477,-1.3713983614105818,5.6575411434904845,357.4270205847911,3093.4436241863345,-2420.158477128088,6783.839715359974,3095.287163271558,-3166.2483225917204,6848.316757401502,41.64093639047307,19.73009744897815,323.25027493107496,offense
105.59999999846332,-1.425392920833559,5.630073786679874,356.0774451201317,3113.865039497687,-2417.705879372214,6783.640819150767,3111.6066558911907,-3180.1628141179954,6850.170248247689,44.9892671310092,19.807394163031386,324.8332730056783,offense
105.69999999846186,-1.4492905534681029,5.530843988640153,354.66596411552354,3134.313650693041,-2415.6627062389916,6783.442456363079,3128.037320404795,-3193.9611466266488,6852.163457485816,48.28098175431675,19.774036399236795,326.4086319019405,offense
105.79999999846041,-1.4840696353456255,5.289066612708178,353.25220362371084,3154.7711708025377,-2414.099309469972,6783.243592678231,3144.5878901565343,-3207.627966732197,6854.288862121681,51.583794978991,19.650962931890472,327.9542933371321,offense
105.89999999845895,-1.5072690199190442,5.01398258217392,351.84542486521497,3175.225285138629,-2413.025930253668,6783.026450177461,3161.2664562819164,-3221.1488974919566,6856.537426962323,54.947632570094505,19.457890553455073,329.454512105219,offense
105.9999999984575,-1.5109374481407376,4.718816713810055,350.41895665065226,3195.6757633695133,-2412.384654637622,6782.776665376354,3178.080389879769,-3234.510690243289,6858.898753904012,58.397835830707486,19.210832098051085,330.9006216891551,offense
106.09999999845604,-1.5109470038888018,4.397632326862602,349.09685380651536,3216.120262479537,-2412.2180263088076,6782.4936383683025,3195.0362816759894,-3247.701338542674,6861.361264583713,61.93330986218126,18.92034809129102,332.29065206601445,defense
106.19999999845459,-1.4748055662113606,4.156166562091312,347.9235826485136,3236.585052012686,-2412.4505337381743,6782.169821243522,3212.139905242379,-3260.7101425894675,6863.91241085406,65.52971819521208,18.590735134166923,333.62794566797226,defense
106.29999999845313,-1.3962426608534888,4.048692700788972,346.7071241973387,3257.0729652793298,-2412.974565450663,6781.802821291727,3229.3962101695984,-3273.5277117711435,6866.538899388108,69.14668599109538,18.22021635693417,334.919074472425,defense
106.39999999845168,-1.3003361155804252,4.082789278941956,345.37447922177256,3277.576172541206,-2413.728563819758,6781.398961805186,3246.8093484157594,-3286.1458982788668,6869.22690865033,72.73717155246008,17.802071569831714,336.171503723297,defense
106.49999999845022,-1.229829939724882,4.201410688553456,344.09179774129797,3298.06601172502,-2414.79957453947,6780.999540451634,3264.3827304342512,-3298.5576681084276,6871.962271772898,76.25692672551034,17.32650166727009,337.39150943560134,defense
106.59999999844877,-1.2044698286811486,4.374760207414212,342.9161860593942,3318.502293996,-2416.2942438449386,6780.659463380706,3282.1191002076957,-3310.7569325086115,6874.7306027164495,79.6722872497241,16.782877615895075,338.5827773926814,defense
106.69999999844731,-1.201146217662164,4.630200414056579,341.83518441758275,3338.8531662449864,-2418.273948398174,6780.412167215395,3300.0206136089632,-3322.73837477295,6877.517355414373,82.96520933196015,16.16193505797294,339.74589536775346,defense
106.79999999844586,-1.179029440860961,5.012237611787393,340.77463383799153,3359.1342825846878,-2420.6605336381235,6780.230903184164,3318.088904873264,-3334.497308072643,6880.307821933347,86.13520964074942,15.457494608284627,340.8786783260358,defense
106.8999999984444,-1.1389876829836503,5.469534981666709,339.6991264360646,3379.364397653646,-2423.3798680389864,6780.097593544391,3336.3251309631946,-3346.0295896697276,6883.087089230159,89.19844859049196,14.66742031995153,341.9770487128342,defense
106.99999999844295,-1.1179767437333334,5.90740478153103,338.63141403929285,3399.523661397448,-2426.4598422212453,6780.042326748392,3354.7299906541407,-3357.3316005206234,6885.839979962004,92.18454705606779,13.79372548499583,343.0361054410532,defense
107.09999999844149,-1.1349511191209753,6.289800984346576,337.59808573289956,3419.575046837873,-2429.976973530983,6780.11279639436,3373.303721340338,-3368.400283759222,6888.551000856731,95.1318936509533,12.841925656151881,344.0510604042796,offense
107.19999999844003,-1.182742549130712,6.616243909197615,336.57685902208635,3439.4930170103244,-2433.976549445395,6780.326151495722,3392.046080157587,-3379.2332255785027,6891.204315195903,98.08226450279112,11.819870638075741,345.01784767316053,offense
107.29999999843858,-1.2522770095244173,6.869552637925039,335.5108165344631,3459.2671198997996,-2438.454129263568,6780.660162999612,3410.956316933822,-3389.828758835232,6893.783747561056,101.0755804072523,10.73634216744427,345.93334904362456,offense
107.39999999843712,-1.3325818578082833,7.023708842753288,334.36938629966215,3478.8944854269635,-2443.3945524516967,6781.078802295766,3430.033145621013,-3400.186071691191,6896.272821620947,104.14555667170852,9.599692872613657,346.7952815690824,offense
107.49999999843567,-1.4151505537611615,7.048656095790074,333.14835277542835,3498.371401536795,-2448.787157772046,6781.544982269758,3449.2747192785373,-3410.305308086927,6898.654826580316,107.31683359761865,8.41674813511351,347.60184360586544,offense
107.59999999843421,-1.4957836304776853,6.920840418190326,331.8603788609564,3517.6905084108894,-2454.6285969485502,6782.023800462154,3468.6786119933768,-3420.187651620314,6900.912904493997,110.60391090600996,7.192117680894063,348.35122762402415,offense
107.69999999843276,-1.5730337521697635,6.629667563585798,330.5240417862605,3536.843113076423,-2460.917127195841,6782.481196104509,3488.2418094633567,-3429.835388518547,6903.03014882445,114.0118883310033,5.9279830410600445,349.04110111588227,offense
107.7999999984313,-1.6471625395639997,6.171318116964931,329.158584242078,3555.8207526661945,-2467.649465617835,6782.883634526128,3507.960708247501,-3439.251948952259,6904.989704174504,117.53870470141979,4.624349189356283,349.6681454017459,offense
107.89999999842985,-1.7192094960454567,5.5474669660241265,327.78166249636274,3574.6161947453406,-2474.8191838552834,6783.198105748353,3527.831121940852,-3448.4419293470323,6906.774858246669,121.17833713976376,3.27968015869831,350.22772814819086,offense
107.9999999984284,-1.7899730747011904,4.765507870218025,326.4029536455473,3593.223215812794,-2482.416680024962,6783.392394351357,3547.851263393766,-3457.3965119824834,6908.359418078962,124.63579359057218,1.9164785286506572,350.7215548360557,offense
108.09999999842694,-1.8358675173765806,3.8955089589823353,325.0134567169457,3611.655157751143,-2490.4205951262093,6783.438803820992,3568.0237106134705,-3466.0759676863595,6909.693079496026,126.32848160533996,0.6592223876653291,351.220585640215,merge
108.19999999842548,-1.825947817739688,3.0200178623855094,323.58902985940193,3629.970293723038,-2498.7582663510366,6783.340114658413,3588.3487993560466,-3474.436135674072,6910.7318004868275,126.32766550942775,-0.45429717560854754,351.766561436851,merge
108.29999999842403,-1.7774254673328909,2.1721831699970955,322.1568210936278,3648.1882141930764,-2507.371891336213,6783.11043965022,3608.809741649624,-3482.541616195773,6911.51913176676,127.27226087424278,-1.6035855348440073,352.3152622845516,merge
108.39999999842257,-1.7319479496230823,1.3734015021129402,320.7866110826843,3666.2384177437157,-2516.3100024910727,6782.7422102574355,3629.394901755623,-3490.439951451914,6912.079535661033,129.1052632534125,-2.7763351782926824,352.8771808122982,merge
108.49999999842112,-1.6970572205849437,0.6837556545904642,319.48912012431856,3684.063840181995,-2525.6273239896623,6782.2311709542455,3650.1001121772188,-3498.122178274137,6912.393887487611,131.53337412266825,-3.9403674255895536,353.4261342897723,merge
108.59999999841966,-1.666789396497652,0.10647953627091536,318.2105691606442,3701.6788579051276,-2535.2933110943886,6781.592309984807,3670.921080862187,-3505.557226470646,6912.421138131675,132.6973040183117,-5.017325428278,354.0039957628299,merge
108.6999999984182,-1.6469827411394717,-0.3772583456684777,316.9631390053118,3719.0462402719045,-2545.33525475786,6780.8294982088655,3691.8533155123328,-3512.6971161779543,6912.118325789694,132.19379885378268,-6.050624867233444,354.5665056352709,merge
108.79999999841675,-1.6292721961463401,-0.7834122571257185,315.71187667302365,3736.184816478894,-2555.7199357308464,6779.953051107788,3712.8889369787635,-3519.598576427394,6911.533352408105,132.72929528868914,-7.164383559376524,355.0855390557272,merge
108.8999999984153,-1.6201242336809187,-1.1367336993897668,314.4789449172943,3753.0581399392695,-2566.4711693670197,6778.965399201823,3734.0216467321,-3526.293109929223,6910.684175892189,134.26623698050471,-8.308350151604813,355.5996678446813,merge
108.99999999841384,-1.6102011322762042,-1.4469674602305556,313.2352831935142,3769.6876248181543,-2577.5554011202075,6777.87269048734,3755.243428423181,-3532.7565227155515,6909.535874579466,134.95708228906275,-9.375703067945114,356.1588163666255,merge
109.09999999841239,-1.6070378787369124,-1.7312831688713985,312.07887037184497,3786.0351296787308,-2588.990015376044,6776.675970225531,3776.5449972501146,-3538.9382818579575,6908.042651520825,134.22637967302677,-10.390245723646201,356.71434472799166,defense
109.19999999841093,-1.5759322154533006,-1.9220247230038914,311.0264785252428,3802.1485732908077,-2600.7066729277963,6775.3784314275745,3797.921729351868,-3544.868347804065,6906.231238426253,133.31294453159532,-11.39892846263941,357.28735404745873,defense
109.29999999840948,-1.522283468869884,-2.0470238946102763,309.921089980144,3818.0783160918804,-2612.654532224093,6773.99164262335,3819.3638403226214,-3550.5100729290953,6904.074305602643,131.74581347226072,-12.363737220464765,357.8823729965942,defense
109.39999999840802,-1.4848903126599562,-2.15728847873716,308.73549671179654,3833.7610260845818,-2624.8881835943757,6772.533208078748,3840.872436554972,-3555.9129197005054,6901.619472336317,131.8472723653155,-13.383469836187171,358.46742397316325,defense
109.49999999840657,-1.4665543032213912,-2.22655666746582,307.6257407574518,3849.133407837716,-2637.446174931556,6771.017633136803,3862.4493060855934,-3561.0967631263993,6898.876880904276,133.44359713957394,-14.419106252715808,359.0557677907812,defense
109.59999999840511,-1.4316854629013764,-2.19499754338874,306.6230265574824,3864.2510217922636,-2650.265922982482,6769.442820181865,3884.0868658868553,-3566.032439799939,6895.8076695093605,134.44729857416604,-15.375235764373837,359.6870511498223,defense
109.69999999840365,-1.3808726554775312,-2.0788258877346384,305.57326438137164,3879.171610526977,-2663.301779739204,6767.812222389329,3905.759813576979,-3570.6416728106933,6892.340396996498,132.4568785821468,-16.199309648774207,0.37898055246071183,defense
109.7999999984022,-1.3504429881554676,-1.9392802846770165,304.4421725999583,3893.833451324597,-2676.600686549908,6766.154449196819,3927.446583016861,-3574.8568900459586,6888.436407432372,128.5087270226301,-16.959836134396973,1.0869676583030357,defense
109.89999999840074,-1.3410440415122329,-1.7821448050677042,303.3856936283656,3908.174391751608,-2690.1946927638787,6764.492001586005,3949.135455868624,-3578.67269012515,6884.126031394324,123.59865022112994,-17.660109636100945,1.8771983196288264,defense
109.99999999839929,-1.3152593034055335,-1.5595353103324512,302.4408493631039,3922.2529562956984,-2704.026091179498,6762.810596871275,3970.789755082927,-3582.001902721934,6879.40037256968,117.0171528655869,-18.204805926459912,2.785858990234797,defense
110.09999999839783,-1.2732911304749737,-1.2710768904408338,301.4533497137668,3936.129297966164,-2718.0536109030813,6761.102986285418,3992.3945984302472,-3584.7959060582225,6874.299105825976,109.2147130107981,-18.587605213968295,3.815913311010483,defense
110.19999999839638,-1.2502004048896562,-0.9716195250410071,300.38329859730464,3949.743388297064,-2732.3169880418914,6759.403345533541,4013.959513521342,-3587.062012315572,6868.896974254954,101.709774369131,-18.853471769157267,4.9631743942324595,defense
110.29999999839492,-1.246993510027255,-0.6823258097842076,299.38443223117315,3963.034130573723,-2746.8424103339776,6757.7385724367205,4035.5093754298664,-3588.892990483311,6863.272812053794,96.9068223976975,-19.06768688540394,6.237829888832892,defense
110.39999999839347,-1.225917728731173,-0.3593120131225597,298.5081035695954,3976.073057753128,-2761.5988496853133,6756.084817247049,4057.0656476408603,-3590.3613210978287,6857.462252671561,94.25048710176736,-19.147270577742116,7.619123814788232,defense
110.49999999839201,-1.1877475635982375,0.01734537972046725,297.5967074528135,3988.9239411518115,-2776.5555737684604,6754.42714116548,4078.616976512848,-3591.37604400094,6851.475284077362,90.765829017168,-19.00691556378508,8.99855783839581,defense
110.59999999839056,-1.167410047915665,0.4054114902769786,296.59309156713755,4001.509639040511,-2791.724977126318,6752.806767035786,4100.131553135468,-3591.838441769043,6845.344060919613,85.90080818803702,-18.70796706099908,10.32987247060731,defense
110.6999999983891,-1.1662904772877793,0.7671407170359464,295.66353096921955,4013.776169973144,-2807.149107916171,6751.256564079407,4121.593394294404,-3591.761197366924,6839.117562915543,80.5760742944682,-18.31632975431317,11.655592675339896,defense
110.79999999838765,-1.1465345335949146,1.1473686024120742,294.8573674657969,4025.796911710006,-2822.8075171449623,6749.7463040724015,4143.019480015312,-3591.253525601365,6832.82448272126,77.09099434970135,-17.909480953489528,13.03465827295087,defense
110.89999999838619,-1.1093114596140357,1.5861809960486344,294.0050513779428,4037.6255005531893,-2838.6521575588868,6748.25489931779,4164.422812159506,-3590.390418510278,6826.4692261781665,75.34816890380907,-17.420333263564693,14.431173089802869,defense
110.99999999838474,-1.0898496913026836,2.0427621556610935,293.055905656826,4049.1859314213375,-2854.691220462517,6746.829424957011,4185.790149940068,-3589.122929312923,6820.079784243286,74.21274401160818,-16.887519307882254,15.774275735874566,defense
111.09999999838328,-1.0895339622847255,2.429311898074405,292.2480207324116,4060.4221241608884,-2870.957379876174,6745.507817111305,4207.123218116066,-3587.483503708499,6813.655394669813,74.11960919693811,-16.346736474098687,17.083561405269908,offense
111.19999999838183,-1.0699704326156747,2.5987374747698717,291.9911341615863,4071.4165392294394,-2887.4269960248907,6744.247493404153,4228.404511264256,-3585.424360811471,6807.218226012853,73.89668810398503,-15.824800921886563,18.33128095824048,offense
111.29999999838037,-1.0201466601408629,2.514996326010428,292.29515517476545,4082.2795876065,-2904.0526050335598,6742.991662400606,4249.635247281071,-3582.979874949081,6800.761330604187,74.28574376806351,-15.339749993888164,19.559361007434813,offense
111.39999999837892,-0.9450581408177978,2.304141713889973,292.84199421926684,4093.0712245395357,-2920.8139165462785,6741.714069303337,4270.783689631315,-3580.068541942459,6794.312417281205,72.50773485090903,-14.791645652555037,20.694356423435412,offense
111.49999999837746,-0.8500921266272268,2.027049996171314,293.4847830451009,4103.813108256591,-2937.7043960425067,6740.409538000918,4291.816135033329,-3576.606060412988,6787.918842972288,68.79267600903817,-14.215612987258348,21.74275731768054,offense
111.599999998376,-0.7396496661115609,1.596042059545232,294.27209814088167,4114.528429790063,-2954.7144374070385,6739.068104673386,4312.727198072049,-3572.596656319934,6781.6171911627625,63.537297295750825,-13.570289278332142,22.741002954517647,offense
111.69999999837455,-0.6165454140058011,0.7586723647281268,295.36936832601214,4125.2454190846565,-2971.8301242768807,6737.667989595464,4333.528505982975,-3568.0857945631437,6775.438286766395,57.946358783935,-12.85075767589597,23.722175349235574,offense
111.7999999983731,-0.4816061395635192,-0.35156827862680773,296.53750837294876,4135.990311481221,-2989.042640763307,6736.18174452205,4354.2550434314535,-3563.182821380937,6769.366820395616,54.400508820713725,-12.088692582367665,24.749605963674522,offense
111.89999999837164,-0.33417185402747734,-1.6515443162995762,297.62672227165956,4146.780766724017,-3006.338084320561,6734.5741616560135,4374.939175999199,-3557.9903368484142,6763.3560020217155,54.28182194478158,-11.301345665757328,25.83506672152422,offense
111.99999999837019,-0.1735081192477537,-3.0105386832048047,298.519910740813,4157.622694424421,-3023.7038721202935,6732.807229734215,4395.594807997915,-3552.5593974435,6757.371399213571,56.71604302517139,-10.512705582083047,26.93061012853439,offense
112.09999999836873,0.00017775729072138155,-4.1064508155201365,299.1363166422888,4168.511537923544,-3041.139464411182,6730.851232111225,4416.188146597189,-3546.8163630255735,6751.458082799551,58.98679672201403,-9.738453204335814,27.92769404221916,offense
112.19999999836728,0.1850683404518407,-4.223675828757441,299.57274774689125,4179.431413892701,-3058.646805464807,6728.70484207955,4436.670674051981,-3540.663194338776,6745.678935289943,58.68499230441596,-8.9875857057403,28.80290803779703,offense
112.29999999836582,0.37650671445746303,-3.1214821691769212,300.1948837896915,4190.369686375553,-3076.2301849628475,6726.397684872598,4457.00645837333,-3534.0415633252655,6740.085373191146,56.32759062357199,-8.284905220412359,29.61669765458562,offense
112.39999999836436,0.5687196285096309,-1.3473511465946153,301.258731855958,4201.330897787763,-3093.8975638757156,6723.9741037434615,4477.20984042603,-3527.0039606367,6734.668354229415,54.35901754561475,-7.645889848093224,30.48257446216689,offense
112.49999999836291,0.7570584778636008,0.4019433358164332,302.7298914415495,4212.333541387213,-3111.6454971608073,6721.481671367482,4497.316398753221,-3519.6412801526935,6729.374348051182,55.08295421407614,-7.055220013898856,31.450567055695984,offense
112.59999999836145,0.9168484404568108,1.8398601884646029,304.4177732681528,4223.415280265025,-3129.4472165224747,6718.970881832796,4517.3480708546895,-3512.0112266952265,6724.15517130231,57.73550268171326,-6.476094540776444,32.46919691870762,offense
112.69999999836,1.0122794104752495,2.937286317514466,306.12874350705385,4234.661136990389,-3147.2270299140105,6716.524236160594,4537.275777231437,-3504.073064840643,6719.030390740183,59.73733950997165,-5.8893298505286715,33.43538827807109,offense
112.79999999835854,1.0599941320303006,3.6784775055591097,307.8271492347834,4246.142607308351,-3164.9164908654066,6714.192355346919,4557.043860744316,-3495.744615122865,6714.054967216766,58.85223294274069,-5.294500344873099,34.30564117456735,offense
112.89999999835709,1.1115423638472361,4.08441219700634,309.5508979798626,4257.829161529461,-3182.542039476528,6711.931646003196,4576.612152810942,-3486.9775045273477,6709.27951099906,55.836048805132975,-4.721890131374324,35.12332230792123,offense
112.99999999835563,1.1736054967237932,4.264907072594134,311.25315108672123,4269.679257684814,-3200.143708903896,6709.691882411537,4596.007403664115,-3477.832100956146,6704.6895574937225,53.252834125503306,-4.18333971585072,35.991764517910404,offense
113.09999999835418,1.237686135311579,4.274373609014823,312.8816154479331,4281.713797167235,-3217.702031755249,6707.471639345527,4615.277129758445,-3468.3945319471245,6700.230732732708,53.28465596673215,-3.6586640683845792,36.94789015012383,offense
113.19999999835272,1.2718428441400784,4.234807879352555,314.37813362994115,4293.991527610891,-3235.1569008110882,6705.288463530055,4634.464437595219,-3458.7335428817396,6695.841114075145,55.573434905874,-3.1291279536930956,37.96074304745589,offense
113.29999999835127,1.245788174998928,4.2419339130435185,315.7170614640369,4306.587281831051,-3252.4215737511877,6703.17381980508,4653.572070755123,-3448.8363941983225,6691.516119725168,59.19962463055454,-2.6550546248958034,38.97645272741174,offense
113.39999999834981,1.167568823458458,4.307846233167989,316.9126155779542,4319.562431825974,-3269.392788953062,6701.178154504341,4672.558159415188,-3438.632992451667,6687.290590993828,61.67217348142559,-2.2139708093462143,39.91733830394025,offense
113.49999999834836,1.0626403068222816,4.454161935597163,318.01583838049453,4332.905929871727,-3286.026810389006,6699.343079861221,4691.347235713009,-3428.05469845213,6683.21381547609,60.80936750052318,-1.7679084010435981,40.77003732253525,offense
113.5999999983469,0.9774102649686017,4.675931760482403,319.1103291247043,4346.537793900384,-3302.3936181575023,6697.6580353261925,4709.87892187822,-3417.071332885227,6679.33246692642,57.67514403089258,-1.3430781372205658,41.59079922242217,offense
113.69999999834545,0.9372500968419804,4.996711963439814,320.20987784402365,4360.386865088425,-3318.576075126134,6696.081615084959,4728.195482718806,-3405.7507478133116,6675.623012466422,54.99919958230325,-0.9431194308072718,42.47560824452916,offense
113.79999999834399,0.9382472867833809,5.406610391479832,321.2897603978481,4374.414437276646,-3334.641532860388,6694.56974438298,4746.359055911423,-3394.1744527733044,6672.029841973034,54.69203429319311,-0.537539470221704,43.44322260322094,offense
113.89999999834254,0.972496743293363,5.824601594487593,322.3293641087168,4388.628768508836,-3350.6002714452907,6693.12209116045,4764.41111986668,-3382.39483662299,6668.50505091776,56.465466180648555,-0.11487019082157397,44.453622994969244,offense
113.99999999834108,1.0306089293020666,6.184618674372603,323.3419937519914,4403.037386783801,-3366.4399077805465,6691.7432239259815,4782.33587262798,-3370.4002757094568,6665.054239982996,59.55452534513877,0.26734046822183827,45.4584734226018,offense
114.09999999833963,1.1030942322044501,6.4437508115691555,324.3498236871759,4417.647693452309,-3382.148412160689,6690.431395011905,4800.08300439733,-3358.14571269377,6661.705149543768,61.572125036342065,0.6407521929355225,46.392940136611685,offense
114.19999999833817,1.1748773757564683,6.595374096060789,325.35296737928513,4432.47721358692,-3397.701321666663,6689.187289930067,4817.605168085933,-3345.593130457648,6658.488048139966,61.94493809918462,0.953993938029144,47.29391919291277,offense
114.29999999833672,1.210574842922713,6.711658374214876,326.31164155125265,4447.566606466415,-3413.037022949986,6688.026660709987,4834.924011533676,-3332.7735117175844,6655.376766104874,61.90971178629232,1.2328144796044485,48.21951206646737,offense
114.39999999833526,1.1814633884825085,6.857628361841566,327.20991314540646,4462.95119637684,-3428.0616247520716,6686.979004630262,4852.0075342796445,-3319.6664338906335,6652.393404356012,60.929563452001304,1.4999119928363507,49.131140443644625,offense
114.4999999983338,1.1106620369759939,7.0126697395185795,328.079179404828,4478.638114962517,-3442.7035769213417,6686.081244646097,4868.906151137486,-3306.325218127458,6649.500031533158,61.47894565236097,1.7112896467942362,50.10950085153295,offense
114.59999999833235,1.0475257429239822,7.174808228054037,328.99918841180335,4494.573519287915,-3457.036484539304,6685.316489409113,4885.653718812353,-3292.7848059785215,6646.663589464966,63.38876408378821,1.9010998440608338,51.12663105420722,offense
114.6999999983309,1.0221682313667215,7.383949366926227,329.98125088861485,4510.699592470645,-3471.155532089098,6684.63999838737,4902.23132784014,-3279.034230497689,6643.886512656042,66.0996891196064,2.044444092010962,52.13998625559046,offense
114.79999999832944,1.0321031968430074,7.644711590803662,330.97666203663,4526.997890890396,-3485.1127662132653,6684.024412152109,4918.604245877559,-3265.027868649571,6641.182407023263,67.49314344990441,2.1982584681625275,53.0891937592899,offense
114.89999999832798,1.0703696474789668,7.898168496530898,331.95460639187957,4543.479014280351,-3498.9065149592657,6683.472951456276,4934.724281398856,-3250.730822406136,6638.5754813553485,67.13440449133297,2.32123996376519,54.00060663967054,offense
114.99999999832653,1.1284264920400178,8.095745559239107,332.9242357374535,4560.145364805073,-3512.525805667692,6682.984398701818,4950.634979547991,-3236.208982445632,6636.031810216937,67.78905899419661,2.3613730910678,54.986065938454395,offense
115.09999999832507,1.1977210379772707,8.2021656828233,333.8996620628353,4577.0013876082185,-3525.961437266212,6682.5526547958525,4966.369606881267,-3221.486217529766,6633.526685244969,69.41459498441657,2.368799312962124,56.00987189534378,offense
115.19999999832362,1.264930384961194,8.213558168795789,334.8771356849207,4594.058811699036,-3539.1898285467305,6682.173627226102,4981.912803936883,-3206.552828588431,6631.059059308139,71.65285543030747,2.336001654209762,57.03011867083526,offense
115.29999999832216,1.2960750455058685,8.208231996794924,335.82180808101015,4611.342560326101,-3552.1489970187135,6681.853320546341,4997.233383226898,-3191.373145857776,6628.634074167681,72.56655003523821,2.3367195268234555,57.99512709336176,offense
115.39999999832071,1.289888993084236,8.15826233758448,336.75246603735104,4628.870905485895,-3564.7825587993498,6681.6042452472575,5012.280020220376,-3175.9140535869765,6626.272190360454,71.7525619494343,2.330645851693516,58.917732166967824,offense
115.49999999831925,1.2957922354768403,8.014236779877097,337.7524917556442,4646.6076048951045,-3577.1604613539903,6681.399870470747,5027.104716457587,-3160.2308691441367,6623.948824260289,71.93920518586337,2.256237442294268,59.897762855630575,offense
115.5999999983178,1.3155441925322984,7.84626684788388,338.7978210716754,4664.528801969255,-3589.3318413374,6681.2165221656205,5041.7335594623355,-3144.343212175997,6621.64749232572,73.13040599452395,2.164294070749854,60.905844142213724,offense
115.69999999831634,1.346354420019882,7.655623358624236,339.8435942383882,4682.635423193585,-3601.2861681523323,6681.049974557609,5056.135495959634,-3128.237744475607,6619.370451218605,73.52344031457164,2.1370982537130354,61.87546472832225,offense
115.79999999831489,1.3573551281034326,7.523876572558171,340.8462799210921,4700.937973385185,-3612.9855439164444,6680.899933092562,5070.251436114999,-3111.8869343979986,6617.1403416048115,72.50861228213175,2.128324591757079,62.79712908658454,offense
115.89999999831343,1.3404088936782528,7.409327135816269,341.80255428584354,4719.453011852656,-3624.367220513984,6680.7824507218575,5084.136446644039,-3095.3274764311227,6614.938387192423,72.68135377896925,2.062045519103048,63.758517405456224,offense
115.99999999831198,1.3410189046486285,7.234129061065496,342.79267667036424,4738.153547639235,-3635.492995957826,6680.6822874804675,5097.804690308281,-3078.571847295191,6612.754008197076,73.98266492084909,1.9786653413453954,64.73594653399516,offense
116.09999999831052,1.359513520924061,7.046520284946476,343.7967738154265,4757.0288900065825,-3646.383279158889,6680.589027155078,5111.222081627364,-3061.6077836763416,6610.58963288852,74.52241433900095,1.9582437610833874,65.67412334307853,offense
116.19999999830907,1.3918421183170224,6.841027717245541,344.7919612391367,4776.079297760482,-3657.025379684541,6680.499338869331,5124.328077899909,-3044.4118679331864,6608.466304862139,73.66033163310519,1.9515860661064142,66.5695942500512,offense
116.29999999830761,1.4054004877502018,6.6966418627214885,345.74890868926974,4795.312293144906,-3667.379540458906,6680.41132090314,5137.183020826719,-3027.0189167572216,6606.365259766603,74.01558550628815,1.8803788884234778,67.51209996075877,offense
116.39999999830616,1.391364293286214,6.565682285712242,346.6685825339948,4814.739127579854,-3677.382684778139,6680.3374577290715,5149.804129432092,-3009.4416365414913,6604.275012913889,75.49681699000465,1.7861823486306743,68.47749516073455,offense
116.4999999983047,1.3958678116924963,6.36278098212232,347.6303154560018,4834.336142436665,-3687.102560699994,6680.264826238543,5162.157991196568,-2991.657775298617,6602.197686822743,76.16285030557897,1.7499451918732678,69.40380743111852,offense
116.59999999830325,1.4187063626945995,6.137903943358538,348.6151941937165,4854.093017252189,-3696.5644298255597,6680.182756347925,5174.183094221732,-2973.6456972739034,6600.152073333049,75.39087686970497,1.7231875925719333,70.29157273458779,offense
116.69999999830179,1.4282575509007793,5.983295153650214,349.57423592606557,4874.01345970109,-3705.7340098986633,6680.088485304567,5185.91294599166,-2955.440935519767,6598.126335206312,74.43398241221603,1.7074033089436802,71.2025734929651,offense
116.79999999830034,1.4135842210295764,5.851600488541347,350.4952978161652,4894.105487597803,-3714.5451129204093,6679.994481657225,5197.307111697415,-2937.0348395200917,6596.137552312741,72.8435824629757,1.7211633677858684,72.09866933785804,offense
116.89999999829888,1.4198057163770654,5.649324191776221,351.45293180914473,4914.3505192979155,-3723.0629256023176,6679.890779515976,5208.430990665303,-2918.456805606944,6594.169124946768,72.9188830886391,1.7010388954728843,73.04391754436143,offense
116.99999999829743,1.4457367095401643,5.421794123735432,352.42852148385026,4934.740993996527,-3731.3060619708663,6679.768651829026,5219.304912507541,-2899.7183970203523,6592.2106781602715,74.46909149442303,1.6718993666791773,74.0110138153181,offense
117.09999999829597,1.4582092104284696,5.2621383558075,353.3783991390003,4955.27884562809,-3739.2361586269203,6679.624577062369,5229.887855928419,-2880.803869153091,6590.26669661547,75.39421228436129,1.7012417130864321,74.9361111392685,offense
117.19999999829452,1.4460162282199833,5.119535302213742,354.2935983520821,4975.967711270319,-3746.786557135284,6679.46865184831,5240.115302948997,-2861.6984384809684,6588.356781309799,74.95850626703218,1.7311484927659944,75.82267106502816,offense
117.29999999829306,1.4306923719919336,4.98383580660923,355.22592707446364,4996.795545508749,-3753.9991930034435,6679.294713181856,5250.025770440331,-2842.428916457903,6586.467714749712,74.35959313620103,1.7609716960421367,76.73295378483002,offense
117.3999999982916,1.4042550826419933,4.878757797947728,356.1459312604291,5017.760474835495,-3760.8305842411673,6679.113950940264,5259.578238892462,-2822.990857655949,6584.615556104413,73.0728862838768,1.8075503944007945,77.6314302477032,offense
117.49999999829015,1.4066422031914751,4.728229849149869,357.1088440387041,5038.849965270418,-3767.3498817370164,6678.918868753794,5268.842646220324,-2803.4076694758473,6582.782212592,73.45961386204866,1.805204500455459,78.58427790578901,offense
117.5999999982887,1.4347627946138504,4.562767689172504,358.09182366021827,5060.057964106238,-3773.5786050264587,6678.70191691635,5277.8410368772575,-2783.689039326381,6580.956028780648,75.27289054307643,1.782867829439027,79.56179919421643,offense
117.69999999828724,1.4523585130176235,4.464520825350116,359.04567678836355,5081.382724834788,-3779.472573905725,6678.461091243169,5286.526940634352,-2763.822502384879,6579.141214795599,76.36289111390904,1.8108294636533644,80.49818335373311,offense
117.79999999828578,1.4175398574870106,4.476469387188088,359.935352127298,5102.821933406731,-3784.924084251022,6678.210767078635,5294.834694312443,-2743.7998886814203,6577.355497059846,76.0279758591143,1.831951090683815,81.39783452252983,offense
117.89999999828433,1.3486995168791596,4.529977814334027,0.7915901792505317,5124.354474964746,-3789.8587555423087,6677.977437761567,5302.805508075053,-2723.6442630600086,6575.5857875482325,75.49087588363511,1.8472341966280028,82.32261828653107,offense
117.99999999828287,1.2941255423931823,4.571236075078052,1.6988223568977445,5145.954267587193,-3794.3364073803714,6677.772971767196,5310.397674803832,-2703.3553536910963,6573.847077997613,74.22922774412703,1.8766220638059328,83.23665342712938,offense
118.09999999828142,1.2835758029970459,4.617163291074658,2.684627373466794,5167.62514287019,-3798.466129106388,6677.582941722841,5317.685353831172,-2682.9499405514516,6572.12199757171,74.6258341282122,1.8539504741067032,84.20520375928754,offense
118.19999999827996,1.3117433078179623,4.678837973555862,3.7158320460427734,5189.376478726031,-3802.31527718348,6677.389532180232,5324.695598396827,-2662.4360235060653,6570.398082372648,76.43850327271205,1.8105096222738524,85.19948669909952,offense
118.29999999827851,1.3653241881390095,4.7127696897053735,4.739711546108303,5211.205683597718,-3805.862154801805,6677.1932376381665,5331.380558158337,-2641.8057169452622,6568.678660153109,77.5196428013573,1.8184054404820598,86.15270682562223,offense
118.39999999827705,1.4021353407751165,4.771217374580525,5.711659057845193,5233.106241503564,-3809.0381379377923,6676.997958330962,5337.63291357585,-2621.0543387195166,6566.988569081775,75.50303556441501,1.9166409083779326,87.02730217050117,offense
118.4999999982756,1.3822232826349476,4.890068480334839,6.618933869463014,5255.061456732627,-3811.7394229151278,6676.818316871703,5343.379935515752,-2600.19524709258,6565.36235158487,71.50304116883896,2.047048898697723,87.85960806049768,offense
118.59999999827414,1.3244188514599764,5.015058871610086,7.5024178100912025,5277.040173532671,-3813.8983402687886,6676.678466412288,5348.687940213054,-2579.2428141312143,6563.805799850634,68.33195452310693,2.172432596200917,88.73898308855082,offense
118.69999999827269,1.276528940349404,5.105697130886418,8.452482261423603,5299.02591903624,-3815.594296756475,6676.581329354507,5353.666939220256,-2558.208119009687,6562.292356721244,67.70433937782771,2.317342042569466,89.70014758124364,offense
118.79999999827123,1.2707390163055265,5.180811983112072,9.487652412730032,5321.037226173984,-3816.9383856397194,6676.50729559106,5358.38345376505,-2537.096641146793,6560.796532237316,69.30148117372832,2.4872520529738305,90.71048046278851,offense
118.89999999826978,1.301955298573248,5.26020163700647,10.570842855246914,5343.0937254141845,-3818.00364662562,6676.433653290591,5362.815239283988,-2515.9048350006797,6559.321643463368,72.3383303640467,2.628395259134293,91.71338711892422,offense
118.99999999826832,1.3569673929743165,5.304354597359213,11.644337261883702,5365.190529398934,-3818.770017137743,6676.360051862446,5366.892636128268,-2494.629807694514,6557.879457740727,74.3718602523994,2.782230305064907,92.65682263701835,offense
119.09999999826687,1.3940576273812126,5.367909322192046,12.659300687181872,5387.312133233839,-3819.1678474795026,6676.291502830759,5370.511279144516,-2473.2895212278377,6556.4957377478695,73.1174716550218,2.9835569918209064,93.52844229902188,offense
119.19999999826541,1.373901500242536,5.489462340356221,13.602129467851656,5409.428564895804,-3819.094977189025,6676.243718592659,5373.603664220258,-2451.9073325750787,6555.203311702198,69.6959072903357,3.187160267487312,94.37052342480925,offense
119.29999999826396,1.3155733042609223,5.61634093853542,14.514053884283511,5431.500003162786,-3818.486983006161,6676.24144741611,5376.250530315725,-2430.4890171659877,6553.997974120269,66.88518723139195,3.3688726906177293,95.27566868393124,offense
119.3999999982625,1.2669998941663725,5.709560402697295,15.486883078758117,5453.520339693898,-3817.424861715392,6676.286513629934,5378.564949686255,-2409.0313730453995,6552.846865449152,66.52020589106057,3.5543446150324307,96.27067862054069,offense
119.49999999826105,1.2602569282417402,5.789193924469046,16.539537915850747,5475.522094519833,-3816.015757266589,6676.358411924619,5380.620004375735,-2387.53029272301,6551.718429234749,68.2904849989379,3.7553933529018364,97.31916726001745,offense
119.59999999825959,1.2903750144372692,5.875140392073369,17.63527599233722,5497.5337083438735,-3814.3279613184386,6676.434376638517,5382.3936068809135,-2365.979967778519,6550.615741133031,71.41410330216078,3.919494187009549,98.35789895836508,offense
119.69999999825814,1.34445320846897,5.927180496540672,18.718225817118245,5519.547669118046,-3812.341692746256,6676.514684408087,5383.8134427089735,-2344.380661205777,6549.552957662031,73.47508992081315,4.0887714636122166,99.3297962514236,offense
119.79999999825668,1.4101096552917853,5.896576519062581,19.77613437044325,5541.5526880851085,-3810.0262066982064,6676.598755949101,5384.817109525714,-2322.7609567031514,6548.546434131352,73.9022963164672,4.2080594680979555,100.27134545706674,offense
119.89999999825523,1.4872776199814783,5.737788621383362,20.8429473508107,5563.555775587045,-3807.411639885561,6676.666191273558,5385.450443174667,-2301.1344435153187,6547.576447690755,73.94499631000366,4.2924536943952125,101.24700243115194,offense
119.99999999825377,1.5618869814883996,5.4665620510173705,21.895178572958244,5585.546040198596,-3804.4767644535464,6676.702400748057,5385.673829810527,-2279.515890012592,6546.656632121516,73.04950326249087,4.368479670291441,102.21638889434809,offense
120.09999999825231,1.5987709441372142,5.180825332111685,22.90926586224031,5607.492263130218,-3801.151702714745,6676.692321963045,5385.567478219278,-2257.894765318499,6545.764307769183,73.7252664639595,4.374221839538199,103.246469564255,offense
120.19999999825086,1.5981089872095258,4.836687679225831,23.894449814508942,5629.364274271096,-3797.380050837802,6676.6289764280145,5385.175984567491,-2236.252941965227,6544.87961196988,75.72260424197434,4.349619801460474,104.3057401008346,offense
120.2999999982494,1.611838122131658,4.353396653551222,24.914984650949787,5651.188551559629,-3793.242964000747,6676.507939164377,5384.448193737439,-2214.592382730315,6544.007227332044,76.90432221846822,4.368301078986784,105.31669197939557,offense
120.39999999824795,1.6405686403253872,3.8178117319276166,25.97016528107123,5672.987353830292,-3788.8025839843613,6676.320379747287,5383.321902955403,-2192.947709493636,6543.163570654303,76.61374109465285,4.3767911501833545,106.28685882968603,offense
120.4999999982465,1.652425576482808,3.3562223033282224,27.013377867749682,5694.741398960994,-3784.027205622148,6676.053561673326,5381.843327863061,-2171.3275471653196,6542.33509797889,76.09529959649494,4.376752477012279,107.27508232328127,offense
120.59999999824504,1.6376740672072694,2.92588946895638,28.01533548865411,5716.414766848314,-3778.855225408813,6675.703952715781,5379.972473612244,-2149.7504764220544,6541.536567001033,74.83159005949145,4.390347732510203,108.2430858341968,offense
120.69999999824358,1.6429487745468339,2.414733435144562,29.02525378528171,5738.032667822206,-3773.3505870306544,6675.27532601485,5377.7827491570615,-2128.199579438881,6540.751190271128,75.20680087197448,4.351399022960522,109.25574942415935,offense
120.79999999824213,1.6676590332412886,1.879414880791905,30.037430344073613,5759.6017294599405,-3767.536283185626,6674.762491497383,5375.303322423052,-2106.6695334121787,6539.966341764567,76.99276692517418,4.291897178617785,110.28694189362153,offense
120.89999999824067,1.6786383171198038,1.4315784658822768,31.030853423076497,5781.098965394641,-3761.380210141479,6674.152860004029,5372.48582202739,-2085.169058694854,6539.1857023329385,78.05404757954531,4.2840607978579675,111.26894554251189,offense
120.99999999823922,1.664728385080686,1.0174825379154775,31.98584404721277,5802.484550747959,-3754.8240602819546,6673.441763293434,5369.267316231376,-2063.725157648222,6538.425742024935,77.69202857632344,4.271635570729007,112.2051424206383,offense
121.09999999823776,1.6728786085342076,0.515880581561535,32.95324961521047,5823.788268246805,-3747.931150834194,6672.635419990379,5365.696324031551,-2042.341527069556,6537.673963871026,77.13558603778762,4.254323175949976,113.16120057254575,offense
121.19999999823631,1.701522337987118,-0.017131972696965744,33.92752305348734,5845.016965198972,-3740.722654163464,6671.728838736651,5361.7356859215415,-2021.0402274426406,6536.944345592702,75.86395119442483,4.252856223974407,114.1011928603515,offense
121.29999999823485,1.71590148451988,-0.4690051074411235,34.89031460256966,5866.143406398152,-3733.1659397409016,6670.707061265597,5357.456964386149,-1999.7973131487918,6536.2216926856845,76.2536391346666,4.199481069449838,115.08882395592333,offense
121.3999999982334,1.7049480787768618,-0.8975896514787556,35.82175105648537,5887.124535028335,-3725.20746654518,6669.562460940859,5352.886482874203,-1978.6057215910757,6535.494655267043,78.065332276925,4.12516768135132,116.09715687301184,offense
121.49999999823194,1.691036933521388,-1.32465799542572,36.770718758476,5907.9787384853535,-3716.887160710773,6668.299018840975,5347.977079445523,-1957.4788724542293,6534.765851770243,79.15039280721906,4.102678167032358,117.06082195971187,offense
121.59999999823049,1.6654781159345762,-1.7180619576742613,37.71522836358516,5928.673870864032,-3708.171583693301,6666.91611705308,5342.6329524598,-1936.4680932787817,6534.057324136574,77.1369229254596,4.172481965054197,117.94542130847849,offense
121.69999999822903,1.6700497273707706,-2.175700798568188,38.6891171271787,5949.247796072325,-3699.122722387466,6665.424113245735,5336.800597441969,-1915.6288301825311,6533.400622031165,73.14477598922318,4.276659307359598,118.7891853575499,offense
121.79999999822758,1.7009795148372098,-2.6548151055324913,39.67815766470055,5969.711160071118,-3689.763511810751,6663.820191308356,5330.544169756562,-1894.9399198624187,6532.803061599925,69.99481589124885,4.375795728909539,119.67923817494076,offense
121.89999999822612,1.7202464837491664,-3.0524196610711645,40.65557181459844,5990.029246422171,-3680.0601084636032,6662.089024532936,5323.964185301085,-1874.3533893401054,6532.24089840965,69.39511930277037,4.4931728066897705,120.6510467953785,offense
121.99999999822467,1.715183708443,-3.4389793073364747,41.60131967093675,6010.152842395556,-3669.9637482149806,6660.222277498708,5317.120602287795,-1853.8388760272023,6531.690545533643,71.02085882137335,4.634079887604347,121.67228013108375,offense
122.09999999822321,1.7075893773210529,-3.837795227246696,42.56671823439848,6030.105018450347,-3659.513461264732,6658.223421143201,5309.989937738029,-1833.400789308768,6531.155311111638,74.08340149416776,4.745080499961321,122.68283472055542,offense
122.19999999822176,1.6874053637540667,-4.218514447490916,43.52928945015458,6049.8504437789015,-3648.6801979079773,6656.090322427556,5302.507829806677,-1813.0678670273815,6530.645598920167,76.13841450449326,4.868408923155038,123.63169013237703,offense
122.2999999982203,1.6720656723553031,-4.579699506624342,44.51980334037162,6069.412513095731,-3637.5001591276136,6653.829425600955,5294.629556807199,-1792.8914284408568,6530.17423296639,76.58391258396931,4.945665694077454,124.55334155814131,offense
122.39999999821885,1.6501191137108189,-4.903354834106272,45.50804275374268,6088.754158018729,-3625.944222520205,6651.442550289113,5286.3975494149145,-1772.8543432356964,6529.724018893085,76.65916011282268,4.986780959482607,125.50805068042732,offense
122.49999999821739,1.6626174617401777,-5.301152700578128,46.5277921943233,6107.923859972595,-3614.070458488665,6648.939529565067,5277.78049605669,-1752.984389018092,6529.306576833764,75.80568126039448,5.019450187896644,126.46018558091225,offense
122.59999999821594,1.7026860556329693,-5.732191070442493,47.559767945771455,6126.934062697723,-3601.8995201132693,6646.315938021023,5268.8571177103595,-1733.2499049584574,6528.901501677195,76.54341840368294,4.9798835943130095,127.48083384876641,offense
122.69999999821448,1.7293269871987547,-6.095095855898348,48.573242920436016,6145.737393988341,-3589.3969207461682,6643.553925676847,5259.660732341595,-1713.615982500442,6528.491389733452,78.60545342293184,4.9078118605656815,128.534370497692,offense
122.79999999821302,1.6998099711562216,-6.342965025186686,49.55518675032921,6164.246846611521,-3576.496820805815,6640.636249741906,5250.144785611747,-1694.1056695438003,6528.078545323411,79.83563545198761,4.879678252986664,129.54468064860734,offense
122.89999999821157,1.6339260321304798,-6.556880164684577,50.51395060515137,6182.3954615113435,-3563.154935460685,6637.568452290255,5240.235216380817,-1674.802351931806,6527.682147374976,77.90749886012394,4.940059846669144,130.48023106394632,offense
122.99999999821011,1.5815965915338526,-6.815789794518259,51.52370271857989,6200.220535496095,-3549.4287587233266,6634.382481434271,5229.890830677846,-1655.7733335556575,6527.332164671168,73.95592431620364,5.031838212654064,131.37176082015142,offense
123.09999999820866,1.574985109310318,-7.106662028839351,52.61614868140107,6217.804360708295,-3535.396072661647,6631.0942027650835,5219.170808443549,-1636.9825543577515,6527.035556298477,70.80222597995939,5.115983461487376,132.30459254560694,offense
123.1999999982072,1.6069719550966024,-7.398643502930808,53.753562736167275,6235.2071412617115,-3521.0930340661257,6627.701535184703,5208.16201236477,-1618.3609310150423,6526.7698652178615,70.1625448131418,5.216284773938535,133.31311950410796,offense
123.29999999820575,1.6337243551812433,-7.606018461524399,54.86711606510971,6252.3797160534905,-3506.491010414064,6624.194720436109,5196.915408910915,-1599.8658777040077,6526.512705371824,71.72241729216329,5.339914216988779,134.36522981515736,offense
123.3999999982043,1.6075988300683082,-7.69653705848962,55.92483836057552,6269.221657111961,-3491.5280219934734,6620.567846367681,5185.408827045519,-1581.5070980108492,6526.267604109103,74.71875078685608,5.434483510927961,135.40140819550186,offense
123.49999999820284,1.546464236533901,-7.76048737910163,56.94407000002885,6285.659525425307,-3476.1649608840817,6616.833236663971,5173.586537312904,-1563.3262038715432,6526.044377524076,76.72368612995851,5.54368361185934,136.37206372254786,offense
123.59999999820138,1.4994358007321629,-7.876624406108835,58.00574145358543,6301.729794515283,-3460.4502258083803,6613.016580688522,5161.4158914966,-1545.3836301592464,6525.855477410522,77.12812265423909,5.608922230737294,137.3107202530556,offense
123.69999999819993,1.499639454024549,-8.035543737574342,59.14557558042827,6317.521677286116,-3444.452074984423,6609.123660718069,5148.934006921842,-1527.6534315472873,6525.684456392786,77.17454274508178,5.63875847290176,138.27818962181297,offense
123.79999999819847,1.538198300853271,-8.20616215312717,60.32563363779032,6333.099300173118,-3428.200796230302,6605.145316825033,5136.1161885599795,-1510.1700302979261,6525.542788697819,76.30574818031714,5.661172881925293,139.2397674541713,offense
123.89999999819702,1.5696765371506676,-8.307158891130884,61.47029577263098,6348.405671396767,-3411.6707631871973,6601.074782627821,5123.031733110683,-1492.885362647178,6525.4107812008115,77.03231575550295,5.6117961782973955,140.26659590346827,offense
123.99999999819556,1.5469275375669334,-8.309080797462897,62.54942759866246,6363.333492079029,-3394.811476325035,6596.912508338553,5109.704303339371,-1475.7590183826576,6525.272042585322,79.08810862283508,5.52993714685172,141.32360221016876,offense
124.09999999819411,1.4881382454256955,-8.297236043693069,63.59353651281733,6377.800946423894,-3377.6033541845013,6592.676627102763,5096.093581045383,-1458.8237599936028,6525.128671256152,80.31747096870522,5.492426048644577,142.3363981466311,offense
124.19999999819265,1.4427856024477086,-8.343154893625142,64.68579763211358,6391.854770148619,-3360.095842115891,6588.389038170818,5082.145878454988,-1442.1774704540137,6524.998799725244,78.39136254038002,5.544059990324019,143.27429010901452,offense
124.2999999981912,1.4449224782814734,-8.435052791866312,65.85147701928427,6405.598541518879,-3342.3350970653573,6584.046515524606,5067.836058601717,-1425.8952358621054,6524.911522637478,74.44425339849296,5.627616189731513,144.16784220630373,offense
124.39999999818974,1.4875796799711969,-8.549745566302681,67.05993462418026,6419.11079684547,-3324.349709263664,6579.633933312544,5053.21373686572,-1409.9291410639291,6524.874302542663,71.29766807123043,5.703480231586259,145.1022687845853,offense
124.49999999818829,1.5534006480972493,-8.716133884253425,68.24712361786622,6432.3673806559555,-3306.1356041135195,6575.144014786077,5038.348199374886,-1394.1924567338888,6524.865570100799,70.6655897580398,5.7950778260604645,146.11248536324177,offense
124.59999999818683,1.5966945661164504,-8.86097333685193,69.37237505174191,6445.279035595731,-3287.6647215320972,6570.56551153568,5023.279607113741,-1378.6321800500002,6524.863506389102,72.23245850898871,5.90962784674845,147.16658579565959,offense
124.69999999818538,1.578679396946799,-8.944100478131318,70.44089604494427,6457.735097679448,-3268.9058886687008,6565.890973569829,5007.988539543505,-1363.2626195284677,6524.871537454355,75.23489228824124,5.99512420219377,148.20456670431165,offense
124.79999999818392,1.520301371168597,-9.029764353501825,71.48284279130893,6469.658082591514,-3249.843075303198,6561.132150217912,4992.430000374469,-1348.1365759037656,6524.898963862127,77.24601156336095,6.095349109255224,149.1771925081328,offense
124.89999999818247,1.472928336609485,-9.18071333682316,72.59024029454473,6481.124763974098,-3230.5246877207196,6556.31097617054,4976.585650431208,-1333.3202603974403,6524.957460928568,77.65685336571966,6.151749774361862,150.11728452742233,offense
124.99999999818101,1.4718137619726184,-9.375403359662782,73.78552643979971,6492.248192920447,-3210.9977701076896,6551.428287578756,4960.485879209664,-1318.7799705648138,6525.030923406029,77.70945638615397,6.172314093117561,151.08582196692691,offense
125.09999999817956,1.508726731612086,-9.57541109393377,75.02051310410077,6503.098885884213,-3191.276199823878,6546.471568533415,4944.114309932378,-1304.5547859823018,6525.1303794390415,76.84719005969937,6.185389582531345,152.04832503572436,offense
125.1999999981781,1.5381130671472432,-9.693909650893419,76.21419823250827,6513.614883849896,-3171.349742797077,6541.435584657661,4927.527768896539,-1290.5823640837434,6525.2367317024145,77.5778323841867,6.126325219974908,153.07535526155914,offense
125.29999999817665,1.51229535840268,-9.701708645004189,77.33411950525523,6523.677029320906,-3151.1957359629105,6536.325299138734,4910.7402886004165,-1276.817872774959,6525.334145721397,79.63583146329982,6.034450926048146,154.1322884758686,offense
125.39999999817519,1.4503587105718643,-9.68989270139156,78.41348890507125,6533.199605306335,-3130.814839933509,6531.163111447424,4893.719912005553,-1263.3019549979988,6525.424344797641,80.86841261750867,5.986815921085827,155.14547644482414,offense
125.49999999817373,1.4030745270550637,-9.730784672558313,79.53566084217465,6542.243770604555,-3110.2338922710123,6525.968021802521,4876.436123161088,-1250.1420033422064,6525.5242439483645,78.94896597383458,6.028478243401601,156.0844887621539,offense
125.59999999817228,1.404604869737231,-9.809344900332317,80.7291250533217,6550.921618464867,-3089.4701124667713,6520.73184897193,4858.881205813451,-1237.4170693936576,6525.661943576128,75.01048439751696,6.10247636099696,156.97925091020664,offense
125.69999999817082,1.447711676944109,-9.904286532693554,81.96697253651713,6559.311203049477,-3068.5426401134837,6515.437868524548,4841.092832989434,-1225.0697807332726,6525.845466183615,71.87107929260479,6.168750828744614,157.91458708946502,offense
125.79999999816937,1.5144366216569756,-10.04958849524842,83.18354506668133,6567.38582814684,-3047.453656989352,6510.079330934814,4823.119181974118,-1213.0001203694335,6526.054298430142,71.24230157849746,6.2502802964608755,158.9258913207616,offense
125.89999999816791,1.5581009149368188,-10.170930266943445,84.33529135444498,6575.048534818277,-3026.1986509177977,6504.648040734128,4804.987559559642,-1201.1472678050075,6526.267277238384,72.80879201599161,6.354432037257081,159.98151234037104,offense
125.99999999816646,1.5395566662572715,-10.229082198176167,85.4277031073448,6582.182095319766,-3004.775700874225,6499.140788134763,4786.682255460728,-1189.5293445944435,6526.48769135314,75.80936860788883,6.429685233446714,161.0208855658308,offense
126.099999998165,1.4804832720363441,-10.290449602006932,86.49965912695951,6588.706097838728,-2983.200664436193,6493.574902637404,4768.171239131158,-1178.2075497645503,6526.724234273109,77.82148830946544,6.519785808609655,161.99515998164992,offense
126.19999999816355,1.4334077466840554,-10.416342954788325,87.64240493758457,6594.710581770473,-2961.503593758301,6487.969758010671,4749.451389084027,-1167.2505450359804,6526.9877982556345,78.23552155552983,6.5663965675069935,162.93621487256794,offense
126.2999999981621,1.4341943321027848,-10.583911567614402,88.8689438062418,6600.319765723415,-2939.6880292682176,6482.318394437966,4730.544759675018,-1156.6186041662413,6527.262723661996,78.29105728103019,6.576778804533063,163.90517013493627,offense
126.39999999816064,1.4736567457538592,-10.75516666226967,90.13139150937825,6605.60391108684,-2917.750311848313,6476.604593152044,4711.4440972064685,-1146.353499229053,6527.55957016173,77.43267729831517,6.579674081924013,164.8678654189171,offense
126.49999999815918,1.5046857570608398,-10.84355276390559,91.34587039135326,6610.4959376309,-2895.696800495963,6470.8249153593515,4692.1908430591,-1136.3818087051845,6527.859980278203,78.16230706893242,6.510256335165307,165.89417858464714,offense
126.59999999815773,1.4791330901577313,-10.823005672226286,92.48287908301151,6614.873881259074,-2873.536399468426,6464.9880575596335,4672.788614352137,-1126.6566264866967,6528.148744093153,80.21606432365117,6.407765212558143,166.95004672678857,offense
126.69999999815627,1.4169106661830293,-10.786645604501498,93.58093474492804,6618.65538250915,-2851.2917714387736,6459.119678630242,4653.21533077568,-1117.2243477921245,6528.4271700761765,81.44702689081673,6.349340294897723,167.96272933503005,offense
126.79999999815482,1.3700683137424292,-10.804278202357828,94.73202684788957,6621.912235775831,-2828.982568624333,6453.238289341736,4633.4651660504,-1108.1964695756785,6528.710938771105,79.53270354802363,6.380314871372356,168.9020435714598,offense
126.89999999815336,1.3734594290752655,-10.858650004388668,95.95775977522173,6624.759262965491,-2806.5990619739905,6447.331396515915,4613.548247331074,-1099.652029194852,6529.027155220879,75.60274917660351,6.444155083655696,169.79718986945986,offense
126.9999999981519,1.4193914180254572,-10.931323026370787,97.22265837545069,6627.276300649793,-2784.1292346522146,6441.376606905494,4593.488493501842,-1091.5272370334947,6529.38447138876,72.46890498276,6.500390275679605,170.73248147226903,offense
127.09999999815045,1.488835459710082,-11.057934281131617,98.46459997642683,6629.437300762484,-2761.582833102249,6435.366855181602,4573.31053066986,-1083.7138742823747,6529.7635159666925,71.83938371632577,6.57147499063658,171.74387629073084,offense
127.199999998149,1.5340035755445034,-11.162614241928637,99.63860539949587,6631.142798091599,-2738.9818466902125,6429.295771802071,4553.0273754458,-1076.146339853513,6530.143825718808,73.39981370856104,6.664934920619314,172.8000860276769,offense
127.29999999814754,1.5158786998230052,-11.20670004470734,100.75218719525135,6632.276800244836,-2716.355914000458,6423.162448256993,4532.627753637059,-1068.8456072737993,6530.5285355259775,76.39274171541084,6.729766990043603,173.8400060813672,offense
127.39999999814609,1.456884884338419,-11.256727524374968,101.84749951057792,6632.765623106172,-2693.7417298595906,6416.986316407827,4512.097713035545,-1061.840323247301,6530.918810115436,80.07932015107247,6.714984208555564,174.85179231333484,offense
127.49999999814463,1.410773781037899,-11.373420124924861,103.01882876842222,6632.707926167217,-2671.1444685481288,6410.784654964615,4491.443344524366,-1055.1006830638062,6531.2948380431535,84.40049901408533,6.57859174921601,175.87489953272313,offense
127.59999999814318,1.4142067289886708,-11.532607902127046,104.27689142675875,6632.2273179143385,-2648.535212343012,6404.546490438599,4470.665225084964,-1048.6503165878837,6531.643322345281,88.5416050325013,6.332407191532882,176.88756395041273,offense
127.69999999814172,1.4567997194937647,-11.695339656878495,105.56894643353729,6631.388681056518,-2625.8932876158333,6398.253044071627,4449.761760784792,-1042.5633239038118,6531.951161252949,90.47430303349499,6.069384633425108,177.86477308634045,offense
127.79999999814027,1.4898832633319965,-11.774520801081293,106.8089408672637,6630.125600731736,-2603.2440024616744,6391.901469926629,4428.736058852183,-1036.9031942989823,6532.213409823624,90.21261031907034,5.753954010209616,178.81533205693938,offense
127.89999999813881,1.4649805982187079,-11.746541384016847,107.97026011890162,6628.322132059826,-2580.6288970402743,6385.501856328821,4407.598447124866,-1031.5835465178334,6532.425352507791,90.73976229690942,5.317248741567664,179.80904991497505,offense
127.99999999813735,1.4028543716598545,-11.706485186298174,109.09448303238183,6625.904683599826,-2558.0920011733424,6379.081372865716,4386.354831491865,-1026.5376031052288,6532.578298001612,92.1319501761212,4.838679710365585,180.84422676825992,offense
128.0999999981359,1.3568483063831676,-11.72379084431942,110.27661752972772,6622.952257988685,-2535.6321581634757,6372.65725835267,4365.008527034416,-1021.777219489671,6532.664134922469,94.15391978210769,4.332867846957998,181.87163253965343,offense
128.19999999813444,1.3626545156615306,-11.779605703360248,111.5354704408778,6619.574964518057,-2513.209522654237,6366.21427423718,4343.564034841303,-1017.3463926114197,6532.669921023462,94.91731169973914,3.8947568226135383,182.87123518774916,offense
128.299999998133,1.408410757768257,-11.841824813519905,112.82283322624225,6615.830700180248,-2490.797867685218,6359.730861058957,4322.028815998228,-1013.3134348882576,6532.591569882962,93.99321859932758,3.4794912471855044,183.8289468302238,offense
128.39999999813153,1.4440185658887608,-11.83033932075945,114.05157386244144,6611.652517231307,-2468.431787568518,6353.20773762973,4300.406143343153,-1009.6043987798043,6532.4338515518375,94.1361794384493,2.9869361651096047,184.803057564332,offense
128.49999999813008,1.4554843021971529,-11.876055356228388,115.2365169640936,6606.970593875102,-2446.1489544227393,6346.654617192006,4278.698880607356,-1006.1887027817676,6532.19286602059,95.34857873122156,2.4745628550791126,185.78956098432096,offense
128.59999999812862,1.4660749952378491,-11.964648379962435,116.44255635676113,6601.8301295387455,-2423.9435289138037,6340.056203459251,4256.914019729392,-1003.1007815087243,6531.857487387667,95.77116293985748,2.0477646288138445,186.76259042003753,offense
128.69999999812717,1.4612136932939557,-12.08193037808388,117.63779516834856,6596.189810109275,-2401.844614275741,6333.4184649749905,4235.075443039186,-1000.4097117325601,6531.423662149805,94.77627946266549,1.6589171820944488,187.70274480104382,offense
128.7999999981257,1.4619077292147113,-12.203224016764576,118.8558734793813,6590.093540853703,-2379.8434321206055,6326.731635327271,4213.184358921356,-998.0462249212005,6530.898052838651,95.03239500016305,1.1968384937496976,188.6590127923292,offense
128.89999999812426,1.4524516695504375,-12.325646048627673,120.0605424370488,6583.5003623769235,-2357.970367331432,6320.005244430399,4191.228789058499,-995.9916395818587,6530.277236383483,96.46427469238246,0.7120913449079219,189.61748711704112,offense
128.9999999981228,1.4510510843412727,-12.432385791513193,121.28449852948486,6576.453369673866,-2336.2146078968717,6313.231365709475,4169.219221832949,-994.2840884856193,6529.548540853841,97.09531705777393,0.3075455111863023,190.56208618515478,offense
129.09999999812135,1.441141832905284,-12.532932074974147,122.49324545516174,6568.912661939623,-2314.607995798022,6306.4212466724575,4147.18432620985,-992.9895313654453,6528.706359204161,96.28251189943985,-0.07007662178311203,191.4785822246359,offense
129.1999999981199,1.4400703087099958,-12.613765817713501,123.72017908101584,6560.920873477783,-2293.1379966594823,6299.566970635513,4125.125682795385,-992.0624338320224,6527.755196271667,95.30431609919829,-0.44127310018018584,192.41468842080894,offense
129.29999999811844,1.4307129626817041,-12.688659042392759,124.93667254711605,6552.446185423542,-2271.8477689313177,6292.683215857628,4103.055976472836,-991.5473399236317,6526.696455469287,93.68688881591274,-0.7757983108386106,193.34385543617134,offense
129.39999999811698,1.4303336431142122,-12.744910167917167,126.17119734953448,6543.532385986283,-2250.724880927958,6285.762050996072,4080.968660073684,-991.3714915225431,6525.53950665569,93.79016561244359,-1.1628105733834315,194.30553557685585,offense
129.49999999811553,1.4215219415392104,-12.798693815386441,127.3886428411833,6534.141420179854,-2229.802035335971,6278.815444381446,4058.849417620497,-991.5144059447747,6524.281859512317,95.40608900530464,-1.5661159454897298,195.27783497024356,offense
129.59999999811407,1.421707505141322,-12.835848810146434,128.62254521838724,6524.316744084896,-2209.0651670152624,6271.834948256546,4036.7147596511622,-992.0197699549706,6522.911156518793,96.35761806437692,-1.8931333919558777,196.23437520942437,offense
129.69999999811262,1.413321279031339,-12.873057404640637,129.8393340059766,6514.021802713925,-2188.548486336072,6264.832884729893,4014.600503638059,-992.9505365359711,6521.422628796056,95.91200489127748,-2.2083595324795064,197.1629386945613,offense
129.79999999811116,1.4139636919540646,-12.89491595286274,131.07291018857228,6503.29961408319,-2168.2361956728887,6257.80029600319,3992.5034603661325,-994.2597171200384,6519.819565163845,95.31476657423174,-2.5321522442419373,198.11416306515594,offense
129.8999999981097,1.4059295727161212,-12.918751169964965,132.2897867843787,6492.115156571698,-2148.1639693118027,6250.749828861952,3970.4408723916818,-995.9894113585872,6518.1024428164155,94.01367875248222,-2.8358680093617434,199.06070542583268,offense
129.99999999810825,1.4069673202553796,-12.92808597765758,133.52377346328635,6480.510896893374,-2128.314295405926,6243.6720490426005,3948.3974336703777,-998.0640496135486,6516.280354673946,94.46537447382097,-3.212466927225878,200.0423219082761,offense
130.0999999981068,1.3992424886200658,-12.940951493052385,134.74138097640966,6468.453382937795,-2108.7242784024957,6236.579903612102,3926.3562917413874,-1000.4622709517116,6514.3492286307965,96.39026356799839,-3.6187978942908434,201.0353222335048,offense
130.19999999810534,1.4006468288250884,-12.939941584946933,135.9763108239577,6455.984431079777,-2089.374716016001,6229.463507430509,3904.340847237695,-1003.2303423919676,6512.294433353484,97.5405100612046,-3.957014142104135,202.01136903622458,offense
130.29999999810389,1.3932132917227114,-12.943757617565094,137.1950890398627,6443.072207331121,-2070.304103276826,6222.336077067098,3882.409685685308,-1006.4645258920549,6510.103550582019,95.48481457078033,-4.177786892869973,202.95560120016324,offense
130.39999999810243,1.3949674474607419,-12.934259260912953,138.43063634772952,6429.756606115642,-2051.490508753366,6215.186931714875,3860.6154627598617,-1010.2300515259909,6507.786971442676,91.39152036967917,-4.354876535475594,203.87842425779112,offense
130.49999999810098,1.3878257813057693,-12.93079922802042,139.65024450908876,6416.0072040281775,-2032.97359864552,6208.029464324516,3838.9402958573073,-1014.462773399799,6505.374252425328,88.15642526537674,-4.558133477291651,204.84854863563538,offense
130.59999999809952,1.389939529138857,-12.914202138196465,140.8875886039411,6401.864456778154,-2014.731126626563,6200.8530082846555,3817.343269925023,-1019.0553073926362,6502.877756877575,87.53348883051645,-4.77384973442871,205.90351777193763,offense
130.69999999809806,1.383090470371197,-12.904673726921262,142.10935438478677,6387.29965247745,-1996.80406337862,6193.671162275828,3795.7877717572565,-1023.9460164673353,6500.294642514012,89.17402513299977,-4.98395387371586,207.00673538705564,offense
130.7999999980966,1.385560271483835,-12.882287931654314,143.34893672676878,6372.352357055571,-1979.168551323774,6186.472852817649,3774.2694073635544,-1029.143038806261,6497.619130448414,92.50795258021658,-5.237057247304992,208.0968431353418,offense
130.89999999809515,1.3789976907182733,-12.86797249236257,144.5730350256674,6356.9956380997455,-1961.8668220945133,6179.271853737805,3752.807002186734,-1034.6692836378677,6494.839160496453,96.51376385880896,-5.556818482592864,209.14787383949027,offense
130.9999999980937,1.381815290727828,-12.841039161164346,145.81496233090922,6341.26810323047,-1944.8734316500893,6172.056703501609,3731.4213854438176,-1040.5618025356664,6491.937820145757,100.51935051092904,-5.985151499836551,210.14645499124788,offense
131.09999999809224,1.3755323300966318,-12.823107302967042,147.0414839774923,6325.144664957095,-1928.2318086914897,6164.841318924022,3710.0980600968583,-1046.7865497579628,6488.900795416063,104.51628536544274,-6.543659596809125,211.12904442396427,offense
131.1999999980908,1.3786909282840505,-12.792746366017493,148.2858508737626,6308.662904889368,-1911.9149468408289,6157.6138705331505,3688.879605479138,-1053.3952848020797,6485.693903219453,106.44127518107153,-7.106050344919791,212.09008356675997,offense
131.29999999808933,1.3402643372569336,-12.63110686176537,149.4605184275345,6291.763878489618,-1895.9970299842248,6150.394201166458,3667.8347232378655,-1060.4673648164855,6482.283054212281,104.5647251099946,-7.596121704307146,213.0362657652609,offense
131.39999999808788,1.2771853472968946,-12.42335152098088,150.59373678038838,6274.414152489209,-1880.5454954188858,6143.22140051871,3647.052524182519,-1068.084201636854,6478.657656621909,99.56973342923024,-8.001196872008217,213.97069191547126,offense
131.49999999808642,1.2049158857576534,-12.130208283650852,151.72880975113063,6256.637970559313,-1865.539017406212,6136.119832468861,3626.567084574936,-1076.2529137359866,6474.856863320571,93.24236975414793,-8.33297908504483,214.93638402868064,offense
131.59999999808497,1.1556042313482098,-11.81336533410079,152.91067409764594,6238.477851668459,-1850.947638962982,6129.113259379166,3606.3175912406014,-1084.8800310362528,6470.937675023684,88.53566770228664,-8.635730048546105,215.99515978188998,offense
131.6999999980835,1.1321065015292628,-11.376254473940365,154.09483980119563,6219.9805838537,-1836.7169098275806,6122.190608942181,3586.231278872925,-1093.8593818367274,6466.92517833589,86.93056051212072,-8.889813819715272,217.16187753610686,offense
131.79999999808206,1.1106023662355913,-10.897507061822227,155.24510239458104,6201.120562289164,-1822.8796699140187,6115.388095995221,3566.259120188277,-1103.1189188152598,6462.821335237724,87.88522388685622,-9.086557412458077,218.3940748119881,offense
131.8999999980806,1.1047629180059721,-10.368875184611756,156.3887623525164,6181.928990611173,-1809.4043472542041,6108.69204462432,3546.404139052921,-1112.6796854067547,6458.622836955858,90.56260057516033,-9.288164489511557,219.60501413293082,offense
131.99999999807915,1.091768574910768,-9.843668292816238,157.51183604308864,6162.392900400651,-1796.332196822667,6102.136493543718,3526.643487979415,-1122.5328541730203,6454.318507494137,94.7116937197876,-9.58036592075047,220.78211016985858,offense
132.0999999980777,1.090820696781797,-9.297886721428952,158.6411155838519,6142.54205828668,-1783.6326249345723,6095.702620588571,3507.0019098824746,-1132.6958387155212,6449.892032472057,99.23934386401234,-9.96738928609094,221.9060507447285,offense
132.19999999807624,1.047888851605917,-8.650457749786236,159.67171557189857,6122.347426236648,-1771.3789000339857,6089.440796798569,3487.5509127473424,-1143.231692738623,6445.313283013487,101.72657536047815,-10.358625611284731,222.96928545651048,offense
132.29999999807478,1.0124630334571405,-8.078506510972296,160.743515021338,6101.820962298418,-1759.5792343535816,6083.382509548179,3468.3840596105133,-1154.2073635743718,6440.555323531669,100.35953505605218,-10.697320943457921,223.99533223446727,offense
132.39999999807333,0.9975927371719148,-7.4413192815224205,161.82234704040556,6081.004210298362,-1748.174402697178,6077.49719388687,3449.601560867675,-1165.680549634831,6435.616236006868,95.85853906208304,-10.981452755307567,225.0011345080378,offense
132.49999999807187,0.9806036095512127,-6.790753186662582,162.88205829528067,6059.892638980113,-1737.200615073914,6071.825583335084,3431.220325790553,-1177.643874533444,6430.535491482076,89.93739444914212,-11.21056634715958,226.03776987030093,offense
132.59999999807042,0.9781839465748743,-6.1034055082395815,163.94069559847478,6038.512706478634,-1726.6242373410291,6066.345421971363,3413.1583152951093,-1190.0150101625884,6425.360570464388,85.54412714703066,-11.4235071712388,227.1655539432475,offense
132.69999999806896,0.9676820647547489,-5.428310419820871,164.986973147022,6016.861894930939,-1716.4841633510978,6061.094488476295,3395.3228179431762,-1202.7030741744165,6420.1074725688195,84.27802359747525,-11.601415054832088,228.3947548234903,offense
132.7999999980675,0.9690863251039765,-4.7346743579603325,166.04134400034934,5994.96463639644,-1706.7479972412916,6056.046836362902,3377.634617747246,-1215.6508520864763,6414.768333110315,85.67706867246434,-11.741839040889603,229.6790068863555,offense
132.89999999806605,0.9607505090575996,-4.062571163789946,167.08846861342923,5972.820629992345,-1697.4557269987376,6051.238857432399,3360.082985871283,-1228.8666183406485,6409.335427778381,89.09455079044491,-11.918037712010129,230.94360349733932,offense
132.9999999980646,0.9635279443495814,-3.3763903226879584,168.1465535710705,5950.452428676102,-1688.5748317040159,6046.642806026423,3342.701357842282,-1242.3690955127067,6403.799138323805,93.36732779640779,-12.165367959740438,232.1532406306681,offense
133.09999999806314,0.95612427316821,-2.713531059054383,169.19869069321243,5927.8620409860505,-1680.1456401114485,6042.294467652575,3325.5762087804915,-1256.2127086570683,6398.140427855569,95.89561861967918,-12.408228876720344,233.28937720949682,offense
133.19999999806168,0.9596165737039573,-2.0370856230200296,170.26227996864176,5905.07015253869,-1672.135080705135,6038.16499843078,3308.7751293800475,-1270.433534056485,6392.347380373407,96.51834693166761,-12.732217911827867,234.37306889914882,offense
133.29999999806023,0.9528056747760321,-1.3837635938201809,171.32000373788523,5882.08110024135,-1664.5835258557356,6034.289789157084,3292.26467906565,-1284.9934020066892,6386.415227746529,96.6947859328493,-13.117932708413175,235.48059832724903,offense
133.39999999805877,0.9959553018593543,-0.8513988127947066,172.50475295727736,5858.920888269157,-1657.4202847032027,6030.613578894505,3276.0976467051855,-1299.8979561567457,6380.343654754123,95.84154602834927,-13.51920535087821,236.59511003176067,offense
133.49999999805732,1.069418213722564,-0.36292756676684695,173.74128832954204,5835.603284058376,-1650.5903767207037,6027.073110476983,3260.205456685682,-1315.0906950464127,6374.141596993804,96.85013407643292,-14.040199888142237,237.74964311348901,offense
133.59999999805586,1.116964999993071,0.13044762865694393,174.90822010625598,5812.124318604804,-1644.185147965832,6023.695146615064,3244.5235625373552,-1330.5435478131963,6367.8013927239335,99.32173631168774,-14.607210837214572,238.93157944144156,offense
133.6999999980544,1.1004805097840888,0.5295364589308048,175.76948212473604,5788.487080135268,-1638.320543249987,6020.527908785105,3229.109825443066,-1346.2777359654558,6361.302294528133,100.8137987847967,-15.098651771477792,240.09618863444965,offense
133.79999999805295,1.052654005684916,0.6630805226059305,176.2462256959578,5764.70924121515,-1633.0436817806872,6017.608301425088,3214.0739917910473,-1362.3397665973814,6354.623830258244,98.86822003191271,-15.462316667118825,241.22250867172602,offense
133.8999999980515,1.0349726577660938,0.9518483718270834,177.28023427036706,5740.812519748215,-1628.2501146087056,6014.8975820824035,3199.5431355384612,-1378.766830696564,6347.770211106849,94.01306447284914,-15.72686781199177,242.31016333487892,offense
133.99999999805004,1.0757290147129854,1.3049043178060553,178.6152934852675,5716.804398826422,-1623.8222355928037,6012.32428099612,3185.5630593697624,-1395.5563281375305,6340.78485745005,87.93644233812813,-15.914412029929403,243.4079717271931,offense
134.0999999980486,1.1537228425890946,1.5498701133286403,179.82256003686683,5692.686254039177,-1619.697030994616,6009.833425134105,3172.0282251636186,-1412.6556627957884,6333.713969689348,83.61857886764945,-16.077170665117144,244.59336803010214,offense
134.19999999804713,1.2120991568763912,1.6374571229851793,180.53546897585903,5668.466141440992,-1615.9574922271045,6007.441082955963,3158.8591949469787,-1430.0222660957877,6326.5743998688795,81.0355172352228,-16.094738357267143,245.84773729527956,offense
134.29999999804568,1.2457536591864036,1.7797630063227206,181.68613733268546,5644.1589629684295,-1612.6915730919306,6005.171856896898,3146.1004487528635,-1447.6739559997,6319.394186293566,79.05026499735217,-16.00782208733533,247.09362188545376,offense
134.39999999804422,1.2796272728654596,1.8610146335136515,182.84123270998634,5619.768382117253,-1609.8572326539204,6002.986227435092,3133.715517517353,-1465.5826819457313,6312.177522005529,78.05534596114153,-15.839125114587626,248.34743836987414,offense
134.49999999804277,1.2589352679405996,1.7720201417182269,183.0403416941805,5595.31052512915,-1607.5198588645007,6000.896584616411,3121.752635789456,-1483.7563117159773,6304.949349110824,76.89482902815033,-15.633018797297243,249.57664964972025,offense
134.5999999980413,1.202089168163771,1.4578933945185717,182.56382888628798,5570.802221468747,-1605.7110802346579,5998.926807467956,3110.174655157176,-1502.168608483553,6297.70576481579,76.40913770137102,-15.398325892184975,250.8122790253634,offense
134.69999999803986,1.1257745926974985,1.4878661966770552,182.90449343889327,5546.248951797921,-1604.3685962694315,5997.078915170619,3099.0297291268894,-1520.8254522247146,6290.469322161055,75.49336958984138,-15.154455053598939,252.02373072663593,offense
134.7999999980384,1.0355345290577238,2.017463569898417,184.19247411090495,5521.680675029891,-1603.5277726718095,5995.407826140502,3088.279789561669,-1539.70167051205,6283.232795951736,75.12671077342922,-14.898274814218885,253.24382486860856,offense
134.89999999803695,0.9440879695512109,2.709431953687308,185.4798095643553,5497.096431229619,-1603.1301627862467,5993.923670762846,3077.9714975159254,-1558.804422079255,6276.017565156323,74.2490647537783,-14.640633384516573,254.4394947337573,offense
134.9999999980355,0.8549137567517369,3.1688918113469873,186.24210460208948,5472.512308599993,-1603.186189569736,5992.689643429337,3068.0653019041783,-1578.1112626928873,6268.814403589243,73.87678349090288,-14.37326901219209,255.64391607242723,offense
135.09999999803404,0.8232986410187934,3.955051706426397,187.43276601762426,5447.9284733905015,-1603.6115359148873,5991.681959227315,3058.607313369287,-1597.6278373555215,6261.645265932164,72.9729853985178,-14.104539207186626,256.8243331917214,offense
135.19999999803258,0.8589017590342936,4.89240834142706,188.83297701491549,5423.310985256317,-1604.318509872144,5990.830131383407,3049.5159770224213,-1617.3218899910007,6254.488454621172,74.50380949569097,-13.946371929283819,258.0706140909102,offense
135.29999999803113,0.9361453218429041,5.636233861124266,190.0520389768453,5398.64494800971,-1605.268104838171,5990.085349954498,3040.6972709936185,-1637.1778882265755,6247.302488232262,78.07950793558493,-13.865362495658642,259.363632454343,offense
135.39999999802967,0.9944911135308019,6.045186947171652,190.73320149547231,5373.958045422417,-1606.5425754784994,5989.492327360601,3032.1491149624826,-1657.1922737512468,6240.072208480328,83.0899578018328,-13.915286082110383,260.6565734117749,offense
135.49999999802822,1.028664709449985,6.581091078934303,191.82563056587156,5349.286170442725,-1608.2246793911795,5989.101496469933,3023.9140241721816,-1677.33507091593,6232.790954086152,88.23970905415435,-14.093055040152025,261.92443692734554,offense
135.59999999802676,1.0637087215040475,7.045833658612983,192.93462244840646,5324.623477240159,-1610.2878715517834,5988.871480451033,3016.1052149884977,-1697.6121987633933,6225.4447069782345,90.98312388104306,-14.303294405924005,263.12418549643684,offense
135.6999999980253,1.0824022232795132,7.198894407399689,193.65628570355184,5299.990751910183,-1612.765834948332,5988.8156734683935,3008.804862822267,-1718.0214067774991,6218.025367759968,91.53479031180768,-14.623864696940405,264.2807883611972,offense
135.79999999802385,1.1516591682906023,7.395858922256876,194.957502138932,5275.373250160108,-1615.5919601472153,5988.879349998165,3001.961528264085,-1738.5425548818694,6210.521992926908,91.53180706077843,-15.005344356850637,265.46867892621094,offense
135.8999999980224,1.2514749018894327,7.510270896042313,196.27896034922313,5250.747506056571,-1618.7174505225553,5989.007106272784,2995.6217232274807,-1759.1713604251531,6202.934688984866,90.4375139663425,-15.389958553029444,266.6550025195347,offense
135.99999999802094,1.3233409347335,7.348916759102249,196.60496363686926,5226.149286360973,-1622.223636339729,5989.2046415219575,2989.693146204584,-1779.8942571644566,6195.263773777584,91.19568595627001,-15.877147408656386,267.889671005337,offense
136.09999999801948,1.3320672649759375,7.063871272887478,196.1741567720578,5201.620995555169,-1626.1911416381233,5989.479285749987,2984.090980270359,-1800.6944707037956,6187.500858168689,93.42857921828595,-16.392610025977014,269.1698126645744,offense
136.19999999801803,1.2920737501807364,6.872915430395585,196.07581437326445,5177.200010410302,-1630.6815885564774,5989.846085232551,2978.867816303204,-1821.5622800369829,6179.632208597615,94.6588188847187,-16.81752500643213,270.426744417578,offense
136.29999999801657,1.2121913127892394,6.472349183110579,195.25469342268178,5152.879887031747,-1635.6389909449263,5990.3066911066,2974.101458294888,-1842.4885671439554,6171.654319693754,94.27896990673224,-17.244672857654503,271.6313315294897,offense
136.39999999801512,1.1006384184215734,5.776300415823117,193.7652188710238,5128.638863938399,-1640.9714328514476,5990.8630981188835,2969.7461764597742,-1863.4645983846258,6163.566116296756,93.71471871272786,-17.677126216256553,272.84276704804745,offense
136.49999999801366,0.9659601280309866,4.939184428597399,192.30271046687625,5104.45506265054,-1646.589566582802,5991.517463368839,2965.8538972024858,-1884.480227168965,6155.36968727122,92.33001464294725,-18.08249182483154,274.03264078063006,offense
136.5999999980122,0.8157736516685767,4.0459705090653175,191.13620707772137,5080.309596437114,-1652.4136101398722,5992.266972542194,2962.3388192257094,-1905.5342524717908,6147.070550892914,92.90170757487438,-18.570349338504553,275.2518759190821,offense
136.69999999801075,0.6587575731076099,3.0379008746266885,190.2008131380025,5056.1813087228,-1658.36682773999,5993.094376763338,2959.162368265588,-1926.621058254601,6138.662719048512,95.01551063845945,-19.079561608709593,276.48310257893513,offense
136.7999999980093,0.5008499085255665,1.9380611898890236,189.50249587179187,5032.056068599272,-1664.3877862273484,5993.977347823486,2956.3878338953787,-1947.7222122371743,6130.131460324342,96.1525777026821,-19.496444065292692,277.6820953909163,offense
136.89999999800784,0.3448090942008989,0.7792381840919271,189.03591621925477,5007.925228465047,-1670.4330706054106,5994.89558102088,2954.1359972258524,-1968.832704587331,6121.459646626845,93.77651653815826,-19.774052041992576,278.8180484183621,offense
136.9999999980064,0.1919085598497043,-0.4072867358629295,188.79161080332943,4983.7833452463465,-1676.4709959117458,5995.830600242865,2952.535870799484,-1989.9292005011234,6112.659991878381,88.43440319478444,-19.94078911581998,279.89718989625476,offense
137.09999999800493,0.04267899855213406,-1.5917749442525386,188.7581893678444,4959.6270341086565,-1682.4777594233258,5996.765419668952,2951.643377025794,-2010.9733494238665,6103.791346146647,80.94923268705085,-19.951209100695266,280.96956228339053,offense
137.19999999800348,-0.05962421757991568,-2.8656617031976532,189.1046840742736,4935.447389370959,-1688.4366986940342,5997.656689434493,2951.4168972381153,-2031.9787669492487,6094.920270354528,73.3140317802996,-19.82721835833722,282.078922538055,offense
137.29999999800202,-0.1062408429712258,-4.2811077198039476,189.5391308271157,4911.228778181827,-1694.3605321169894,5998.401328505177,2951.7211319441703,-2052.971560438962,6086.0771204979665,68.47265862273427,-19.60432212279422,283.2795758715824,offense
137.39999999800057,-0.1396247771575384,-5.689779587516693,189.9917200112255,4886.990239407058,-1700.2436637878502,5999.001355898389,2952.4179673980934,-2073.9706444364556,6077.245795028669,67.47188592066338,-19.2855661818667,284.56666601914054,offense
137.4999999979991,-0.10664627410558654,-7.006640944366393,190.62063241258758,4862.726336402775,-1706.1117036072326,5999.312769071219,2953.431648975485,-2094.9821096113938,6068.403267875514,69.29001137238458,-18.90784812649221,285.8808332649814,offense
137.59999999799766,-0.008414943547539352,-8.269109141757601,191.10145225086399,4838.433070033153,-1711.9899020260975,5999.2032031776935,2954.844673006312,-2115.985064027072,6059.57505026975,70.79951515379466,-18.466131443683572,287.09820260568625,offense
137.6999999979962,0.08473523348339289,-9.518274061222469,191.2439918420708,4814.134897137209,-1717.8510465688064,5998.705068096838,2956.7788114674436,-2136.9475673178704,6050.80616222072,69.22027447239279,-17.97265387544451,288.19156699126256,offense
137.79999999799475,0.147816192884327,-10.719611996465567,191.1222702211211,4789.850512305608,-1723.6696703728317,5997.820923306325,2959.306554740535,-2157.846679910823,6042.143735587648,65.52888877005998,-17.48331114739455,289.2231412088576,offense
137.8999999979933,0.15214550753710368,-11.869440739946779,190.82961504197823,4765.616951920359,-1729.4304049685077,5996.626109165678,2962.347663962968,-2178.695303697768,6033.588287691111,62.69919343079618,-17.03270871631688,290.31372946989643,offense
137.99999999799184,0.10656174195678736,-12.835879478760482,190.5677686070081,4741.445429967744,-1735.1265110480895,5995.129913899058,2965.784282909109,-2199.514483444621,6025.100911025665,63.06182724743071,-16.605746674239246,291.500047889688,offense
138.09999999799038,0.06954856794179216,-13.699992232699163,190.61057191645307,4717.338366916877,-1740.7546430809127,5993.273026103604,2969.5442571540743,-2220.313756236135,6016.643385047704,65.62968302021268,-16.172968503079595,292.72428571630377,offense
138.19999999798893,0.06596532731809837,-14.741571973376276,190.64886643455458,4693.304290753811,-1746.3260929126154,5990.979781979326,2973.7062593236906,-2241.0620138228146,6008.242974093909,67.3770643531283,-15.711169413357466,293.8665480534603,offense
138.29999999798747,0.06254533168201488,-15.83261381544665,190.69880381354812,4669.3543211826745,-1751.8395315990983,5988.300896386904,2978.3427029355653,-2261.727726113992,5999.932674135795,67.73249495520521,-15.32702986869934,294.9695320657812,offense
138.39999999798601,0.11653895700831882,-16.782750610042633,190.89940501457713,4645.4768798490595,-1757.2955494219202,5985.1402086533635,2983.4080344281933,-2282.3133024040903,5991.689659409103,67.86845809876431,-14.975495625012421,296.09462142566395,offense
138.49999999798456,0.20510255632367597,-17.612812464045458,190.92582527391681,4621.65669066951,-1762.682010508637,5981.419771604965,2988.9414253418136,-2302.795698716593,5983.5363552596755,67.04324191272309,-14.651274773156905,297.2086856136886,offense
138.5999999979831,0.29695257072761266,-18.507953869548047,190.80924985923411,4597.896921769935,-1767.975681796097,5977.214894934494,2994.857262570192,-2323.198285660404,5975.439414329374,68.44041464176715,-14.434309322875427,298.4095705186869,offense
138.69999999798165,0.3945906608217554,-18.928027816641073,190.67343967587473,4574.164690971196,-1773.1531293850767,5972.50761682612,3001.094365911238,-2343.5354853401836,5967.362951530015,71.24481079963324,-14.250914927751001,299.6508464143556,offense
138.7999999979802,0.47435540220330813,-18.338808967659116,190.9235268593801,4550.467583534839,-1778.2218129618034,5967.426038380346,3007.736107457282,-2363.7593208633734,5959.327451086602,72.6948087048302,-14.036757844930964,300.8191690326154,offense
138.89999999797874,0.5813189644381768,-16.762889015098782,191.86865979525533,4526.783745822523,-1783.1800748627602,5962.005864570531,3014.8494130293757,-2383.827279732525,5951.358091211102,72.49266039934672,-13.882861865113124,301.95008707531053,offense
138.99999999797728,0.7091871751859368,-14.657565909941386,193.38404867293585,4503.05073809122,-1788.0505247749197,5956.295089929217,3022.347234870161,-2403.7718754362486,5943.423449139476,73.95187587451726,-13.86431847741417,303.1633448221578,offense
139.09999999797583,0.849293689334134,-12.485891986507701,195.36297173434733,4479.231125305064,-1792.908344921511,5950.407608643374,3030.1672229166425,-2423.614863102035,5935.490973243088,76.51111581647224,-13.888031740395423,304.4225777962246,offense
139.19999999797437,1.0031019029460269,-10.758604225318903,197.49029222473766,4455.323610175459,-1797.8439592583775,5944.436996527174,3038.3814217744844,-2443.3027971042347,5927.570452074391,77.58869440730321,-13.861567874886974,305.6211789802189,offense
139.29999999797292,1.1732413699206268,-9.645707686807173,199.58132291582973,4431.346761840952,-1802.9460102828173,5938.437503983579,3047.0507459378987,-2462.787642496107,5919.680851113653,76.93409730097605,-13.871702217142639,306.7797940248829,offense
139.39999999797146,1.3282750889913324,-8.997992185859937,201.51676918499115,4407.338065969373,-1808.3073977285655,5932.43124497096,3056.12761030769,-2482.086870247611,5911.808787845153,76.03963017602999,-13.880296734798119,307.95791723963504,offense
139.49999999797,1.418209688826059,-8.63550445727421,203.2654586805253,4383.36921579393,-1814.0802382702054,5926.441109167967,3065.646304177569,-2501.1684908722345,5903.974016483036,74.25133122428463,-13.863768106812746,309.11731219246474,offense
139.59999999796855,1.4700490179262018,-8.625792152797496,204.91926568444563,4359.502861367383,-1820.37042243198,5920.467076793602,3075.5259537677084,-2520.079338026164,5896.157651997248,74.62467558283119,-13.911812782050436,310.34094736965164,offense
139.6999999979671,1.5166924098244428,-8.781271414621127,206.54654322900691,4335.741842371262,-1827.1441741531048,5914.468670520911,3085.7129097339207,-2538.847517101565,5888.336553150639,76.54961474056388,-13.959256323494207,311.59427953641864,offense
139.79999999796564,1.548164217705278,-9.085289139152335,208.11442315034432,4312.129046060443,-1834.4526193773945,5908.435720624075,3096.267282201292,-2557.415947268212,5880.521593652675,77.3603216515193,-13.928266841241811,312.78001224042004,offense
139.8999999979642,1.5885607055501318,-9.455560229935744,209.66868104042817,4288.66074668557,-1842.254834583485,5902.339226680523,3107.2430397208454,-2575.731205197964,5872.733658688394,76.58687205889579,-13.915726684097425,313.92005377613066,offense
139.99999999796273,1.6177641398246874,-9.915851497475618,211.171521687571,4265.380795714723,-1850.595081022001,5896.168550565523,3118.595314481817,-2593.8170610133116,5864.960563862301,75.67152283985133,-13.894655410567719,315.07662899349316,offense
140.09999999796128,1.6584527227460608,-10.404032058584173,212.39312753224198,4242.27448646203,-1859.4234844071898,5889.899043001253,3130.354628486452,-2611.637936385968,5857.222788486225,73.91772783659368,-13.848446805024171,316.21315799761055,offense
140.19999999795982,1.6914517031566056,-10.924761656803353,213.06050882304766,4219.372147882922,-1868.7551168826496,5883.518266561014,3142.446584215448,-2629.2500773716724,5849.50115598836,74.37550231879106,-13.867544912615891,317.4145011736657,offense
140.29999999795837,1.7352983416203414,-11.553193795148513,214.33153598837822,4196.661565316126,-1878.5364663749942,5877.006230808932,3154.8284052836775,-2646.6813977650636,5841.774979681724,76.3927676754288,-13.89035917215154,318.64171849721237,offense
140.3999999979569,1.7285772471305845,-12.061786092571136,215.82158978057677,4174.211164000978,-1888.8412887069278,5870.33587844511,3167.555909114674,-2663.8649265064864,5834.056295192734,77.26815234246236,-13.840919487873172,319.8008938425584,offense
140.49999999795546,1.6887133345713048,-12.561492794046107,217.3223728384704,4152.104704797256,-1899.7338864915764,5863.503170764849,3180.7063398608025,-2680.7080568580673,5826.375770260201,74.58843502369699,-13.689303612278694,320.8671296560754,offense
140.599999997954,1.6320654927083929,-12.950915011709426,218.56774218639578,4130.333062845105,-1911.175709694725,5856.52869481777,3194.326329416382,-2697.1503125212093,5818.778977766696,69.76432528265899,-13.498528877060139,321.88362014290755,offense
140.69999999795255,1.570872811041637,-13.255584697171818,219.2677177957183,4108.92123561264,-1923.1811323690888,5849.44231851528,3208.34394024053,-2713.2616917278124,5811.271338529596,66.00619258220233,-13.300423189065276,322.9623028283226,offense
140.7999999979511,1.5579804667339472,-13.660907036191853,220.64938474909263,4087.8205555738436,-1935.655028249825,5842.272790741888,3222.6667620891894,-2729.135114527274,5803.82054969346,65.39664945136225,-13.071238715396023,324.1281237797142,offense
140.89999999794964,1.580230493906919,-13.966957422441375,222.04851164125807,4066.967980540829,-1948.5319321724319,5835.009688525969,3237.2334350875362,-2744.830068247931,5796.390744660071,67.42562117888784,-12.814246125481043,325.3390906302748,offense
140.99999999794818,1.6103593168500492,-14.299709256693102,222.87201140276375,4046.38784688397,-1961.8443446283889,5827.650648898566,3252.0560130743283,-2760.3223622193136,5788.984838916215,70.95282332443142,-12.598310445694704,326.53165376577016,offense
141.09999999794672,1.6557958901040233,-14.662285840994224,224.29718794222424,4026.060863473651,-1975.555545859761,5820.175617995399,3267.187766361513,-2775.5304228528826,5781.623164352444,73.07456931932452,-12.375757007132263,327.64333418935837,offense
141.19999999794527,1.6494845570873695,-14.886669380360413,225.63443138469435,4006.067692606432,-1989.7304873036492,5812.56864134768,3282.665872458471,-2790.3886372571383,5774.326114277932,73.36049990553127,-12.230840667144163,328.7263146793163,offense
141.29999999794381,1.5977404444783259,-14.987703646789004,225.82755063200253,3986.488061799416,-2004.4099199057616,5804.837544896007,3298.4510016053955,-2804.9304893488425,5767.071530817792,73.32226769099806,-12.119046336498313,329.84625563015993,offense
141.39999999794236,1.5386290818934012,-15.157733233651944,225.28790728530996,3967.2801988760198,-2019.5413487006863,5797.01460144792,3314.5616486512104,-2819.113651757108,5759.876531599966,72.30383611114156,-12.017339180360407,330.9613298549604,offense
141.4999999979409,1.480716823628299,-15.253587198836552,225.86812537239794,3948.3697224593725,-2035.0563655378674,5789.119022911003,3330.938929203809,-2833.011560513721,5752.713957822758,73.28297402239933,-11.999541199958344,332.15393998823197,offense
141.59999999793945,1.4096183514138605,-15.194499623052709,227.65276350542567,3929.813278562943,-2050.9887052290915,5781.190365626917,3347.5437539086806,-2846.6697782433685,5745.556141536999,75.75515229684888,-12.00995608458413,333.3858269183374,offense
141.699999997938,1.3441608371901506,-14.943232783602522,229.67005133755612,3911.5939065027537,-2067.320584014192,5773.249107878753,3364.403222476482,-2860.025020943611,5738.408957191077,77.08670850443337,-11.966064778138152,334.56250128067853,offense
141.79999999793654,1.2697717828253983,-14.57047879515268,231.58524453787282,3893.769740293871,-2084.1003765226274,5765.347836755759,3381.568504381239,-2872.9666942052318,5731.301646369714,74.7495545024949,-11.83225215576198,335.64615269767444,offense
141.89999999793508,1.2010325224987732,-14.047957110095435,233.35394552007136,3876.325399039464,-2101.300962316555,5757.51185702127,3399.0700713123515,-2885.420360001097,5724.277228970414,70.2371499866859,-11.674225905550614,336.6774821730692,offense
141.99999999793363,1.1226266549419615,-13.430744888384655,234.96586516874638,3859.3043913878028,-2118.955521706295,5749.805496347407,3416.856469163745,-2897.4711182889623,5717.336199353448,66.84494886128216,-11.518475608617045,337.76697300185623,offense
142.09999999793217,1.0961010238172724,-12.856944597472808,236.55768536413075,3842.6430978794097,-2137.0022364040497,5742.227988532529,3434.863940718633,-2909.2310995038015,5710.444045310811,66.41036142748025,-11.332712726056439,338.93608642663327,offense
142.19999999793072,1.1396155182622565,-12.349664236691911,238.13135651555058,3826.239657012916,-2155.3941292945287,5734.723228625491,3453.074156017611,-2920.752739204701,5703.574333060143,68.34805189127071,-11.124574355078423,340.1254659170215,offense
142.29999999792926,1.223092536016815,-11.922358092180684,239.64506540039338,3810.0621815086465,-2174.086291707536,5727.251141075778,3471.4971927592283,-2932.0077016702935,5696.732055394891,71.76569563550053,-10.969722220018417,341.2980131700837,offense
142.3999999979278,1.2808011179684184,-11.5165067683222,241.02116480753335,3794.2296225335417,-2193.127594947664,5719.840528340435,3490.123823264467,-2942.986356393344,5689.904390768454,75.83926831207638,-10.903937127577363,342.46692208010995,offense
142.49999999792635,1.2680659339269365,-11.114886706854692,242.29557619876095,3778.8843810791072,-2212.573358312813,5712.531815921367,3508.9832739605113,-2953.594271989625,5683.099531422427,77.89699735151679,-10.84499860916504,343.5775422372567,offense
142.5999999979249,1.200028266250339,-10.69940582980098,243.52917462895542,3764.1378613897896,-2232.443114464889,5705.376313077701,3528.0897291743927,-2963.7086351695893,5676.34301538739,75.88213615950353,-10.735638906427118,344.62679443722396,offense
142.69999999792344,1.090498749841389,-10.157818371391382,244.73559757397024,3749.9942237679525,-2252.71945173676,5698.420259303982,3547.4683837015587,-2973.217866889639,5669.684502890674,70.61213124289799,-10.567947518815814,345.61657816144964,offense
142.799999997922,0.9740579799581809,-9.505469322868523,245.94237302225307,3736.40368556081,-2273.3674483109403,5691.712735173154,3567.1083782744963,-2982.128100364053,5663.173051427963,64.14847809104045,-10.325590865335956,346.60344443407826,offense
142.89999999792053,0.9099139450580611,-8.78705852730404,247.20457066198833,3723.2459695746234,-2294.318716877789,5685.239890088511,3586.9618860732244,-2990.5750933859,5656.80502239959,59.731465497468854,-10.010425844563715,347.6697705067338,offense
142.99999999791908,0.9228216771213735,-8.026379372289687,248.50850805255664,3710.412782713257,-2315.514807775165,5678.941102483473,3606.994665531108,-2998.652109730848,5650.558498064081,57.216654922825064,-9.527730436812732,348.7432230384015,offense
143.09999999791762,0.9831034703228658,-7.261661572369324,249.78756040968923,3697.852235830315,-2336.93886818266,5672.767404225997,3627.2114656727986,-3006.325463089649,5644.4800838309175,55.41584818500298,-8.958545475205757,349.7680562850581,offense
143.19999999791617,1.0228738669238049,-6.491156405907242,250.92280420849895,3685.6660704778824,-2358.6397321136287,5666.776630613324,3647.5920101866045,-3013.6380132431045,5638.551904904303,54.68052112513244,-8.316722963245017,350.7689483301917,offense
143.2999999979147,0.9939583770746117,-5.709980605753172,251.94473670984087,3673.9859149181857,-2380.6435539640593,5661.051229673195,3668.1382190485665,-3020.5523465902966,5632.814444278318,53.799668555940094,-7.661352650700815,351.73311413717977,offense
143.39999999791326,0.9240442903233491,-4.944991058015615,252.95491822339147,3662.883836014023,-2402.9376491913054,5655.660988183103,3688.8361480686253,-3027.1475848722175,5627.214646305835,55.648894820867305,-7.075511148858334,352.7791045684361,offense
143.4999999979118,0.8793637671390933,-4.2123969759229425,254.08296303801816,3652.2597742259627,-2425.4700384548264,5650.571397870576,3709.6817575740956,-3033.486225909857,5621.693324456003,59.1091672766849,-6.523264472460179,353.86514946904737,offense
143.59999999791034,0.9061155901338416,-3.498552380592986,255.31828696900448,3642.002949270669,-2448.1935024596514,5645.702762766687,3730.6866079471333,-3039.4717415592086,5616.293983704141,61.168130100211336,-5.985892244134159,354.87888113409576,offense
143.6999999979089,0.9755933272446603,-2.7892167203527594,256.56646703729194,3632.06324237662,-2471.0836390168706,5640.99573799155,3751.8481248319754,-3044.9790883995656,5611.083783403632,59.61165662189519,-5.441346977235678,355.8019463971413,offense
143.79999999790743,1.0210720920874827,-2.0766631782821134,257.703447382031,3622.548628260722,-2494.1579509044655,5636.50364341127,3773.1418743832764,-3049.940068908686,5606.123022426591,55.72129312124101,-4.903364293723516,356.6939210749202,offense
143.89999999790598,0.9982784262774661,-1.3624923787550465,258.73724234626684,3613.589361077859,-2517.4315149676654,5632.301605214435,3794.543772642418,-3054.459646289546,5601.380070810959,52.68745398199941,-4.367112449856794,357.6644495082024,offense
143.99999999790452,0.9336476598714026,-0.6775845641843662,259.7458694069646,3605.251844777529,-2540.8982044701525,5628.451265500582,3816.038099938163,-3058.660360523747,5596.783989263973,52.793932589507115,-3.810251623018592,358.7264279696088,offense
144.09999999790307,0.892190694757873,-0.036641652269192776,260.8618797495951,3597.4292752896813,-2564.520951758886,5624.913929859907,3837.619233192563,-3062.62422963714,5592.269641851845,55.494579989415,-3.2428269996703305,359.8354053362728,offense
144.1999999979016,0.9206149515415507,0.5830124500657471,262.0881142385927,3590.0024671462807,-2588.2697654341923,5621.6069653911,3859.296149040805,-3066.3276241564868,5587.840964261627,59.547508171677656,-2.7442181615790884,0.9338238728004334,offense
144.29999999790016,0.990881337419015,1.203852083770327,263.3348208886414,3582.913845936569,-2612.1293360360582,5618.467059478632,3881.078065027984,-3069.669019893718,5583.541994693721,62.01216840361256,-2.2842171700424747,1.9464570113232416,offense
144.3999999978987,1.0373560218017772,1.8349360285756071,264.47757792068245,3576.270792298015,-2636.101038454195,5615.54248020984,3902.9442728946447,-3072.5312647565297,5579.4306176895,60.580516397799265,-1.8178273764867565,2.8708400707282475,offense
144.49999999789725,1.056374095760484,2.322007213715997,265.63294258627934,3570.1628271746713,-2660.178442330179,5612.878440473825,3924.858800533382,-3074.847713448147,5575.563228805098,56.785905894965374,-1.36688218585737,3.7708604829260692,offense
144.5999999978958,1.0752210777899485,2.7779899303848836,266.8294318805824,3564.5513601780426,-2684.3457798014338,5610.428473618761,3946.8106367281753,-3076.726687647919,5571.904657395915,53.94021825507214,-0.9198754383905627,4.7526769644622915,offense
144.69999999789434,1.078039674516829,3.1746029084388354,268.03986980443824,3559.4813759990784,-2708.5905796659504,5608.214010757256,3968.8035000016307,-3078.293220572569,5568.382550906065,54.02405207931099,-0.4443398377570284,5.8208637669058785,offense
144.79999999789288,1.0896082264349256,3.5809024345719753,269.27187299036103,3554.9101383597176,-2732.8995764166652,5606.197632435751,3990.8439797133997,-3079.6140227558462,5564.945247997168,56.52931037652692,0.04191990143653168,6.925006337501497,offense
144.89999999789143,1.0884751925464344,3.956579924739533,270.4994347734932,3550.881569564762,-2757.258181768775,5604.404413296729,4012.937136028689,-3080.6579265763376,5561.6022180119635,60.317791861906564,0.46463743341010233,8.011628132163377,offense
144.99999999788997,1.097782934600994,4.352488347544939,271.73946523943977,3547.351451704363,-2781.655609312044,5602.800343302209,4035.0786018735266,-3081.3318956220264,5558.391672186623,62.530987408154644,0.8640960367205404,9.014428990615153,offense
145.09999999788852,1.0951844183682289,4.724934724453746,272.96907016414656,3544.363159473236,-2806.0751631762228,5601.41147348629,4057.239019214393,-3081.5674708239576,5555.3474263077205,62.82032068464847,1.1833511033218078,10.003369895379848,offense
145.19999999788706,1.1032855187014554,5.119605417348021,274.2084033232861,3541.8715748250106,-2830.5085558879673,5600.205356383673,4079.408132255708,-3081.4539918463,5552.416626162511,64.60305346432796,1.3847646164280545,11.10591083098675,offense
145.2999999978856,1.0997050800449024,5.493503782236877,275.43487400376677,3539.919387116399,-2854.9370143026304,5599.208344868911,4101.593465736433,-3081.042375447812,5549.557642208531,67.43901501441209,1.5376714918676573,12.26204441330256,offense
145.39999999788415,1.1068334685382308,5.889822925688346,276.6701150498744,3538.46076641273,-2879.354758803,5598.389055702487,4123.787594662045,-3080.2662048991633,5546.784405762944,68.8185380205407,1.7176778509694173,13.360462910564243,offense
145.4999999978827,1.102424721676982,6.267251640452736,277.89105719516914,3537.537506574905,-2903.740983865572,5597.773990885708,4145.956046289327,-3079.013423405759,5544.142780056694,66.38720009328279,1.9658724383519148,14.358988206757632,offense
145.59999999788124,1.1495209551395649,6.510232951022553,279.217986698937,3537.0603367843228,-2928.102259625205,5597.311608931161,4168.047265658041,-3077.220015613003,5541.686489439279,61.754041631817216,2.2345392887104643,15.30925402958652,offense
145.6999999978798,1.226340084627503,6.706273056326753,280.57769335803636,3536.959552253602,-2952.468589808371,5596.944126983214,4190.073185219145,-3074.9901351600747,5539.396926979583,58.30942150021305,2.519830525182565,16.31608255004046,offense
145.79999999787833,1.2740477906715595,6.918429101611907,281.8479898071517,3537.3468755477097,-2976.832806016261,5596.69188986654,4212.065478964331,-3072.444599951108,5537.21801755068,57.814411758468516,2.857118588284485,17.389156965165864,offense
145.89999999787688,1.292410889804894,7.003736849220247,283.1002024008151,3538.3130672661296,-3001.161512832082,5596.575680578557,4234.041854890087,-3069.635016691432,5535.116437129444,59.786566970090824,3.2220809196117144,18.480036873424133,offense
145.99999999787542,1.3085758232947087,7.057094056296311,284.3892428302401,3539.8083815305476,-3025.457867033104,5596.559732499049,4255.998086131225,-3066.5503839856483,5533.09208223609,63.511021826980205,3.530587490998008,19.566078760960213,offense
146.09999999787397,1.308408585461375,7.070716815842997,285.6787163473705,3541.8775765297805,-3049.696999579629,5596.654575296206,4277.929587714251,-3063.154555516583,5531.148570560637,67.77753836326025,3.746925530460382,20.633785247840216,offense
146.1999999978725,1.3163669928448054,7.099868775456662,286.9921022362625,3544.471436973608,-3073.8838606005343,5596.835268145913,4299.814415270695,-3059.35483048751,5529.30859882476,69.9162717459727,3.938475053723257,21.635582023204396,offense
146.29999999787105,1.3123327401756384,7.120619665724657,288.2938668102391,3547.6341344160473,-3097.9897907356153,5597.116962913335,4321.612831029037,-3055.0894315443234,5527.593298369441,69.87411079185418,4.055565721603525,22.630469862938604,offense
146.3999999978696,1.318658105091597,7.169487202636424,289.6125515741653,3551.316750934013,-3122.0204154676276,5597.4780107075485,4343.32238626901,-3050.41426117327,5525.974885560572,69.39098743583267,4.155772171334918,23.67717564984934,offense
146.49999999786814,1.313987486287466,7.213903252019703,290.9160134077915,3555.562423945388,-3145.944449704738,5597.934916406608,4364.916168403785,-3045.2931353639065,5524.474066530034,68.00314572952271,4.265846536702917,24.721670266728342,offense
146.5999999978667,1.3201297800534104,7.286459599926161,292.2343319119921,3560.322798060911,-3169.7697167423903,5598.4671648610265,4386.427396806845,-3039.8141525758624,5523.056243187529,68.54390557791864,4.3321259001637715,25.841373871706953,offense
146.69999999786523,1.315436246835967,7.3526462664512335,293.5364489264641,3565.63976543002,-3193.4628250578858,5599.091672918397,4407.881838179891,-3034.039691828825,5521.686591156382,70.67044872779977,4.393365245564428,27.00338151937186,offense
146.79999999786378,1.321633461295674,7.444693538250734,294.85293636226106,3571.4655119829927,-3217.033824835261,5599.788481509027,4429.259395057124,-3027.9150211015467,5520.375596149663,71.82169966339102,4.51289653339465,28.10282910741063,offense
146.89999999786232,1.3169954077905976,7.527959183364696,296.15300419709877,3577.8404741764753,-3240.4473331561962,5600.574646153003,4450.518373053029,-3021.3743532233498,5519.151417827761,71.34742883825182,4.609762294761432,29.154869379905477,offense
146.99999999786087,1.3232512133731742,7.634894868376476,297.4674056589435,3584.7174055340915,-3263.715625136058,5601.430604060269,4471.681722673098,-3014.5024355761825,5517.9816004444065,72.4620108599136,4.613437523689187,30.274884258672323,offense
147.0999999978594,1.3186543173198766,7.7311029868241965,298.7653808567276,3592.1351268572516,-3286.80142876612,5602.3734542972625,4492.759371553816,-3007.325323756573,5516.846491084001,74.82414001076201,4.57938300779883,31.41658001498189,offense
147.19999999785796,1.324941374594184,7.849219916481707,300.07779258655995,3600.0470185541967,-3309.719229872999,5603.383966184834,4513.724434336653,-2999.7854816571185,5515.752486142544,75.95277452946121,4.596060462111969,32.49901732905934,offense
147.2999999978565,1.3203649540374933,7.955169292924875,301.37383122082355,3608.490158487706,-3332.4299672361876,5604.479234261174,4534.531580870324,-2991.8221199202053,5514.720449676275,75.3386063091471,4.59165690481667,33.54020649969555,offense
147.39999999785505,1.3266603390477782,8.081645037100088,302.684455535594,3617.418634138206,-3354.9503148151257,5605.640320924035,4555.188799994207,-2983.4893542516515,5513.733033268744,74.54592768815617,4.593221503266078,34.60586593757115,offense
147.4999999978536,1.3220896605314303,8.194915393817228,303.9787707836073,3626.867675430809,-3377.2395219253794,5606.88428487736,4575.6613183158415,-2974.752004703943,5512.809634871775,73.0444426548195,4.617664377867804,35.651590348236965,offense
147.59999999785214,1.328377368932393,8.327615818115875,305.28783189873155,3636.792169143157,-3399.316420536333,5608.192452576641,4595.995460529384,-2965.6864917627995,5511.927035091654,73.55529678154498,4.598282943988234,36.75367395279493,offense
147.69999999785068,1.3238026938929535,8.446377176153437,306.58063970541974,3647.2254078101137,-3421.1386708573427,5609.581824501264,4616.208172492608,-2956.3237250321627,5511.068174453456,75.6938038431923,4.566026541948207,37.87576788057783,offense
147.79999999784923,1.3300713160747852,8.583683751183422,307.8883488021044,3658.1231757818014,-3442.727225671533,5611.033968401724,4636.266536059398,-2946.609680442459,5510.2397693679395,76.86450226821471,4.595314290017515,38.93805766505902,offense
147.89999999784777,1.3254857585645392,8.706548417550893,309.17984416666303,3669.5167499959653,-3464.0382575146655,5612.565810331992,4656.117699758477,-2936.487591856679,5509.46230618457,76.41098895649135,4.605078220113232,39.95893389904591,offense
147.99999999784632,1.3317264513219629,8.847231197398035,310.48638416062835,3681.362912860426,-3485.094796214745,5614.1591414210025,4675.776362519934,-2926.0113927698385,5508.71888454389,75.82746013369922,4.6170056065432306,41.007973879703414,offense
148.09999999784486,1.3271245320505822,8.973147156141035,311.7767312193597,3693.6908561095597,-3505.851629495734,5615.830801834756,4695.204273924778,-2915.1500759997466,5508.027081704673,74.52382976465145,4.6443994941478985,42.042003620533,offense
148.1999999978434,1.3333298058272163,9.116273722969472,313.0822512581302,3706.458460510114,-3526.3338143903406,5617.56279198947,4714.456380461395,-2903.9751113361344,5507.365195559996,75.26305408460635,4.61653847497766,43.1358861108841,offense
148.29999999784195,1.3287066785333024,9.244447934797403,314.3715805583472,3719.692770023851,-3546.494858343472,5619.371858451069,4733.550891211674,-2892.51323888098,5506.717218527261,77.60271010043476,4.5671339699599445,44.25090639556184,offense
148.3999999978405,1.334869770023654,9.389317324008696,315.67619571208013,3733.352862417869,-3566.361790137973,5621.240199779561,4752.446663156353,-2880.7118774084875,5506.08795496324,78.90627453946018,4.573511675351197,45.30984953248537,offense
148.49999999783904,1.330220869366482,9.51915949594923,316.96460532452187,3747.4635774668573,-3585.886943272454,5623.18446427516,4771.05080523894,-2868.4884667475208,5505.503206443018,76.5789347900365,4.671070056924889,46.286261438021526,offense
148.59999999783759,1.3363354566831802,9.6652531827741,318.26839898126684,3761.985286005899,-3605.099257608927,5625.187039702124,4789.284042262483,-2855.808603216569,5505.000949959022,72.1473838338138,4.797863772134065,47.227507088955456,offense
148.69999999783613,1.3316563771240144,9.796333588705028,319.55595753170513,3776.940572897497,-3623.9500008601694,5627.264473835367,4807.209516006931,-2842.7486601601577,5504.583218099759,68.96879432165362,4.926298735861242,48.235879378533966,offense
148.79999999783468,1.337716478276736,9.943278295684124,320.8589850432578,3792.291194959308,-3642.469958422599,5629.39933631849,4824.9212839083875,-2829.4005726510163,5504.217717865652,68.82004223792609,5.084704907786806,49.33319554264102,offense
148.89999999783322,1.3330029685401843,10.075295440534779,322.14573553929614,3808.057436888051,-3660.60944215794,5631.608074102485,4842.467355538051,-2815.8098353299492,5503.878457181802,71.17009333516192,5.2574606372086565,50.47156611003779,offense
148.99999999783176,1.339002930660338,10.222834332008931,323.4480282739044,3824.202530861292,-3678.4010128771265,5633.873432500416,4859.827890765782,-2801.9497286696374,5503.5691577164835,74.88948220479364,5.381122112351314,51.58695870937753,offense
149.0999999978303,1.3342429057682719,10.35698438206948,324.73913346608924,3840.7343590712608,-3695.7869278504886,5636.2095028657795,4876.934630767492,-2787.7553312561877,5503.303033917913,77.10166527190914,5.508236172762302,52.62922749295102,offense
149.19999999782885,1.3400913650983541,10.50611213978621,326.04564524727584,3857.6155551156294,-3712.8003356481036,5638.598729528466,4893.675442166027,-2773.171035450107,5503.102860732463,75.44284479452868,5.68075668370593,53.60401587060414,offense
149.2999999978274,1.335136208186354,10.639891901450492,327.33015568272754,3874.871706203579,-3729.3972916221246,5641.0596089748415,4909.968241095539,-2758.1762358267174,5503.003261448747,71.49234561274406,5.854947966906026,54.559483271075734,offense
149.39999999782594,1.3805724769580145,10.624420783525817,328.6852159801192,3892.446317657082,-3745.655016146828,5643.565311810566,4925.899136617205,-2742.8473896156192,5502.997191088897,68.59253663537447,6.015912864857986,55.599291816936386,offense
149.4999999978245,1.4686025271286012,10.498261889257348,330.0898899163167,3910.2871664557,-3761.666799007828,5646.075027672368,4941.581885813503,-2727.2670037439175,5503.046497310087,68.64240026047936,6.193938812924649,56.73797002575017,offense
149.59999999782303,1.5718407310813958,10.25601149639239,331.46341284825877,3928.4015277320273,-3777.415417643961,5648.565915921352,4957.076076001852,-2711.4761857579674,5503.121262801218,71.12251261787337,6.378703795246418,57.92117071063505,offense
149.69999999782158,1.6362958487835795,9.99164362580153,332.75135133141487,3946.84764176991,-3792.783197396737,5651.014447539711,4972.358526734002,-2695.450970363412,5503.225141701982,74.91043544674737,6.508299527105095,59.07855103568001,offense
149.79999999782012,1.628485694177623,9.750109968428433,333.974139142673,3965.6804431827777,-3807.639917076511,5653.396934242022,4987.350956319292,-2679.1351580730743,5503.372335892376,77.15614293467064,6.63598687685383,60.15673107123772,offense
149.89999999781867,1.577176853083014,9.480999012911523,335.17232200751386,3984.9180773518597,-3821.898607283996,5655.712764930502,5001.93328454648,-2662.488044960169,5503.585412325928,75.52502014134605,6.805797111043582,61.161031711721634,offense
149.9999999978172,1.544309098138047,9.116990603176653,336.4381429012299,4004.494621353199,-3835.650257275519,5657.981774288813,5016.019912615614,-2645.499827527218,5503.898303291685,71.59443789450864,6.975976186627735,62.13990534696967,offense
150.09999999781576,1.569875368887731,8.684024636641976,337.78727739326763,4024.345703559004,-3849.0256321472043,5660.204553743882,5029.705902874112,-2628.2341246924543,5504.303821219647,68.6968162638272,7.132562290981684,63.197873447987185,offense
150.1999999978143,1.6359767859552523,8.231762681120346,339.16669975381814,4044.4371314539244,-3862.1049619894175,5662.366677285585,5043.114975301734,-2610.7565845336812,5504.764127261889,68.72511716179011,7.306270064447163,64.35080284220928,offense
150.29999999781285,1.685173549255879,7.858026264391292,340.49190048052856,4064.79371577012,-3874.8073639352688,5664.445353669039,5056.311320979175,-2593.0991859229016,5505.249836379737,71.1667970898446,7.487307944030969,65.54522409828105,offense
150.3999999978114,1.6684069468994644,7.581672362070038,341.7493240208588,4085.4507229444716,-3887.002542316072,5666.419882859829,5069.268608325012,-2575.24123898121,5505.765096487248,74.91930830007163,7.613651689681291,66.71152978364296,offense
150.49999999780994,1.6119571267613957,7.3058665802809655,342.9634678093254,4106.418523481651,-3898.5956967319216,5668.291873124162,5081.9026903523645,-2557.1380400288817,5506.324232502651,77.149774559236,7.7380894179891895,67.79695502954344,offense
150.59999999780848,1.5764260922334907,6.948077703189478,344.22384698380284,4127.649480763845,-3909.673402739475,5670.087273565132,5094.133205474097,-2538.7810649491576,5506.939588332054,77.48363159822601,7.791409315793467,68.85274661985497,offense
150.69999999780703,1.5998848597454338,6.52672177457425,345.5529711783072,4149.100010394716,-3920.364933665229,5671.812935742635,5106.00485430098,-2520.198046860091,5507.590695612949,77.48122343643374,7.811159790848227,69.94252237859759,offense
150.79999999780557,1.6642186289568248,6.0847511802730345,346.8991108726355,4170.750618359322,-3930.7365683513935,5673.458583348969,5117.46926427781,-2501.3796149658415,5508.290662181014,76.55139461670942,7.823940956389028,71.02520959789165,offense
150.89999999780412,1.711859687416014,5.719524024730833,348.1872187478324,4192.616691430042,-3940.695550961365,5674.999706008172,5128.567110141203,-2482.363600015846,5509.025222815276,75.88559787789151,7.859277598589424,72.13704255927549,offense
150.99999999780266,1.6935080624716103,5.449996796700555,349.41207747489943,4214.715016119971,-3950.1098126382835,5676.4128242554225,5139.248916137805,-2463.1453993099794,5509.812767089793,74.77241875993585,7.918220726820067,73.23173507173996,offense
151.0999999978012,1.6356147163513266,5.180107453619151,350.5980616133293,4237.043140587229,-3958.885509360643,5677.698747868234,5149.604908918319,-2443.7576023202682,5510.630837316039,75.840600851857,7.921032793476441,74.38585305527687,offense
151.19999999779975,1.598899656415306,4.826742250524182,351.8331625416346,4259.5657134694875,-3967.1152235646446,5678.887482985408,5159.692564409291,-2424.20636759497,5511.458022826651,78.53057652526459,7.895916782198709,75.5644865517201,offense
151.2999999977983,1.6213176963220266,4.407846195975372,353.13976254610753,4282.256464596896,-3974.93325404945,5679.990068999425,5169.447034311909,-2404.465363690678,5512.299199076897,80.15587551131595,7.912320759452907,76.6835169124732,offense
151.39999999779684,1.6847776642585308,3.966227125111064,354.4658842356332,4305.104333100527,-3982.4075598847976,5680.99832986047,5178.739262359806,-2384.5277374019447,5513.174181763136,78.15096575360309,8.006580377595212,77.7212546097767,offense
151.49999999779538,1.73165179373396,3.599825097146698,355.7376489707361,4328.111550812992,-3989.4443091774965,5681.886235103452,5187.48027053989,-2364.406427447466,5514.1152928655065,74.00596595783487,8.121227371392964,78.7183935919975,offense
151.59999999779393,1.712563996796239,3.327697432526993,356.94982622124354,4351.276575923947,-3995.9110450963744,5682.628167119623,5195.763349951229,-2344.132995302297,5515.12512178241,71.0128379265947,8.228967681976846,79.77592094597456,offense
151.69999999779247,1.6539718107156844,3.054493416670986,358.1251627986408,4374.584657902002,-4001.715554113553,5683.224116760511,5203.717488661592,-2323.7346331233794,5516.175057840836,70.97760007764914,8.356330146060543,80.91815069860263,offense
151.79999999779102,1.6166011722724003,2.696138764738864,359.3501357713076,4398.013903302149,-4006.9540763038044,5683.706920227,5211.411347857135,-2303.2238507153857,5517.240297869513,73.37844002925394,8.492239575142646,82.09917078411704,offense
151.89999999778956,1.6384673899616617,2.2700826659224904,0.6472416031914552,4421.556260758968,-4011.7631299410946,5684.090562631345,5218.813973240642,-2282.5882106111385,5518.324199097884,77.11375887541519,8.576099646644693,83.25120802451544,offense
151.9999999977881,1.701421255043609,1.819995481971804,1.9649523491243714,4445.209380742802,-4016.2116320528494,5684.368292146388,5225.8333256622645,-2261.808352666232,5519.437351266101,79.35588236586513,8.660189328552661,84.32531746638712,offense
152.09999999778665,1.7477660095356566,1.4446763208370756,3.230381117408552,4468.962201325344,-4020.2060825643534,5684.51276143384,5232.343623351694,-2240.895776113463,5520.596628695056,77.76618849384448,8.787520060432911,85.32779178497732,offense
152.1999999977852,1.7281420162997216,1.1631730958588375,4.438454738107744,4492.794853814687,-4023.6156398014914,5684.4965892821165,5238.262091312775,-2219.876607918187,5521.831307737515,73.89519118961326,8.916774711479205,86.30512847196405,offense
152.29999999778374,1.669014240483183,0.8804465995560682,5.610648017434315,4516.680577614748,-4026.3508681515273,5684.319055427224,5243.699886632003,-2198.7705053469986,5523.138469859094,71.03748847126913,9.03115883595586,87.36080912141905,offense
152.3999999977823,1.6311345304963758,0.511246978038171,6.832317748820176,4540.611487333809,-4028.5096350089625,5684.015199547694,5248.7968163727755,-2177.586739667212,5524.486375258192,71.07252480953963,9.159578306263418,88.51308543570653,offense
152.49999999778083,1.652645202302245,0.0726325077474523,8.126184768727384,4564.598057802118,-4030.2281479969306,5683.6012213769145,5253.626549756126,-2156.3279029056575,5525.848572435737,73.49569249450562,9.29423221533455,89.70946755993326,offense
152.59999999777938,1.7152714567931275,-0.39055233537527273,9.441288122053432,4588.6467976843805,-4031.575251854428,5683.071378150184,5258.157386918113,-2134.985680888935,5527.228324010531,77.22581404481443,9.37534980043461,90.87723271876,offense
152.69999999777792,1.7611903207053563,-0.7785400716576264,10.705546915330197,4612.733286074602,-4032.4593557594308,5682.3971539323,5262.295811560055,-2113.5531450432927,5528.636367289344,79.46391426950193,9.454729442857163,91.9652439175811,offense
152.79999999777647,1.7410775556887674,-1.0725219609003773,11.914186665146545,4636.819491341571,-4032.7535165532863,5681.549719637213,5265.918505429587,-2092.058445154309,5530.089169122255,77.88570280119302,9.576093253350546,92.9786657095356,offense
152.899999997775,1.681448553079275,-1.3676053918123372,13.087643726199003,4660.8669728201885,-4032.372449630129,5680.527815317298,5268.946429634319,-2070.5386205490145,5531.615313135419,74.03046091905397,9.699616525522114,93.96366598418918,offense
152.99999999777356,1.643149908040703,-1.7503360086651847,14.310465542707929,4684.882078256177,-4031.41373948716,5679.3682874698525,5271.491024228362,-2048.9982906566797,5533.212084170482,71.17310136812057,9.809147470885307,95.0238329683991,offense
153.0999999977721,1.630273370594906,-2.054808526365086,15.598130941522854,4708.879858162258,-4029.965200536789,5678.085246519703,5273.691030410981,-2027.427731568124,5534.848379195434,71.18377221319233,9.933413374421864,96.17858396672852,offense
153.19999999777065,1.6200916454931722,-2.320082948758712,16.877425484998067,4732.834366820615,-4027.9740658995624,5676.686741169334,5275.619473488769,-2005.819415659071,5536.498207804513,73.5660119030268,10.064877859796843,97.37645190686207,offense
153.2999999977692,1.6241557872336978,-2.5462205870474026,18.176101586281778,4756.7488779742935,-4025.4888841875704,5675.173882816432,5277.244028017421,-1984.16929163344,5538.165148977346,77.25807986096927,10.143610070291288,98.54501266108255,offense
153.39999999776774,1.6211460058652547,-2.7773840520117408,19.45230200840585,4780.595093973802,-4022.4595276429873,5673.549943414486,5278.472449084089,-1962.4827188202407,5539.859963449958,79.48197521773702,10.220127198085965,99.63343908245659,offense
153.49999999776628,1.629050258892755,-3.001455745669356,20.745496679555487,4804.378421289631,-4018.9355416997973,5671.812249338312,5279.232456931503,-1940.7940244555102,5541.590993840852,79.83753549439348,10.228994510161224,100.68688403245226,offense
153.59999999776483,1.6274641703664066,-3.244003966573738,22.016361011514714,4828.068414618441,-4014.8687839999316,5669.9619180705695,5279.576874053543,-1919.1025693977438,5543.3402869558095,79.84846587964851,10.20186738280859,101.77111364816957,offense
153.69999999776337,1.6359427135172553,-3.4863568537495984,23.305501688424894,4851.672729750344,-4010.3090785116974,5667.9954915613,5279.45957789234,-1897.4255072970734,5545.118534987167,78.93891208571179,10.168315073263866,102.84672986372637,offense
153.79999999776192,1.63441613003328,-3.7489695604141384,24.573294041280636,4875.158823438455,-4005.2099710074967,5665.913275017617,5278.935141804835,-1875.7731566205398,5546.913113740692,78.27878957297719,10.154697256716728,103.95196744829228,offense
153.89999999776046,1.642784192535741,-4.011573650577657,25.860446154521437,4898.5365954445815,-3999.621186192938,5663.711849651787,5277.9589028548935,-1854.1674775645827,5548.739713980568,77.18000937467068,10.166017923073433,105.04056278706503,offense
153.999999997759,1.6410664191962856,-4.293550353418329,27.126946667145745,4921.771432053925,-3993.4978776583484,5661.391086560888,5276.624500095116,-1832.5886510192186,5550.580288607061,78.20598567798925,10.123562342922643,106.18462251925463,offense
154.09999999775755,1.6492400990060019,-4.5744119289991385,28.413586579683592,4944.8754522937825,-3986.889450401819,5658.947784296071,5274.983959258724,-1811.0113993190025,5552.417234638498,80.82965222966978,10.05272864989392,107.35199396772514,offense
154.1999999977561,1.6473335625837064,-4.873499784201134,29.68002738770949,4967.812006778434,-3979.7526805609423,5656.381486426261,5272.970058626008,-1789.446116016747,5554.253408021102,82.43156930435464,10.021084738221315,108.462234616731,offense
154.29999999775464,1.6553558092771643,-5.170346096837617,30.967203755285485,4990.595406680716,-3972.136500787866,5653.689228163764,5270.469726822683,-1767.9536279426936,5556.102700872258,80.4807558449306,10.066140787976723,109.49349758721766,offense
154.39999999775318,1.6533093522918392,-5.484518520590062,32.23447564939619,5013.187010837329,-3963.9993661924273,5650.870259220529,5267.413645948759,-1746.5914603380181,5557.99212832624,76.41805411373956,10.13452926930425,110.48344728040978,offense
154.49999999775173,1.6612397393839413,-5.795539392515017,33.52297528589696,5035.60329483961,-3955.38961515257,5647.921837703598,5263.893886636454,-1725.3396807206543,5559.928048302564,73.46048758282589,10.197373296186472,111.53070680148048,offense
154.59999999775027,1.6591029112004143,-6.123283993772631,34.791762699087045,5057.803677363573,-3946.2674578514257,5644.8429312847675,5260.0333433076885,-1704.1544051959897,5561.887931684921,73.39123632449848,10.278445630938513,112.66342526110073,offense
154.69999999774882,1.6669953437169307,-6.4471836219914955,36.08221296852674,5079.806769744937,-3936.680531943697,5641.631003498903,5255.89360810967,-1682.9980417059535,5563.852399400917,75.70967506131034,10.367034788639831,113.83250130924318,offense
154.79999999774736,1.6648107436911879,-6.78746227732784,37.35307428512373,5101.570108777234,-3926.590888934508,5638.28474312971,5251.441721104931,-1661.8733043640123,5565.824709535432,79.36702951790802,10.405885816848551,114.97211209794972,offense
154.8999999977459,1.672711291296416,-7.123377554836835,38.64600513655293,5123.11441145779,-3916.045367966985,5634.801803849656,5246.597829310289,-1640.8234147626963,5567.8094787568425,81.59974368300496,10.446016052644715,116.04219494786548,offense
154.99999999774445,1.6705151588786218,-7.475537239367602,39.91942140159024,5144.395397008602,-3905.0079537284873,5631.180593593401,5241.2615101555475,-1619.9225153334282,5569.818010844654,80.08327085404017,10.528446234959693,117.04346725757077,offense
155.099999997743,1.6784638337226947,-7.822950254529319,41.215303666175224,5165.43585625266,-3893.5245943419854,5627.418943733096,5235.375423756651,-1599.2358977562044,5571.874577163256,76.31070754216277,10.614305055914556,118.01820484748328,offense
155.19999999774154,1.6360189061791903,-8.00590357983416,42.48921749261773,5186.157638938305,-3881.525241240888,5623.510342208246,5229.040957643,-1578.7245584207149,5573.98057460458,73.49615791182278,10.684809272481074,119.06758903919796,offense
155.2999999977401,1.5635682531834352,-8.139987195092694,43.738944699784234,5206.475485986859,-3868.9584273123364,5619.4770920156925,5222.379991447235,-1558.3246328805967,5576.110960229561,73.49886233734479,10.766403657003677,120.21327751844834,offense
155.39999999773863,1.5205843496815137,-8.326814470424837,45.0561740879927,5226.44726076608,-3855.9182905977837,5615.355517180538,5215.451842155113,-1537.9880738219217,5578.244904719344,75.83666145558831,10.852573416029633,121.40026398447503,offense
155.49999999773718,1.5058587332109314,-8.407706094789209,46.422995416166195,5246.143807301245,-3842.469585567108,5611.151037942204,5208.224761092322,-1517.7214482804084,5580.3855211129285,79.48317497272903,10.88749296769596,122.55783825807495,offense
155.59999999773572,1.4947093363725605,-8.453171311215712,47.76475221192919,5265.5241744656705,-3828.5691976089015,5606.879701013804,5200.625565818496,-1497.5779695031276,5582.537413150245,81.70531099981586,10.922209070550101,123.64372948224084,offense
155.69999999773427,1.498592964015286,-8.459250260659228,49.114479963205305,5284.614316212394,-3814.2562701769275,5602.538002613247,5192.564380301154,-1477.644489582872,5584.711654878277,80.19300942606714,10.998545335748783,124.65749730930754,offense
155.7999999977328,1.4951035019754717,-8.482519109522118,50.437523217944076,5303.363353518486,-3799.500130362885,5598.137736102257,5183.992611395662,-1457.9935679784212,5586.9320515867985,76.4284453821462,11.078745219298069,125.64109111857088,offense
155.89999999773136,1.5030536239804084,-8.499865841372682,51.77387468701142,5321.799350445578,-3784.3402930291522,5593.670768590174,5175.004246986114,-1438.5738622126707,5589.200205809033,73.60687250296624,11.144438272553879,126.69576668397717,offense
155.9999999977299,1.5011790974445014,-8.54744702957945,53.08652476924618,5339.871997034683,-3768.7473939605493,5589.145983537304,5165.710471337226,-1419.306480797688,5591.491623799092,73.57859956845671,11.221983396155697,127.84433268523976,offense
156.09999999772845,1.5099586125107936,-8.594706730345797,54.41639136844055,5357.611877763563,-3752.7600916164806,5584.553949154258,5156.163182159727,-1400.1361380800015,5593.786003087548,75.87000527662124,11.30521804658037,129.0328765106441,offense
156.199999997727,1.5084022281851126,-8.673029657233165,55.726268610683505,5374.96583439448,-3736.3542069397954,5579.90291753658,5146.331951703189,-1381.0734163958523,5596.086744095931,79.47395801348078,11.338253765881188,130.19120352046437,offense
156.29999999772554,1.5173793595633112,-8.750256644341604,57.05576189916001,5391.966573551649,-3719.567472534721,5575.183130185399,5136.152342874381,-1362.179828136733,5598.398419188908,81.67737084446918,11.371101489670888,131.2774272623946,offense
156.39999999772408,1.5159316828148408,-8.857306055831485,58.366509924357786,5408.55996782314,-3702.378418673126,5570.402152210576,5125.547134049059,-1343.553016987702,5600.732073086581,80.17126443687582,11.44534906783805,132.29038555628316,offense
156.49999999772263,1.525059594516918,-8.961621288156412,59.698056301698294,5424.780668077287,-3684.823591354382,5565.550132335243,5114.477905157057,-1325.2712123666925,5603.111183867365,76.42256529489481,11.524028842846521,133.2718755743197,offense
156.59999999772117,1.5237504474806924,-9.094573219449444,61.01142191420284,5440.573581618301,-3666.8841815622272,5560.634038282264,5103.029778429271,-1307.2721314367936,5605.537409525308,73.60601218951501,11.589151212488302,134.32293756628218,offense
156.69999999771971,1.5331010204451083,-9.223408528721293,62.34633949048256,5455.975180777867,-3648.5953752476084,5555.643993741095,5091.301539865533,-1289.463540147378,5607.986518578216,73.5646077848708,11.666685274498509,135.46725448671694,offense
156.79999999771826,1.5320031028399892,-9.380135994135912,63.663316601742174,5470.9294546947585,-3629.9410342422725,5550.586372442651,5079.337145222631,-1271.783686076398,5610.438414260406,75.83086802296204,11.750540649312889,136.65186778157968,offense
156.8999999977168,1.541663499798808,-9.53179810703351,65.00239521263939,5485.474600315656,-3610.954856989317,5545.451304129571,5067.121700969224,-1254.2309651755181,5612.89230384796,79.72039505864107,11.769565398026574,137.81934756743252,offense
156.99999999771535,1.4993672453019402,-9.524148471290653,66.29649913073946,5499.5083825879765,-3591.604333071681,5540.247004759983,5054.647712458606,-1236.8168272522755,5615.339781899178,84.55398476164889,11.669182168048714,138.96137601859752,offense
157.0999999977139,1.4267179065740454,-9.477464553989131,67.56005703428788,5512.93477159294,-3571.875354651719,5535.0096790598545,5041.8950662166335,-1219.5665896328371,5617.767881181175,89.22623731183059,11.447130775184645,140.06717041536535,offense
157.19999999771244,1.3848094485340965,-9.480009827979181,68.89960160404755,5525.8487701264485,-3551.834654839961,5529.761724071208,5028.8053650714855,-1202.5528489363844,5620.161622091845,91.39392029126186,11.19378989406384,141.11691857081718,offense
157.29999999771098,1.4088613150354514,-9.52351222703246,70.32231196976403,5538.386013380216,-3531.534573920592,5524.486477722869,5015.337520781431,-1185.8364910723383,5622.513464824105,91.21664367222633,10.8701912665478,142.13071227020507,offense
157.39999999770953,1.4760122145662902,-9.589638936224501,71.75771006512942,5550.607895555148,-3510.9923227908007,5519.159731531558,5001.559842324222,-1169.343926492514,5624.818741845132,92.07603728943988,10.417325402464202,143.19173450702903,offense
157.49999999770807,1.5238380746131082,-9.604320477808702,73.1099048622484,5562.401266379241,-3490.1788543900366,5513.777198998154,4987.526971124243,-1153.010498104145,5627.068733099887,93.99037914358648,9.916572897555188,144.2986089734584,offense
157.59999999770662,1.5029253685085437,-9.556886257929435,74.3821045619588,5573.623662851081,-3469.0662138106322,5508.342745627535,4973.230627225885,-1136.8516990720589,5629.252856704527,96.5398668725213,9.380314135791073,145.38781290087675,offense
157.69999999770516,1.4418619429160358,-9.530807211330275,75.62895313396311,5584.179353891935,-3447.656976189066,5502.881110887784,4958.640565994089,-1120.914735495374,5631.353458889008,97.54643546451457,8.903313403274478,146.44005129610886,offense
157.7999999977037,1.4047812275091378,-9.589868636761684,76.95986599471954,5594.171330729599,-3426.0056873266367,5497.409050811229,4943.718909318402,-1105.2647168611543,5633.36158119987,96.69154071674782,8.432346909184838,147.44417816667178,offense
157.89999999770225,1.4322836351531483,-9.712709012097564,78.37886922650952,5603.742211564773,-3404.143933455998,5491.9080746490245,4928.520611403891,-1089.833407727755,5635.285366116804,97.10085813911527,7.87593205563671,148.46679934305496,offense
157.9999999977008,1.5016528700675194,-9.861373457953881,79.81605207844937,5612.960256079198,-3382.081498738877,5486.351796852377,4913.071842375254,-1074.5888231308459,5637.121885686716,98.70603942475348,7.2970535185595455,149.50279969638453,offense
158.09999999769934,1.550576109768695,-9.95474525186584,81.17646619987077,5621.709006578043,-3359.8094599224933,5480.732173293606,4897.351084977346,-1059.572229212805,5638.85491351769,99.3337626243693,6.8035265102016815,150.52063510182413,offense
158.1999999976979,1.5305297550131294,-9.982037480386492,82.462084016113,5629.842752294814,-3337.3211240847113,5475.048558321485,4881.322162958981,-1044.8552967617707,5640.474659133786,98.39144157143768,6.337849980022487,151.49393840139217,offense
158.29999999769643,1.470262951785911,-10.0283241074828,83.7240689673235,5637.266130334444,-3314.633124045011,5469.322623468179,4865.0322529959185,-1030.3714174309837,5641.992604182244,98.89623471451,5.793438370809439,152.4826508497833,offense
158.39999999769498,1.4341437614254045,-10.162481241403315,85.06954285149163,5644.089319754141,-3291.7847140109006,5463.573271861974,4848.498189096641,-1016.1002362267119,5643.405384878558,100.68490322515756,5.224859123204077,153.47855832554038,offense
158.49999999769352,1.4248172485594401,-10.193988057869642,86.45968385574358,5650.410111209143,-3268.783901559474,5457.791451965976,4831.700486283851,-1002.0873355690509,5644.694185880918,101.47809924488445,4.736396984679128,154.45999322754932,offense
158.59999999769207,1.4167305290164993,-10.203270092503141,87.825583939257,5656.170212638518,-3245.623716926424,5451.996054622704,4814.609586645885,-988.4046010681802,5645.846244478154,100.6828631697611,4.26549716725832,155.40315090158117,offense
158.6999999976906,1.423817724916211,-10.170875651844753,89.20119563727033,5661.415770026183,-3222.3200889239874,5446.176367246807,4797.254901096955,-975.010732006844,5646.869223360023,99.76043880737268,3.801119842980671,156.3690792548065,offense
158.79999999768916,1.4224970436462363,-10.163245269600498,90.55426433408016,5666.08825660017,-3198.8797119160463,5440.34697644907,4779.632847644952,-961.9607262271004,5647.759143597427,98.20141826004286,3.3722250169576524,157.33617466752182,offense
158.8999999976877,1.4334073483334764,-10.143741048839797,91.92336489250351,5670.235151606607,-3175.315172067558,5434.492666976801,4761.786582698511,-949.1818097580291,5648.53184400715,98.6015883336632,2.8881316591175112,158.33889753695067,offense
158.99999999768625,1.4339561894366655,-10.16100438746884,93.27486857957855,5673.798572761351,-3151.6392026802732,5428.625804939059,4743.717777441758,-936.6447756810974,5649.186883729926,100.61070014807095,2.386824575826745,159.34971280928127,offense
159.0999999976848,1.446189411497208,-10.171844007200804,94.64664448228076,5676.827242765801,-3127.864455145262,5422.730465083793,4725.410013983494,-924.404436239447,5649.704328231266,101.73055684071053,1.9612108404615782,160.3425806729362,offense
159.19999999768334,1.404616693694463,-10.028574391619765,95.95488835519484,5679.214465951467,-3104.0101105692524,5416.824634874797,4706.827218734268,-912.5784664755508,5650.060771086493,99.37733025587889,1.6558497484765629,161.29986947920253,offense
159.29999999768188,1.332296947382869,-9.855872342045787,97.22992877420269,5680.871442557817,-3080.1118120244387,5410.954459821618,4687.963376916019,-901.2587256060818,5650.260300828069,94.9751426027519,1.3983198693455077,162.23822707526688,offense
159.39999999768042,1.2923060197910101,-9.731632144140685,98.588223362485,5681.917631789614,-3056.1845572101397,5405.132363557283,4668.87017878353,-890.3778616779376,5650.34030438633,91.75546402079405,1.1215392863274514,163.24228789291058,offense
159.49999999767897,1.3209304356552387,-9.647075418585828,100.03359712726493,5682.497236477884,-3032.2097091019177,5399.326981475312,4649.59310947103,-879.8157904228499,5650.321186485315,91.46252228878154,0.8401424288772502,164.34164510823084,offense
159.59999999767751,1.3929223487633617,-9.587686264739938,101.49256045374302,5682.674227418718,-3008.1732324920977,5393.505319871718,4630.14465484314,-869.501741592624,5650.205149329811,93.5962756753431,0.5591248906214521,165.48482176522154,offense
159.69999999767606,1.4434718190936295,-9.48893089378186,102.85956770339563,5682.3289541701915,-2984.1046135794527,5387.671906650764,4610.514620717771,-859.4410528170135,5649.985972985844,97.45006373087834,0.22216679945911522,166.60164852494358,offense
159.7999999976746,1.423608857623691,-9.342250748048345,104.14083237749217,5681.318402012551,-2960.0483160588738,5381.841357129014,4590.700664222935,-849.6652495315626,5649.647007624856,101.81629831502529,-0.19198667435558242,167.66547509067976,offense
159.89999999767315,1.347952447075405,-9.156961270464409,105.36971655189804,5679.526680156787,-2936.0503621529474,5376.049592990801,4570.691358901526,-840.2210655242027,5649.165474639729,105.98390397028862,-0.7238209192670539,168.6598625312769,offense
159.9999999976717,1.251097099728766,-8.917133639307156,106.61963379206763,5676.976655154327,-2912.134592814763,5370.343830913711,4550.498826361024,-831.0650621199723,5648.530658576918,110.05136725496969,-1.391417441913787,169.62696871814083,offense
160.09999999767024,1.1950493771541664,-8.665996376497693,107.9691160578511,5673.8177940272935,-2888.2875239897776,5364.735879922119,4530.118333522185,-822.2649578918914,5647.699468171317,111.80755531691867,-2.0590080941447653,170.57018223480446,offense
160.19999999766878,1.2134415760611421,-8.407166574925652,109.4028559920293,5670.189249127643,-2864.466924326984,5359.189836154005,4509.564168804196,-813.8912357087404,5646.642123715845,111.38035251089377,-2.7750302438324805,171.47812124950366,offense
160.29999999766733,1.2896714782954508,-8.18932490778762,110.8747500345774,5666.182947668359,-2840.6373898104684,5353.658492828527,4488.876352534818,-805.8547291743428,5645.390037692875,112.19782160804077,-3.631305239171298,172.39627170190604,offense
160.39999999766587,1.3898899637654354,-8.075085203664411,112.3117715233041,5661.7697275160945,-2816.814430122598,5348.129238855896,4468.053371750808,-798.0866419156443,5643.957014211899,114.12672955288149,-4.533576239614817,173.33260228374027,offense
160.49999999766442,1.4520971577934094,-7.995219025488334,113.65394507193051,5656.816122093101,-2793.061777702939,5342.606703232268,4447.079255439291,-790.6305856541667,5642.310222973064,114.88613268717253,-5.34412157289894,174.27317964155316,offense
160.59999999766296,1.4402393997693566,-7.91553876246994,114.92671603326478,5651.187492308414,-2769.4559912159298,5337.097819942332,4425.972084207083,-783.5642680732783,5640.420078375355,113.97016958008919,-6.125717279311708,175.1832638076223,offense
160.6999999976615,1.3712844184455975,-7.812690071222016,116.16550590612809,5644.788307957615,-2746.062860081003,5331.6292815292245,4404.748731846556,-776.8446191148523,5638.304663372058,112.89251183978695,-6.896677402017328,176.11558283602108,offense
160.79999999766005,1.260697329690003,-7.578411239495697,117.40032843884738,5637.626078647989,-2722.898031685651,5326.24652348156,4383.412433216307,-770.525097340687,5635.948660045964,111.13309737559199,-7.6187996773683455,177.04905827300487,offense
160.8999999976586,1.1445056878389717,-7.2295663831112895,118.65908805088718,5629.763310429605,-2699.959601328933,5321.00971264599,4361.978711580781,-764.5636534453258,5633.373243630723,109.74069960528891,-8.295606105497013,178.02448974645026,offense
160.99999999765714,1.0820054528818215,-6.812619478352848,119.99584476878012,5621.344380972547,-2677.20208660835,5315.9266701180695,4340.453057308345,-759.0148455504033,5630.56874877221,108.03809863464122,-8.911638521723592,179.00611195722948,offense
161.0999999976557,1.0976657460973467,-6.348993557816532,121.39605071938779,5612.492575918578,-2654.556479540964,5310.951312690273,4318.843318666204,-753.8343092958984,5627.554716703615,106.86902321760897,-9.477725452554065,180.02853778187807,offense
161.19999999765423,1.1602273122457138,-5.868599264784837,122.79410421005736,5603.26323678517,-2631.981906201925,5306.039866160891,4297.15667094217,-749.0761751758239,5624.324457875955,105.44153903721757,-9.992539778709826,181.05215732168745,offense
161.29999999765278,1.2006395673158783,-5.356680116306179,124.07332281722839,5593.552009279672,-2609.5477304864385,5301.232522984868,4275.39945987793,-744.694161420301,5620.895019356892,104.5655698359836,-10.46792022936188,182.11234572349724,offense
161.39999999765132,1.1719325145978567,-4.922539736691087,124.98119113178315,5583.24616014004,-2587.3455347978374,5296.585500555388,4253.580715560253,-740.7419606350612,5617.261238950164,103.38277912419179,-10.906057816333174,183.16808307949353,offense
161.49999999764987,1.1027582836375216,-4.700351778663709,125.43102914465759,5572.312191106841,-2565.420871885402,5292.144827759162,4231.705246406337,-737.1720569147784,5613.43762361117,102.72746297725053,-11.315816007470671,184.25619615369803,offense
161.5999999976484,1.0589500321189114,-4.296478161562507,126.52785520847226,5560.867615390811,-2543.7240833893425,5287.890846429053,4209.768396770402,-734.0392220285332,5609.41688299866,101.70908577709396,-11.698187979840702,185.3285514180659,offense
161.69999999764696,1.044024781854345,-3.792381135100136,127.60046828743751,5548.998501479362,-2522.2046604179377,5283.781222520041,4187.770363583983,-731.295834936413,5605.2106916555285,101.19677032256268,-12.05977000128054,186.43002443320373,offense
161.7999999976455,1.0293646669811818,-3.5240953311751864,128.23702573012693,5536.682668095582,-2500.8774829430004,5279.850601118329,4165.751052835359,-729.0395847463436,5600.810611295513,98.22289715423575,-12.274445670586637,187.53169747910013,offense
161.89999999764404,1.0777728945175389,-3.0784445553792987,129.48717567663837,5523.993141403997,-2479.701571251616,5276.049590852809,4143.741535641488,-727.3618526650923,5596.230263686627,93.720189846465,-12.417863473717382,188.61490879527705,offense
161.9999999976426,1.1612365954785595,-2.683874098084202,130.71559856490313,5510.980854447109,-2458.633288396234,5272.316842171723,4121.748194407404,-726.2399376647786,5591.507269570336,88.725264674511,-12.453744743088528,189.73479275001634,offense
162.09999999764113,1.213604916223443,-2.472215355688805,131.41148207196173,5497.570822509465,-2437.7459197919407,5268.678875839993,4099.798475648371,-725.728892105659,5586.687283845235,83.25385397043547,-12.362010181600581,190.8688268385656,offense
162.19999999763968,1.2378350555989843,-2.2090247098848463,132.64442491576298,5483.693271597703,-2417.123191639237,5265.170905359346,4077.882133093614,-725.7150148717724,5581.8055114368535,80.17961411706716,-12.240177889643352,192.08745147828446,offense
162.29999999763822,1.2629818755687512,-1.9939472418097635,133.85893928271776,5469.387799316734,-2396.741897154983,5261.753061459822,4055.985640328588,-726.1017075756729,5576.865668640429,79.01430725011055,-12.008441660087541,193.36260241975526,offense
162.39999999763677,1.2287248543004794,-1.9953890927957956,134.00724460071967,5454.613614986147,-2376.6624053311134,5258.446661660627,4034.1233374648878,-726.9424118862742,5571.891688571101,78.42065516664746,-11.736545817314049,194.61116746064724,offense
162.4999999976353,1.1447725436538558,-2.202920645787293,133.47085547647032,5439.348042407599,-2356.934704009582,5255.294886853937,4012.2914013420254,-728.1921254095836,5566.878042503384,78.750265945422,-11.44612483320455,195.85803395908192,offense
162.59999999763386,1.0202068770614166,-1.938972836770901,133.86426984362325,5423.62480625657,-2337.547228121788,5252.338020237932,3990.512280544186,-729.9026812327571,5561.842503683585,78.76240673680861,-11.179521271029587,197.06902722755154,offense
162.6999999976324,0.8966321608263648,-1.0805691943958908,135.25949312689022,5407.493853665499,-2318.47924389394,5249.624884638753,3968.781361820181,-732.0278909740935,5556.774592293987,79.31212308606892,-10.933455931628718,198.28564425631143,offense
162.79999999763095,0.8391236509104009,-0.026649583314374975,136.87500701723823,5391.043266794507,-2299.656094489924,5247.134122343883,3947.1234781770545,-734.6171126380517,5551.688962408099,79.27383956032072,-10.723055697756413,199.4739164293908,offense
162.8999999976295,0.8671017841864973,1.0324992244830102,138.47728048926916,5374.327965623236,-2280.995952851088,5244.803806486238,3925.4932397622815,-737.5872015150378,5546.563004416252,81.66421352914955,-10.652701463675873,200.70453621903346,offense
162.99999999762804,0.957679361915298,1.9569741295396434,140.0348492138541,5357.372952954285,-2262.4459042933777,5242.5763309799195,3903.8481938638465,-740.8732473967276,5541.367509948448,85.9510507445386,-10.69235349671415,201.95778460640994,offense
163.09999999762658,1.0716051538941813,2.530605904862915,141.27088874582162,5340.151404388119,-2244.043182519948,5240.459881081126,3882.2279090742322,-744.4962597194104,5536.0942260666225,90.76497975790467,-10.841440019638938,203.1877343126772,offense
163.19999999762513,1.144062980048255,2.528925881651749,141.45574073921517,5322.604331372774,-2225.8864745978026,5238.492174477617,3860.7177340179574,-748.5488359936534,5530.732804092854,93.28211202358604,-11.01319302968424,204.3602331560514,offense
163.29999999762367,1.1429824803112711,2.257701302867452,140.9765633857462,5304.688816331895,-2208.0602115741167,5236.698600856689,3839.342934738412,-753.1123369907309,5525.26958301166,93.59555055493529,-11.283206706987993,205.47749593510557,offense
163.39999999762222,1.0858338422082936,2.4136908722429578,141.39959755202142,5286.37371043327,-2190.6434223866786,5235.121243916407,3818.0626112013956,-758.0890147699633,5519.701091220126,95.34330488696443,-11.734969424759939,206.637064666807,offense
163.49999999762076,1.0065895597678363,3.079453650172418,142.83369085811327,5267.687681174522,-2173.639322179042,5233.784935337386,3796.872448589238,-763.3842087124754,5514.023999282805,98.11036815567793,-12.261951525097016,207.85301481635742,offense
163.5999999976193,0.9218350522318041,3.8559885638107283,144.18871286201016,5248.6787277949625,-2156.989175180123,5232.6852240979315,3775.8114811928444,-769.0474089090183,5508.217327455112,99.35931488349016,-12.731128111692092,209.0525456608223,offense
163.69999999761785,0.8003687743860581,4.065064089005345,144.432935123841,5229.34477184489,-2140.715862682007,5231.896759134472,3754.9280278918504,-775.1428440772054,5502.2705033162,98.73350345590934,-13.21818883425232,210.2026729644207,offense
163.7999999976164,0.6449013834725188,3.4171324517819994,143.6822860779144,5209.750190853645,-2124.75871658057,5231.433666729784,3734.2040285064586,-781.6223159167228,5496.187558525184,97.85945631730554,-13.710604266394178,211.36643381545258,offense
163.89999999761494,0.5130724255483083,2.2146233490442793,142.84753820592783,5189.9812764425105,-2108.9834282833076,5231.224403480995,3713.6740076260876,-788.5296588656272,5489.96744235473,96.1723382377044,-14.17002828730089,212.51303936957504,offense
163.9999999976135,0.4158196421440874,1.4296243488850753,142.35743646945267,5170.093142913057,-2093.2879042857994,5231.154551445857,3693.2901793924625,-795.7839688346315,5483.623679972872,96.5159386496504,-14.694957448907301,213.69152380262943,offense
164.09999999761203,0.3178238259241736,0.7743999742362646,142.05906437161153,5150.113567706659,-2077.655630226869,5231.234886623365,3673.0332399536187,-803.3370647726648,5477.156408949566,98.46907081382183,-15.234575148027025,214.88992569408552,offense
164.19999999761058,0.29059660367997536,0.13701663307920584,142.01068431143798,5130.064027428244,-2062.0213868260525,5231.330500889602,3652.950118613288,-811.2365498259686,5470.547829909101,99.37034362612734,-15.680597270622192,216.06064504747584,offense
164.29999999760912,0.3010001573475631,-0.4028687128429833,141.8889135672466,5109.947104783813,-2046.342378761675,5231.318559075594,3633.0782055137033,-819.5570034530155,5463.782717603258,98.61050079304513,-16.12253989857544,217.16959565201998,offense
164.39999999760767,0.3178856346712822,-0.648755174313056,141.88685637334112,5089.773597958671,-2030.6335226337876,5231.245104679263,3613.388639809538,-828.25546178974,5456.865590313202,97.72873161096112,-16.562399563631843,218.29740153616603,offense
164.4999999976062,0.4018189991606513,0.4830197336746373,142.50867360201775,5069.542084734936,-2014.8756198937556,5231.053659863886,3593.9777831149927,-837.3879243573189,5449.799722076011,94.0596126080784,-16.83939642046191,219.42260377516925,offense
164.59999999760475,0.5364495134306181,2.7622399084765172,143.77187552975582,5049.232878105283,-1999.0588089949238,5230.753199205441,3574.940663618216,-847.0609889113798,5442.606130424658,87.6932853017036,-16.953827342152735,220.5014364746496,offense
164.6999999976033,0.7071690048160758,4.834268248237714,145.3373297061145,5028.8108806472455,-1983.220735959327,5230.443390557447,3556.3062396870055,-857.3089606742952,5435.343633821073,80.68662543331959,-16.95686907707115,221.5786895831375,offense
164.79999999760184,0.9057717083143592,6.31506290747795,147.0712955001152,5008.240689941655,-1967.427118168912,5230.200797411755,3537.9842412923836,-868.0220399732024,5428.056388764444,76.21811154470362,-16.890763612154597,222.76036557255222,offense
164.8999999976004,1.0852327124073429,7.139482332128132,148.5187872072327,4987.482683516202,-1951.7587164925585,5230.061711711937,3519.8759790138165,-879.0816571497788,5420.740918235671,75.58557805715553,-16.755233326087172,224.0553815764384,offense
164.99999999759893,1.1864376931393457,7.152495580220353,148.82694917655698,4966.491565679466,-1936.3314671681237,5230.060406961,3501.9287820316385,-890.4194246514917,5413.37984344225,77.65516129305523,-16.573966402558302,225.39830911195378,offense
165.09999999759748,1.2097300360533794,6.803981938544815,148.41758480585455,4945.23570058623,-1921.2426794534067,5230.205336811501,3484.2125455764963,-902.099964350061,5405.987927816927,79.13030376909762,-16.329569773914866,226.66282844383238,offense
165.19999999759602,1.190232733422234,6.818776356486965,149.0902907236208,4923.701752298012,-1906.5693724905518,5230.510114642614,3466.8304991930363,-914.2160759884854,5398.594747959862,77.2367285441832,-16.024585858431674,227.82028259421037,offense
165.29999999759457,1.204076529687584,7.090345209918834,150.99097017709374,4901.915396299209,-1892.2637172919508,5230.954564839452,3449.8487858650205,-926.8207376477777,5391.240267199812,73.18610494470182,-15.711330650418118,228.92350009733048,offense
165.3999999975931,1.3052135790328085,7.22260373326744,153.16935536342262,4879.901056157367,-1878.2414452310575,5231.484046217359,3433.200650559177,-939.840741661698,5383.93269361589,70.17182180898796,-15.424884245697996,230.09186783117508,offense
165.49999999759166,1.4442260239537918,7.1445532296279035,154.96616443463355,4857.671099542868,-1864.4507610711173,5232.043828690168,3416.7918189220327,-953.1779890375941,5376.644393396786,70.49377183332086,-15.152210905438615,231.3571168725871,offense
165.5999999975902,1.5401652352019528,6.8831561730737185,155.35612888257293,4835.200323851413,-1850.9836686011784,5232.615820596689,3400.5675191185087,-966.7719765274384,5369.344463278002,73.04836123727547,-14.871785330224716,232.66221102584407,offense
165.69999999758875,1.5671791718242116,6.600895786753241,154.88463423139834,4812.4700310866265,-1837.930510301449,5233.177105162588,3384.608331583058,-980.6821016308061,5362.054642269185,74.63737566877582,-14.557249729991003,233.8840997767995,offense
165.7999999975873,1.547206185998517,6.339410069668397,155.01848582735852,4789.477564235263,-1825.3440134531368,5233.714116020492,3369.0265384947,-994.988090646238,5354.814176834697,72.70222988806341,-14.19936845784029,234.99797355846988,offense
165.89999999758584,1.4911238703585539,6.06646640196034,154.2023045522295,4766.2644096968415,-1813.1618353700112,5234.230333886585,3353.891355083859,-1009.73247567855,5347.6693565193955,68.54732030672174,-13.838106455194879,236.05922980689752,offense
165.99999999758438,1.4091360239115989,5.698605275772406,152.52313496385744,4742.879455904343,-1801.2926872139535,5234.738703791937,3339.1216218361005,-1024.8438878429065,5340.617808692622,65.41760926033255,-13.492573181867941,237.18982760356414,offense
166.09999999758293,1.3112320619935813,5.227999536405053,150.90740445827612,4719.366906481612,-1789.6481301337813,5235.251149574957,3324.611748651208,-1040.2346520073604,5333.619664578348,65.5893012808939,-13.144240332396546,238.41581619603969,offense
166.19999999758147,1.2037826231766109,4.688050305732667,149.67343832825915,4695.770626405973,-1778.1567233248868,5235.773486514769,3310.2860995695987,-1055.8412958251365,5326.629678758571,68.43030678735184,-12.799585170976954,239.6959886637579,offense
166.29999999758002,1.0922968179627812,4.179672226185483,148.9166852373847,4672.123640194849,-1766.7696416769538,5236.308281187997,3296.169511369986,-1071.672952476001,5319.647920968086,72.56271074899527,-12.525069394781319,240.95611533489836,offense
166.39999999757856,0.9828495635490504,4.240447605619991,149.4389598256023,4648.4479269039375,-1755.4986676440951,5236.875308988681,3282.366158812406,-1087.7858075363788,5312.698362896169,74.92630408224024,-12.276724348413762,242.12557176712644,offense
166.4999999975771,0.8796812289952866,5.181237536955952,151.20118796038898,4624.734789943573,-1744.3985333787964,5237.527285004023,3268.9547570322025,-1104.2151385526313,5305.800921069915,75.2960190974927,-12.130501456430164,243.2589075559239,offense
166.59999999757565,0.8059061323232306,6.70166796444142,153.54028361929778,4600.952435580333,-1733.51622066627,5238.334987174443,3255.8956601379073,-1120.9233294815076,5298.933351108769,75.27606028264486,-12.025819582071158,244.42743197102854,offense
166.6999999975742,0.8082203800310127,8.231731115938285,155.93885407479576,4577.095424828129,-1722.8421028627038,5239.314421844879,3243.2367285563946,-1137.9258675830508,5292.112243102018,74.21740495987532,-11.936841240556431,245.58902884705364,offense
166.79999999757274,0.9066943571915667,9.443792004913306,158.2979966087214,4553.159373459828,-1712.3458741526954,5240.431526007745,3230.8928145090267,-1155.1685899476386,5285.311964131389,75.2223529775819,-11.931097467908561,246.82548515439257,offense
166.89999999757129,1.078666014861055,10.254284079713058,160.59262528384588,4529.13567720949,-1701.9907666398924,5241.6258075921005,3218.8016927883673,-1172.6112884136526,5278.503093992749,77.72467703919348,-11.952706740522938,248.10385479119316,offense
166.99999999756983,1.2600007271749294,10.737452413752475,162.72306676332923,4505.01038549189,-1691.8283642525773,5242.886095318527,3207.0314047946404,-1190.2757284123331,5271.6902255255345,78.96809412501993,-11.923374414411045,249.32558059730465,offense
167.09999999756837,1.3775267364606107,10.926930423719323,164.68415858431845,4480.74144392371,-1682.019939931193,5244.244068109346,3195.6610413032895,-1208.1874297470004,5264.891969505555,78.43196196170791,-11.931787828884959,250.49760370667056,offense
167.19999999756692,1.4623111874982242,10.710501419934253,166.56670547856132,4456.2921814624,-1672.6897239058396,5245.695534636999,3184.6470915060504,-1226.3178700737024,5258.0952661160945,77.69967280342328,-11.945880699139588,251.68312090089734,offense
167.29999999756546,1.5448157423159965,10.26028035680838,168.41432193716108,4431.667701349851,-1663.8110359244615,5247.181987762302,3174.0420069793067,-1244.6795424753054,5251.318431758219,76.16519731886113,-11.946341463678648,252.8423777968671,offense
167.399999997564,1.6149443379108674,9.622705878710976,170.1655761345146,4406.862986117941,-1655.4590943932167,5248.6718542932185,3163.7579052842466,-1263.2323115638187,5244.542855854825,76.73123933644483,-12.005022960814694,254.05668607824256,offense
167.49999999756255,1.6902408699460658,8.75654554177356,171.86064322734325,4381.887406584491,-1647.590582188765,5250.122768742469,3153.755738902092,-1281.9545927728814,5237.751416887852,78.89655951924378,-12.080723640062745,255.28995694519136,offense
167.5999999975611,1.7570684469677318,7.810839103409592,173.4525694022556,4356.741579501704,-1640.2688788976063,5251.490224971736,3144.107022928427,-1300.8602700341057,5230.948713572789,79.91583016843312,-12.092571170389515,256.4629344960763,offense
167.69999999755964,1.82980648108292,6.690016579290137,174.97024337634673,4331.435316741871,-1633.4430953226993,5252.741280249345,3134.8924473316715,-1319.9650247194127,5224.152724428204,79.20673677534137,-12.129773442739365,257.58843432024634,offense
167.7999999975582,1.8532761950627423,5.785519250181627,176.44835968305614,4305.975130893356,-1627.2176262224925,5253.808996793828,3126.0628680322275,-1339.2452557359716,5217.352012367186,78.34577489492496,-12.164154507769911,258.73314684530146,offense
167.89999999755673,1.8402817520798056,4.945144992605375,177.88634154528867,4280.379980444288,-1621.6932858826638,5254.656313158023,3117.670682664765,-1358.7070130990862,5210.564702388284,76.7368435654526,-12.17925660873033,259.8570950632974,offense
167.99999999755528,1.8533395959192296,3.922962028496474,179.28788768088344,4254.667702246258,-1616.8064517265952,5255.301592663962,3109.6661948121005,-1378.330012521775,5203.783280461818,75.50490206986048,-12.147072436403368,260.9956007307356,offense
168.09999999755382,1.8959057889182702,2.8545885796361996,180.68635484987277,4228.850304481671,-1612.4747580491817,5255.742136867387,3102.100832736595,-1398.119337710617,5197.031160349864,73.91118080625564,-12.077684540225604,262.1077267125385,offense
168.19999999755237,1.936603700751744,1.8422688958062605,182.04904987915305,4202.945761712587,-1608.7514335525132,5255.939533320299,3094.8814531671096,-1418.0486507140645,5190.287913876415,74.65397468139055,-12.05288763852615,263.2792982452042,offense
168.2999999975509,1.9913950280045607,0.93152474673375,183.12282152819228,4176.960499633168,-1605.5701655679443,5255.884554998017,3087.975893032139,-1438.104190321315,5183.537744113255,77.08590974889997,-12.047323005441733,264.46954846575517,offense
168.39999999754946,1.9892650258115192,0.6343889592069495,183.1501044548357,4150.918230890742,-1602.9756513493835,5255.537229322252,3081.462110801153,-1458.2894348701107,5176.788130910191,78.34326044959056,-11.99056129320972,265.6007043320877,offense
168.499999997548,1.9406900372340599,0.8633835810328955,182.04371085245683,4124.842566649723,-1600.9615383694008,5254.904022853008,3075.4693568995963,-1478.6118681753826,5170.067796905378,75.78883184032772,-11.852193402791924,266.6450954172199,offense
168.59999999754655,1.8573506504723458,1.2381698220703456,180.53156395451745,4098.736350371552,-1599.428975230641,5254.048752592269,3070.0813553639923,-1499.072212188718,5163.421184444243,71.08840864599979,-11.690084984242258,267.64725933881556,offense
168.6999999975451,1.7499405352105046,1.3641375427429347,179.56962835471379,4072.6050744872455,-1598.3043291385468,5253.0316308235915,3065.186793179165,-1519.6521636673308,5156.849317622844,67.73480460768323,-11.520285230828705,268.7231231345151,offense
168.79999999754364,1.6270621948804056,1.3228670844330797,179.15597548052597,4046.453543292524,-1597.5363993079102,5251.903496683547,3060.645112767169,-1540.3326079101666,5150.316151275784,67.54619885189756,-11.313004772986945,269.89136722582697,offense
168.89999999754218,1.4956013730916156,1.1994849861684782,180.3239297299675,4020.3080440257986,-1597.1404461684892,5250.7052792032155,3056.3880683257717,-1561.1023815086019,5143.793903124708,69.91829083189184,-11.092299269651548,271.09797472901204,offense
168.99999999754073,1.3909694820021397,1.1875479545512384,182.8035281486019,3994.185955371466,-1597.1599019560324,5249.481516449154,3052.4514464315794,-1581.9571296460977,5137.287015333519,73.5887755012324,-10.924400073562387,272.2810330266464,offense
169.09999999753927,1.368203479921464,1.2298170265782808,185.41704680067497,3968.072118543191,-1597.546116438941,5248.253014733354,3048.9393794233674,-1602.8902046638516,5130.812975424913,75.53784024033389,-10.75776109975375,273.38761855480817,offense
169.19999999753782,1.3891746384285184,1.4155894214963183,187.80943918493995,3941.9613804184683,-1598.2794861728282,5247.015764751801,3045.9315294903586,-1623.8913633260138,5124.390652239436,75.48475532190064,-10.668706543165847,274.4676476225004,offense
169.29999999753636,1.4049704997163734,1.5181022782924856,189.94038155164276,3915.886246241132,-1599.4726118197395,5245.801227111429,3043.3706254295444,-1644.9498006360716,5117.999677973941,75.1008564251206,-10.602357475846219,275.5887284367278,offense
169.3999999975349,1.4881473435486676,1.3539622731542997,191.93471838883335,3889.8383919629305,-1601.0699921709952,5244.583442153827,3041.35361671301,-1666.0511835218742,5111.671605328667,71.71712731921325,-10.420586989067429,276.6496438604808,offense
169.49999999753345,1.6040196385996768,1.0564974218605987,193.7867070731473,3863.8055296714456,-1603.012980337567,5243.321483771745,3039.9987395955654,-1687.1789994038581,5105.478235997182,65.59385081006728,-10.127011490338548,277.6234964643401,offense
169.599999997532,1.6779754016330695,0.7218429483272067,195.4569477137283,3837.8349959601546,-1605.4303401971833,5241.987916819981,3039.291452044157,-1708.3264632394696,5099.478919375125,58.84504938566721,-9.731278933939235,278.57853612931,offense
169.69999999753054,1.722579542739338,0.16535235813642457,196.99545580114852,3811.9754507505204,-1608.4283166775792,5240.5542616847015,3039.0756242101493,-1729.5006372084165,5093.657029786492,54.691101178800174,-9.23267396113987,279.6057574861433,offense
169.79999999752908,1.767542500006667,-0.47388773621354424,198.5104980140158,3786.223118997744,-1611.9527437568943,5238.989788108197,3039.2066870731164,-1750.7094950882358,5087.950271778641,54.44497653541204,-8.635203832764198,280.7073175009039,offense
169.89999999752763,1.7986941486941732,-1.2240103855105426,199.9562051057242,3760.612515396314,-1616.0537609727146,5237.268834709409,3039.61067738227,-1771.9554668509559,5082.309770041806,56.88933540091794,-7.990819494411925,281.8323331780795,offense
169.99999999752617,1.8390763230032339,-2.0072458695278192,201.39675241232356,3735.136866232342,-1620.6753394776756,5235.372424370653,3040.3772668579736,-1793.2204081000684,5076.786098237756,58.65777414819184,-7.336307955216566,282.8628049574514,offense
170.09999999752472,1.8244769526816986,-2.655714863456917,202.81703565557282,3709.855478181293,-1625.9079719451,5233.2625186581645,3041.6295956712484,-1814.4754176161075,5071.456600910774,57.012179860897135,-6.681299093642826,283.7768819800493,offense
170.19999999752326,1.7743597704422205,-3.271247339872159,204.21326589135938,3684.8292505696036,-1631.8381137567076,5230.924723512769,3043.4329807873087,-1835.6963618593024,5066.38746301083,53.2071427930267,-6.04363901227437,284.63950092001465,offense
170.2999999975218,1.7534228116210346,-4.009219259648084,205.6329223486313,3660.031730324597,-1638.3907371763623,5228.397128552878,3045.687707343959,-1856.8919736662017,5061.54834113887,50.48348775263436,-5.405520112513417,285.57023145515063,offense
170.39999999752035,1.7650572986847333,-4.653191785272123,207.11011437532824,3635.4362240805294,-1645.4837421727027,5225.6895335300715,3048.2729357390035,-1878.0809478355,5056.86291003001,51.14456339770292,-4.746304701912121,286.59385291735526,offense
170.4999999975189,1.7727669975393305,-5.288710384506069,208.5635745151125,3611.0904794782323,-1653.1613803685034,5222.796783325463,3051.105703362538,-1899.2914270062386,5052.255482419807,54.49552199873856,-4.092101240315696,287.67412491965354,offense
170.59999999751744,1.7965183366125632,-5.898362904298173,210.02148842724696,3586.9573010276154,-1661.3824426982244,5219.710657165406,3054.213740083372,-1920.5289284444555,5047.7286547760905,59.05200707701894,-3.529243465652644,288.7540631211364,offense
170.699999997516,1.8097861568476363,-6.553699787432807,211.42578515998161,3563.0580294875117,-1670.2013644894173,5216.414550343726,3057.7080472294233,-1941.7557432212898,5043.336397947211,61.69848059435728,-3.0334848949395314,289.75968829143164,offense
170.79999999751453,1.8354753924881084,-7.212566254315657,212.85678360419539,3539.3960920889012,-1679.550983653229,5212.90338774097,3061.704014300779,-1962.9114511629448,5039.141907939488,60.22551719017186,-2.5545754251136437,290.6877674793079,offense
170.89999999751308,1.803738796697108,-7.708777287142809,214.29281821915617,3516.067671412614,-1689.4955990471192,5209.151417206729,3066.256515924887,-1983.9394116198814,5035.204441174132,56.34744811891006,-2.0951045575145466,291.5986937892907,offense
170.99999999751162,1.7239706456599801,-8.101699715742987,215.72006494461965,3493.152893232224,-1700.10800597746,5205.159546543512,3071.25097692687,-2004.8669585803702,5031.484672805393,53.54750857633224,-1.6268400658633762,292.59628579228894,offense
171.09999999751017,1.6068011430296032,-8.322977502531728,217.19034025664422,3470.685631852202,-1711.3767344223243,5200.982549135167,3076.5597491874337,-2025.736907793116,5027.9038688343735,53.819654205799395,-1.1169989073799844,293.6847714055306,offense
171.1999999975087,1.4596602918197281,-8.29227503127478,218.68406748072962,3448.673452405461,-1723.293214017934,5196.70034245441,3082.109575334463,-2046.578272661243,5024.401161392078,56.56428555705271,-0.5944352954404641,294.81762183087903,offense
171.29999999750726,1.3213931777907328,-8.094221112248425,220.19259032488588,3427.0974170606473,-1735.8229703264487,5192.4069604712695,3087.9329857289677,-2067.389023489975,5020.985285300311,60.51458622857731,-0.1455354669542486,295.9345197351921,offense
171.3999999975058,1.2027098059628067,-7.594889097182565,221.66817329275923,3405.9000147306883,-1748.888003317275,5188.163626593769,3094.1265353694994,-2088.1331530537987,5017.699387257752,62.686276098317755,0.2623483221932414,296.96682434976594,offense
171.49999999750435,1.0796046560856403,-6.8606803502551825,223.048537454092,3385.10630792319,-1762.5014871352291,5184.063936138887,3100.791121802289,-2108.7364116244253,5014.60306759176,60.78641688753082,0.6779155775328282,297.91018628484136,offense
171.5999999975029,1.0117689990904242,-6.051517651600735,224.44060678974392,3364.63646987738,-1776.563671790806,5180.1222987694055,3107.973498540915,-2129.133695370912,5011.756162812817,56.57688556712098,1.0880018862993706,298.82401926842476,offense
171.69999999750144,1.0217935651093144,-5.212092660214523,225.8488962481985,3344.3983412636426,-1790.9701236747355,5176.29147153073,3115.564381353656,-2149.3686410569367,5009.121142853433,53.56754647129446,1.5190372430085224,299.8134136649878,offense
171.79999999749998,1.0791176424435687,-4.3947501974187855,227.2153537028282,3324.351128068659,-1805.6728590653422,5172.532900350147,3123.444599290924,-2169.5030934225197,5006.6205859642805,53.6453195411334,2.0038657590496776,300.88408354125806,offense
171.89999999749853,1.1141268215461173,-3.5807181012713123,228.43530292808921,3304.5926131472693,-1820.750580346135,5168.903172014853,3131.5547696873396,-2189.569144363413,5004.20309601835,56.21403015257898,2.5067783162052657,301.98915270083563,offense
171.99999999749707,1.0762259215419758,-2.7656854498323207,229.52335767903753,3285.242440093269,-1836.2907617143742,5165.4790405789645,3139.9204819265765,-2209.545602342374,5001.8805411979265,60.04145078891825,2.9438946928583474,303.08033046374715,offense
172.09999999749562,0.9982176478648207,-1.986412180240157,230.56685843512557,3266.3677771399393,-1852.3253460652982,5162.3300518974065,3148.618716580779,-2229.3739528438305,4999.693604466713,62.152069913329676,3.346217708727755,304.09501609955856,offense
172.19999999749416,0.9501047746703106,-1.243400115352492,231.7015680836934,3247.8807450586737,-1868.7609520142714,5159.428898625362,3157.705745753457,-2249.0040296684574,4997.677997231635,62.264467478772914,3.661344747777425,305.0912048408871,offense
172.2999999974927,0.975314342329589,-0.5157783603468692,232.93522331444143,3229.6781985936655,-1885.5046902964903,5156.701021107156,3167.1365736053012,-2268.457170922173,4995.799596012327,62.03911265037136,3.9562543458881105,306.12341528478646,offense
172.39999999749125,1.043780429765345,0.19901480035628674,234.1853140792809,3211.715336684597,-1902.5145155735374,5154.093454890812,3176.941010999797,-2287.698807653554,4994.085622237248,60.9073305681525,4.245842366630436,307.1442654320443,offense
172.4999999974898,1.086225582131095,0.9059782475862123,235.3248047604241,3194.0994387199853,-1919.8533119803335,5151.661383643547,3187.040631068957,-2306.7814412975963,4992.486762982536,61.82788460695696,4.494846001045466,308.24307981044734,offense
172.59999999748834,1.1004305432295078,1.4532042988758762,236.4668568456481,3176.920047111754,-1937.5635798570452,5149.453325111559,3197.387480186998,-2325.7387895453285,4990.961907104999,64.29320579863885,4.7306712039866845,309.38042474295577,offense
172.69999999748688,1.1155926603559678,1.971349325352826,237.64675630226986,3160.145728813294,-1955.6086824382946,5147.426473611421,3208.0279276556353,-2344.52485641051,4989.530502344486,65.57722212966735,4.993358857422774,310.45406007923293,offense
172.79999999748543,1.1142359579199779,2.4242696773678554,238.83919788126448,3143.8246689260272,-1974.0004936940916,5145.605470624826,3219.0141454508553,-2363.0830605139454,4988.228540147379,65.12653057383123,5.211885143034753,311.48482653728996,offense
172.89999999748397,1.1225141237748795,2.8899079365471803,240.05499362693,3127.920551435566,-1992.7029648093653,5143.9558153041335,3230.2750844427424,-2381.469280457199,4987.011976657507,66.27885304505146,5.348141608632831,312.58779561247957,offense
172.99999999748252,1.1178409993329468,3.31816884516876,241.26818110386827,3112.481744926537,-2011.7254789227404,5142.505511734656,3241.7829559428733,-2399.7038595836016,4985.8546852412765,68.64770634062819,5.449140327818744,313.7167448899152,offense
173.09999999748106,1.1244190906788378,3.7695258002612366,242.4964785527507,3097.4698196713794,-2031.0340427668832,5141.2226521767325,3253.5941533779574,-2417.7534708194476,4984.7717526878805,69.67789929104592,5.5780385680913716,314.77781962943334,offense
173.1999999974796,1.1189011084016296,4.190552018880769,243.7165667077857,3082.9338530033374,-2050.6358275203206,5140.136042474512,3265.760007620575,-2435.561522651292,4983.793575831521,68.92781706663625,5.676702375210295,315.7949549088073,offense
173.29999999747815,1.1248378687406364,4.6364933785771605,244.9489288148188,3068.8337546398516,-2070.4991202724113,5139.214649668014,3278.2210904799754,-2453.142218777388,4982.8956652967245,68.01264996998955,5.7902558331855305,316.837625876504,offense
173.3999999974767,1.1189074103690957,5.05486972346481,246.17051119629744,3055.219159154327,-2090.6288169273926,5138.487420092905,3291.003256182761,-2470.454530971575,4982.103745919073,66.43127651011272,5.928093864938136,317.85465998238385,offense
173.49999999747524,1.1679515858693275,5.339298623561165,247.49917793173677,3042.002418689759,-2110.982732318418,5137.902315527237,3304.0406806077394,-2487.5630251959406,4981.3831732005365,66.91688341860521,6.044994311225178,318.9284814535949,offense
173.5999999974738,1.2470412296618902,5.573807492663225,248.86254727723085,3029.1020710206285,-2131.5498254175036,5137.400730854523,3317.3035676798186,-2504.500520368687,4980.709721928978,69.12338218355207,6.151209771928538,320.0258852763026,offense
173.69999999747233,1.293161916079758,5.8150635721565385,250.13638087058902,3016.626709788025,-2152.3830009318935,5137.003538473294,3330.8249601712105,-2521.2557955722937,4980.087907041612,72.20916626267606,6.204214855933828,321.0990091238213,offense
173.79999999747088,1.2672805842125516,6.085677742640759,251.32234771238367,3004.72651651618,-2173.51637443174,5136.747521101579,3344.664456735152,-2537.781492662277,4979.53079387126,73.56929502430302,6.266858762216521,322.10698728039324,offense
173.89999999746942,1.1993448569983183,6.3516851977829445,252.48727050655506,2993.492365966897,-2194.9407321485246,5136.673928602759,3358.8497672656213,-2554.0059203417686,4979.057852209702,72.96310332025982,6.289755642995792,323.0944227724622,offense
173.99999999746797,1.1558411739509262,6.581456803369445,253.7552834385167,2982.8116727480055,-2216.5916657848425,5136.769018440387,3373.304274278752,-2569.996582735504,4978.63446827901,73.81097626203577,6.234149333596619,324.1696262423841,offense
174.0999999974665,1.1808306834999043,6.794130164226862,255.13078520459464,2972.539798924994,-2238.4254631770527,5136.980866114229,3387.997509945781,-2585.7949971345083,4978.236085010487,75.87485408540051,6.1540568915627185,325.28664735126125,offense
174.19999999746506,1.247040630760391,7.014071191179746,256.530590583799,2962.595549480975,-2260.4332096837898,5137.264145115665,3402.9697557396844,-2601.358039814891,4977.868143916557,76.69647986798346,6.124787675085753,326.35425958742474,offense
174.2999999974636,1.2888560462187628,7.27459190952147,257.82820653648645,2953.0949479690794,-2282.644511886703,5137.643980173826,3418.2612153345895,-2616.6157365183694,4977.552511969623,75.7991623734578,6.083414102268788,327.37804753378765,offense
174.39999999746215,1.302524186066619,7.4161356100087374,259.0949966036424,2944.1417514793584,-2305.063999902129,5138.145705436841,3433.823785176288,-2631.600430518631,4977.272802700559,74.77687565348027,6.061700472553339,328.4259717818753,offense
174.4999999974607,1.316094491239005,7.535774258227577,260.3934433461181,2935.6863204207616,-2327.6728689807064,5138.736500553829,3449.6769802065996,-2646.2639152750485,4977.049567232761,73.13846873381571,6.072693176235053,329.451734193051,offense
174.59999999745924,1.313299143634263,7.613543608708563,261.6888995197273,2927.7843448699623,-2350.464584848543,5139.430052305189,3465.768434661278,-2660.6823155022103,4976.860093682644,73.59357859781517,6.059958053535307,330.5320980455633,offense
174.69999999745778,1.3195136273685117,7.711103491430089,263.0083988003958,2920.3853756921603,-2373.422294527275,5140.20267803742,3482.0793770334535,-2674.8798832159364,4976.690007901472,75.7103745099126,6.039336719346875,331.6304281569682,offense
174.79999999745633,1.3134659696090534,7.793324742696072,264.31545324066497,2913.5454463058322,-2396.536591383098,5141.072162426457,3498.649026292073,-2688.8037803934008,4976.547710913975,76.80784146062828,6.068137997911844,332.66983606886663,offense
174.89999999745487,1.3183850056788198,7.906365232357766,265.64029481040336,2907.2137954711106,-2419.79294106603,5142.017493824458,3515.5443933575716,-2702.340820774979,4976.467623852226,74.25777572287637,6.184521638724734,333.6493972068311,offense
174.99999999745341,1.311964377046253,8.007472009528248,266.94961137007294,2901.4463180619186,-2443.179207372145,5143.057667233873,3532.8076554435906,-2715.3635031772887,4976.5097182623,68.70666613132512,6.395207858285345,334.59358193605067,offense
175.09999999745196,1.31692425079971,8.139603429151572,268.27496618067937,2896.1918963573253,-2466.683309474711,5144.1723382762675,3550.4374838929198,-2727.810766577307,4976.747770046157,61.211181879076435,6.754327203148036,335.4920623668698,offense
175.1999999974505,1.3106936422114324,8.258333656711633,269.58402529983755,2891.505986324392,-2490.290446413484,5145.380844481784,3568.38613155819,-2739.7182152845476,4977.241991214842,52.68136816999243,7.327977684043828,336.35391361005946,offense
175.29999999744905,1.3159084191225916,8.4062742944938,270.9087093772887,2887.337122288719,-2513.991019337861,5146.663042954061,3586.5972748160207,-2751.1478098594694,4978.044509855819,43.889836804024796,8.145580936339563,337.1467973763641,offense
175.3999999974476,1.3099270026711203,8.538841048797407,272.2169449267196,2883.740105896531,-2537.767598841614,5148.0383672816015,3605.016670421089,-2762.159446389182,4979.20521804319,35.21637281418526,9.208292013423284,337.8162080029539,offense
175.49999999744614,1.3153843809684995,8.69879955444562,273.54076554222365,2880.663171478283,-2561.613075092826,5149.486776075519,3623.590282559743,-2772.8108827485084,4980.769106231189,26.73915023113506,10.506579076369954,338.3205951890723,offense
175.59999999744468,1.3096199220358522,8.841755804333141,274.84814596454237,2878.1602878591393,-2585.507429253072,5151.0277083098445,3642.2641542529577,-2783.1628685465994,4982.771311772481,18.42156855047859,12.009468460142553,338.619171618833,offense
175.69999999744323,1.3152754704412346,9.010605090876792,276.1711893560814,2876.1794624222916,-2609.446045582346,5152.641205843699,3660.9846046307143,-2793.2872022497695,4985.2100500421675,10.789069904505476,13.67467402188679,338.7031956777683,offense
175.79999999744177,1.3096891222484217,9.161232737878562,277.4778393236287,2874.773674978287,-2633.40636357123,5154.34666455668,3679.710746133121,-2803.256411011945,4988.04867380518,4.213505151941222,15.491477784847623,338.55635794681007,offense
175.89999999744032,1.315502892404097,9.336553128793918,278.80027200505407,2873.8907962425988,-2657.386266136479,5156.124209438959,3698.3983453246115,-2813.111076583365,4991.31840315806,-1.9203139733447832,17.381584871036775,338.14802568603955,offense
175.99999999743886,1.310062954643546,9.492768785544015,280.1063584779121,2873.582676283968,-2681.3607071467304,5157.993160038266,3717.0046644736867,-2822.8944052740994,4995.036003181682,-7.916081858842061,19.243295490219364,337.4825224106295,offense
176.0999999974374,1.3160033769242716,9.672706436835036,281.42836130410797,2873.797150955856,-2705.330070474844,5159.933728954115,3735.4964649574113,-2832.6516280021538,4999.190763301608,-13.708204099868999,21.034983423741764,336.58287345774244,offense
176.19999999743595,1.3106852095830233,9.832915930572831,282.7340517830133,2874.5848110836505,-2729.2668874228775,5161.965134230167,3753.844948842595,-2842.4251040322365,5003.76450514319,-19.192857557086324,22.7256869958296,335.46763217141535,offense
176.2999999974345,1.3596415925146783,9.845998434314088,284.1199338711526,2875.845326156688,-2753.1894504591323,5164.055681247381,3772.0123129343874,-2852.253983962203,5008.756170014915,-24.57782974993322,24.284155057286338,334.15213136505383,offense
176.39999999743304,1.4537492400058958,9.744025741071091,285.5607268486493,2877.472784060414,-2777.126430665538,5166.159214200917,3789.965260666277,-2862.17581220744,5014.15390629758,-29.962513604681682,25.69797079619663,332.65286510943537,offense
176.4999999974316,1.5618206869459197,9.51907380574205,286.9682723114686,2879.48993024639,-2801.0686311109193,5168.2519201513505,3807.674118201776,-2872.2258869252423,5019.938915893731,-35.377904086221236,26.953136757010615,330.97314748479596,offense
176.59999999743013,1.6261514507335457,9.264316253092979,288.2863986675541,2882.030304142207,-2824.968018605248,5170.310397083026,3825.1118755652055,-2882.4376510473476,5026.087405822072,-40.83887701289595,28.03301517253051,329.11723549828685,offense
176.69999999742868,1.6137338127858036,9.027972917613807,289.53724117812567,2885.2340161569764,-2848.7641595388686,5172.311438060591,3842.254163288251,-2892.842650263769,5032.571158205607,-46.35608080567128,28.921394359835787,327.09800348134917,offense
176.79999999742722,1.5580068748115063,8.764052095175263,290.7648186654107,2889.1798657342297,-2872.4030254727113,5174.257349458981,3859.0793878991108,-2903.4703143470256,5039.357979235885,-51.93437357088094,29.60449145977358,324.9374284165698,offense
176.89999999742577,1.525918293186947,8.411913710130124,292.07043416033343,2893.747713823351,-2895.9070859879275,5176.168589676968,3875.568843086738,-2914.3477392798063,5046.412153471658,-57.57169147454111,30.072791584387694,322.66542112850254,offense
176.9999999974243,1.5578491438151747,7.997412705983366,293.46869257715264,2898.788671776098,-2919.3282306632286,5178.042040699929,3891.706783041394,-2925.4994767964135,5053.694922606906,-63.25893181571768,30.322192324280273,320.31735855277094,offense
177.09999999742286,1.6310929267922916,7.562511542377363,294.89762035088586,2904.217164491034,-2942.7026391616887,5179.859575575176,3907.480450473975,-2936.9473411779477,5061.16499017295,-68.98086879008022,30.354226310623083,317.9309038339458,offense
177.1999999974214,1.682766558457017,7.19792516679768,296.26093654896243,2910.123007808096,-2965.9842052310632,5181.596883664736,3922.8800585187128,-2948.71024337483,5068.779042364213,-74.71778611340697,30.175387477147343,315.5428118970884,offense
177.29999999741995,1.7053560778313541,6.7311829099047875,297.55038600651335,2916.585795026684,-2989.118572673146,5183.236563436077,3937.898731999428,-2960.8040604303937,5076.492269231889,-80.44739242457442,29.795791058745273,313.1863513506521,offense
177.3999999974185,1.770127635858688,6.028969468153059,298.84034878861763,2923.502788671054,-3012.1456969308724,5184.770941586217,3952.5324182717645,-2973.2415446506934,5084.258869521171,-86.14665078370706,29.22752594999006,310.88974344529,offense
177.49999999741704,1.8599116357981405,5.226996398101898,300.1231132549878,2930.8002816943317,-3035.1027391484186,5186.182488156599,3966.779780263475,-2986.032273039214,5092.032525023434,-91.79331944131086,28.483086800091264,308.67570651850076,offense
177.59999999741558,1.9179742001932518,4.46411083909585,301.341305158217,2938.5731602426126,-3057.9309169411085,5187.414038339576,3980.6420841664394,-2999.182634139078,5099.766835427731,-97.36716782715521,27.574202913086758,306.5619085662651,offense
177.69999999741412,1.9459661635151595,3.5867960792023057,302.4615697227321,2946.8905263280653,-3080.57203169385,5188.420669719324,3994.1230917780817,-3012.6958472892197,5107.41571049004,-102.8509298069695,26.51124082868401,304.56195593401566,offense
177.79999999741267,1.9739568449367182,2.647522546709406,303.58738189151643,2955.6882403188893,-3103.0477350159604,5189.196866915515,4007.2289634667904,-3026.5720086729216,5114.933721676487,-108.2310687863461,25.303193850796223,302.686512908409,offense
177.89999999741121,1.9859258667310198,1.6727119279760823,304.68071121637314,2964.9989934095574,-3125.3207159830877,5189.713247889385,4019.968173100395,-3040.8081592604135,5122.276419049904,-113.49838283553467,23.958131589674117,300.9442324490107,offense
177.99999999740976,2.0061054321001066,0.6821587015802093,305.79393976884546,2974.7678917235394,-3147.413873328025,5189.974315224248,4032.351431990808,-3055.3983713235166,5129.400620657588,-118.64841674334072,22.483898520990504,299.3423282952737,offense
178.0999999974083,2.0139576225812488,-0.3093800395088962,306.8838041718627,2985.0282442486878,-3169.2860915122833,5189.952167502719,4044.3916157409635,-3070.333851983221,5136.2646811774675,-123.68160920911241,20.888833894375146,297.88677366210317,offense
178.19999999740685,2.0316501704817305,-1.29558962980413,307.9992161380189,2995.7285918579814,-3190.9610919752217,5189.655080989927,4056.1211400635125,-3085.5920246180517,5142.840286568588,-126.91215193256342,19.252083288894084,296.5168678718883,offense
178.2999999974054,2.0375352180335686,-2.286943972954311,309.08711341506444,3006.9009797902104,-3212.3951046482653,5189.0558470132655,4067.5931094896337,-3101.132349036264,5149.141241847682,-128.23426663011742,17.612625019577344,295.20508088432905,offense
178.39999999740394,2.0539414274686494,-3.2744146424609575,310.19945552326107,3018.4960425274703,-3233.6134606169753,5188.164750287444,4078.7663311141764,-3116.9732156506093,5155.117115896288,-129.0552181091906,16.00110163569324,294.00821938884104,offense
178.49999999740248,2.0589443299634627,-4.268403293996513,311.2831017888295,3030.5435066846517,-3254.5703690107744,5186.954265725666,4089.6671241602257,-3133.087574470164,5160.783534477559,-128.98940593113772,14.443503926899902,292.8645872867784,offense
178.59999999740103,2.0747355381128108,-5.259590034324351,312.3914889561687,3042.995852069426,-3275.292992241198,5185.436477260584,4100.250624353676,-3149.488804524552,5166.097500774658,-128.96556021839754,12.966908901873136,291.78420934397485,offense
178.69999999739957,2.079236812885362,-6.258305873944463,313.47078175633385,3055.8800959877694,-3295.733806421385,5183.583454680464,4110.542452149943,-3166.1498268537857,5171.083131658996,-128.49644471995094,11.551858820615145,290.71805442999533,offense
178.79999999739812,2.0946595506195287,-7.254324287157659,314.5732111883847,3069.15467791286,-3315.926157246021,5181.408135034034,4120.497381657396,-3183.0791344215145,5175.703009448343,-128.30603032688097,10.208471588540755,289.68314723563316,offense
178.89999999739666,2.055727760033325,-8.079460479491068,315.7234510573562,3082.8767308352762,-3335.789345621234,5178.856866416958,4130.143842639692,-3200.2501279788203,5179.984866533116,-127.85774598337153,8.909323736207886,288.63879769939587,offense
178.9999999973952,1.9857977389231187,-8.85145193685215,316.8767795148851,3097.086852102027,-3355.222118679102,5175.907704710832,4139.437378510338,-3217.667228164613,5183.894114024851,-127.77929554387536,7.662977199211131,287.608617845556,offense
179.09999999739375,1.9478456281683483,-9.702490711645726,318.08040457282067,3111.7071837929575,-3374.276732144961,5172.638183381457,4148.409460471558,-3235.305228437179,5187.459649987042,-127.48098339619126,6.44181945776497,286.5592113829731,offense
179.1999999973923,1.9385011147527846,-10.461053675329524,319.3769330576696,3126.6874956996,-3393.031160586605,5169.089183203635,4157.016463756186,-3253.165124221427,5190.647878162319,-127.56534996992322,5.255631643810544,285.51902339882514,offense
179.29999999739084,1.9308141417333227,-11.178851555859026,320.65718836274306,3142.072270928133,-3411.4388587501126,5165.2468001318875,4165.329645517294,-3271.2143895203612,5193.514171015648,-125.58469846871476,4.1351116576836775,284.39572068824793,offense
179.3999999973894,1.9383009891163274,-11.860037807103524,321.96801488072816,3157.8243584796082,-3429.531318470653,5161.124250879693,4173.405143504938,-3289.4304463784874,5196.117200282586,-122.15152765489675,3.0760485640152426,283.21517460897104,offense
179.49999999738793,1.9370070081518678,-12.551048787045305,323.2486378941793,3173.966967730973,-3447.2499641184786,5156.706142855758,4181.1435841616785,-3307.8272104614493,5198.412537336436,-120.09885670084847,2.089819948363991,282.07676888701155,offense
179.59999999738648,1.947872081648331,-13.236792110562808,324.55430927385765,3190.462037651496,-3464.6299886237975,5152.002707179544,4188.424722372794,-3326.4148795584533,5200.341496476513,-120.51145245665523,1.1695471425340842,280.99893952930796,offense
179.69999999738502,1.9480063780960304,-13.945280735820475,325.82821032267327,3207.3282485519267,-3481.612673384177,5146.996824926404,4195.234559401478,-3345.1786359442394,5201.891986260179,-121.45505225044009,0.3053480596485384,279.9021500935015,offense
179.79999999738357,1.9597746609479978,-14.65444300113687,327.12870318262696,3224.5284077743117,-3498.235769328253,5141.6983515585425,4201.68073234891,-3364.090109280848,5203.124295702544,-120.2104241184294,-0.5279646151149597,278.6986652786575,offense
179.8999999973821,1.9155946378436877,-15.19808325964756,328.45394393546275,3242.097053373312,-3514.3949224768808,5136.072114357993,4207.8343460575825,-3383.1339227317058,5204.093045950654,-117.40658908071921,-1.3528374681249047,277.42508461648424,offense
179.99999999738066,1.840339008011586,-15.697468466842116,329.77286450274414,3260.054626587175,-3529.9802233512514,5130.1178050325725,4213.627055806792,-3402.3080374336773,5204.779711786249,-115.79924178637484,-2.1654116107757773,276.17881098292435,offense
