time,bank_rad,pitch_rad,heading_deg,agent_n_m,agent_e_m,agent_up_m,foe_n_m,foe_e_m,foe_up_m,foe_roll_deg,foe_pitch_deg,foe_yaw_deg,mode
0.09999999999990905,0.024691969756126683,-0.6988124271669683,0.04904503355963321,32.07012280526011,-0.002366337852300008,7458.473289481098,2917.958063741097,1143.749849024549,7116.837024805499,-2.108631570679846,-0.00043043080099992436,181.9157407832127,offense
0.1999999999998181,0.12267441497941767,-2.123803403887506,0.07207938392377931,64.15369358970237,-0.00475385495043298,7458.4265283080495,2886.457604528658,1142.6761936341466,7116.985630276484,-8.185366223220559,-0.1161403960201848,181.84505019472178,offense
0.29999999999972715,0.2806162189990418,-3.143804213324484,359.9914071454424,96.27250126127105,-0.01767643603233159,7458.178715579519,2855.012455190925,1141.6293048753032,7117.219235231933,-17.21498023472008,-0.2510804647388517,181.81183444188298,offense
0.3999999999996362,0.4359868437129256,-3.241069816366226,359.92676272321535,128.44379364793002,-0.0639375180595993,7457.674628341082,2823.6185820971928,1140.627983016556,7117.50542320143,-27.867205757856638,-0.38983876064264217,181.8401650219684,offense
0.49999999999954525,0.5676715044311665,-2.0012698720741855,0.5306783054454733,160.66346122550246,-0.12909025895279425,7457.014497230995,2792.26489248119,1139.6751226285255,7117.786285795355,-36.71981323843349,-0.4696588381265524,181.96260851427354,offense
0.5999999999994543,0.7332878986380594,0.1256810481823221,2.008256449533468,192.92826301862166,-0.1751821035308728,7456.281069910097,2760.94019768749,1138.7543627382472,7118.016007453135,-43.46346448756982,-0.5262450603213529,182.05533775707312,offense
0.6999999999993634,0.9241556432614259,1.786231138665723,3.6386116627375693,225.22892541485473,-0.11516597175073794,7455.573102709606,2729.647199701152,1137.882272209633,7118.199841625226,-49.35111135322473,-0.545129178710319,182.13469729409172,offense
0.7999999999992724,1.092822142588118,2.726339637925063,4.986249080900725,257.5658146004341,0.16351939674529142,7454.944911206103,2698.379952492867,1137.0454047293033,7118.317717431218,-53.91736691550041,-0.5447521529642372,182.17857008698417,offense
0.8999999999991815,1.237317285744576,3.12531160002189,6.1497731605613435,289.91607256060917,0.7662825638594291,7454.417218639568,2667.13833948965,1136.2495203110927,7118.36947952199,-57.8282045674108,-0.5244966006110409,182.1905943996567,offense
0.9999999999990905,1.3892238228784655,3.2309678436162765,7.233890508703983,322.2760857239399,1.7075785271951922,7453.93942228024,2635.9184367369157,1135.4871421466055,7118.3471486596145,-60.93444230701606,-0.49557620734971536,182.16501969713346,offense
1.0999999999989996,1.4815899954506762,3.2026923931683267,8.274476135183129,354.62355783558684,3.0635818135670254,7453.4792712112785,2604.7192913156273,1134.7626886683245,7118.251568552811,-63.562383599425196,-0.45907487631145383,182.1040197768751,offense
1.1999999999989086,1.4949439288176067,3.0980268859791322,9.304547111161096,386.9282695382577,4.923283358911188,7453.015119792608,2573.5383791826457,1134.0752540136014,7118.08109910138,-65.6875540522982,-0.4215036238099565,182.00852148516856,offense
1.2999999999988177,1.4622412777758513,2.9504370493857253,10.318220524575217,419.1563821259126,7.341982720494396,7452.543461118463,2542.374392268585,1133.4294886038613,7117.837148617798,-67.47544546056729,-0.3838324972149706,181.88059640902662,offense
1.3999999999987267,1.4606885062231245,2.720831305047818,11.318980154809552,451.3034081609857,10.269366471752662,7452.068962601307,2511.2255854088608,1132.8284802592516,7117.5205166671785,-68.94127606470083,-0.3491365967468995,181.72265258924944,offense
1.4999999999986358,1.4892878296971879,2.547712368421114,12.285407322972173,483.3851364195235,13.660371806408596,7451.576552980614,2480.090824862981,1132.2778472843443,7117.133032778791,-70.17282303001609,-0.3178992299872621,181.53669372569644,offense
1.5999999999985448,1.5140727201152209,2.327599452902077,13.225066172239925,515.3936652360868,17.546211911226223,7451.0652084362455,2448.968821522655,1131.7830086729066,7116.6764163085345,-71.19339484707459,-0.2912935647520554,181.32504030987468,offense
1.6999999999984539,1.5557811436427325,2.11431392018014,14.168776839392528,547.3315976237055,21.897894927949743,7450.5134118677,2417.858515222522,1131.350596932509,7116.152736528496,-72.0518837019719,-0.2693691570115786,181.08946384526243,offense
1.799999999998363,1.5877681075801562,1.8299535794824027,15.11081121845452,579.1814515747461,26.74226432011171,7449.911033082766,2386.758873211469,1130.987475631027,7115.564069272632,-72.76928495914413,-0.2523583720392519,180.83183019238774,offense
1.899999999998272,1.63336046788799,1.537614460492617,16.06632865107056,610.9474595165298,32.04889325653805,7449.235208934152,2355.669364703303,1130.7008933398433,7114.912527283305,-73.37446829094084,-0.24072319082867435,180.55545489256303,offense
1.999999999998181,1.6141717722600015,1.298907316470521,17.01678273896958,642.5998747610862,37.869584836210784,7448.468549653915,2324.590116391158,1130.4978843815404,7114.200083689079,-73.8839154804556,-0.23487324451798308,180.26341578922813,offense
2.09999999999809,1.5619606698102917,1.060937042146349,17.952695183039832,674.1011114065325,44.24623924668795,7447.618127480248,2293.5214224254332,1130.3856611531742,7113.428706194383,-74.3149619006641,-0.23436561043076096,179.9568170171778,offense
2.199999999997999,1.5500738584423914,0.7781387732238999,18.884874073731627,705.4586304977199,51.1165598545922,7446.7041090180965,2262.4636564106504,1130.371434670617,7112.600319694216,-74.67933205276447,-0.23888926502655194,179.63709621112218,offense
2.299999999997908,1.569604781096582,0.5695595504253671,19.798718152609247,736.6966622436944,58.43164970347434,7445.722064271239,2231.417285941757,1130.4624348318957,7111.716816140226,-74.98825932730917,-0.2479865885833951,179.30521810525792,offense
2.399999999997817,1.5872709743988371,0.3251891070308522,20.68607189576154,767.8038994618503,66.2210535961613,7444.672544812793,2200.3828588866745,1130.6658066530592,7110.780033998958,-75.25011059013899,-0.26125168481153094,178.96218678918487,offense
2.4999999999977263,1.6225600289750985,0.09275610189836772,21.579302419796665,798.7868469611079,74.45510608975043,7443.540584020195,2169.361007496124,1130.9886002904223,7109.791760966751,-75.47239367428121,-0.2782343399435174,178.60874259357448,offense
2.5999999999976353,1.5940899765380452,-0.07569583835392237,22.46923990124171,829.6112462116056,83.18187749049076,7442.314920426035,2138.3524420720905,1131.4377190991574,7108.753726484737,-75.6610382820869,-0.29852034637704933,178.24559779841982,offense
2.6999999999975444,1.5340280933642143,-0.23869492083393742,23.357592210608104,860.2338959437902,92.44368581486381,7441.008898103616,2107.3579514686567,1132.0199065964248,7107.667603137732,-75.82119549187856,-0.3216951368581908,177.87331280468632,offense
2.7999999999974534,1.51568422098836,-0.43700319956605793,24.2646119656031,890.6675604258382,102.1813595483421,7439.6457262739905,2076.3783997818614,1132.7417213370024,7106.535004787529,-75.9570742826475,-0.34737627413733774,177.49240473454907,offense
2.8999999999973625,1.5280127917644422,-0.5586345181315938,25.162974332956903,920.9417188397423,112.34810178780802,7438.223141300118,2045.414725639019,1133.6095285239821,7105.357488109186,-76.07228094506104,-0.37519937045536705,177.10330099468183,offense
2.9999999999972715,1.5395166505906737,-0.7131760422013121,26.038628617987854,951.0427426448875,122.97219474617397,7436.745990814886,2014.4679401393869,1134.6294894070886,7104.1365531587635,-76.16982148930452,-0.404830591106659,176.70638971846432,offense
3.0999999999971806,1.5687917534526934,-0.8525379687490264,26.917826322083556,980.9794012335984,134.02565191244065,7435.201494988803,1983.5391257826846,1135.807558254356,7102.873645227537,-76.25226093585128,-0.435960603224341,176.3020046862902,offense
3.1999999999970896,1.5890168102510682,-1.052703928557871,27.793831134261236,1010.7289272087719,145.53049169904568,7433.585622350103,1952.629434933205,1137.1494798157037,7101.570156399867,-76.32176362199816,-0.468308691005215,175.89044939947087,offense
3.2999999999969987,1.6236453755846598,-1.2543109557432444,28.683939735387707,1040.3016754685325,157.45801226775967,7431.882595414335,1921.7400886601176,1138.6607903502345,7100.2274276129365,-76.3801772608767,-0.501619493501903,175.47199377957077,offense
3.3999999999969077,1.5934891834248166,-1.398780711082574,29.570942615184645,1069.6576101231005,169.85165387296448,7430.08139310185,1890.8723754284008,1140.346819519728,7098.846750563202,-76.42907339079467,-0.5356635440381309,175.04688585204977,offense
3.4999999999968168,1.5314384089985256,-1.538489020772814,30.458011517033984,1098.7491627844117,182.74794312605243,7428.196572225335,1860.0276499249067,1142.212693971927,7097.4293697763505,-76.46979696390403,-0.5702349810342718,174.61535235738742,offense
3.599999999996726,1.5108962812764901,-1.7103654633359953,31.366431396344648,1127.5968420847885,196.0901650305395,7426.252512514884,1829.2073318365642,1144.2633415302064,7095.976484578478,-76.50349833145602,-0.6051506673771353,174.1776047125616,offense
3.699999999996635,1.5206149541504894,-1.8065807069609705,32.26519762950228,1156.2355214376832,209.8360704861906,7424.247916185656,1798.4129046801702,1146.5034961311494,7094.48925106726,-76.53116492043061,-0.6402482584889989,173.7338404209811,offense
3.799999999996544,1.5298301921468325,-1.9342900456002328,33.13891938003632,1184.6481914708918,224.01233437825994,7422.1887698748715,1767.6459146024517,1148.937703047201,7092.968783988878,-76.55364478469599,-0.6753848170165249,173.28424620541466,offense
3.899999999996453,1.5567322007008493,-2.0466872888240712,34.01353405082929,1212.8465555894516,238.59264445469736,7420.06346279051,1736.9079692030086,1151.5703243681642,7091.4161585604525,-76.57166802258158,-0.7104350753591498,172.8289991935823,offense
3.999999999996362,1.5748018699919493,-2.2180782965361003,34.884136892464404,1240.8051975242865,253.5961601921359,7417.869445889854,1706.2007363343353,1154.4055445207075,7089.832412194813,-76.58586370984344,-0.7452899861363879,172.368268746118,offense
4.099999999996271,1.6073292940712574,-2.3902683134919056,35.768127521591964,1268.5374931266824,268.99594889623745,7415.591839616928,1675.5259428995475,1157.447375781988,7088.218546156017,-76.59677468493658,-0.7798551740846398,171.90221728604226,offense
4.19999999999618,1.575295897610147,-2.505901664905566,36.648050534292175,1295.998281771116,284.830171837987,7413.221582539228,1644.8853736381068,1160.6996636899423,7086.575527096769,-76.60486985097884,-0.8140495535542983,171.4310012608195,offense
4.299999999996089,1.5115591479674049,-2.6155033148794176,37.531715401550294,1323.1342566204098,301.1271099587182,7410.775608492092,1614.2808698944561,1164.1660923092816,7084.904288547027,-76.61055465587563,-0.847803997025912,170.95477177180672,offense
4.399999999995998,1.489370161283522,-2.7534591883705195,38.44347245964836,1349.9655577178721,317.82667486056056,7408.2786688217375,1583.7143283791818,1167.8501893152536,7083.205732296995,-76.61417988965295,-0.8810600733502062,170.4736749625202,offense
4.499999999995907,1.4972157908587793,-2.816705440550015,39.347910431572174,1376.520032381585,334.8816552947898,7405.729929604912,1553.1876999149683,1171.7553308775607,7081.480729722217,-76.61604928190852,-0.913768957358258,169.9878526104275,offense
4.599999999995816,1.45056010557886,-2.7921852939269503,40.21055860682483,1402.7497101656209,352.3278812564542,7403.1378472476845,1522.7029881701874,1175.884746324403,7079.730123006481,-76.61642594710676,-0.9458903417656167,169.49744227462264,offense
4.699999999995725,1.35139680949812,-2.691315539902249,41.04717663021818,1428.6021776813684,370.20345543006164,7400.5344456049925,1492.2622483786943,1180.2415225883879,7077.954726322702,-76.61553783552077,-0.977391488776086,169.00257757972676,offense
4.799999999995634,1.210349426536495,-2.4614894206602296,41.86853906980859,1454.0746998229151,388.5020724284901,7397.970081486834,1461.8675860418596,1184.8286084303509,7076.155326932055,-76.61358249828577,-1.0082463674669817,168.5033884436757,offense
4.8999999999955435,1.0732469649398593,-2.123120006045169,42.67673541007246,1479.2057964219146,407.20389717562335,7395.5065980285735,1431.521155625882,1189.6488184487414,7074.3326862342865,-76.61073112333659,-1.0384348212248646,168.00000107169743,offense
4.9999999999954525,1.0045139699662426,-1.6913654632436852,43.48580263715818,1504.0623862675816,426.2471225557172,7393.169577974403,1401.2251592472712,1194.7048368765907,7072.487540752164,-76.6071320325374,-1.0679419026673695,167.49253828602573,offense
5.099999999995362,1.019174863418151,-1.2296011914559943,44.27101366947343,1528.698831848729,445.5727201150473,7390.94514562127,1370.9818453498035,1199.9992211755944,7070.62060307959,-76.60291369906453,-1.0967571893661896,166.98111947976273,offense
5.199999999995271,1.0823993407299313,-0.817170624281898,44.988367426002654,1553.1405209532793,465.1567738274524,7388.809458625657,1340.7935073667556,1205.5344054403113,7068.732562757054,-76.59818728774512,-1.1248742065861383,166.46586071658382,offense
5.29999999999518,1.1193049818008847,-0.44196419068247045,45.61849723716378,1577.3169008431853,485.0226299318323,7386.779175166351,1310.6624823855923,1211.3127036178637,7066.8240871391245,-76.59304898625025,-1.1522899381380387,165.946874933632,offense
5.399999999995089,1.0800902585502188,-0.07213589971188658,46.220615843971466,1601.160603415978,505.2082768246489,7384.884028621048,1280.5911497939758,1217.3363125556398,7064.895822169975,-76.58758190446083,-1.1790043186212822,165.42427185049416,offense
5.499999999994998,1.0015891194407833,0.31073388303416244,46.853186908433976,1624.6414498224383,525.7264772393239,7383.162766839239,1250.5819299297377,1223.6073148861606,7062.948393188435,-76.58185772136561,-1.205019850015346,164.8981581614053,offense
5.599999999994907,0.958020733468084,0.7102968963359084,47.54913168803916,1647.815674694638,546.5304803273317,7381.61264388797,1220.637282730021,1230.1276817615897,7060.982405629707,-76.57593825541957,-1.2303412181946725,164.3686375324971,offense
5.699999999994816,0.9418422126427675,1.185156549584612,48.21245708478349,1670.722614370199,567.5850137195714,7380.21497321367,1190.7597063687185,1236.8992754462477,7058.998445744115,-76.56987667906063,-1.2549749620915365,163.83581067024994,offense
5.799999999994725,0.925159451487334,1.6446042090625066,48.86186706996308,1693.3408075235034,588.8915197835354,7378.999603195417,1160.951735896408,1243.9238517763051,7056.997081253413,-76.56371861557743,-1.2789291955311684,163.29977541789418,offense
5.899999999994634,0.9251084003382353,2.1272415573284142,49.48687329079913,1715.6869843679374,610.4331477392717,7377.952679097722,1131.2097556623814,1251.190736399936,7054.974680836282,-75.58081956972353,-1.2681175392630892,162.7675380458006,offense
5.999999999994543,0.9165981851143274,2.5781625520764004,50.11956526802521,1737.7389720780463,632.2138954115981,7377.098244337401,1101.5230962213532,1258.6768436520122,7052.930220434136,-73.13276973118936,-1.2412066970823599,162.24726740158027,offense
6.099999999994452,0.9220229233011707,3.04682847586563,50.74397976670089,1759.513380725521,654.2189194974592,7376.418151384807,1071.8970470963143,1266.3911173981103,7050.874995005027,-69.89621076090127,-1.1897851385911753,161.7493520628258,offense
6.199999999994361,0.9174336595045977,3.482360393666512,51.38578773203001,1780.9870347278609,676.4523667387714,7375.934216779376,1042.3321457763413,1274.3324707120144,7048.821865297607,-65.91883177032062,-1.1028075665191814,161.2805728943232,offense
6.29999999999427,0.9260815554062318,3.9349084590861962,52.025225246963416,1802.1766263320349,698.9005630242904,7375.626337776044,1012.8320851259281,1282.5047009138286,7046.789462267232,-61.490482410081626,-0.9777580056578626,160.85091034126467,offense
6.399999999994179,0.9243666767995098,4.353478748331305,52.685190739032876,1823.0579552974375,721.5676190140942,7375.515055612824,983.3983462948098,1290.9059023264483,7044.797728308105,-56.73443024903943,-0.8151383740059535,160.46696062983443,offense
6.499999999994088,0.9357042205580703,4.78810268016344,53.345260244731605,1843.6478933440637,744.4408149354514,7375.579024592722,954.0316614775915,1299.5311028035305,7042.867813672436,-51.80843605836648,-0.6211087106423028,160.13615408962764,offense
6.599999999993997,0.9365837620372006,5.187670403487723,54.02697199621598,1863.921154983432,767.524176567068,7375.837647233284,924.7310202699149,1308.3705726119567,7041.019869709013,-46.8154847970396,-0.4042258114704701,159.8625864320077,offense
6.699999999993906,0.9503228839579216,5.598067373498661,54.70491433157906,1883.903413910561,790.8176316653087,7376.269994893956,895.4941290501797,1317.4109184677457,7039.272207428831,-41.85094249236513,-0.17561305408812009,159.64848411964942,offense
6.799999999993815,0.9536022194188566,5.969086656229805,55.40028976598169,1903.5715961193553,814.3299070411798,7376.894967345446,866.3173872818838,1326.6354614729846,7037.640052296988,-36.984545914350015,0.05332433988738602,159.49284492627078,offense
6.8999999999937245,0.9696146079368319,6.353297387525322,56.098221409406285,1922.94211426499,838.0486116888536,7377.689445432061,837.1961966641965,1336.0252514862432,7036.134948243436,-32.27142831302023,0.2715505844544186,159.39223554108193,offense
6.9999999999936335,0.9752035234128379,6.698169391294875,56.815518827119085,1941.9908661816605,861.9824303878876,7378.671040700314,808.1252357130035,1345.5600285311623,7034.764438112641,-27.750139213894585,0.46959831933803475,159.34083819342186,offense
7.099999999993543,0.9933969079963103,7.055114419362442,57.536976074881665,1960.7349248778792,886.1199732119538,7379.816120869491,779.0987707022737,1355.2191873373104,7033.532103884134,-23.447528398376686,0.6400766426915391,159.3312980919246,offense
7.199999999993452,1.0011919602329156,7.371623032164881,58.27805146469048,1979.1480997833703,910.4684025378164,7381.140757282154,750.1108900683485,1364.982550182884,7032.43775031184,-19.378909398939125,0.7780871643663234,159.3554172804353,offense
7.299999999993361,1.0214397956237475,7.69922167345391,59.025281435499586,1997.2470735356055,935.0154495712445,7382.620700496403,721.1557275320839,1374.8310150246223,7031.477832339388,-15.550691157731576,0.8811875866217094,159.40490285099656,offense
7.39999999999327,1.031329486341212,7.98519622837184,59.79234485679403,2015.003814305597,959.7668398656269,7384.270349921742,692.2276279738752,1384.747011902222,7030.64596704652,-11.961717170050662,0.9491963726839306,159.4719466336011,offense
7.499999999993179,1.0535493711278643,8.280742808038402,60.566923080420686,2032.4356888002098,984.7107934231552,7386.065182627335,663.321268145125,1394.714791296759,7029.933494313902,-8.605139290467658,0.9838016734233932,159.5496571442518,offense
7.599999999993088,1.065522435002199,8.532770586427825,61.36050884663433,2049.5136527466457,1009.8528189630871,7388.01800487865,634.4317501267408,1404.720568687133,7029.330107626963,-5.469866583393501,0.9881218307983273,159.63230639427857,offense
7.699999999992997,1.089671083296215,8.79261460828451,62.1626424252017,2066.255859063402,1035.1815753497394,7390.104133489368,605.5546509720996,1414.7525342184242,7028.824428505996,-2.542010204638476,0.966239893125154,159.7154283253137,offense
7.799999999992906,1.1036282903850247,9.006990195811818,62.982588278594996,2082.632295220251,1060.7023108060457,7392.334653108341,576.6860408906631,1424.800763809225,7028.404521550119,0.19394353609407275,0.9227732994797877,159.7957919958715,offense
7.899999999992815,1.1295904965462926,9.227246280668426,63.81203837356076,2098.662009981704,1086.404056882714,7394.684858124885,547.8224780656842,1434.857063020144,7028.058338278279,2.754132081468241,0.862518468172272,159.8712930895387,offense
7.999999999992724,1.0965675945314015,9.505662159347313,64.6014493352629,2114.2878294535226,1112.2987241348471,7397.174452202091,518.9609862220666,1444.9147687660943,7027.7740846054585,5.154561699150971,0.7901631567243641,159.94079212393459,offense
8.099999999992633,1.0309860122495205,9.805678868644677,65.39194866892119,2129.457981965741,1138.3768021643739,7399.840337880573,490.0990201705434,1454.9685314240785,7027.540509320936,7.41055115918028,0.7100772152074014,160.00393775324244,offense
8.199999999992542,0.9991567889997637,10.099067561953564,66.23067207855475,2144.2333141425847,1164.6101278815697,7402.677440508691,461.23442481082094,1465.0140913795522,7027.347125927032,9.536238477711231,0.6261696788849155,160.06097673230272,offense
8.299999999992451,1.0458297162666517,10.36327670658778,67.09430239702175,2158.6910035178016,1190.9843755023235,7405.651604582459,432.36538958233,1475.0480656851848,7027.184362422163,11.544299492862283,0.5418017658929426,160.11259517590568,offense
8.39999999999236,1.1345516007366048,10.588442936469244,67.92918181089826,2172.8719263056737,1217.5021102031244,7408.724611309165,403.49040040169547,1485.0677525608585,7027.043645600295,13.446139320290532,0.4597499485113549,160.1597714172126,offense
8.49999999999227,1.1950488715546395,10.79320820876528,68.71738915957212,2186.706539681397,1244.1778108678495,7411.900482351261,374.60819366572895,1495.070956592396,7026.917441779063,15.251904012394768,0.3822088987648104,160.2036485391758,offense
8.599999999992178,1.23207975356804,10.89150885391051,69.55267083304228,2200.135543284578,1271.0194732363175,7415.185935754583,345.7177130975248,1505.0558368488596,7026.799259487418,16.97047771422157,0.3108183670436376,160.24542984053926,offense
8.699999999992087,1.2709346236368129,10.966794503838939,70.4391278063054,2213.1833816095245,1298.0208110612505,7418.548635671515,316.8180701783336,1515.020780105493,7026.683618902231,18.60950962119665,0.24670971223891583,160.2863040659791,offense
8.799999999991996,1.2976239950316995,10.9763493190252,71.35763762925929,2225.8167483597426,1325.1838905500224,7421.986946736763,287.908508673557,1524.9642985096573,7026.565995121417,20.175554859624004,0.19056463974268278,160.32738886550644,offense
8.899999999991905,1.333632936759123,10.976245819487307,72.29473643190627,2238.060863761014,1352.5037142277038,7425.47565252303,258.988373970911,1534.884950168947,7026.442743715811,21.67419988127511,0.14268138065878233,160.3696942958782,offense
8.999999999991815,1.3131948391528896,11.031963440424814,73.20434024219003,2249.853034634829,1379.9878840117763,7429.01861510835,230.057087208615,1544.781280380109,7026.3110143291,23.110222372280905,0.10304246693474782,160.4140995946827,offense
9.099999999991724,1.2591430143925317,11.102818584917726,74.11431977554209,2261.1341671894083,1407.6234212373033,7432.636592831174,201.1141241378684,1554.6517814117258,7026.168657434285,24.487743487956454,0.07138092833231609,160.4613447421964,offense
9.199999999991633,1.2359487420074455,11.14095713791636,75.06660115928962,2271.9570973064288,1435.3787353323276,7436.332908845536,172.1589988749976,1564.4948644924032,7026.014134858767,25.81021704993224,0.04724484514164788,160.51202343072674,offense
9.299999999991542,1.2912187006927844,11.130748647897097,76.03842398467694,2282.402432818052,1463.2497492071986,7440.088585663587,143.19125172325093,1574.3088454093374,7025.846430698893,27.08039455524809,0.03004962208498744,160.56659351576997,offense
9.39999999999145,1.3879667057457592,11.088763364374245,76.98363423798476,2292.5204359588906,1491.2444121578847,7443.871161254239,114.21043956800627,1584.0919467176432,7025.664954937989,28.300740234006,0.01912227118820566,160.6253973063117,offense
9.49999999999136,1.456290425916288,11.036327645885464,77.89200161400207,2302.242053353855,1519.369241614354,7447.664488644782,85.21612963497299,1593.8423040158486,7025.469459901992,29.47363560762951,0.013749412127515272,160.68866942909256,offense
9.599999999991269,1.5012112322556312,10.862039754575914,78.82552377464333,2311.5065044245107,1547.6240105094598,7451.456731203059,56.20789619750066,1603.5579745410375,7025.259970212401,30.601274279352587,0.01321018652961729,160.756549704077,offense
9.699999999991178,1.5956893456865844,10.508832216159986,79.80978794871828,2320.37519530186,1575.9988925648981,7455.21995512358,27.18531893354929,1613.236950569399,7025.036718564177,31.685676632834095,0.016800360583463285,160.82910064374232,offense
9.799999999991087,1.720827603221621,10.05977903362846,80.80127630384311,2328.9087994074225,1604.4925945121472,7458.916550138444,-1.852017308846765,1622.877174147923,7024.80009084515,32.72867921457053,0.02385161901286743,160.90632268716266,offense
9.899999999990996,1.808719814339485,9.563657673953387,81.77650611497106,2337.0511564510207,1633.1119587240382,7462.501851185757,-30.904521868941398,1632.4765544714114,7024.550577113298,33.73200957380507,0.03374231390643755,160.9881711823404,offense
9.999999999990905,1.8350905301994045,9.012958875390767,82.7494523787519,2344.7211996303736,1661.8566870397328,7465.928405835155,-59.972597089651224,1642.0329850418923,7024.28873042239,34.6973878692755,0.04590696129023769,161.07456851114935,offense
10.099999999990814,1.8134670483180868,8.442456817797428,83.72532276581246,2351.8560111606525,1690.7197569216487,7469.165497078711,-89.05663665377861,1651.5443574168105,7024.0151364731855,35.62647478904393,0.05984195026916312,161.1654124543374,offense
10.199999999990723,1.7654252575204787,7.894964140700727,84.70868256560543,2358.4555789867163,1719.6821844665146,7472.2186049246375,-118.1570238086101,1661.0085737149052,7023.7303895142495,36.520826741527074,0.0751053365179017,161.26058554933127,offense
10.299999999990632,1.7509495359398244,7.311869633590474,85.67174216130039,2364.5689915518806,1748.722945117171,7475.115313400764,-147.274129639776,1670.4235562901374,7023.435075234988,37.381832426333865,0.09131634724924212,161.35996065634757,offense
10.399999999990541,1.7687502016715166,6.808710168498976,86.62276346766868,2370.2429474327055,1777.8434466436345,7477.8616518833405,-176.4083114706924,1679.7872566924657,7023.129757511321,38.2106817851468,0.10815013158685588,161.46340814721773,offense
10.49999999999045,1.7849978861556324,6.305512501458901,87.53834884393493,2375.44301555296,1807.0458338322237,7480.451364052302,-205.55991164350738,1689.0976674125463,7022.814964029515,39.0085678406672,0.12533050586454753,161.5708043126913,offense
10.59999999999036,1.8172234251010435,5.812096033408587,88.45502840695367,2380.202008166708,1836.3244705056052,7482.877379603156,-234.72925656774518,1698.3528284175568,7022.491179281483,39.77675075880745,0.14262999627178818,161.68202999452362,offense
10.699999999990268,1.8415360869328283,5.27593409105077,89.35048399708026,2384.4893530769837,1865.6708525054842,7485.124483622718,-263.916655885856,1707.5508289689335,7022.158844064036,40.51641356391893,0.15986531107339255,161.7969704197571,offense
10.799999999990177,1.877341222426712,4.728244122228646,90.25289543958723,2388.340213954788,1895.0804690542977,7487.183998422549,-293.1224019576314,1716.6898105155271,7021.818354159478,41.228665245656664,0.1768895270264445,161.915518230865,offense
10.899999999990087,1.8594588063810265,4.249464623237632,91.1635123261956,2391.6974686161425,1924.5407954862974,7489.027039643124,-322.3467696193843,1725.767968197834,7021.47006068759,41.914563683706135,0.19358768858060982,162.03757374399027,offense
10.999999999989996,1.8081414324174903,3.78708008661859,92.082759356061,2394.5145610364943,1954.0286904200177,7490.6482585931635,-351.5900161155181,1734.7835505481753,7021.114272542355,42.57509314065858,0.2098722347480989,162.16304428303152,offense
11.099999999989905,1.7857246731528624,3.272856350886845,93.00993324341154,2396.8441741401393,1983.5309380287358,7492.081539910645,-380.8523811659537,1743.734857201336,7020.751260799841,43.21110657545994,0.225679615581044,162.2918423738044,offense
11.199999999989814,1.7930662770252186,2.8329078823014755,93.94568686264478,2398.7351604145592,2013.0555362362518,7493.33891662176,-410.13408712684213,1752.620238002258,7020.381261871398,43.82333706536224,0.24096391932023992,162.42388724972838,offense
11.299999999989723,1.798520660890911,2.395920292573884,94.8508209653998,2400.1517017650913,2042.5997772474814,7494.417258923453,-439.43533934434447,1761.4380950133113,7020.004477660355,44.4125731188259,0.25569169307317646,162.55910650638816,offense
11.399999999989632,1.820409639923905,1.9754921626603354,95.75748103463464,2401.1259873867198,2072.161596078936,7495.315006585515,-468.7563266090544,1770.186879654772,7019.621080030087,44.979650276861804,0.26984391365908506,162.6974312020113,offense
11.49999999998954,1.8340872824698335,1.520348948321341,96.64316932878644,2401.627013208422,2101.7275386496212,7496.021776788757,-498.0972215491403,1778.8650887677968,7019.23121625199,45.525348447833935,0.28341226447332285,162.83879538039403,offense
11.59999999998945,1.860252992020743,1.060864225947397,97.5371926494406,2401.6891962527443,2131.296902717618,7496.533631601307,-527.4581810999201,1787.4712616003517,7018.8350130216395,46.05038775813829,0.2963967006844758,162.9831351886794,offense
11.699999999989359,1.8769858838504914,0.5567132035791333,98.41040554208534,2401.2833044672684,2160.855342918591,7496.836988029128,-556.8393469516845,1796.0039779821273,7018.4325793451435,46.55544873850845,0.3088020204763535,163.13039005412008,offense
11.799999999989268,1.9051470703147955,0.04277134593889554,99.29172210333495,2400.4444476058743,2190.403198482021,7496.927897384056,-586.240846017534,1804.461854978703,7018.024010370219,47.04116876484588,0.32063867465429624,163.2804996896978,offense
11.899999999989177,1.8784490982317525,-0.3938785505727761,100.18613429212355,2399.117400268483,2219.916926821861,7496.779721812794,-615.6627908152703,1812.8435452234671,7017.609389875138,47.50814436827745,0.33191901584082284,163.43340612483348,offense
11.999999999989086,1.818884109171081,-0.8131691375994257,101.0945984393392,2397.255673250602,2249.3650043311573,7496.390786063308,-645.1052798785418,1821.147733166718,7017.188794038481,47.9569152685547,0.3426598094627501,163.5890496737491,offense
12.099999999988995,1.78891333050369,-1.2814438510784585,102.02350059547578,2394.9164621594114,2278.7462944235035,7495.801570717943,-674.5683979813222,1829.373131116649,7016.762295672163,48.387858833745035,0.3528798851129471,163.74736992983495,offense
12.199999999988904,1.7880283194119637,-1.6695904835588866,102.96738749671597,2392.148571433068,2308.0781641374656,7495.027978363663,-704.0522164216916,1837.5184808987322,7016.329963692311,48.80134576997635,0.3625959575809318,163.90830799092006,offense
12.299999999988813,1.7859234047603796,-2.048947794020318,103.87984847025805,2388.915320407525,2337.3519673770816,7494.069828506398,-733.5567933452828,1845.582555330755,7015.891862579906,49.197869198757594,0.37182362505782424,164.07180651593694,offense
12.399999999988722,1.8005716351754633,-2.4047437577013024,104.79146869480672,2385.2477872283016,2366.5705379741794,7492.9286196466155,-763.082174000659,1853.564154429958,7015.4480558178575,49.577953744414174,0.38058174941726963,164.23780514620447,offense
12.499999999988631,1.8069861821915205,-2.7891594301315066,105.6811459726826,2381.1159070593967,2395.714855227054,7491.598124001977,-792.6283908938274,1861.4621039484998,7014.998607607824,49.9420958912928,0.3888885752311843,164.4062433268447,offense
12.59999999998854,1.8264225434526762,-3.172196909464334,106.57866964620624,2376.552986248386,2424.7893132024215,7490.076846010611,-822.1954639771518,1869.2752530937798,7014.543584652901,50.29075330925483,0.3967639745433886,164.577057808694,offense
12.69999999998845,1.8363608266787388,-3.5948877371701675,107.45749089295298,2371.5309842703987,2453.7741495126656,7488.355606625918,-851.783400757599,1877.0024751064898,7014.083056148538,50.62435686107473,0.4042250859409478,164.75018663636274,offense
12.799999999988358,1.858297660070489,-4.022218444661254,108.34620534017368,2366.083849903582,2482.67493514679,7486.432225520182,-881.3921964578459,1884.6426652913135,7013.617095118985,50.94332069403472,0.4112910950369976,164.925564732515,offense
12.899999999988268,1.8247177422239254,-4.364449462128149,109.24652610974427,2360.1587283767026,2511.457851923919,7484.286169670508,-911.0218340553743,1892.1947417485285,7013.145778383226,51.248026364833045,0.41797814391238736,165.10312864833313,offense
12.999999999988177,1.7587602395491482,-4.687302587476772,110.16342102576557,2353.7096355890512,2540.082655099709,7481.921859766818,-940.6722843774767,1899.6576425790092,7012.6691883910335,51.53880847794486,0.4243057298763293,165.28281052252098,offense
13.099999999988086,1.723116711354668,-5.055177020861742,111.11395970994502,2346.7962380354743,2568.5612215543747,7479.3804247746175,-970.3435059511403,1907.0303233204017,7012.187415832275,51.815800159982864,0.4302928986091232,165.4645416202892,offense
13.199999999987995,1.7160490934243322,-5.337150821737714,112.07745639074192,2339.464831852002,2596.9254996527993,7476.676557543666,-1000.0354451812902,1914.3117634592286,7011.700555252872,52.07921724450606,0.4359531038843354,165.6482554197325,offense
13.299999999987904,1.7083943819285345,-5.609363324524079,113.01126562998648,2331.6823205451374,2625.1543613305853,7473.815533346987,-1029.7480365751767,1921.5009695614867,7011.208703057501,52.329479191141075,0.44129812956063896,165.83388684328577,offense
13.399999999987813,1.7176621098488618,-5.853705540423429,113.94485731815624,2323.481394192374,2653.248549646345,7470.799730419913,-1059.481202694739,1928.596969276707,7010.711961756259,52.56698119595067,0.4463455520348901,166.02136549537576,offense
13.499999999987722,1.718815953850991,-6.123734119817767,114.85152712471458,2314.827815667325,2681.198152405959,7467.626828108991,-1089.2348541253616,1935.5988121293228,7010.210439840889,52.79203810812304,0.4511100399611321,166.21062249686298,offense
13.59999999998763,1.7333257287725485,-6.387142441746493,115.76252249898285,2305.7527342790186,2709.013229068706,7464.2947204460625,-1119.0088896931427,1942.5055717450323,7009.7042498840065,53.005028446310256,0.4556055863961748,166.40158845032133,offense
13.69999999998754,1.738288447207401,-6.688381127582518,116.65980521101002,2296.232701704331,2736.6639418621317,7460.800395017347,-1148.803196530732,1949.3163457636426,7009.193508723048,53.20633943967422,0.45984523568821,166.59419496922297,offense
13.799999999987449,1.7556436929177115,-6.989581334505883,117.56811375869097,2286.2998453322602,2764.1608582349127,7457.140652744857,-1178.6176500683212,1956.030252614718,7008.678339357636,53.3962799718348,0.46384546785119946,166.78837020893363,offense
13.899999999987358,1.7632437923964097,-7.331832116664726,118.46172557309396,2275.9296014489832,2791.478736826259,7453.309831806895,-1208.4521141632931,1962.6464350787312,7008.158868873945,53.57513271798367,0.467617575494018,166.98404631115417,offense
13.999999999987267,1.7828521701983469,-7.6764369114923126,119.3666434943136,2265.154176030713,2818.6291729393643,7449.304247190384,-1238.3064412440667,1969.1640588026644,7007.635228962476,53.74318998509079,0.47117638112946414,167.18115205427713,offense
14.099999999987176,1.7465396373271536,-7.933229279483452,120.27713833938648,2253.9265352313355,2845.567540273778,7445.109551981932,-1268.180472382521,1975.582314129946,7007.107555186809,53.900703857775106,0.4745325250294496,167.3796200382641,offense
14.199999999987085,1.6779191865405065,-8.168942745295535,121.20345845041766,2242.206022191332,2872.244510484916,7440.73627466544,-1298.0740373593942,1981.9004131464935,7006.5759884994595,54.04788308814835,0.4777018147885402,167.57937793633906,offense
14.299999999986994,1.6400587540842908,-8.445678754436862,122.17130367018045,2230.050123803799,2898.6859010950557,7436.222066473103,-1327.9869544223675,1988.1175870428758,7006.040677828476,54.184681519936866,0.48069930500837393,167.78035413047124,offense
14.399999999986903,1.6307593838320902,-8.633561595516577,123.14788723928447,2217.4999456871724,2924.9335987964373,7431.577175768745,-1357.9190309662292,1994.2330963683235,7005.501773580283,54.31121427180888,0.4835323357708961,167.98248116041793,offense
14.499999999986812,1.6210615808898545,-8.813231067456568,124.08809844309546,2204.5192342337405,2950.972587629253,7426.809059287441,-1387.8700639798833,2000.2462336406224,7004.959425935349,54.427846018407465,0.48620770219557335,168.18569323256676,offense
14.599999999986721,1.6283563194324222,-8.962805311348346,125.02235770233771,2191.1384693312334,2976.8117406973283,7421.918275889746,-1417.8398399562116,2006.1563177270066,7004.413788362459,54.534949249622784,0.4887374247263241,168.3899209098459,offense
14.69999999998663,1.6275236234506243,-9.140094393548411,125.93991258108568,2177.337499676536,3002.417706325645,7416.909168373579,-1447.8281350875832,2011.9626946568126,7003.865017120243,54.63285619996936,0.4911311426007555,168.59509701596875,offense
14.79999999998654,1.6401694881446898,-9.308223580636223,126.8641074221193,2163.1455368320258,3027.8051956014415,7411.7775705040995,-1477.8347153572715,2017.6647349498999,7003.313272390375,54.72182471326058,0.49340178342243496,168.8011516756691,offense
14.899999999986449,1.643236613410513,-9.514579516294972,127.7760956525803,2148.541042862235,3052.9452699379776,7406.52402294598,-1507.8593369227274,2023.2618373737685,7002.75871603843,54.80208551638773,0.4955562916856151,169.0080201029999,offense
14.999999999986358,1.6588475566645706,-9.717443840293553,128.69856035392547,2133.5534389142767,3077.853704556794,7401.142911584232,-1537.901746332469,2028.7534269151315,7002.201512205461,54.873878855249224,0.497605844984403,169.21563419247215,offense
15.099999999986267,1.6646261004301668,-9.96193210437089,129.6100452198908,2118.162649149647,3102.500836097815,7395.632791478438,-1567.961680804765,2034.1389568584775,7001.641826415521,54.937400355063225,0.4995564812311234,169.4239308558454,offense
15.199999999986176,1.68258907356465,-10.205293447054851,130.53329271511734,2102.397975477283,3126.903439413568,7389.987371195305,-1598.038868496442,2039.417907172335,7001.07982585499,54.99286543930068,0.5014184568698506,169.6328434122824,offense
15.299999999986085,1.6906994116095477,-10.491979422023434,131.4449862120286,2086.2407680292154,3151.031084844824,7384.203356645385,-1628.13302880424,2044.5897864613178,7000.515678637925,55.040443207764355,0.5031968502885452,169.8423105401312,offense
15.399999999985994,1.7107347336639271,-10.779148440726656,132.3687735147784,2069.7201183085203,3174.901548952581,7378.274136310226,-1658.2438726476116,2049.654130299218,6999.949554095605,55.080326946223956,0.5049011055807359,170.05226704364586,offense
15.499999999985903,1.674233908052337,-10.979879351502198,133.29158292904646,2052.7994095311265,3198.4599077913713,7372.19012959275,-1688.3711028012667,2054.6105031897036,6999.381622068,55.11266304484813,0.5065353265005362,170.2626533341905,offense
15.599999999985812,1.6052255718634845,-11.15825362383539,134.22827940789506,2035.448960085979,3221.6493815444114,7365.966831804407,-1718.5144139300155,2059.458494406961,6998.812054817033,55.137549974699624,0.5081104001188164,170.47340392540502,offense
15.699999999985721,1.5676794237846992,-11.373387309879117,135.2092066241593,2017.7192464970321,3244.5096657036497,7359.637550164524,-1748.673492283398,2064.197714617117,6998.241030170694,55.15477743602459,0.5096359733669498,170.68445514500812,offense
15.79999999998563,1.5590862787093824,-11.498146017673639,136.1922544210602,1999.641538108856,3267.091001794136,7353.207230009642,-1778.8480173352373,2068.827808981618,6997.668723352209,55.16436927007061,0.5111117237838358,170.8957488581154,offense
15.899999999985539,1.5498406800466857,-11.619248324880227,137.13898421324836,1981.1838361176806,3289.371665636188,7346.685206563237,-1809.037662453163,2073.348458500945,6997.095305883176,55.16663940559812,0.5125379134614539,171.1072284473673,offense
15.999999999985448,1.5576281961025094,-11.710108278831909,138.07900847010336,1962.3742822482516,3311.3668147354397,7340.069691466991,-1839.2420944875548,2077.7593722407937,6996.520950224224,55.161871417894865,0.5139212153200273,171.31883316575187,offense
16.099999999985357,1.5571252550338148,-11.831447944554508,139.00538049815623,1943.2005604472306,3333.0399017884347,7333.367757815239,-1869.460974300452,2082.0602893863665,6995.945828331837,55.15031874735743,0.5152642132089178,171.53050609159695,offense
16.199999999985266,1.5701336999083306,-11.941742269583402,139.9386814604177,1923.6881856017603,3354.411080240983,7326.572573155752,-1899.693956796942,2086.250975512494,6995.370113154898,55.13216876541,0.5165739193113674,171.74218707087743,offense
16.299999999985175,1.5734317081781004,-12.092330013509999,140.86297481793682,1903.8224431368405,3375.4474492323466,7319.687075138525,-1929.9406916282962,2090.331226358016,6994.7939763455815,55.10757451446946,0.5178503408674797,171.953822272912,offense
16.399999999985084,1.5893085293445304,-12.2369470233968,141.7980024576088,1883.6287766154198,3396.1701061159415,7312.703015676213,-1960.2008233939523,2094.300865047714,6994.217589053053,55.07670465450086,0.5190987492738802,172.16535396710364,offense
16.499999999984993,1.5952557254935251,-12.425131712576249,142.72512888222556,1863.0940354881432,3416.5455663636035,7305.621341219267,-1990.4739921489397,2098.1597442089787,6993.6411209424205,55.03967481276601,0.5203182329667257,172.37673072141885,offense
16.599999999984902,1.613430755255444,-12.609439648008962,143.6642710062356,1842.2433194837781,3436.5958254980155,7298.433147078664,-2020.7598336592048,2101.907743654545,6993.064740672765,54.99662824323727,0.5215131750562415,172.58789684371575,offense
16.69999999998481,1.621631586400351,-12.83901902533443,144.59488938571542,1821.0650385518961,3456.2868023238602,7291.137523245675,-2051.057979902428,2105.544772343288,6992.488615102316,54.94765297435186,0.5226818209013313,172.79880328878085,offense
16.79999999998472,1.6418042343718713,-13.066244358192911,145.53793385592138,1799.5838697276038,3475.641414060036,7283.725268520713,-2081.3680593116346,2109.0707660475555,6991.912909799409,54.89286992868868,0.5238278733147615,173.00939639196247,offense
16.89999999998463,1.6042605665397647,-13.2094864142845,146.4737119326648,1777.7759529370496,3494.597325735166,7276.191425821951,-2111.6896972960135,2112.4856893162487,6991.337788278321,54.83234425782087,0.5249487956286554,173.21962935347955,offense
16.99999999998454,1.5340421039450725,-13.328963857377806,147.42175934245654,1755.6247791071846,3513.0941674023725,7268.556595063868,-2142.0225160236987,2115.7895302332677,6990.76341444279,54.766087683107116,0.5260503680458989,173.42944829762857,offense
17.099999999984448,1.496606656675159,-13.478964863933356,148.41556798275997,1733.1713487733139,3531.184366167894,7260.850258699251,-2172.36613387363,2118.9822965124154,6990.1899562626695,54.693757712727646,0.5271366525216217,173.638801832601,offense
17.199999999984357,1.4886072470697518,-13.536767884680293,149.4051054751161,1710.4395987877397,3548.9214559874144,7253.073825852433,-2202.7201682192836,2122.064030852221,6989.6175758737745,54.6153132461603,0.5282000613391303,173.847645368003,offense
17.299999999984266,1.4796488251604787,-13.596208354649141,150.35849918178587,1687.4038394801755,3566.2776009456534,7245.238893156142,-2233.084235994779,2125.0348104345185,6989.046429448441,54.531019849078426,0.5292354629608772,174.05593511871493,offense
17.399999999984175,1.4877904457592708,-13.625160573382445,151.30100240806357,1664.0832992081903,3583.2763245926794,7237.340009468043,-2263.457952664516,2127.894737724209,6988.476672867188,54.44106700800197,0.5302448101115641,174.26362266694022,offense
17.499999999984084,1.4874238756228209,-13.687620970552755,152.23194035477206,1640.4739948753195,3599.8796946046537,7229.386886599956,-2293.8409332442097,2130.643944515579,6987.9084588471205,54.34565069522572,0.5312240718176926,174.47066501763558,offense
17.599999999983993,1.5006404312165906,-13.736664479517325,153.16911756177043,1616.5965892731965,3616.1122256969184,7221.370224149815,-2324.2327919548834,2133.2825866499124,6987.341939267368,54.24491232259703,0.5321756156858248,174.6770147816642,offense
17.699999999983902,1.5039659470336582,-13.828137672149492,154.10042807960335,1592.4439071649401,3631.9387695438977,7213.295373509047,-2354.633143117354,2135.810847665272,6986.777262945834,54.138942847112155,0.5330939864567384,174.88263191045624,offense
17.79999999998381,1.5199586989426335,-13.910653600704071,155.0420739514389,1568.0363184482264,3647.3846460255245,7205.1516467955535,-2385.0416011869793,2138.2289356119695,6986.214576505566,54.02785764200467,0.5339800100238434,175.0874716123883,offense
17.89999999998372,1.5258572054579314,-14.038669496092911,155.97899957798754,1543.3682933086318,3662.414315636968,7196.942418021003,-2415.457781355793,2140.537085107493,6985.654023394838,53.91170747136404,0.5348276802570286,175.2914964967312,offense
17.99999999998363,1.5440856648817198,-14.159604905270852,156.92759138866876,1518.4596655620796,3677.0538560804907,7188.656356969911,-2445.8812996409224,2142.7355545601627,6985.095744551406,53.79057816152798,0.5356372959829266,175.49466401639353,offense
18.099999999983538,1.5521757189694545,-14.327764427189017,157.87084502335657,1493.3065589613393,3691.267345103974,7180.294990477226,-2476.311773474881,2144.824628146484,6984.5398775963195,53.66449083811809,0.5364023805957818,175.69693929665848,offense
18.199999999983447,1.5723499199296909,-14.49027890347142,158.82628260424835,1467.9281962959979,3705.0816568758387,7171.846692945555,-2506.748821754256,2146.8046130217813,6983.986557523155,53.53350688166455,0.5371229164664849,175.89828188385724,offense
18.299999999983356,1.5332734897601328,-14.57212636346074,159.7682782710097,1442.3148496817487,3718.430371906164,7163.31113522189,-2537.1920654411347,2148.6758413405473,6983.435915939525,53.39762345705211,0.5377920606477546,176.09865922453088,offense
18.399999999983265,1.461410237171557,-14.628772422963369,160.72078912420702,1416.4633883844979,3731.25230578979,7154.713993945716,-2567.641126898162,2150.4386642678073,6982.888084068114,53.256779530581724,0.53841255746162,176.29803026605362,offense
18.499999999983174,1.4240518125036332,-14.708605147738814,161.72023963847994,1390.402534454838,3743.609923282436,7146.080951731351,-2598.0956289795176,2152.093447842415,6982.343196949053,53.110520527165086,0.5389849985906339,176.49635685951327,offense
18.599999999983083,1.4671084812756978,-14.824004082471468,162.7303339580709,1364.1511279487731,3755.59129218252,7137.405637513965,-2628.5551990440945,2153.640590072119,6981.801381666246,52.9587533690194,0.5394969595015949,176.6936088344379,offense
18.699999999982992,1.5524809174828103,-14.961717474732406,163.6941442889845,1337.7188043138024,3767.248304523075,7128.661437864188,-2659.0194699917047,2155.080522525393,6981.26275551813,52.80182411075835,0.5399370078774773,176.88975910000872,offense
18.7999999999829,1.6077487604782164,-15.099384158201206,164.60203409361233,1311.1006430715472,3778.507918238769,7119.8287289446325,-2689.4880797059213,2156.413704970314,6980.727428715545,52.64026519079601,0.5402980214726661,177.08477914591515,offense
18.89999999998281,1.5944106621652667,-15.242125508803477,165.51129921779417,1284.294917341048,3789.2750222582713,7110.895392762002,-2719.9606682354015,2157.640610930578,6980.19551334967,52.474278541963066,0.5405849796389876,177.27863283935415,offense
18.99999999998272,1.5388430904331925,-15.39239709886828,166.45654425720795,1257.3036136643884,3799.490688907929,7101.869813245413,-2750.436876915793,2158.761723878012,6979.667126277244,52.303548185098855,0.540801142106886,177.47128431177393,offense
19.09999999998263,1.5112095240481955,-15.595594137961328,167.4481858613766,1230.1334054585461,3809.2129147923442,7092.771008579037,-2780.916349897183,2159.7775431972636,6979.1423850885185,52.12759327616812,0.5409444684029091,177.66270039892765,offense
19.199999999982538,1.512680626533255,-15.719024455516877,168.44557046521732,1202.7977287576048,3818.493705459487,7083.597648301525,-2811.3987372927995,2160.6885963422365,6978.62139998071,51.9462158443495,0.5410015201269937,177.8528576557574,offense
19.299999999982447,1.5111401765261179,-15.854009420923623,169.42696755216338,1175.3035695420215,3827.2947688220374,7074.361890354226,-2841.883695769657,2161.4954386025147,6978.10427325612,51.759591693407046,0.5409632923582534,178.04173083834436,offense
19.399999999982356,1.526048781907083,-15.962266641811635,170.41110508622907,1147.6638823415326,3835.6451194355227,7065.055269974024,-2872.37088569517,2162.1986403952533,6977.59110865683,51.567689011265536,0.5408303908716307,178.22928869004556,offense
19.499999999982265,1.480840438082302,-15.98302344924764,171.37417913649736,1119.8816749959028,3843.477582218052,7055.683204387942,-2902.859973306952,2162.7987952236535,6977.082005630574,51.37051636292366,0.540593808447196,178.41550695901736,offense
19.599999999982174,1.4037294658956172,-15.972872617161606,172.34337469299172,1091.9569477997995,3850.7425710108264,7046.274505652279,-2933.3506288940785,2163.2965106991946,6976.577064981973,51.16796158788502,0.5402559426201421,178.6003527927126,offense
19.699999999982083,1.364019159405086,-15.975111809703392,173.35079839983936,1063.8954044969487,3857.5158939897397,7036.850221979231,-2963.842526331515,2163.692407319913,6976.076391124168,50.959567602811006,0.5398140608386496,178.78379657092415,offense
19.799999999981992,1.4065949227119796,-16.006389256336785,174.36335021168946,1035.7068796264489,3863.8862838242835,7027.402530572311,-2994.3353480257842,2163.987135782519,6975.580078746147,50.7453246261163,0.5392526220560351,178.9658183552416,offense
19.8999999999819,1.4916353779653784,-16.06453273415694,175.32629844468948,1007.4011352616052,3869.9025455029773,7017.905167432354,-3024.8287853699394,2164.1813761442395,6975.088212338117,50.5256580890104,0.5385594245978612,179.14639970836382,offense
19.99999999998181,1.5447897274884588,-16.130449950400997,176.23003431589396,978.9873744727062,3875.4903298425997,7008.342949561921,-3055.322537595933,2164.275831637071,6974.600869628576,50.30112078855391,0.5377270132797446,179.32552077587584,offense
20.09999999998172,1.5269227886809795,-16.202007870070037,177.13536433873136,950.4818245299948,3880.5553391957196,6998.710207967699,-3085.816308332838,2164.2712149268687,6974.118130789546,50.071904151276655,0.5367596652633687,179.50315340083597,offense
20.199999999981628,1.4669367800554787,-16.2762796626114,178.0775152555526,921.896802594688,3885.0397048479235,6989.021238427252,-3116.3098044420885,2164.1682443601017,6973.640081533,49.83764758662535,0.5356595626495829,179.67926965394736,offense
20.299999999981537,1.4373290821401392,-16.391542552209316,179.0730520086345,893.2320179837081,3889.004554234005,6979.294379880694,-3146.8027378051343,2163.967650084716,6973.166808572397,49.59781413496993,0.5344231468385541,179.85384451573796,offense
20.399999999981446,1.4371567304382402,-16.4230024646828,180.06707657539968,864.4914591833101,3892.5044741955426,6969.525970836175,-3177.294829086059,2163.670186431758,6972.698390428788,49.3521649246771,0.5330352062763334,180.0268639517091,offense
20.499999999981355,1.4338944847471353,-16.470023517883806,181.0422264985461,835.6827074170048,3895.504059217391,6959.730122670043,-3207.785808270849,2163.2766317595315,6972.234896740455,49.10086032687763,0.5314853928273889,180.19831220743228,offense
20.599999999981264,1.4472155272381324,-16.48781863016878,182.01561792182113,806.8130402932039,3898.03331671606,6949.896906258846,-3238.275411113335,2162.7877759328057,6971.776398458282,48.84385647875584,0.5297731759058214,180.36816706567043,offense
20.699999999981173,1.4512335747956182,-16.54837652111171,182.9838687629793,777.8932668947681,3900.057997719663,6940.033734335983,-3268.763381551495,2162.2044279586894,6971.322961652908,48.58115424484214,0.5278885980700031,180.5364135834501,offense
20.799999999981083,1.4685828031593533,-16.59270608228413,183.96081743716414,748.9305638550311,3901.609027496625,6930.1274423093855,-3299.249470345543,2161.5274101342497,6970.874651155043,48.31273605027981,0.5258304606118285,180.70303073308602,offense
20.89999999998099,1.475608915954484,-16.686645999658143,184.93623333442198,719.9377431449267,3902.652631639788,6920.182660417414,-3329.73343625624,2160.7575618320116,6970.431527950698,48.03854194867375,0.5235888460154391,180.8680057113556,offense
20.9999999999809,1.4951728188608626,-16.767839984119423,185.9210049770039,690.9177192916836,3903.219908184142,6910.184331296539,-3360.215045285145,2159.895735653701,6969.993651059255,47.75854790388059,0.5211621615546214,181.03131862675815,offense
21.09999999998081,1.4512953179443968,-16.77620952871005,186.88590324218643,661.8910987259278,3903.247135899339,6900.13737019566,-3390.694071549493,2158.9428003298863,6969.561075827989,47.4726681339698,0.5185404938627051,181.19295874360344,offense
21.19999999998072,1.3746274900195896,-16.755311203757078,187.8572230612235,632.8755522727341,3902.685030813372,6890.07270266625,-3421.1702955305636,2157.899634047338,6969.13385835245,47.18075333716669,0.5157252265085995,181.35290410564176,offense
21.299999999980628,1.3373358522679706,-16.742501057906143,188.86471242199835,603.8566109152639,3901.6068572936474,6880.009362833324,-3451.6435027644084,2156.7671215913206,6968.7120597492285,46.88223395080492,0.5127132952577241,181.5111367886597,offense
21.399999999980537,1.330908853796736,-16.635868715411323,189.8406286347666,574.8243641335357,3900.0698687111435,6869.941353743935,-3482.1134902481476,2155.546172616163,6968.2957297870435,46.577028178964454,0.5094876477241527,181.6676496388612,offense
21.499999999980446,1.267836251024333,-16.427429833714843,190.74349039305147,545.7930762762165,3898.01048797598,6859.895649563518,-3512.580065581085,2154.2377175079346,6967.8849094563075,46.26540370812947,0.5060390808578188,181.8224347924846,offense
21.599999999980355,1.1764777743571608,-16.171552744577134,191.63438625625747,516.7861572228965,3895.382106917044,6849.925965095687,-3543.043042056794,2152.8426927991136,6967.479643786293,45.94730996710591,0.5023700942360245,181.9754727378191,offense
21.699999999980264,1.1293277670625952,-15.894280011599557,192.56640031000117,487.7917741804599,3892.2602680200175,6840.048105157891,-3573.5022389574087,2151.3620426104985,6967.0799812206305,45.62236503099613,0.4984778243010579,182.12674717125608,offense
21.799999999980173,1.1126323975551997,-15.522924218074126,193.44261844406992,458.78720647235184,3888.70043835435,6830.2477503298405,-3603.9574871797354,2149.796733836606,6966.685959094656,45.290582786818796,0.494346270051119,182.27625448323118,offense
21.899999999980082,1.0533190354212878,-15.092715973207286,194.23503815935038,429.7827790408065,3884.653968925638,6820.56615438433,-3634.408628895471,2148.14775347696,6966.297604401863,44.95235310877265,0.4899664203596814,182.42399012148417,offense
21.99999999997999,0.9793708492455695,-14.621649646522098,194.99968577437443,400.7804575314549,3880.1214437859503,6811.035841029963,-3664.8555126234187,2146.416094672004,6965.914946307895,44.60776941319986,0.48534039978295407,182.56994010485406,offense
22.0999999999799,0.9007296452411104,-14.076965885834563,195.72543487628866,371.774271557829,3875.1305238179875,6801.679683047346,-3695.2979951618113,2144.602762038143,6965.53801091263,44.256800747547445,0.48046172740236126,182.71409787902385,offense
22.19999999997981,0.8553340525110891,-13.510638041788958,196.44718394258234,342.75876816202697,3869.7176595732003,6792.517710720483,-3725.7359434884565,2142.708775589785,6965.166815852165,43.89962774838528,0.47532321499357905,182.85646027251354,offense
22.29999999997972,0.8357906161629971,-12.88363020651619,197.09429370497566,313.7294074270038,3863.9257168696613,6783.535013375885,-3756.169234352453,2140.7351688894496,6964.801371097049,43.536521355167096,0.46991873488022634,182.99702701823946,offense
22.399999999979627,0.7726931592693688,-12.23115008900035,197.64945677565606,284.69459513222705,3857.719657457238,6774.786226412997,-3786.5977548575497,2138.682989452323,6964.441676865292,43.16791201755169,0.46424286928188213,183.1358002526671,offense
22.499999999979536,0.731792234295581,-11.594764262998865,198.23094699203605,255.65379705328112,3851.119975631172,6766.29637497469,-3817.0213991217324,2136.5532893393174,6964.087731545663,42.7940289360939,0.4582994248889827,183.2727761803242,offense
22.599999999979445,0.7141237628501504,-10.9034905792827,198.75776228759486,226.602365017341,3844.170047708101,6758.039385395838,-3847.4400699770054,2134.347129335849,6963.739526904881,42.41502460082484,0.4520843380251486,183.40795955940757,offense
22.699999999979354,0.6511667882571761,-10.18935602828164,199.20628390472086,197.54942730331578,3836.844631075415,6750.070506278828,-3877.853680733855,2132.0655819513954,6963.397042732743,42.03130349991817,0.4455945494315818,183.54135872438886,offense
22.799999999979264,0.5736692248795419,-9.53847044535496,199.553492184563,168.49419766005124,3829.165820854946,6742.413100061426,-3908.262151401432,2129.709721433439,6963.060256196111,41.64306928837573,0.4388357666196712,183.67297680001343,offense
22.899999999979173,0.5266585083771632,-8.863844776688323,199.91065034476932,139.42921779882843,3821.184067078967,6735.061413709751,-3938.665410475,2127.280627919564,6962.7291368201495,41.250491806220616,0.4318070091062268,183.80282435743283,offense
22.99999999997908,0.5035865190617338,-8.016294710709186,200.27165041388906,110.34701009556396,3812.9354696818177,6727.987161476452,-3969.06339661779,2124.7793902246667,6962.4036414468355,40.85399538268386,0.4245081140864386,183.93091651009738,offense
23.09999999997899,0.4374200305016083,-7.270445973742219,200.49166439284082,81.25447239726105,3804.4074659312596,6721.252792818896,-3999.456057338609,2122.2071017294193,6962.083717128137,40.45407181553058,0.4169430151670358,184.05726913350338,offense
23.1999999999789,0.39344737336964414,-6.541436832523276,200.73033761031164,52.14896196931444,3795.6312135383505,6714.870911657525,-4029.843346838949,2119.56485455783,6961.7693060380525,40.051080263285584,0.4091213441947665,184.18189438352167,offense
23.29999999997881,0.37159288682502173,-5.904707875309833,200.8520998465344,23.021355911041045,3786.6407821689672,6708.797991002557,-4060.2252272939627,2116.8537421394167,6961.460341551831,39.6453604911987,0.4010481070782434,184.30481198917695,offense
23.399999999978718,0.3459919850353028,-5.486509711757659,200.9048020604009,-6.123947003096592,3777.448828499595,6703.058644202185,-4090.6016694672626,2114.0748593893154,6961.156745803589,39.237417139186945,0.39273090377281067,184.42604312167788,offense
23.499999999978627,0.33473149801333313,-4.839351598849927,201.00269922169673,-35.28807788050158,3768.0741158220085,6697.622926321632,-4120.972650678824,2111.22929746627,6960.858434476841,38.82767127737277,0.38418161560140307,184.5456083992425,offense
23.599999999978536,0.31432487578415874,-4.815820902611217,200.92364025085737,-64.47483719723483,3758.5277408463962,6692.497314020893,-4151.338155091533,2108.318143795904,6960.565315402204,38.41653101645165,0.37541140371358256,184.66353071333762,offense
23.699999999978445,0.3656112522627484,-4.254403812243578,201.11591172315806,-93.68614810041773,3748.8389301112115,6687.615189281184,-4181.698173139783,2105.342480109287,6960.27728941581,38.004387808265484,0.3664339756864939,184.7798337649525,offense
23.799999999978354,0.4509698568172053,-3.474474063807662,201.4103178178226,-122.92629758261988,3739.0047812237294,6682.93261374271,-4212.05270172537,2102.303382331462,6959.994249335111,37.59165225827286,0.35726219540436804,184.89454425772016,offense
23.899999999978263,0.4923364557072549,-3.3892474936810597,201.380806155425,-152.17488196416713,3728.9861727339508,6678.492829321129,-4242.401742848406,2099.201916993362,6959.716083018968,37.178688194036994,0.34791342649869084,185.00768632749396,offense
23.999999999978172,0.454354121414031,-2.7265175263734265,201.65700755319398,-181.39262708178313,3718.7451684101115,6674.3757480377735,-4272.745301004783,2096.0391357864514,6959.442680016956,36.76555759837353,0.3384078153490882,185.11927989639463,offense
24.09999999997808,0.3873924608377053,-3.113364124565032,201.46525446091297,-210.596223631226,3708.301607189377,6670.56395443132,-4303.083382748232,2092.8160750725606,6959.17393271505,36.35205195972767,0.3287633372929837,185.22934408761887,offense
24.19999999997799,0.31184088426194556,-4.112697538134206,201.03724855120004,-239.80239308263128,3697.7173082616546,6666.972745551709,-4333.415999649018,2089.533762308448,6958.909728612167,35.93805373761316,0.31899055069397203,185.3379063661233,offense
24.2999999999779,0.20899198140471395,-3.495938538437372,201.11265577345137,-269.00557659711956,3687.024476464359,6663.596255934379,-4363.743170091561,2086.1932192570202,6958.649945545525,35.523796675358916,0.309100002965614,185.44499750532648,offense
24.39999999997781,0.10667029774766121,-1.7824899516405879,201.41731152137856,-298.21628414421986,3676.2331311066796,6660.524521896386,-4394.064917090167,2082.7954573275065,6958.394457566687,35.10960671667704,0.2991081746083376,185.55064386867235,offense
24.499999999977717,0.021441399415803194,-0.5494481475921339,201.4534577263581,-327.4575308588141,3665.367331136085,6657.7670032277765,-4424.38126733663,2079.341475727258,6958.1431372704155,34.695774776648,0.28903195473727905,185.65487019913138,offense
24.599999999977626,-0.07280103999142773,0.8623345099081102,201.38182753671973,-356.7278434505793,3654.4675140168065,6655.409406925696,-4454.692251941075,2075.8322626964487,6957.895853343183,34.28266682157926,0.2788869302548892,185.7577033246304,offense
24.699999999977535,-0.15679842712369352,1.4282171534364927,201.19706426626087,-386.04475130735034,3643.565613738847,6653.421086036084,-4484.997906430159,2072.268795130999,6957.6524699750125,33.87075401714519,0.26868946611122246,185.8591705411397,offense
24.799999999977445,-0.23137313116945515,2.559417564236938,200.87998711445812,-415.40506044738424,3632.7111759408635,6651.819886998681,-4515.29827033274,2068.6520374096167,6957.412847376108,33.460576775523805,0.2584569869596736,185.9592990771779,offense
24.899999999977354,-0.22395346253853263,2.44282231539266,200.84244981257132,-444.83903389169757,3621.899279878492,6650.501468234298,-4545.59338730505,2064.982941170629,6957.176840666369,33.05277205369155,0.248207021963549,186.05811747854398,offense
24.999999999977263,-0.1500447000922686,1.4775727975598687,200.99144622409509,-474.34683429759315,3611.0960829317087,6649.321251349453,-4575.883303142744,2061.2624411289385,6956.944304474036,32.6479167444199,0.23796135706802876,186.15564951886978,offense
25.09999999997717,-0.04365625929316394,1.1130261561946106,200.98023174311035,-503.9125008769109,3600.282712832447,6648.225992530588,-4606.168063485358,2057.491450973834,6956.715098705006,32.24630311453221,0.22774261546612337,186.2519146921624,offense
25.19999999997708,0.015393515112192804,1.2746290863656409,200.8588717754378,-533.510824583019,3589.4546108369395,6647.271285127626,-4636.4477140543595,2053.670864117495,6956.489087388066,31.84803448951727,0.2175696562093632,186.34693327035785,offense
25.29999999997699,0.04083923272986201,2.1333263887802296,200.83470210759634,-563.1346587475376,3578.6104054150137,6646.531150136805,-4666.722300900135,2049.8015544412438,6956.266137747208,31.453131995854417,0.20745933779760703,186.44072595509223,offense
25.3999999999769,0.07062976426890362,2.6487405027699564,200.7928087773345,-592.7903069552701,3567.734848922102,6645.990050442133,-4696.9918704772,2045.8843768968152,6956.046119981352,31.061577158399768,0.19742649918376096,186.53331366620202,offense
25.499999999976808,0.03060856039015822,1.831485807544374,200.6527870636231,-622.4597199135516,3556.8292087688046,6645.667612388108,-4727.2564691662465,2041.920167169038,6955.828908695036,30.673302864539416,0.18748560217967425,186.62471518073363,offense
25.599999999976717,-0.06238908184856203,1.125784844954639,200.53492952496944,-652.1360651477943,3545.909269667951,6645.5421327550475,-4757.516143321376,2037.9097424528193,6955.61438294043,30.288200394899317,0.1776487450435828,186.7149493069794,offense
25.699999999976626,-0.20042185568715085,2.2240570154497807,200.31091860262475,-681.8101102150347,3535.0083607769748,6645.644010886538,-4787.770940114277,2033.853903416997,6955.402423894161,29.906234288584216,0.16792577178181528,186.80403585921957,offense
25.799999999976535,-0.29484070539385004,4.240553592403131,199.87447988631033,-711.4963058155898,3524.162704867643,6645.977792450112,-4818.020908084021,2029.753435525529,6955.19291333693,29.527496349267835,0.15832551966527017,186.8919956438391,offense
25.899999999976444,-0.35527375659092214,4.919343746463933,199.5924164608807,-741.2158977547808,3513.3847465644276,6646.526524131471,-4848.26609756733,2025.6091099495538,6954.985732251201,29.15224029498582,0.14885653456535214,186.97884996391628,offense
25.999999999976353,-0.4171879563613466,5.63589941823926,199.24484133074236,-770.9810374836867,3502.7207444964033,6647.340509090862,-4878.5065597030025,2021.4216820147954,6954.7807633532975,28.780774873806838,0.13952952577801145,187.064616940779,offense
26.099999999976262,-0.39884932354211,5.430897035514467,199.31587333727313,-800.8168247644318,3492.14536772665,6648.341387425376,-4908.742347441184,2017.1918929745796,6954.577887747181,28.41352578195697,0.13035236724984087,187.1493184393637,offense
26.19999999997617,-0.31141962403967394,4.436738467610547,199.70363087629323,-830.7262701608488,3481.5967327038356,6649.401252880902,-4938.9735129845685,2012.9204656596187,6954.376991607813,28.050853957916733,0.12133881863094452,187.232967216789,offense
26.29999999997608,-0.19453684596301019,3.379993454029107,199.9650163308578,-860.6974528557088,3471.0441323152977,6650.459980490274,-4969.200105044337,2008.6081009344132,6954.1779739295935,27.692711335198016,0.11250107128072388,187.31557141662347,offense
26.39999999997599,-0.13132331579365292,2.426794308326974,200.02670504876542,-890.7057242123569,3460.487851456346,6651.530173123625,-4999.42217042161,2004.2554808739999,6953.980741546199,27.33889596605886,0.1038449318893604,187.39714168812534,offense
26.4999999999759,-0.17075012155518027,3.3010292277252202,199.75280650622918,-920.7221451727742,3449.9504903182165,6652.7044058692845,-5029.63975495381,1999.8632708548266,6953.785206398642,26.98919822395593,0.09537374416033297,187.47769112553368,offense
26.599999999975807,-0.24372929061467585,5.137756203745022,199.3481734360039,-950.746939026595,3439.4644083183716,6654.10505082947,-5059.8529043537455,1995.4321214507213,6953.5912831655505,26.643492830292605,0.08708855732229204,187.55723422710776,offense
26.699999999975716,-0.25594846097677554,5.0020673511208935,199.42080865115793,-980.806770279995,3429.024991632664,6655.68150941661,-5090.061665075511,1990.962670187478,6953.398886773083,26.30181435805024,0.07898985795044264,187.63578742055589,offense
26.799999999975626,-0.18603336628703138,3.678225012599824,199.78618988521555,-1010.918661774122,3418.5917059671456,6657.288503409389,-5120.266083183482,1986.4555401768378,6953.207935621933,25.964237240155505,0.0710805193518573,187.71336287366466,offense
26.899999999975535,-0.11060957646344055,2.8998102839873727,199.84641509878958,-1041.086444612208,3408.131388907703,6658.822336174715,-5150.466202507392,1981.9113380475499,6953.01835706369,25.630652673918576,0.06336400712686181,187.78996795271823,offense
26.999999999975444,-0.11286327873886441,1.5981673492775206,199.86267774609718,-1071.2994682366057,3397.648763034468,6660.277863283002,-5180.662064897865,1977.3306551160942,6952.830086591256,25.30080569244077,0.055840203900456915,187.86561021467847,offense
27.099999999975353,-0.1909384794553424,1.8932308196961625,199.68247174458241,-1101.5299218542023,3387.165728232333,6661.727810505,-5210.853711747086,1972.7140702240724,6952.643063252682,24.974478593925557,0.04850582080240774,187.9403007650474,offense
27.19999999997526,-0.28358933459157704,3.3213883887097557,199.36143748511793,-1131.755690017388,3376.720281433636,6663.277046190978,-5241.04118453823,1968.0621509811308,6952.457228044484,24.651557550422147,0.04135740463142278,188.0140511473559,offense
27.29999999997517,-0.29815105593823654,3.5061725394782384,199.3794664049069,-1161.9952422065255,3366.308035955419,6664.8869216485,-5271.224525539452,1963.375455174294,6952.272521850765,24.332063074834515,0.034390922435187585,188.08687489460223,offense
27.39999999997508,-0.2258799434781085,2.88897862100661,199.60983409244898,-1192.2835560407646,3355.891936549902,6666.4624012937575,-5301.403776821677,1958.6545295963524,6952.088888252369,24.016055741402383,0.027605178302233954,188.1587812815668,offense
27.49999999997499,-0.15891604110355284,1.6152891433511016,199.80273953767562,-1222.6331411356014,3345.435406629,6667.907835875595,-5331.578978860751,1953.899908691286,6951.906277716753,23.703443850017585,0.02099910937659302,188.2297765683614,offense
27.599999999974898,-0.18552468451555973,1.9412964749839097,199.61479185311921,-1253.014831317893,3334.9650440177056,6669.287451733518,-5361.75017050351,1949.1121150743984,6951.7246475537095,23.394006229983308,0.014569751565106273,188.29986595076437,offense
27.699999999974807,-0.24695861926087465,3.3138358070390113,199.29954632309077,-1283.420572494808,3324.5116810495024,6670.715370581943,-5391.9173909914025,1944.2916627932839,6951.543955697537,23.087593043222906,0.008310445234659791,188.36906093278213,offense
27.799999999974716,-0.2439108622519307,3.4089317222807956,199.32990163155395,-1313.8688525102398,3314.0644911644954,6672.156451899112,-5422.080680753484,1939.4390584415264,6951.364158111361,22.784247198239438,0.0022160628533216473,188.43737326641747,offense
27.899999999974625,-0.2132162790368406,3.1028075053079247,199.3626756582297,-1344.3716180804045,3303.602407093446,6673.5562985114075,-5452.240079711925,1934.5547992488555,6951.185214045489,22.48397658419076,-0.0037155960519651156,188.5048105613955,offense
27.999999999974534,-0.2504814992139616,3.194033843539188,199.21978160357224,-1374.919951789546,3293.1440278756118,6674.975577561978,-5482.395626876161,1929.6393729911442,6951.007087167201,22.186694356765425,-0.009487806098323122,188.57137906891353,offense
28.099999999974443,-0.30045175173763333,4.1843937269179,198.94537504694182,-1405.501819715006,3282.7277007710136,6676.506918953893,-5512.547361811857,1924.693260158769,6950.829740855366,21.89237480885652,-0.015105833522647178,188.6370894614651,offense
28.199999999974352,-0.3358190066177811,4.144711765329754,198.88750261383004,-1436.121515773196,3272.344795313063,6678.122463383156,-5542.695325545584,1919.7169350384168,6950.653135138089,21.601166540686993,-0.020574048594718366,188.70195412237578,offense
28.29999999997426,-0.440223832344074,5.2066652992581774,198.33141009812027,-1466.7525331501129,3262.048875017953,6679.901191926608,-5572.839558657049,1914.710863350609,6950.477232523334,21.313178800454157,-0.025892961272989366,188.76597991444666,offense
28.39999999997417,-0.5171732723316685,7.488489176111063,197.19111581001263,-1497.3981772136374,3251.901579147973,6681.9137887361085,-5602.980103261392,1909.6755048930636,6950.301991527897,21.028623797455978,-0.03106711853859691,188.8291814731792,offense
28.49999999997408,-0.4974367719811838,7.87339365966883,197.0125666494829,-1528.0762073479586,3241.8942862279328,6684.1187591651205,-5633.117004240024,1904.6113143068376,6950.127362180946,20.748024364941685,-0.03609754201817149,188.8915747050801,offense
28.59999999997399,-0.4016825216504206,6.753783600606835,197.6225225572381,-1558.8071911152178,3231.9528224586493,6686.4028892994675,-5663.2503058036755,1899.518736598997,6949.953296524832,20.471802697275972,-0.04097955873019729,188.95316736191427,offense
28.699999999973898,-0.27657562170522865,5.5990905717324,198.04957303542318,-1589.590217825141,3222.0295388942022,6688.70198106713,-5693.380048714646,1894.3982039982056,6949.779757009614,20.199991684535387,-0.0457089189815549,189.01395996421084,offense
28.799999999973807,-0.20892937444988507,3.736973588125795,198.42525443290359,-1620.4042057314864,3212.111699936083,6690.992027973319,-5723.506271062239,1889.250137327898,6949.606713775876,19.932352158006854,-0.05028669712991331,189.07395700270834,offense
28.899999999973716,-0.1772577952389002,2.091185967074808,198.76034609476824,-1651.247121713898,3202.192525368882,6693.228900478274,-5753.629009689307,1884.074947921931,6949.434139935726,19.6686180739442,-0.05471664446009742,189.13316606742532,offense
28.999999999973625,-0.14333394496785998,1.1625125318989695,198.84594480687878,-1682.112958256059,3192.2440373062122,6695.303135161096,-5783.748300465457,1878.8730384042706,6949.262010956231,19.408525329807116,-0.05900301899965248,189.19159610552774,offense
29.099999999973534,-0.20269692174894008,1.427027767950439,198.66166030302668,-1712.9801595368176,3182.286284410834,6697.267652007678,-5813.864177501055,1873.6448023247383,6949.090307482195,19.151740843045076,-0.06314969764142545,189.24925259107607,offense
29.199999999973443,-0.32452736836471596,3.1919612036379754,198.137707048901,-1743.841015948627,3172.3538723421184,6699.253194914603,-5843.976674848535,1868.39062677216,6948.919010198164,18.89798906090458,-0.06716393331376244,189.3061472676953,offense
29.299999999973352,-0.40090518017594096,5.5525780702445715,197.36337835642158,-1774.7129387451203,3162.4767429603444,6701.330997771934,-5874.085827801183,1863.1108938516938,6948.748095728249,18.6472357802849,-0.07105154586472784,189.36229295761706,offense
29.39999999997326,-0.3744728373961814,5.863965710855539,197.3283368541378,-1805.605453939292,3152.6539552430754,6703.478613927895,-5904.191672657875,1857.8059805944272,6948.577537602407,18.399586687095685,-0.07481622021165357,189.41770288139978,offense
29.49999999997317,-0.31171713343158225,4.828377065657839,197.70739826445194,-1836.5425310942794,3142.842080943403,6705.617015071294,-5934.294245588833,1852.4762576665657,6948.407309818411,18.15517097328763,-0.07845918194277951,189.47238529411368,offense
29.59999999997308,-0.24059820810984817,4.026128070852792,197.97534758989272,-1867.5374168232115,3133.034847428336,6707.73693515026,-5964.393580804967,1847.122087696415,6948.237392832578,17.91390964420139,-0.08198091060788805,189.52634427592724,offense
29.699999999972988,-0.17372588900016045,2.4527152595688326,198.25426516492925,-1898.5887561988427,3123.1959337554126,6709.737619279603,-5994.489712115332,1841.7438272147338,6948.067768312768,17.67569031666351,-0.08538613215374924,189.57958887412263,offense
29.799999999972897,-0.12861692977194716,1.3787139295319235,198.4484316466181,-1929.6860218197291,3113.3302402299387,6711.588299643722,-6024.582671709992,1836.3418254444277,6947.8984230557535,17.440314017014188,-0.08867673140245184,189.6321225635984,offense
29.899999999972806,-0.008028823879763045,1.829568141697843,198.48374630016147,-1960.834132033565,3103.4280048320425,6713.2289021909955,-6054.672491286828,1830.9164261583173,6947.729345547885,17.207529603903666,-0.09185918820950252,189.68395501075915,offense
29.999999999972715,0.12271178388186539,3.0267021199228092,198.44934404875653,-1992.0313789704408,3093.5009331830024,6714.723107379914,-6084.759202397499,1825.4679680139511,6947.560524751273,16.977175002126913,-0.09493785941886501,189.7350929670283,offense
30.099999999972624,0.17430656298800226,2.906748115245066,198.27786951390607,-2023.2600267283435,3083.5507007153637,6716.190842871603,-6114.842836607293,1819.996785284702,6947.391949939147,16.74908923175575,-0.09791818538735608,189.78554654561685,offense
30.199999999972533,0.11890128498270475,2.1985761332677365,198.01991893061395,-2054.4972296669944,3073.5686293968656,6717.710938096548,-6144.9234255530455,1814.50320791867,6947.223610455135,16.523184424820528,-0.10080423269072494,189.8353225224486,offense
30.299999999972442,-0.01773849639434512,1.5027452535316115,197.82443888209488,-2085.726583818441,3063.5668247362155,6719.304584155432,-6175.00099998853,1808.9875610749261,6947.055499188933,16.29926913862741,-0.10359950711901675,189.88442683655754,offense
30.39999999997235,-0.19832160408158514,2.636761550177808,197.64633337992592,-2116.943454338847,3053.572538892968,6720.972234691761,-6205.075591147361,1803.4501666562737,6946.887607990149,16.077217760335877,-0.10630975730633675,189.9328680617833,offense
30.49999999997226,-0.32731032460398685,4.5698929159723,197.29594192825573,-2148.158757702032,3043.6188562946213,6722.758996803037,-6235.1472314675,1797.8913440355936,6946.719925295171,15.857042340592272,-0.10893898294837175,189.98065689478497,offense
30.59999999997217,-0.3451808994568337,4.486555083046202,197.46730660100215,-2179.3843996643586,3033.708572690885,6724.617116269541,-6265.215955022793,1792.311410350643,6946.552434620405,15.638918242344669,-0.11149021418536202,190.02780473621658,offense
30.69999999997208,-0.3267739556051245,3.2395551893774552,197.89012331407358,-2210.6473488614592,3023.8004413832014,6726.443053116498,-6295.281796256771,1786.7106791020935,6946.385118743063,15.423039572830762,-0.1139630181487269,190.07431863172584,offense
30.799999999971988,-0.30561748366258934,3.342231141712206,197.8899696861407,-2241.954208274935,3013.9040947247763,6728.2489716518285,-6325.34478818553,1781.0894585834162,6946.217965660107,15.20940195792936,-0.11635684912261667,190.12020084341682,offense
30.899999999971897,-0.20316551421563317,2.987600022148051,198.0569136787623,-2273.312900948159,3003.989266959232,6729.959160179213,-6355.404964260622,1775.448053695041,6946.050962083153,14.9980039136069,-0.11867478819352112,190.16546060869848,offense
30.999999999971806,-0.06587200464404215,1.7497428017497063,198.26048452318884,-2304.7261804916184,2994.0375250333695,6731.5100935620285,-6385.4623570162785,1769.786764471415,6945.884097820232,14.78879639969121,-0.12091654970589887,190.2101003072879,offense
31.099999999971715,0.01262901915454022,0.6407455199645204,198.20747473233186,-2336.174088572527,2984.06103094089,6732.922091992093,-6415.51699786772,1764.1058864922861,6945.7173667205125,14.581566445766303,-0.12308504326762446,190.25412527118652,offense
31.199999999971624,-0.022040358770023985,1.0590602494784889,198.05769730446966,-2367.6310889810593,2974.0754053799674,6734.282283308924,-6445.568918772916,1758.405712297226,6945.550760801652,14.37620916892256,-0.12518412020763886,190.2975430851138,offense
31.299999999971533,-0.09531510464480465,2.301895166446287,197.9810401635008,-2399.090694519783,2964.0909554158784,6735.707738663095,-6475.618151915285,1752.6865312952057,6945.384271565804,14.17265640103418,-0.12721595840019354,190.3403613923256,offense
31.399999999971442,-0.17101346642488863,2.4487625877647057,197.90589768029784,-2430.5656440413704,2954.1077379192707,6737.191522829989,-6505.66472989254,1746.9486300129577,6945.2178893762475,13.970894468250078,-0.12918305716608652,190.38258744800075,offense
31.49999999997135,-0.28863514981301996,3.967493464224466,197.49331050779494,-2462.042729575536,2944.160288685091,6738.799230435187,-6535.708685484263,1741.1922919555968,6945.051604308987,13.770925752312007,-0.13108658903563924,190.4242278982569,offense
31.59999999997126,-0.3635386751278867,6.636347231271584,196.69272585798961,-2493.5232397985205,2934.297489347014,6740.612874451679,-6565.750052736311,1735.4177984785958,6944.885402344394,13.572870235182155,-0.132928706488349,190.46529295545278,offense
31.69999999997117,-0.3361870796494495,6.928238888889881,196.66580203320257,-2525.0196695166073,2924.522482117359,6742.605786207283,-6595.788867780665,1729.6254290289492,6944.719262294627,13.3770691711179,-0.13470920145901005,190.50579459744927,offense
31.799999999971078,-0.2724944652821385,5.525660595033624,197.11403769500282,-2556.5553524874035,2914.7833200690466,6744.6717596426815,-6625.825166880555,1723.8154591449459,6944.553162420005,13.183859321186894,-0.13642444331592224,190.54573843475237,offense
31.899999999970987,-0.20011170584442992,4.5058147941701625,197.4113464263388,-2588.141037281309,2905.06397546056,6746.7778328049935,-6655.858984093395,1717.988158583152,6944.387088405678,12.993294909286737,-0.1380710733893237,190.58512410538626,offense
31.999999999970896,-0.11463032240190558,2.8004944530495717,197.67315752683035,-2619.785334426264,2895.3204238199846,6748.79495720991,-6685.89035259782,1712.143792492205,6944.22102840871,12.805312838652949,-0.13965026130156433,190.62395704296898,offense
32.099999999970805,-0.10954645441162685,1.2071534912145916,197.7304156100192,-2651.4712979524493,2885.554322471478,6750.694431432098,-6715.919303762486,1706.282620575727,6944.054976143146,12.619733898938222,-0.14116191210873746,190.6622376898958,offense
32.199999999970714,-0.2071118056419036,0.31014996644389164,197.70584165419345,-2683.168054818767,2875.7832695164443,6752.494525525072,-6745.945868190661,1700.4048985206518,6943.888927423651,12.436302870524644,-0.14261015784047731,190.6999732311701,offense
32.29999999997062,-0.3502236111428697,0.6403149073380989,197.56278233924758,-2714.855169188011,2866.0277812025042,6754.234248745877,-6775.970076883859,1694.5108787710622,6943.722875957456,12.254918719659058,-0.14399822645217428,190.7371708377092,offense
32.39999999997053,-0.4289652039500354,2.4448630555274744,196.96054539676737,-2746.5503030872505,2856.29020197431,6755.920048960162,-6805.991960961484,1688.6008106563315,6943.556814691035,12.075520763339497,-0.14532840639819458,190.773838780762,offense
32.49999999997044,-0.46704317934050443,5.201463318696023,195.68248416063216,-2778.2776609258262,2846.6053502004406,6757.651098256606,-6836.011551764292,1682.6749404483112,6943.390735395644,11.898124251731021,-0.14660265661873617,190.8099835706657,offense
32.59999999997035,-0.5115430483837635,7.1644439262884925,194.71812429206204,-2810.0401620054827,2837.0756287780237,6759.5941336779715,-6866.028881976673,1676.7335122152595,6943.224624764729,11.722887082537804,-0.147822662794955,190.84561696473165,offense
32.69999999997026,-0.4705609902113743,7.159082565836838,194.82997431834377,-2841.843066208031,2827.6920514105263,6761.723931235877,-6896.043988322421,1670.7767690440558,6943.058454385463,11.550429039085595,-0.14898876119017299,190.88075782475912,offense
32.79999999997017,-0.3974247766045506,5.956424327243748,195.42092310152933,-2873.696700786673,2818.3810089848917,6763.937905386069,-6926.056906852579,1664.8049487921032,6942.892197316584,11.381326858985101,-0.15009220361374143,190.91540786761243,offense
32.89999999997008,-0.3183214572773263,4.540293944627522,196.05997768892823,-2905.6026846193736,2809.1099683534408,6766.178934304065,-6956.067669660959,1658.8182821217008,6942.725839698565,11.215625577927947,-0.15112870686342816,190.94956365303804,offense
32.99999999996999,-0.24414843285276097,3.082471038049895,196.45581628016956,-2937.5585013271125,2799.828014375738,6768.347055468643,-6986.076307053715,1652.8169938727494,6942.55937227166,11.053210725821039,-0.15209951347667983,190.98322846688393,offense
33.099999999969896,-0.19291076678399138,1.5658676467448551,196.86149129467998,-2969.548591568618,2790.5325813460568,6770.390730101619,-7016.082846580049,1646.801302464793,6942.392793703964,10.893783278805671,-0.1530055762880267,191.01640225558108,offense
33.199999999969805,-0.13287927992378046,0.6638296755668449,196.980760657948,-3001.585742137041,2781.1910326184657,6772.209994939176,-7046.087314585659,1640.7714216135537,6942.226105189991,10.736989884228569,-0.15385282926145008,191.0490924539924,offense
33.299999999969714,-0.167276066767846,0.9253363798017284,196.81568369781976,-3033.655986626785,2771.8261099406086,6773.867058258364,-7076.08973592337,1634.727560287802,6942.059311592951,10.582488611410813,-0.15464520142293248,191.08130176055394,offense
33.39999999996962,-0.27649849056888814,2.7103783329755826,196.35500914141943,-3065.7307212490045,2762.477866876938,6775.521853204475,-7106.090135357628,1628.6699244794734,6941.892416883579,10.42998068344339,-0.15538962639920642,191.1130409440555,offense
33.49999999996953,-0.3473270131591275,5.077152167899479,195.7150686957089,-3097.8111166190815,2753.186514835275,6777.293521038142,-7136.088538928539,1622.5987179132835,6941.725419167912,10.279453650100551,-0.1560906216726972,191.14432027271312,offense
33.59999999996944,-0.31353268699056475,5.294840966250611,195.74616715687378,-3129.9054030028237,2743.951349480763,6779.160198409108,-7166.084973706102,1616.5141421187907,6941.558311947665,10.131033389903504,-0.15675023351925585,191.17515138125168,offense
33.69999999996935,-0.24481807211351095,4.247927766987953,196.06348227000515,-3162.039253949248,2734.7295242972896,6781.033168369273,-7196.0794666819165,1610.4163954540593,6941.391088058031,9.984890453453966,-0.15736849270180417,191.20553929789764,offense
33.79999999996926,-0.16958649285847752,3.4387902838265085,196.2919184998293,-3194.222168006883,2725.51600124996,6782.899635282291,-7226.072042865682,1604.3056721837688,6941.223746764363,9.840956655857287,-0.15794510454997882,191.23548532518566,offense
33.89999999996917,-0.08158059455138206,1.8368496898625672,196.4870471009533,-3226.458797108644,2716.2765932874645,6784.642115152601,-7256.062726896156,1598.182163560238,6941.056287550021,9.699140682371231,-0.15848373573826322,191.2649961247974,offense
33.99999999996908,-0.07697825773448161,0.3577013519047491,196.48261274992578,-3258.7344904021647,2707.0164041840303,6786.242226536098,-7286.051541919061,1592.0460571023573,6940.888714231316,9.5592653992592,-0.15898545556164673,191.2940730760614,offense
34.099999999968986,-0.1772757861467109,-0.45879576610478934,196.42276529800887,-3291.0177701851194,2697.7529738302173,6787.728156189994,-7316.038510604966,1585.8975377665354,6940.72103142052,9.421106298671907,-0.1594551720632184,191.32272370466723,offense
34.199999999968895,-0.32220172414008175,-0.07843442469055453,196.2879847633238,-3323.2886906380313,2688.504622080046,6789.144890547825,-7346.023656058349,1579.7367883271897,6940.55324108313,9.284584963996771,-0.1598958910005124,191.35095499840392,offense
34.299999999968804,-0.39933768430757066,1.771484146923691,195.73987601944677,-3355.5655742157924,2679.2733053635047,6790.50246694319,-7376.007001518259,1573.5639895102095,6940.3853439787745,9.149653324301056,-0.16030985930287903,191.3787747032953,offense
34.39999999996871,-0.4351792270400718,4.585037715427706,194.54171541037113,-3387.8727276814443,2670.0923419086707,6791.905640362323,-7405.988570491465,1567.379319999216,6940.217339155931,9.016333172627094,-0.16069872012644576,191.40618902822655,offense
34.49999999996862,-0.4781594669077439,6.583061770167023,193.64990347395394,-3420.2114273000707,2661.06131371552,6793.529390458963,-7435.968387814979,1561.1829570310406,6940.049220041371,8.88478566367771,-0.16106355482773432,191.43320917626858,offense
34.59999999996853,-0.43459095434354406,6.570134511892151,193.7781272337776,-3452.58686231773,2652.1711665208536,6795.348761416269,-7465.946482209285,1554.9750770763214,6939.880964619497,8.755624135573397,-0.16140356676094553,191.45985327956637,offense
34.69999999996844,-0.35909535404596327,5.356177160580387,194.32719457418847,-3485.0107244837905,2643.350244482009,6797.256844078079,-7495.9228817729445,1548.75585246939,6939.712552035159,8.629418314936245,-0.16170988692291788,191.4861221510991,offense
34.79999999996835,-0.27828276582587785,3.931455256152451,194.91736534115833,-3517.4852605530787,2634.567881687621,6799.194244881302,-7525.897610859266,1542.5254500223427,6939.543974143642,8.506213400659963,-0.16197830357948734,191.5120119013363,offense
34.89999999996826,-0.2025949095338507,2.466891292586922,195.25483865845385,-3550.0071036422773,2625.7771471698775,6801.0595333869605,-7555.870692176246,1536.284031928714,6939.375226940149,8.385903446348674,-0.1622097415179451,191.53752553076848,offense
34.99999999996817,-0.15002015548996064,0.9429318034589493,195.6061534181539,-3582.55998018508,2616.9779976840714,6802.800993979007,-7585.842145895276,1530.031755301588,6939.20631373457,8.268209341722887,-0.16240484437914313,191.5626628566811,offense
35.09999999996808,-0.012533129714478279,0.06294327284825957,195.82897939986046,-3615.1671936058797,2608.138841096794,6804.285859614909,-7615.811991145481,1523.7687735501102,6939.037239688745,8.152808342273962,-0.1625686904238009,191.5874312046883,offense
35.199999999967986,0.18760473157774216,0.32636211324657693,195.933552033756,-3647.839589748471,2599.270450204354,6805.4766574252635,-7645.780245739027,1517.495236323601,6938.868012940577,8.039397190235842,-0.16270441167720037,191.61183318075513,offense
35.299999999967895,0.3646563186262404,1.24640880506338,196.03200882571733,-3680.5674009238887,2590.3937329265536,6806.472204736385,-7675.746927246364,1511.2112908461281,6938.69864106364,7.927693990413498,-0.16281751417083828,191.63587834929064,offense
35.399999999967804,0.4324615399096753,0.574878968917466,195.5402333564405,-3713.323810191536,2581.5007962245136,6807.379955834905,-7705.71205393248,1504.9170822579088,6938.529127525655,7.817632966916716,-0.1629114604255836,191.65957471088484,offense
35.49999999996771,0.3806764303764012,-0.2991471879022443,194.95900967594565,-3746.0839872016313,2572.5744755201376,6808.250403213627,-7735.675642958775,1498.6127531998088,6938.359479005448,7.709057810221242,-0.16298768789232893,191.6829257965965,offense
35.59999999996762,0.2364665825896174,0.02378403316683263,194.90590087037504,-3778.823242557888,2563.6064008377175,6809.13866910865,-7765.637710398892,1492.2984441705169,6938.189705404303,7.601722700145445,-0.16304993286794883,191.70593438612758,offense
35.69999999996753,0.05246092050519461,1.1123022226464725,195.08631543179166,-3811.547951684507,2554.604939224111,6810.073913974339,-7795.59827166281,1485.9742940700253,6938.019818447068,7.495342028944177,-0.1631018846869629,191.72860473362897,offense
35.79999999996744,-0.07592643625336852,0.4550336429754084,195.23341164887447,-3844.2724401100104,2545.5932958668272,6811.025578997371,-7825.557342610671,1479.640440992315,6937.849827579707,7.389720022774848,-0.1631480563760333,191.75094415679408,offense
35.89999999996735,-0.16657527526687507,-0.5725968945804226,195.30338948950705,-3877.010487120667,2536.5761370933697,6811.895692610809,-7855.514940312728,1473.297022647457,6937.67973730208,7.284830556586163,-0.16319088067398374,191.77296138171317,offense
35.99999999996726,-0.3259706385147696,0.027443688870521583,195.0755621053701,-3909.744230661875,2527.584335454508,6812.746152475217,-7885.47108231202,1466.9441760435604,6937.50955020192,7.1807065298651125,-0.1632308418221783,191.79466153233366,offense
36.09999999996717,-0.44763423388386603,1.3783169359370258,194.7146864088345,-3942.477616815787,2518.651808685222,6813.647321691013,-7915.425787241226,1460.5820378064961,6937.339264679352,7.077462750498093,-0.16326831885693976,191.81605269631322,offense
36.199999999967076,-0.45348546787715116,1.6607534633298964,194.7704595612459,-3975.2321389707486,2509.7626653061834,6814.554020567921,-7945.379075343042,1454.2107439544336,6937.168872799722,6.97538900069121,-0.16330165933942634,191.83714301379123,offense
36.299999999966985,-0.35619892863153096,2.5686541967327114,194.52374014131163,-4008.0408725887105,2500.892440798288,6815.426096008605,-7975.330966416051,1447.8304287315357,6936.998368157852,6.8746896921611915,-0.16332688569115017,191.85793378671076,offense
36.399999999966894,-0.2223056882485657,2.4530076438157065,194.59572177592548,-4040.9135693907865,2492.0268072298936,6816.2507330714825,-8005.2814794599635,1441.4412244564603,6936.827747085044,6.775418288499385,-0.16334242008202665,191.87842699884126,offense
36.4999999999668,-0.15152958170435954,1.8753153229717987,194.64546494584351,-4073.826000063974,2483.181968245766,6817.093618821761,-8035.23063298547,1435.0432614191313,6936.657007158208,6.677579591862657,-0.1633472155826059,191.89862512676356,offense
36.59999999996671,-0.11502446021234182,1.0178900162753604,194.83027329638756,-4106.767398022153,2474.3640404636103,6817.972439826358,-8065.178445638035,1428.6366681141212,6936.486144737032,6.581198137092872,-0.16334104469942504,191.91853394391055,offense
36.69999999996662,-0.07252758389602476,-0.1833660168595238,194.9251200051754,-4139.746303583734,2465.5397857259395,6818.773287308666,-8095.124936055498,1422.2215709695924,6936.3151554261185,6.4863404680450705,-0.16332279424906057,191.9381574115875,offense
36.79999999996653,-0.12721579827748508,0.1859230136504771,194.78726668276153,-4172.736916881181,2456.723805978293,6819.546343701384,-8125.070121308161,1415.7980938741973,6936.144040182666,6.392906689353946,-0.16329136605864125,191.95749499794147,offense
36.89999999996644,-0.2060211939842651,1.4015139583601859,194.64569160352653,-4205.727795736967,2447.941107700069,6820.40968518776,-8155.014018475115,1409.3663590221215,6935.972799186078,6.30080384429993,-0.16324878319259,191.9765529661465,offense
36.99999999996635,-0.203503950791205,0.8098820138702025,194.91174582826085,-4238.738236729763,2439.179433362938,6821.298626971534,-8184.956645441309,1402.9264869359367,6935.801428599609,6.210107483101809,-0.16319503071928934,191.99533797998035,offense
37.09999999996626,-0.1713154581007639,-0.32329767201401405,195.12346281091945,-4271.779554433614,2430.4066575189718,6822.093499296213,-8214.898019433796,1396.4785959909173,6935.629926460031,6.120840076259129,-0.1631289712395385,192.01385229545534,offense
37.19999999996617,-0.22201858328262686,0.23139796948655644,194.9141912303547,-4304.832117440969,2421.645370281766,6822.856197956783,-8244.838156261296,1390.022802310171,6935.458295653707,6.032873193034403,-0.16305096517403828,192.03209582102653,offense
37.299999999966076,-0.2997977470468921,1.598550518631223,194.60274480115456,-4337.889176732675,2412.9339217318766,6823.7145635716,-8274.777072161147,1383.559220606461,6935.286536633688,5.946142986528984,-0.16296324511127394,192.05007601509288,offense
37.399999999965985,-0.29830900836069346,1.6985742910871202,194.6985593938576,-4370.971876405516,2404.2620021257294,6824.630100184635,-8304.714784744216,1377.0879641733488,6935.114643614764,5.860817721374294,-0.1628658225402434,192.06780117296898,offense
37.499999999965894,-0.1974087168796227,1.2371473174049192,194.9475446300109,-4404.093233247742,2395.5943005820563,6825.499649321491,-8334.6513110635,1370.609144135555,6934.942612294642,5.777021009599329,-0.16275642425733003,192.08527314178875,offense
37.5999999999658,-0.055002221148961854,0.01564429450590469,195.1636214503375,-4437.263445174326,2386.897172740226,6826.207942444584,-8364.586666557429,1364.1228692304346,6934.770443949589,5.6946812052663605,-0.16263479036730513,192.10249114724226,offense
37.69999999996571,0.10437025144419416,-1.0323067759571365,195.25729242847012,-4470.479298852113,2378.1794638457372,6826.729052393746,-8394.520865199423,1357.6292460215614,6934.598144722492,5.613580896995028,-0.162502521777468,192.1194554189053,offense
37.79999999996562,0.3188993871802085,-0.5913281439461231,195.43259435341756,-4503.752625168689,2369.452293656119,6827.017049833328,-8424.45392104584,1351.1283796185667,6934.425719477696,5.533556779755333,-0.16236282401274163,192.13617201811644,offense
37.89999999996553,0.5014847168737385,0.5150811068984852,195.72374355699938,-4537.079371864943,2360.714109251943,6827.164351902313,-8454.385848618089,1344.6203737567814,6934.253170394165,5.454575867151759,-0.16221711528870272,192.15264645061586,offense
37.99999999996544,0.5702047339197777,-0.07531985356460393,195.15528222259042,-4570.430492836896,2351.9342362206125,6827.275902374465,-8484.316662083056,1338.1053307346062,6934.080500442285,5.376587993289944,-0.16206605421145043,192.16888170019823,offense
38.09999999996535,0.5191384043108298,-1.0069846934174032,194.38157876394922,-4603.77957422224,2343.091570522078,6827.387576855672,-8514.246374015493,1331.583351239552,6933.907718337911,5.299380323027865,-0.16191080458577112,192.1848758375941,offense
38.19999999996526,0.3755007792501354,-0.7616064625652091,194.33866561464947,-4637.099442211359,2334.178199332305,6827.5432400547,-8544.174995782505,1325.0545349941626,6933.734837187759,5.222597964328233,-0.1617550109649864,192.20062981855762,offense
38.299999999965166,0.19190059455184885,0.2658481505964168,194.66384657685285,-4670.397781896382,2325.204768300244,6827.7682474857875,-8574.102538398414,1318.5189812903534,6933.561871181774,5.145897513886769,-0.16160293441180396,192.21614581274363,offense
38.399999999965075,0.06532365312396891,-0.49434379965522196,194.71526057798968,-4703.691508504836,2316.2035930390666,6828.029942383861,-8604.029013526164,1311.976789760818,6933.388832018692,5.069029396587072,-0.16145854726589387,192.2314297698725,offense
38.499999999964984,-0.0237351631257774,-1.5698120717593127,194.6365947761693,-4737.001519291833,2307.194943500938,6828.2227349673985,-8633.954434683277,1305.4280608157603,6933.215724344847,4.991983745211905,-0.161324201990802,192.24648965967793,offense
38.59999999996489,-0.1837031348925764,-0.9452327794171661,194.49669811038862,-4770.3089884076535,2298.2028061450605,6828.409452044008,-8663.878816734978,1298.8728954648,6933.042548101196,4.914888514149567,-0.16119899928665654,192.26133062834683,offense
38.6999999999648,-0.3042664577940064,0.4217862964205828,194.3469398462063,-4803.6113143900675,2289.253207613783,6828.664099014268,-8693.802175596229,1292.311395149974,6932.869299765515,4.837930448654264,-0.16108129989956496,192.2759568072786,offense
38.79999999996471,-0.3064617286280226,-0.07261807784314915,194.70534005096377,-4836.925536437709,2280.330344607101,6828.914606067575,-8723.724528493012,1285.743661478699,6932.695971254406,4.761387225972844,-0.16096824398376164,192.29037298283387,offense
38.89999999996462,-0.273644016066429,-1.3471447885189862,195.10503707733977,-4870.276269506003,2271.3893493027035,6829.040284891328,-8753.645892419207,1279.1697953953071,6932.522555875415,4.685459415156169,-0.16085566388559197,192.30457798728912,offense
38.99999999996453,-0.3226271047550152,-0.8193526183832891,194.85649564681324,-4903.648562213101,2262.4592905907116,6829.100035871512,-8783.566282844302,1272.5898968713236,6932.349053412804,4.610094421198118,-0.16074134186999992,192.3185681825956,offense
39.09999999996444,-0.39812239710574293,0.525122139504416,194.42032783597955,-4937.042428857671,2253.5895112299227,6829.223712278429,-8813.485716297106,1266.0040655448652,6932.175459488208,4.535328863287111,-0.16062588399299085,192.33235033001105,offense
39.19999999996435,-0.39362177050288416,0.6649463333447774,194.5085184907745,-4970.475334664746,2244.764571391158,6829.376627675521,-8843.404211408237,1259.412400357876,6932.001761187941,4.461491497851056,-0.16050646747235722,192.3459321739684,offense
39.29999999996426,-0.28791257985393637,1.3871512206037675,194.38426631383626,-5003.96030392296,2235.956095947391,6829.5036775331855,-8873.321786119295,1252.8149985969153,6931.8279483382075,4.388816123521256,-0.16037804641464853,192.35931198501297,offense
39.399999999964166,-0.1496459318047259,1.1643395246804016,194.46125486764456,-5037.507698818777,2227.1459627017452,6829.582702904651,-8903.238457041629,1246.2119558209895,6931.654015922508,4.317326394642558,-0.16023875862509987,192.3724882283343,offense
39.499999999964075,-0.08073611830676095,0.5952416427934155,194.44867714049988,-5071.092829791556,2218.346917794436,6829.680848558209,-8933.154240034679,1239.6033658167526,6931.479961415559,4.246979523608825,-0.16008811964551814,192.38546107904304,offense
39.599999999963984,-0.12603730383924966,-0.2814104093206478,194.41567853409484,-5104.69669764687,2209.5677256133404,6829.852062461382,-8963.06915087276,1232.9893207811813,6931.305782000265,4.177753164893465,-0.15992643864871428,192.39823410758862,offense
39.69999999996389,-0.2610660138264434,-1.4689628165791804,194.491543569213,-5138.29694597193,2200.822563907034,6830.092079410762,-8992.983205240753,1226.369911200741,6931.131474495041,4.109674044509532,-0.1597535145653211,192.41080973183108,offense
39.7999999999638,-0.4172395735899397,-1.0474239612786698,194.33856936172586,-5171.88855363559,2192.12325529938,6830.347123674632,-9022.896418744931,1219.7452259425868,6930.957035370854,4.042783652043924,-0.1595692346899532,192.42319144408484,offense
39.89999999996371,-0.49098838078068285,0.14377446901551114,193.9650091542193,-5205.48934828765,2183.467243882873,6830.590763978881,-9052.808807127669,1213.1153521473525,6930.7824597792505,3.9771843664960764,-0.15937328950944302,192.43538265194562,offense
39.99999999996362,-0.44459336292169954,0.27229047202049617,194.0978603810441,-5239.11811555577,2174.825094393308,6830.773390178284,-9082.72038579613,1206.4803750510632,6930.607743387285,3.9129672927195562,-0.1591647979876963,192.4473855489509,offense
40.09999999996353,-0.30657557470948027,1.0943639261320968,193.90952521280818,-5272.794569137292,2166.1797512938174,6830.869628262958,-9112.631168797652,1199.8403777374917,6930.432886415238,3.8500968569884795,-0.1589436187065295,192.45919866640946,offense
40.19999999996344,-0.15240319664587335,0.9475441477987352,193.95291743801567,-5306.521964259609,2157.5368741620046,6830.903472494156,-9142.541169245062,1193.1954414476654,6930.257891847119,3.788447671981517,-0.15871153516404624,192.47082373658677,offense
40.29999999996335,-0.07929092001404353,-0.0071177856390188705,193.98037658676358,-5340.2816474847605,2148.9090117367396,6830.93648530013,-9172.450400243482,1186.545645723895,6930.082761522389,3.7279666709344803,-0.1584705595893872,192.48226469200677,offense
40.399999999963256,-0.12260301888766122,-1.1503799247712527,193.96812751091974,-5374.050439534995,2140.30206571238,6830.9946396935375,-9202.3588748197,1179.8910684633809,6929.907496494761,3.6686475032864467,-0.15822168889346622,192.49352526905056,offense
40.499999999963165,-0.25563703796756515,-0.28389726490910017,193.707800426138,-5407.808786812252,2131.73815866539,6831.153223910219,-9232.266605669569,1173.2317859141165,6929.732098095006,3.6104900152538786,-0.15796588882939752,192.50460794708866,offense
40.599999999963075,-0.36850168630561847,1.3306849250582549,193.3547334012196,-5441.562296912941,2123.250521215453,6831.464783615255,-9262.173605804772,1166.5678728377807,6929.556565287576,3.5535600896996367,-0.15770402288910731,192.51551809681447,offense
40.699999999962984,-0.369910294883702,1.6763301311747758,193.39633811252713,-5475.33235580629,2114.8318191003536,6831.873745232911,-9292.079889310304,1159.8994023597738,6929.380891453824,3.4980991331875213,-0.15743565632296905,192.52626281126152,offense
40.79999999996289,-0.2665320381538144,2.6812957426660047,193.2035694492927,-5509.1495103858715,2106.4583978928554,6832.330541884983,-9321.985469767555,1153.2264453635057,6929.205070772204,3.444323929029634,-0.15715824169597523,192.53684300431024,offense
40.8999999999628,-0.13497515933396434,2.4738621979897495,193.26631302949644,-5543.02681748016,2098.102893820362,6832.8002132326665,-9351.890359517303,1146.5490703807197,6929.029101084191,3.3922979344724626,-0.156871081485391,192.54725911933713,offense
40.99999999996271,-0.07652036071572287,1.7557878224865755,193.27902764367315,-5576.937350389493,2089.76883796641,6833.334218565676,-9381.79456951185,1139.8673434109755,6928.852984171334,3.34197065311516,-0.15657455547717208,192.55751078686413,offense
41.09999999996262,-0.051762485249385363,0.7881273916848641,193.42421695745662,-5610.8708622751,2081.458740292705,6833.938782153207,-9411.698109970366,1133.1813281751736,6928.676723009697,3.2932517093537372,-0.15627047702983016,192.56760165041206,offense
41.19999999996253,-0.02097136681165138,-0.4712270155163868,193.44520804368173,-5644.833207036548,2073.146747760732,6834.483756720373,-9441.600990681902,1126.4910860798227,6928.500320395938,3.246097221286699,-0.15596032499048734,192.57753501427197,offense
41.29999999996244,-0.09093666169531749,-0.09627692832765863,193.32023277851656,-5678.800929587288,2064.84590701491,6835.0161867952465,-9471.503219890916,1119.7966762716353,6928.323783654964,3.2003441850957266,-0.15564546493181974,192.5873107975568,offense
41.39999999996235,-0.1766778489603043,1.1044635192826595,193.247260865982,-5712.770911779644,2056.575776688325,6835.658468328292,-9501.404805641592,1113.0981561778917,6928.1471191851415,3.1558562618854666,-0.15532934936007542,192.5969347500645,offense
41.499999999962256,-0.17125054567730158,0.4302782736300529,193.52903496391528,-5746.756895594551,2048.327512399108,6836.339307957011,-9531.305756457528,1106.395581481484,6927.970329650278,3.112654943479063,-0.15501330079026057,192.60641282962806,offense
41.599999999962165,-0.13542658380158382,-0.7022888038026565,193.7024944145917,-5780.771388875598,2040.071386729752,6836.928588940404,-9561.206080177746,1099.689006073909,6927.793418965468,3.0707274925236923,-0.15469767311285687,192.6157471257013,offense
41.699999999962074,-0.18796272901648334,-0.09977409753248392,193.50488679970547,-5814.794339877289,2031.829143437772,6837.490202001876,-9591.10578323212,1092.9784821438998,6927.616395329932,3.0299252140968362,-0.15438389638560948,192.624937316731,offense
41.79999999996198,-0.2668696224246276,1.2632008739525635,193.25580608815983,-5848.817547582009,2023.63593727062,6838.159792875892,-9621.004872385447,1086.2640606613547,6927.439264076964,2.9901683482625163,-0.15407465871808912,192.63399053343284,offense
41.89999999996189,-0.2615280097582102,0.7046073433095235,193.55541626500232,-5882.856920977835,2015.4776120746606,6838.87647930707,-9650.90335558629,1079.5457911920685,6927.262024102888,2.951605093981374,-0.15377011992156128,192.6429143010905,offense
41.9999999999618,-0.22732178687026625,-0.5661708572576044,193.85653178600148,-5916.921942292446,2007.3118300666397,6839.509559916446,-9680.80123997745,1072.823721591256,6927.084676292235,2.9143145378013084,-0.1534685133448334,192.65170913217815,offense
42.09999999996171,-0.28205718448147665,0.019463212630603407,193.59008513372493,-5950.995040480475,1999.1644200240044,6840.117273862419,-9710.698530752796,1066.0978980613302,6926.90722824356,2.878139668846953,-0.1531704143514616,192.66037263298662,offense
42.19999999996162,-0.36322647629170385,1.3838785495851236,193.19380709256802,-5985.071729126907,1991.0825625463367,6840.830494596255,-9740.595233672819,1059.3683656683556,6926.72968376636,2.8430103928430834,-0.15287831257832163,192.66891295454954,offense
42.29999999996153,-0.3596596304203607,1.5606596469814178,193.2596703256958,-6019.172454338291,1983.0540935969857,6841.6108131013425,-9770.491356229271,1052.6351680205923,6926.552037953139,2.809162567694291,-0.1525914242077067,192.6773391893718,offense
42.39999999996144,-0.2532019789222432,2.466035472554426,193.08795340222412,-6053.313838830685,1975.0533775536962,6842.40346405339,-9800.386905161546,1045.8983468244446,6926.3742876893075,2.776767084048149,-0.15230645294820372,192.68565167149197,offense
42.49999999996135,-0.11508374977680103,2.3244589284925645,193.1192933231059,-6087.512464539625,1967.053043421127,6843.1615085524145,-9830.28188586695,1039.1579419376958,6926.196434016091,2.7458169777746355,-0.15202283292254729,192.69385058277666,offense
42.599999999961256,-0.049029127977772397,1.7551570405186498,193.07050797578074,-6121.744293759948,1959.0596502651733,6843.943639552474,-9860.17630252511,1032.4139912794383,6926.018481401557,2.716204336731695,-0.15174082665177596,192.70193613517762,offense
42.699999999961165,-0.018201706508352716,0.877823169864176,193.16175371140213,-6155.997298347127,1951.07879167681,6844.770322420711,-9890.070158887092,1025.6665311049671,6925.840434430727,2.6878130515241243,-0.15146199566914478,192.7099127415901,offense
42.799999999961074,0.02042644992626234,-0.6619509361114149,193.10995137015638,-6190.281807050263,1943.0879607358718,6845.508489093948,-9919.96345853576,1018.9155959743283,6925.662296740508,2.6605927085979366,-0.15118709955183082,192.71778406902558,offense
42.89999999996098,-0.044578445580274954,-1.5931510678661596,192.97636206122206,-6224.578684623744,1935.0984962696025,6846.150310838333,-9949.856203841646,1012.1612188751692,6925.484075545666,2.634392856076348,-0.15091677312567486,192.72555052193988,offense
42.99999999996089,-0.20068036043180523,-1.2670129516913438,192.82327160810675,-6258.859769191929,1927.1267994160423,6846.760544728375,-9979.748397124611,1005.4034316488068,6925.305776897112,2.609090977011656,-0.15065334588853924,192.73321744919576,offense
43.0999999999608,-0.3228463797830563,0.6252663413660017,192.4623679679879,-6293.13125207725,1919.191659673621,6847.38129984667,-10009.640040964867,998.6422649235974,6925.127404447649,2.584672184875014,-0.15039729117725056,192.74078918842594,offense
43.19999999996071,-0.3220790464815342,3.005022260394661,191.85269227563475,-6327.419410234299,1911.3096935338078,6848.073508102638,-10039.531138422883,991.8777482957573,6924.948958767281,2.561197245238406,-0.15014866970808682,192.74827188347564,offense
43.29999999996062,-0.21317641738928628,3.1144092527622833,191.9772937130874,-6361.73870932556,1903.4719089359726,6848.811527380712,-10069.42169333847,985.1099101012333,6924.770436043105,2.5388612327560987,-0.14990613264669866,192.755671135896,offense
43.39999999996053,-0.07512548038657402,2.052773884181889,192.23504822301072,-6396.101872415853,1895.6437781443956,6849.531802425966,-10099.311708999596,978.3387771113538,6924.591833657867,2.5178025360568452,-0.14966712019581654,192.762988001376,offense
43.49999999996044,-0.013929637769888353,1.0812419985772275,192.2134310262086,-6430.499809157379,1887.8254070288065,6850.260753504145,-10129.201187082703,971.5643744293502,6924.413154475218,2.4979653016119885,-0.14943083990217734,192.77022064569653,offense
43.599999999960346,-0.06900813778157025,-0.506954850306849,192.15448967914566,-6464.916371955336,1880.021926271736,6851.00111359478,-10159.09012883268,964.7867257232454,6924.234401806185,2.4792584534320827,-0.14919839795009152,192.77737294767397,offense
43.699999999960255,-0.21352501484213082,-1.495199858618071,192.16498547218202,-6499.322863602712,1872.2477398304823,6851.7438591968275,-10188.978535334212,958.0058530759023,6924.05557814312,2.461652164329924,-0.14897006910030022,192.78444797778488,offense
43.799999999960164,-0.37024980927186657,-1.1857490069469723,192.11611984858712,-6533.717648688194,1864.5076189140293,6852.432392048049,-10218.86640752401,951.2217771761026,6923.876685310722,2.4451296034583327,-0.14874606326402362,192.79145011176922,offense
43.89999999996007,-0.43792226488244906,-0.19088540216681932,191.93497854856295,-6568.114063496119,1856.7965720648792,6853.052475121156,-10248.753746280316,944.434517225224,6923.697724042502,2.429723916918675,-0.14852628510338198,192.79838265598985,offense
43.99999999995998,-0.38027868377774104,-0.8043772203340185,192.44588797391032,-6602.52384928149,1849.07589705568,6853.535116359857,-10278.640552027566,937.6440909705094,6923.518695733953,2.4154399663516,-0.14831023095473286,192.805248236198,offense
44.09999999995989,-0.3061855395335457,-1.7512384041062021,192.8065938684546,-6636.971586143663,1841.3026775997364,6853.795941952345,-10308.52682349387,930.850514615667,6923.339607560099,2.4021212813438493,-0.14809823344891296,192.81204421684797,offense
44.1999999999598,-0.33624498655881657,-1.5677155712776267,192.6522472040604,-6671.444457893647,1833.5202054566323,6853.906617062322,-10338.412557579055,924.05380331274,6923.1604731556445,2.3894038452529376,-0.14789307528114834,192.8187695891856,offense
44.29999999995971,-0.37829645948446383,-0.6414987552035871,192.41817245920794,-6705.933674619687,1825.7757939346468,6853.988530869171,-10368.297752725583,917.253971720397,6922.981298549929,2.3771690565663413,-0.1476988305201985,192.82543525336882,offense
44.39999999995962,-0.3188034224519251,-1.3453247434075808,192.85271712420126,-6740.44869249598,1818.032895126287,6853.977946622416,-10398.182409238074,910.4510336882227,6922.802081028048,2.365624625188595,-0.147514343010291,192.83204933621673,offense
44.49999999995953,-0.24868083540417332,-2.343943701644208,193.126094235884,-6774.997738371815,1810.245640290289,6853.765543139023,-10428.066525761522,903.6450020607623,6922.622824197382,2.3547725477201453,-0.1473372020979432,192.8386075068709,offense
44.59999999995944,-0.2851589987744569,-2.169619786485644,192.95431008811494,-6809.569535449286,1802.4474076405322,6853.412769561553,-10457.950098978476,896.8358891317409,6922.443539270685,2.344325841661377,-0.14716921646681647,192.84510704259472,offense
44.699999999959346,-0.35202245551450545,-1.2426778858400311,192.70393772937857,-6844.140676794978,1794.682398499311,6853.042657230467,-10487.833126918506,890.0237069986194,6922.264231086186,2.3341898255823965,-0.14701328352521348,192.85155687662015,offense
44.799999999959255,-0.33223742244337373,-1.400523998291553,192.90466317397787,-6878.723901373339,1786.9250569301876,6852.605165332103,-10517.715609283017,883.208467233679,6922.08489684155,2.324547397199084,-0.14686806218900086,192.85796392786492,offense
44.899999999959164,-0.20818532619319105,-1.8008333924893505,193.15567496616265,-6913.354251955733,1779.1325790640424,6852.00336833624,-10547.59754469178,876.3901807128166,6921.905537929997,2.3154365977744025,-0.1467309735312819,192.86432546316433,offense
44.99999999995907,-0.05796305710739263,-3.1829150611336816,193.37862366474837,-6948.0321352505325,1771.2917171584336,6851.16313579883,-10577.478930280595,869.5688578940778,6921.726161640099,2.306668249770373,-0.1466026366393075,192.87063922826042,offense
45.09999999995898,0.09546773231909247,-4.053007273635103,193.47181163702385,-6982.7443988046125,1763.4289343125106,6850.085392942742,-10607.359762779772,862.7445089981178,6921.546776481056,2.298021107170701,-0.14648485840978054,192.8769064286893,offense
45.19999999995889,0.31224645224596725,-3.486099126156896,193.6659685972478,-7017.508043858772,1755.5573302639477,6848.7328680581695,-10637.240039927958,855.9171442845436,6921.367386444042,2.289420132139976,-0.14637905828035444,192.88313336185246,offense
45.2999999999588,0.4949418995289578,-2.361698336195744,193.9368059483265,-7052.326153132591,1747.6758742917702,6847.217873213446,-10667.119760338346,849.0867739302058,6921.187991723219,2.280932247335242,-0.14628437269109243,192.88932359988524,offense
45.39999999995871,0.5571210724375907,-2.4180084988515973,193.68185856861302,-7087.167257302305,1739.741547388892,6845.679385639358,-10696.998922608262,842.2534080847727,6921.0085927057835,2.272593542470866,-0.14619934659889866,192.89547819215497,offense
45.49999999995862,0.5787753601494239,-1.081097247092109,194.53769174206477,-7121.988523014942,1731.6881465703466,6844.236944057063,-10726.877523440704,835.417056756977,6920.829197827131,2.2641965730770144,-0.14612342659898647,192.90159041528727,offense
45.59999999995853,0.6895095515888695,1.0589973519591243,196.14364973993253,-7156.794770088165,1723.4658657680893,6842.935156996885,-10756.755556490825,828.577730430256,6920.649828531718,2.255119107916748,-0.14605992737971066,192.90765190047213,offense
45.699999999958436,0.8213766118100185,2.027194739156784,196.99540154610364,-7191.594950956656,1715.0220432653448,6841.793887073878,-10786.6330139152,821.735440999364,6920.470512926933,2.2445723380680884,-0.1460162665773247,192.91365980332907,offense
45.799999999958345,0.8763953241484874,1.680358308899908,196.4958933345158,-7226.355546790199,1706.2876455097837,6840.845678929005,-10816.509886585736,814.8902027175507,6920.291285471973,2.2316620834332404,-0.14600003256300947,192.91960985302825,offense
45.899999999958254,0.819385796698931,0.6135557068858856,195.12700581342418,-7261.052642229553,1697.2692769462697,6840.077446729696,-10846.386163211071,808.0420336473653,6920.112191632131,2.215226576520009,-0.14602093478919487,192.92549371093293,offense
45.99999999995816,0.676847128756138,-0.45765744698952926,193.9282470776036,-7295.684282213214,1688.0369561553086,6839.458543710378,-10876.26183402077,801.1909576906077,6919.9332735616745,2.194232556537851,-0.14609116984487996,192.9313162596673,offense
46.09999999995807,0.49328351546403465,-0.9789364937323324,193.53861482984368,-7330.283123723842,1678.69279621557,6838.923981145075,-10906.136894332798,794.3370055717317,6919.754556238639,2.168251932421737,-0.14621758696068482,192.93708854722243,offense
46.19999999995798,0.3052249548696356,-1.007918380902255,193.52343925050735,-7364.8727201939655,1669.3007507425182,6838.433579659439,-10936.011346108697,787.4802154259288,6919.576042335919,2.1375029302407014,-0.14639949875403008,192.94282431610355,offense
46.29999999995789,0.12043946479168233,-0.24269292159324743,193.78979886468136,-7399.453884002679,1659.873138665154,6838.039036807618,-10965.88519653729,780.6206321835501,6919.397718868295,2.1026071082914073,-0.14662883703401638,192.9485268731471,offense
46.3999999999578,-0.06264744573705051,-0.7746313153396535,193.8139578089607,-7434.037329864294,1650.439012692825,6837.759025677664,-10995.758455262025,773.7583069718709,6919.219569201154,2.064112588707305,-0.14689471849438232,192.95419084052494,offense
46.49999999995771,-0.24848694553094727,-0.9533606909190978,193.83440158201375,-7468.629467409741,1641.0403882606458,6837.578359136761,-11025.63113516941,766.8932963934934,6919.041569352266,2.0226084975444727,-0.1471875139380499,192.95981500356268,offense
46.59999999995762,-0.40515297060457284,0.7006950506630802,193.3925857782312,-7503.230284881434,1631.7238347078708,6837.530652171833,-11055.503252672612,760.0256612451741,6918.863686252249,1.9788466166733318,-0.1474947575382115,192.96539844525773,offense
46.69999999995753,-0.4714627947599676,2.7679519352565594,192.68320249841096,-7537.858982893495,1622.5448194061507,6837.687716521937,-11085.374827241536,753.1554653285979,6918.685879216129,1.9336850224460589,-0.14780297964937822,192.97094032846852,offense
46.799999999957436,-0.41874438188896757,2.557987528160222,193.01119971749412,-7572.536967794233,1613.486978462874,6837.999344805864,-11115.245881630472,746.2827740198436,6918.508098217437,1.8881609906901287,-0.14809750565663854,192.97644163682054,offense
46.899999999957345,-0.33201933850797866,0.9674217031255726,193.70986556330084,-7607.27259212638,1604.4695991806618,6838.325579737053,-11145.116438477296,739.4076525050222,6918.3302973014925,1.8431336922751096,-0.148362471526276,192.98189116770203,offense
46.999999999957254,-0.24136051091344576,-0.7822482976136356,194.41297763829144,-7642.054655142086,1595.4635318652163,6838.575798418835,-11174.986516850777,732.5301650218289,6918.152448292781,1.7988412601016803,-0.14858791605042398,192.98727093738245,offense
47.09999999995716,-0.05721452586675387,-1.8360481782175553,194.81595230556945,-7676.8953263194935,1586.4126895811444,6838.5880765007,-11204.856134196503,725.650374654425,6917.9745315068185,1.7552547728088126,-0.14877151223565313,192.99257424167592,offense
47.19999999995707,0.19347553886298113,-1.64636864902225,194.98240207576546,-7711.7889627947325,1577.3328055350585,6838.324950942993,-11234.725305519032,718.7683428489674,6917.796538467336,1.712146983771708,-0.14891214377093964,192.99778966486448,offense
47.29999999995698,0.39497134890991326,-0.7765479161843558,195.07039031173693,-7746.721630456704,1568.2469018778615,6837.902748240164,-11264.594045654463,711.8841302632976,6917.618462355844,1.6692848358816443,-0.149013692590673,193.0029198217666,offense
47.39999999995689,0.4625087637553469,-1.5839120878774133,194.50555689099787,-7781.667100240431,1559.1417081246566,6837.434439387667,-11294.462370237867,704.9977963426502,6917.440293534485,1.6267104828083634,-0.1490776883410144,193.0079645505883,offense
47.4999999999568,0.4908300139160876,-2.4247054251418185,194.1420293152058,-7816.620849439135,1550.0086058840313,6836.932824873707,-11324.330293398181,698.109399787442,6917.262029666465,1.5843018326818528,-0.14910532947408037,193.01291843969972,offense
47.59999999995671,0.6155046051396175,-1.534315400282994,194.8265712839663,-7851.600660490945,1540.8635269631886,6836.331083238745,-11354.197828654578,691.2189988630967,6917.083671679465,1.541899743024331,-0.14910147303296198,193.01777907206707,offense
47.69999999995662,0.7549299668448252,0.4130095182683398,196.32571082644552,-7886.612605193082,1531.665566992928,6835.680591389716,-11384.064990202645,684.3266515435989,6916.905218256336,1.4994786377789593,-0.14906956863149756,193.02254861827097,offense
47.799999999956526,0.801908173444968,1.9002449372806474,197.57843079478636,-7921.593325562232,1522.2593044248422,6835.167245135906,-11413.9317905361,677.4324154408093,6916.726675812481,1.456868677302049,-0.14901257749350344,193.02721814619397,offense
47.899999999956435,0.7323409613968382,1.7707947007629365,197.2728303883554,-7956.488289493309,1512.5466430407328,6834.890809476981,-11443.798234877606,670.5363487916904,6916.548082349754,1.4129904869630825,-0.14893812255978225,193.0317605960763,offense
47.999999999956344,0.5759184377057679,1.0073924537347487,196.4753652389739,-7991.286725944855,1502.5643837295574,6834.857191085923,-11473.664324088488,663.6385127870057,6916.369495345572,1.366189795166487,-0.14886601902570268,193.036165437193,offense
48.09999999995625,0.44994069115295915,0.29675483642451506,196.1569460537845,-8026.040646152765,1492.4379210814723,6834.969742337287,-11503.530061878371,656.7389729725213,6916.1909615925915,1.315321045728791,-0.14881538992833665,193.04044294993236,offense
48.19999999995616,0.3597405369609455,-0.5284608077271559,195.73166162738423,-8060.795590687122,1482.2475000620861,6835.100812725342,-11533.395459186904,649.8378002634898,6916.012500042916,1.2602060528098509,-0.14879610803437987,193.04461424927374,offense
48.29999999995607,0.18975976106751496,-1.843722796224965,195.21065961945047,-8095.543733390891,1472.034618447659,6835.230901594002,-11563.260532536377,642.9350708900796,6915.83411006409,1.201303327366714,-0.14880690898811266,193.0486863357942,offense
48.39999999995598,-0.0054468535030542335,-2.560999424549147,195.07285149682997,-8130.290201834934,1461.836708243441,6835.288945606247,-11593.125301526452,636.0308665147796,6915.655782955018,1.139148071598407,-0.1488424078900584,193.0526584668026,offense
48.49999999995589,-0.1977932594098374,-1.7147088396021406,195.01944603801994,-8165.033791761904,1451.6660547093347,6835.282120592469,-11622.989789118985,629.1252733973363,6915.477500413084,1.0744045583026165,-0.14889592973689056,193.05652979657333,offense
48.5999999999558,-0.3161592638607276,-0.3254075075542016,194.91670845088112,-8199.776308038861,1441.544725437763,6835.306421712944,-11652.85402016212,622.2183813282014,6915.299240419284,1.0077067803002016,-0.14895778145063895,193.06029436064873,offense
48.69999999995571,-0.38892093680752665,-0.18204222056446923,194.8986371783704,-8234.535271604924,1431.4758803214806,6835.3644201497555,-11682.718021412715,615.310282797335,6915.120976584193,0.9396624070297813,-0.14901956087012513,193.06394922954766,offense
48.79999999995562,-0.4406796346510334,0.9755730836269352,194.56272170784652,-8269.330661484957,1421.5187333561973,6835.546808976066,-11712.58182078815,608.4010717910819,6914.942680618751,0.8708614613269648,-0.14907152246275435,193.06748811375644,offense
48.899999999955526,-0.4645697304704576,1.4377854060172566,194.34022553737134,-8304.173510730763,1411.667274632746,6835.8544037625525,-11742.44544909541,601.4908429877414,6914.764314401874,0.8020670276470305,-0.1491048296628154,193.07091570644656,offense
48.999999999955435,-0.5014730711415338,2.206175344056928,194.05750867451957,-8339.059330972901,1401.9778312006065,6836.352761712027,-11772.308937315205,594.5796900813975,6914.585840708363,0.7340391431616927,-0.14910733257875122,193.07422213495124,offense
49.099999999955344,-0.4393494847172423,1.37532449021766,194.6883606124646,-8374.000672300333,1392.3864812426636,6836.94240528684,-11802.17231788047,587.6677054723305,6914.407217352158,0.6675280243710303,-0.14907053865000772,193.07741247029693,offense
49.19999999995525,-0.3486624289262629,0.100468035307604,195.27675074192598,-8408.99570524798,1382.7979806234769,6837.4695901945,-11832.035620568306,580.7549783409826,6914.22841338493,0.603068629494304,-0.14898429063158428,193.08046800652568,offense
49.29999999995516,-0.34927851312935926,0.5846630128162646,194.99892069837918,-8444.01916357566,1373.2404910156285,6837.979636138764,-11861.898869401679,573.8415957121522,6914.049422403771,0.5403343095700912,-0.1488472561521533,193.08337329082045,offense
49.39999999995507,-0.3791191345446713,1.8443581048252056,194.59303151126156,-8479.068390871655,1363.7695220601188,6838.601832349375,-11891.76208885947,566.92764177266,6913.870234385902,0.47921710426890607,-0.14866552155109583,193.08613369791473,offense
49.49999999995498,-0.40364999201845675,1.7188975452163768,194.5697600224598,-8514.150235168143,1354.3673334819186,6839.320065712157,-11921.625304739342,560.0131973562687,6913.690831935945,0.4199892590564385,-0.1484379116301403,193.0887561259816,offense
49.59999999995489,-0.513454442034589,3.1247753921466432,193.77460217457147,-8549.23936949943,1345.1043201373175,6840.230219840098,-11951.488540949875,553.0983400147513,6913.511204079598,0.36282369746679,-0.14816438910133592,193.09123494522953,offense
49.6999999999548,-0.5816275061806001,5.670267127442197,192.37121047769847,-8584.34533765238,1336.057656460326,6841.425757477418,-11981.351822747287,546.1831440975322,6913.331332156572,0.3080948385167207,-0.14784648937272427,193.09358212467703,offense
49.79999999995471,-0.5340500575680599,5.765907716863821,192.45499850238093,-8619.482419401364,1327.2117723033161,6842.865807367945,-12011.2151779034,539.2676790731936,6913.15118380715,0.256714456507915,-0.14748053927497878,193.09580702966358,offense
49.899999999954616,-0.45321435639505997,4.281461615040672,193.26958386934717,-8654.666847097214,1318.4652932814513,6844.420725461662,-12041.078631784663,532.3520092056979,6912.970734171385,0.20935404685399894,-0.14706005137892145,193.09790432461142,offense
49.999999999954525,-0.37007367292448606,2.97349253449846,193.96789599063786,-8689.905387838291,1309.7740871627102,6846.018207989225,-12070.942203839202,525.436193470396,6912.789980080184,0.16601526864426985,-0.14658616926854068,193.09985882436848,offense
50.099999999954434,-0.2960043164435843,1.5799337312202015,194.37045581732747,-8725.18546622665,1301.0728723866564,6847.5435188001575,-12100.805909804241,518.5202857295525,6912.608929652149,0.12635576137688304,-0.14606645012574276,193.1016701690554,offense
50.19999999995434,-0.24692640996582593,0.146540578959915,194.8601877223698,-8760.486247087652,1292.3594964787194,6848.939968510876,-12130.669761123901,511.60433456798324,6912.427604026294,0.08983197636306775,-0.14551021250132612,193.10333163089842,offense
50.29999999995425,-0.0968440290034715,-1.0149073057848108,195.22419985084167,-8795.826615735155,1283.5777331731654,6850.048091297445,-12160.533766962228,504.6883846098143,6912.246029041341,0.055800762238254094,-0.14493022666385535,193.10485100618058,offense
50.39999999995416,0.12897931335818918,-1.7762899155839404,195.33715579515294,-8831.220020276327,1274.7325809511585,6850.7659933986515,-12190.397933457063,497.7724767317288,6912.064238285584,0.023612140952768895,-0.1443382809216271,193.10622453564844,offense
50.49999999995407,0.3204943990306934,-1.7147165948866991,195.22582705705412,-8866.662576980081,1265.8721408570627,6851.139446935452,-12220.26226556771,490.85664987155604,6911.882266173935,-0.007422482397324827,-0.14374772403047392,193.10746310669936,offense
50.59999999995398,0.4662316543315041,-0.2407033495018167,195.77302449535324,-8902.13731445697,1257.002104407354,6851.346872492088,-12250.126770142197,483.9409406784474,6911.700134482411,-0.0374554216203434,-0.14316871084190416,193.10857930306003,offense
50.69999999995389,0.6055320725647491,1.566595384464635,196.62007079898578,-8937.64594990959,1248.0647273726465,6851.513741564852,-12279.991453330842,477.02538447339253,6911.517864761066,-0.06663054782808775,-0.14260500604586257,193.10957679406576,offense
50.7999999999538,0.6455367680790977,1.289740998744149,196.14425762518067,-8973.14814479245,1238.9864519669966,6851.762465285424,-12309.856318584547,470.11001601026544,6911.335487255377,-0.09537768668145165,-0.1420638065174209,193.1104503444723,offense
50.89999999995371,0.5630446521687911,0.4259192026665863,195.26051299830286,-9008.612034791811,1229.747224086263,6852.128932064366,-12339.72136569076,463.1948706394872,6911.153045558247,-0.12457300307586834,-0.1415539087052187,193.11119306681005,offense
50.999999999953616,0.3897410302011873,-0.013843740013159318,194.82624806531243,-9044.028892080774,1220.372443865947,6852.619856107361,-12369.586593612432,456.27998521738925,6910.970584581998,-0.15514166752706207,-0.14108808937634926,193.11180882054953,offense
51.099999999953525,0.19144924326091078,-0.43377942291226046,194.61188841566374,-9079.431329132867,1210.9382442780836,6853.149435769147,-12399.452003082486,449.36539867205465,6910.7881400507395,-0.18768717069746652,-0.14067469000204388,193.1123071642939,offense
51.199999999953434,-0.007712201944445129,-0.34498602576364756,194.5508278748008,-9114.830229561685,1201.486380101099,6853.682050732354,-12429.317599239606,442.4511524491418,6910.605728085852,-0.22225208574862274,-0.14031731484113802,193.1127052380665,offense
51.29999999995334,-0.20213745138399408,1.4946395487938409,194.36952162904922,-9150.21913159802,1192.0451268744648,6854.298260719058,-12459.183390271062,435.5372903855943,6910.423352031291,-0.25852087184798234,-0.14001157423664068,193.1130085154481,offense
51.39999999995325,-0.3250463350777918,3.708400883952658,193.984622447828,-9185.602662111793,1182.6697996593227,6855.138115438414,-12489.049386225619,428.6238590337603,6910.241008428419,-0.2961570362679006,-0.1397515514916082,193.11322075151634,offense
51.49999999995316,-0.32297422944080384,3.5993335632876766,194.19446308165976,-9220.99464242769,1173.3721344528242,6856.155705836508,-12518.915600623402,421.7109066485523,6910.058679783074,-0.3345351210735994,-0.13952918994720598,193.1133497667649,offense
51.59999999995307,-0.2894565241705981,2.0427133599951786,194.6415790340984,-9256.417485577933,1164.1004692209365,6857.207580562029,-12548.78204826715,414.7984823447773,6909.876344100094,-0.37300431304795306,-0.1393322352564714,193.11339404425203,offense
51.69999999995298,-0.25997972106283895,0.7151796194884537,195.12294492748143,-9291.875265981153,1154.8406662442987,6858.217131303916,-12578.64874215624,407.8866359595182,6909.69398821486,-0.4113207345839626,-0.13915146614084556,193.11334356772642,offense
51.79999999995289,-0.21449134636626815,-0.16389580237351614,195.26085131376436,-9327.360395875017,1145.548640391476,6859.069342301444,-12608.515694849406,400.9754176503003,6909.511601337013,-0.44942258169947874,-0.1389818904641044,193.11319731019594,offense
51.8999999999528,-0.18360555532245806,-1.429016016446725,195.6067362786718,-9362.863060039977,1136.2317663210433,6859.723642109809,-12638.382917178724,394.06487744574963,6909.329180274752,-0.4874377110215601,-0.1388190277798764,193.11294676827598,offense
51.999999999952706,-0.04461953000148428,-2.126779944093902,195.84917078580105,-9398.387909692645,1126.8559849139388,6860.053446789265,-12668.250419874375,387.155065718855,6909.14672254935,-0.5255723928254966,-0.13866223844611075,193.11259576993348,offense
52.099999999952615,0.17319904607689104,-1.7456687727240259,195.97023635001295,-9433.939021758993,1117.4417961571316,6860.0367784968585,-12698.11821265055,380.2460328327916,6908.964230162635,-0.5640405440719125,-0.1385099614498172,193.1121377756047,offense
52.199999999952524,0.35779581711258174,-0.855385367903837,196.01239074653532,-9469.528913164631,1108.0145762970303,6859.802739167941,-12727.98630575948,373.33783005340143,6908.781703484774,-0.603067095624237,-0.13836290553728395,193.11157958998828,offense
52.29999999995243,0.414144316451969,-1.6963525319665098,195.43168732800487,-9505.136919456621,1098.56740241364,6859.481072101557,-12757.85471130722,366.4305086924337,6908.599135156793,-0.6425201666308268,-0.13821955617701578,193.11092452259734,offense
52.39999999995234,0.33833824822381353,-2.7195204313288976,194.77796994622534,-9540.74748871531,1089.084671144284,6859.121360890004,-12787.723440687689,359.5241209135221,6908.416522148127,-0.6824217561903863,-0.13807626179546734,193.11016960426858,offense
52.49999999995225,0.16090337898417179,-2.8965985012230187,194.5364337326578,-9576.336627627767,1079.5777898638041,6858.744650097218,-12817.59250474119,352.618719795475,6908.233864842564,-0.7228951518752161,-0.13793366175430458,193.1093117023169,offense
52.59999999995216,-0.03784314653674275,-1.3538754873966485,194.6124393817028,-9611.906042020855,1070.0656109527183,6858.354577361128,-12847.461914762796,345.71435935680944,6908.051162698487,-0.7640352715247738,-0.13779126468394715,193.10835250944885,offense
52.69999999995207,-0.16256192579052992,0.606684082931025,194.6180990034213,-9647.461974516878,1060.562005124437,6858.067728267378,-12877.331683214441,338.8110943044324,6907.8684110479835,-0.8057792330779493,-0.13764868858464135,193.1072945682458,offense
52.79999999995198,-0.24359290805621014,1.1563209904562857,194.46997401368313,-9683.026478533871,1051.0841676192292,6857.910478261364,-12907.201823387984,331.90898004012,6907.685602770532,-0.8479884348704894,-0.13750335361948426,193.10613908847273,offense
52.89999999995189,-0.30466580848222236,2.678595747313903,194.14163943362178,-9718.59689077927,1041.6979208463774,6857.998024037308,-12937.072349722072,325.0080724103249,6907.502726854357,-0.8904214969317561,-0.137352967624804,193.10488837464703,offense
52.9999999999518,-0.2510634018591693,2.5076195345873256,194.33319903852217,-9754.194830175848,1032.383786876468,6858.27234449899,-12966.943279589195,318.1084269109895,6907.319760332341,-0.9325073799705516,-0.13719267915554884,193.1035517542567,offense
53.099999999951706,-0.16690089874920144,0.8009102707791832,194.71217044527978,-9789.844189961443,1023.0764314917405,6858.568743831933,-12996.814629743993,311.2100981468432,6907.136683647171,-0.9737483147364726,-0.13701492195327972,193.1021213274741,offense
53.199999999951615,-0.17311292042529694,0.9705497815077951,194.55640963525317,-9825.522205481302,1013.7880839338417,6858.91777872954,-13026.686413667177,304.31314053465377,6906.953492280821,-1.0142011175495314,-0.1368174961677151,193.10058638529412,offense
53.299999999951524,-0.2083413803695577,0.5176908752959936,194.70774867001936,-9861.221867674125,1004.5367366385769,6859.364362141237,-13056.558645006578,297.41760747671054,6906.770180620668,-1.0538885774355442,-0.13660261714666544,193.09895027007994,offense
53.39999999995143,-0.23825532876075642,-0.9759155657372917,194.93150076852262,-9896.945574432553,995.2858677881594,6859.77753905392,-13086.431337863323,290.5235507600472,6906.586740428889,-1.0926660026300221,-0.1363690018068898,193.097214978641,offense
53.49999999995134,-0.3566861024791318,-1.3377542373103866,194.91261641331465,-9932.6713107143,986.0558439132898,6860.144826766357,-13116.304504148173,283.6310211501264,6906.40317260364,-1.1306307019294224,-0.1361170500698042,193.09537364308463,offense
53.59999999995125,-0.487242100165405,0.05035980365151111,194.28402383397807,-9968.394214375978,976.8655310282613,6860.496271561835,-13146.17815592796,276.74006841194773,6906.219476646451,-1.1678544793884102,-0.13585008984497188,193.0934317948455,offense
53.69999999995116,-0.5526753047051162,1.7873358294666348,193.4819168304718,-10004.134048493837,967.7694447226063,6860.931247315407,-13176.052305927165,269.8507406210985,6906.0356480892515,-1.2041867498126682,-0.13556849778145744,193.09139191161645,offense
53.79999999995107,-0.5854039376365616,2.1681282917431317,193.1677604115741,-10039.90365602512,958.777415610437,6861.462559674847,-13205.926968729218,262.96308410648504,6905.851673379091,-1.2392390210984006,-0.1352713222147421,193.08926500905767,offense
53.89999999995098,-0.6321718463968721,3.427920367951048,192.36074001628066,-10075.717460248847,949.9743387965764,6862.176698559854,-13235.802159202542,256.07714261288555,6905.667536392317,-1.2724760454002402,-0.13495453364072227,193.08705015493194,offense
53.99999999995089,-0.574906918329162,3.29404621928669,192.604702816972,-10111.58564369784,941.3166347873293,6863.023746406192,-13265.677894922626,249.19295677662956,6905.483207655573,-1.3030948485328242,-0.13461374322507805,193.08476394283164,offense
54.099999999950796,-0.48909377369502577,1.7345770522155728,193.5302343175398,-10147.504064761,932.6913193909432,6863.863896782238,-13295.55419119559,242.31056280810995,6905.298665328124,-1.3303947719540803,-0.1342409279767706,193.08239311035078,offense
54.199999999950705,-0.40505574951193224,0.7038417403146517,194.14591673653473,-10183.4785884792,924.0699077246369,6864.6405426088395,-13325.431056164743,235.4299944610905,6905.113917082331,-1.3547365128723834,-0.133836828420984,193.07992155996376,offense
54.299999999950614,-0.3320884781774077,0.32031452667353427,194.2072289102628,-10219.498277467845,915.4116515299929,6865.293127188734,-13355.308495979694,228.5512818100141,6904.928975418565,-1.3765600179112978,-0.1334115561702943,193.07735210581586,offense
54.39999999995052,-0.379880142146711,1.7048582184106604,193.53372067645574,-10255.535040598214,906.7899955523952,6865.962136315692,-13385.18651376389,221.67445157435165,6904.743862272942,-1.3964223760547583,-0.13297106830970234,193.07468164069925,offense
54.49999999995043,-0.4350038458599438,3.5495444919365675,192.8251418026827,-10291.577390793567,898.2894898764432,6866.8350686955755,-13415.065114328569,214.79952741933243,6904.558588281397,-1.4145268860357942,-0.13252557911710652,193.07193040013325,offense
54.59999999995034,-0.3794753867909751,3.1852906712146924,193.11055895582464,-10327.63189593141,889.8844153572406,6867.861253611311,-13444.944305754616,207.92652865734064,6904.37314570798,-1.430340815844895,-0.13207471084926034,193.0691133812153,offense
54.69999999995025,-0.29605549287180555,1.5478790557962059,193.6581591065305,-10363.714312518669,881.4956011389514,6868.891551287002,-13474.824093657022,201.0554715853956,6904.187534766162,-1.4435983690235634,-0.13161614726929968,193.0662262635014,offense
54.79999999995016,-0.2137740777804985,-0.07462201461054943,194.189155684625,-10399.8280360705,873.0989988403738,6869.841969087607,-13504.704479251475,194.1863701833777,6904.001771885035,-1.454585320122004,-0.13115421650228473,193.06326029895067,offense
54.89999999995007,-0.04803641555961357,-0.9837140699588188,194.4627115843017,-10435.990181857065,864.641760026293,6870.545675298411,-13534.585461874369,187.31923599405616,6903.815877992419,-1.4637403467229317,-0.13069643082261231,193.06021938302848,offense
54.99999999994998,0.18705870599885505,-0.7179671369384278,194.57763012773455,-10472.207348867143,856.135711957295,6870.944828171576,-13564.467038127654,180.45407837460922,6903.629882151765,-1.4716337903749497,-0.13025013462639673,193.05710005380587,offense
55.09999999994989,0.3777735619493246,0.0981050125593924,194.59384535747816,-10508.46562956624,847.6076653398106,6871.1639332603545,-13594.349204341974,173.59090541007242,6903.443811203278,-1.478799349441678,-0.12982449363594492,193.05391362655047,offense
55.199999999949796,0.43332997632640646,-0.8133359313189509,193.95402252966176,-10544.738456149487,839.0468954535152,6871.327087489012,-13624.231958015356,166.7297234692695,6903.257683433676,-1.4853916565711671,-0.12942462238397517,193.0506683159734,offense
55.299999999949705,0.3547760986730702,-1.8626163823227806,193.25746688332333,-10581.008556895247,830.4389739443174,6871.474986426088,-13654.115295407237,159.87053858392107,6903.071520354411,-1.491693035028378,-0.12905301913496645,193.0473650434556,offense
55.399999999949614,0.17392852783728507,-2.0435119338986363,193.00657507429233,-10617.253139793957,821.8008909995378,6871.616293827823,-13683.999212014398,153.0133569056862,6902.885344773638,-1.4980578865518661,-0.12871491190489817,193.04400559060227,offense
55.49999999994952,-0.026015066272769092,-0.46364689283446336,193.1016504755261,-10653.475644399676,813.1549125473822,6871.747439062554,-13713.883704058411,146.1581848390187,6902.699174598832,-1.504724306210429,-0.12841308677483024,193.04059697639588,offense
55.59999999994943,-0.15042309328073364,1.4750774472930548,193.13169744627905,-10689.680185210143,804.5146043225183,6871.988662040699,-13743.768769152739,139.3050289917343,6902.51302018092,-1.5117164473472855,-0.12814838998955114,193.03714608776428,offense
55.69999999994934,-0.2318786304133877,2.014906250275544,192.98119322431637,-10725.892867950553,795.8973711845925,6872.365701492567,-13773.654405823047,132.45389641237105,6902.326887031469,-1.5189667747330047,-0.1279186783595805,193.03365722545152,offense
55.79999999994925,-0.29318743796909336,3.573476611701598,192.66331152038575,-10762.1082247235,787.369260585466,6872.9962676285595,-13803.540613952304,125.6047944416463,6902.140774076325,-1.5262856283131934,-0.12772110803328104,193.03013609611094,offense
55.89999999994916,-0.23762767920257008,3.352734544998472,192.8681522701901,-10798.33332133639,778.9140310707563,6873.8189788846585,-13833.427396653233,118.75772984712128,6901.954665387136,-1.5331182936274999,-0.12754943136663033,193.02659511718375,offense
55.99999999994907,-0.15214331950977253,1.4617328500127598,193.247027033758,-10834.592325540852,770.4672430987105,6874.659549809844,-13863.314756539754,111.91270853457877,6901.768546868197,-1.5389859915516722,-0.12739414864757212,193.0230283875684,offense
56.09999999994898,-0.16039510211187819,-0.27507307253018837,193.36714951411938,-10870.883876333999,762.0229581154596,6875.465187399933,-13893.20269301943,105.06973642774436,6901.582418401417,-1.5439810591068506,-0.12725112458276358,193.0194269802148,offense
56.199999999948886,-0.19851780982448958,-1.629673792138662,193.66870425211857,-10907.18808245751,753.5856471824071,6876.182630534559,-13923.091205228347,98.22881862267299,6901.396279985664,-1.5482301909064669,-0.1271205152990369,193.01579390598675,offense
56.299999999948795,-0.23002158873260847,-2.2067351396148194,193.68760790121223,-10943.495276682685,745.1207928976952,6876.6936687125,-13952.980292186236,91.38995904937691,6901.2101310214075,-1.5517882600369373,-0.12700005548016427,193.01213092725203,offense
56.399999999948704,-0.2780671392698992,-1.2406769452129183,193.51347256007105,-10979.790799339073,736.6591826052397,6877.066988845379,-13982.869950873848,84.55316123098713,6901.023979161707,-1.5549401715710818,-0.1268896799032997,193.00843334537015,offense
56.49999999994861,-0.307516152051462,1.1101464788915403,192.75065057783215,-11016.089050164517,728.2119836078466,6877.407702235115,-14012.760179324123,77.71842821482419,6900.837826612777,-1.5578289080499408,-0.12679119650359744,193.00471101176487,offense
56.59999999994852,-0.35240879561774036,3.7550583585211825,191.94502211432314,-11052.397147786623,719.8725188368219,6877.961748768524,-14042.650976439876,70.88576205671463,6900.651670956069,-1.5603542271107722,-0.1267024326560889,193.00096649087462,offense
56.69999999994843,-0.29190927707650255,3.918156490957992,192.03325903339737,-11088.722164462899,711.6375694537717,6878.737133632395,-14072.542345035748,64.05516359785408,6900.46549209947,-1.5619786550574395,-0.1266197037518686,192.99721979649814,offense
56.79999999994834,-0.20424511445859217,3.002615557925405,192.26974381877923,-11125.080980365141,703.4481655509684,6879.620564949015,-14102.434288108198,57.22663142306898,6900.279268491787,-1.56200645451374,-0.12653343138815842,192.9934650657801,offense
56.89999999994825,-0.20974717832696355,1.8264398999771014,192.37800661442196,-11161.466270798408,695.3019234939243,6880.607895097277,-14132.326804865143,50.40016346111693,6900.0929953526975,-1.560431875668864,-0.12643926771219755,192.9896938962731,offense
56.99999999994816,-0.24405965767755744,0.539756727588314,192.7311125787911,-11197.866235777192,687.1996242064304,6881.653772906185,-14162.219894225027,43.575755531732796,6899.906667680463,-1.557227479201256,-0.126338800529855,192.985909199739,offense
57.09999999994807,-0.17672664450319217,0.041067185594368984,192.9910869202375,-11234.287153342908,679.0923052717977,6882.606241562713,-14192.113554368167,36.753401111539716,6899.720282165194,-1.5523628487903585,-0.1262298640539129,192.98211253870213,offense
57.19999999994798,-0.10606248495304318,-1.2435232398920497,193.0931928277678,-11270.737857388474,670.9455888550071,6883.327897678283,-14222.00778052007,29.93309194792014,6899.5338469357075,-1.5461045652087215,-0.1261147006761338,192.97829738071542,offense
57.299999999947886,-0.15773353466531834,-2.0272429554133002,193.02365165055096,-11307.197193270584,662.7884084094122,6883.852650858692,-14251.90256568239,23.114818664657957,6899.347378326855,-1.5389547839874453,-0.1259983688631474,192.97446339215762,offense
57.399999999947795,-0.2922160364129764,-1.6128718876780639,192.84784726773705,-11343.643868465826,654.6408375361007,6884.2598622175365,-14281.797903752058,16.298570363803424,6899.160886770183,-1.5311577092857347,-0.12588670135439067,192.97062028143446,offense
57.499999999947704,-0.42309898790668254,0.272953297303032,192.16909511788847,-11380.086680618224,646.5219779376312,6884.6333349221795,-14311.693789089377,9.484334816820951,6898.9743791273295,-1.5227626865669521,-0.12578101075166467,192.96677285567858,offense
57.59999999994761,-0.4864740153023129,2.501193027660289,191.276911813083,-11416.54219693034,638.504467878828,6885.132835214264,-14341.590216662176,2.6720988818142133,6898.787858440215,-1.5137198400726584,-0.12568282430182576,192.96292774192156,offense
57.69999999994752,-0.4270353396652893,2.4988286519984206,191.45912079637827,-11453.023202762986,630.5806317708885,6885.737756252951,-14371.487184956195,-4.138152462196859,6898.60131092425,-1.5034874303720782,-0.1255900865467177,192.9591010270115,offense
57.79999999994743,-0.33852841496188124,1.0238902121801512,192.05526371708447,-11489.543049161355,622.6773114338508,6886.321418448902,-14401.384692004314,-10.946436367236776,6898.41472368165,-1.4915208369843915,-0.12549582402758075,192.95528869441426,offense
57.89999999994734,-0.25012079682976446,-0.6268021799751058,192.7159283567885,-11526.105406371638,614.7699117063153,6886.802489498198,-14431.282731593274,-17.752770958745707,6898.228101660786,-1.4779400517475274,-0.1253988249817143,192.95147960909551,offense
57.99999999994725,-0.14893827971061058,-2.015696041514691,192.96598891808287,-11562.709298763702,606.8046513479201,6887.028169113001,-14461.181296027245,-24.557175917600503,6898.041454423437,-1.4630321819559675,-0.12530350373779545,192.9476750865511,offense
58.09999999994716,-0.16059092783300494,-2.791281568930105,192.92403376769144,-11599.321617472255,598.8124112878659,6887.007915760535,-14491.080374708485,-31.359672284592833,6897.8548022672385,-1.4473074575539213,-0.12521345033350853,192.94386819639848,offense
58.19999999994707,-0.27824219620092117,-2.389415240487152,192.71578620935367,-11635.925364027698,590.8230954333064,6886.851161420578,-14520.979957531168,-38.16028187412428,6897.668161437339,-1.4311897729673055,-0.1251361725135803,192.94007119050352,offense
58.29999999994698,-0.4091444941564531,-0.5010268087133536,192.04674165987007,-11672.524048945892,582.8625541617575,6886.672109939388,-14550.880035954637,-44.95902801403701,6897.481539285895,-1.414680244409048,-0.12507341837021266,192.93629046764465,offense
58.399999999946886,-0.4733050694437218,1.7349998431654485,191.17654262489543,-11709.13694918126,574.996537517843,6886.621554392884,-14580.780602177801,-51.7559345637706,6897.294938944531,-1.3977125614564259,-0.12502497968431056,192.93253375475928,offense
58.499999999946795,-0.4143993477688055,1.7220102935561699,191.35219264241962,-11745.776906696965,567.2175519557009,6886.677722394321,-14610.68165194953,-58.55102702113961,6897.108346599135,-1.37972163440025,-0.1249886634251467,192.9288155856483,offense
58.599999999946704,-0.32681034018061805,0.23452018853850107,191.92180989293618,-11782.45631869535,559.45487401205,6886.712285445195,-14640.583180576472,-65.3443326220625,6896.921749513159,-1.360182557335212,-0.12495625057180304,192.92513231037182,offense
58.69999999994661,-0.2394871134133419,-1.4279564375375493,192.5581915741147,-11819.178039761315,551.685597426209,6886.6435625324075,-14670.485179374347,-72.13587944814951,6896.735151689128,-1.3391958109227093,-0.12492625433519935,192.92147265422477,offense
58.79999999994652,-0.05157330845146961,-2.3886998989034485,192.91195397693826,-11855.953985791717,543.853844203164,6886.3074294919525,-14700.38763825921,-78.92569686852471,6896.548561620346,-1.3170427496317645,-0.12490168029134571,192.91783800588638,offense
58.89999999994643,0.20497489255204648,-2.1570681151950066,193.05719132611347,-11892.779791801415,535.9809119263904,6885.677630890641,-14730.290544359068,-85.71381544527942,6896.361998171487,-1.2942185288052714,-0.12488559240299148,192.91422103545267,offense
58.99999999994634,0.403214474472834,-1.351949456397953,193.0921792342276,-11929.64035389582,528.0901772995418,6884.897060639701,-14760.193885204299,-92.50026623483399,6896.175476843969,-1.2711606119237924,-0.12488445017575825,192.9106332078633,offense
59.09999999994625,0.46045699365058157,-2.264994910785003,192.43856673458103,-11966.510201829538,520.1640993938629,6884.085996221066,-14790.0976497106,-99.28508148415804,6895.989005312419,-1.247916522092511,-0.12489988786465454,192.90707968690631,offense
59.19999999994616,0.4814054562867221,-3.0774309527247183,192.09096468131057,-12003.38382783819,512.1992190820617,6883.246966212908,-14820.001825214105,-106.06829310461879,6895.802597682766,-1.2247647628895126,-0.12493250932986914,192.90355826975403,offense
59.29999999994607,0.6093168966674343,-2.1107732605757357,192.80410529291848,-12040.278212022191,504.2147095083158,6882.301306393138,-14849.906399077177,-112.84993255525481,6895.616267313793,-1.201976254729649,-0.1249864203863855,192.90007186980006,offense
59.399999999945976,0.7500890219169926,-0.14188643921185395,194.27478867071505,-12077.205437966324,496.16492366087255,6881.309611943454,-14879.811360104552,-119.63003095166938,6895.430020828691,-1.179614864511191,-0.12506201148279675,192.8966274421262,offense
59.499999999945885,0.7903251624392764,1.2968812740698636,195.42117612485455,-12114.10487282243,487.8812390444416,6880.475874469713,-14909.716695320534,-126.4086184259658,6895.243872770539,-1.157953418016772,-0.12515943758905215,192.8932164207569,offense
59.599999999945794,0.7077754040273444,1.0943121264921858,195.00240171608354,-12150.924934796158,479.26390132400974,6879.906895620785,-14939.622382905512,-133.18572145802858,6895.0578775294125,-1.1384799712022866,-0.12528578940443535,192.8898060582752,offense
59.6999999999457,0.5346771247016612,0.34711078214126795,194.22669778413592,-12187.655988971828,470.36388408014125,6879.604494421721,-14969.528396230096,-139.96136061394503,6894.872111705152,-1.1234082660004476,-0.12546267824776877,192.88638744639604,offense
59.79999999994561,0.4052539562905072,-0.34280824938658255,193.96301059365666,-12224.353102432739,461.324100936686,6879.446127095416,-14999.434713348968,-146.73555060217004,6894.6866326218815,-1.1141829224684086,-0.125708359835521,192.88297917482183,offense
59.89999999994552,0.3119084653766072,-1.1682256827539543,193.54205107408572,-12261.05774974495,452.225230243326,6879.2914408512,-15029.341322385359,-153.50829988694673,6894.5014567279995,-1.110909896720272,-0.12602726276085444,192.8796122020851,offense
59.99999999994543,0.13095488558397606,-2.497911198649728,193.07347464739334,-12297.758903965696,443.1120070716373,6879.120248811471,-15059.248218610475,-160.27961022826707,6894.31657466611,-1.1129097056762431,-0.12641013866277834,192.87629466349034,offense
60.09999999994534,-0.07027773355646391,-3.1709518745436753,192.96931152447374,-12334.455506182923,434.01658885209935,6878.858087098459,-15089.155401542554,-167.04947589595437,6894.1319656469195,-1.119436216828549,-0.12684398986903536,192.87302675784903,offense
60.19999999994525,-0.26712283812079346,-2.277686417372037,192.8306187971817,-12371.144911041814,424.9503075771255,6878.519298735434,-15119.06287491135,-173.8178850043758,6893.947597316391,-1.1296045953136333,-0.12731441898206589,192.8698057141003,offense
60.29999999994516,-0.38541111717721876,-0.9270112747849752,192.63305088893253,-12407.831695226161,415.942070402793,6878.208760954303,-15148.97064488912,-180.58482045463134,6893.763433406523,-1.1426219102876007,-0.12780475877753628,192.86662429442055,offense
60.39999999994507,-0.3672579361277014,-0.7125718185087863,192.79810607427297,-12444.539504065271,406.9782124394672,6877.892698327581,-15178.878720726316,-187.350261322556,6893.579430260826,-1.1576512439597701,-0.12830033405676192,192.86348031723895,offense
60.499999999944976,-0.22615292182746283,0.6031072973730233,192.59341067185008,-12481.293151669664,398.0378080330334,6877.533454113775,-15208.78711247126,-194.11418408118007,6893.395546255294,-1.173985739632449,-0.12878501499245762,192.86036194112023,offense
60.599999999944885,-0.0641667356792762,0.4736489293157673,192.6342016220161,-12518.099668584491,389.11504625392433,6877.142144877488,-15238.69582985108,-200.87656297500445,6893.211746277836,-1.1912323357864025,-0.12924776254546863,192.8572595364365,offense
60.699999999944794,0.002747620527355724,-0.5644181633093402,192.58582672201865,-12554.947111234043,380.2153378782831,6876.782689644814,-15268.604882977821,-207.6373711658036,6893.02799760198,-1.2090591174868355,-0.1296800645582071,192.85416611449298,offense
60.7999999999447,-0.0594208809031831,-1.6523106231207982,192.48209380396543,-12591.811419892403,371.34446066877837,6876.477869558376,-15298.51428220721,-214.39658123577885,6892.844270108289,-1.2271892501622335,-0.1300747969894069,192.8510767448697,offense
60.89999999994461,-0.21923360227774735,-0.6032307564163776,192.2521011444155,-12628.65871269306,362.5274993996102,6876.312922459048,-15328.424037952636,-221.1541657024278,6892.660536540977,-1.2453693434943705,-0.130426868046905,192.84798612230296,offense
60.99999999994452,-0.33463573004330555,0.8754935919328847,192.06493220298418,-12665.502305437218,353.7947923744292,6876.32914592827,-15358.334161324863,-227.9100974610507,6892.476769292262,-1.2632893836942416,-0.13073215773931943,192.84489352138968,offense
61.09999999994443,-0.4117508418386003,0.956198858519811,192.0047952928514,-12702.358678539202,345.15169811336693,6876.490255791343,-15388.244664931992,-234.66435066787463,6892.292936264724,-1.2804270229521655,-0.1309862992442086,192.84180058352598,offense
61.19999999994434,-0.46839143069564515,2.268637447071983,191.54081538139008,-12739.226800869399,336.66798055329036,6876.868119508168,-15418.155561307974,-241.41690119220164,6892.109007405917,-1.2962577840504985,-0.13118397297583684,192.83870325666763,offense
61.29999999994425,-0.4042652464012754,2.045925581758661,191.84596804379044,-12776.117462092996,328.3029741637875,6877.3902117976695,-15448.066865772877,-248.16772774206905,6891.924941337097,-1.3099321449123356,-0.13132117547838157,192.83561282244875,offense
61.39999999994416,-0.31167138272384626,0.003248346565018792,192.64215598858829,-12813.036361197963,319.9569985687285,6877.875445146275,-15477.978590991834,-254.91681279797285,6891.740708494073,-1.3207945229960227,-0.13139025595388537,192.83251245214518,offense
61.499999999944066,-0.21897977758715945,-1.5217110713155824,193.23329307223378,-12849.986748623003,311.60342413394983,6878.227490906615,-15507.890742533275,-261.6641409140902,6891.556310509649,-1.3292172145260757,-0.1313945247109157,192.82938255104514,offense
61.599999999943975,-0.019371574766868856,-2.3086138184231606,193.5479348910696,-12886.968325984806,303.1922638557461,6878.274282514761,-15537.803323778098,-268.40969972406026,6891.371756674227,-1.3356892647997136,-0.1313457560085313,192.82622261449498,offense
61.699999999943884,0.2467389178817456,-1.9730260368672632,193.70103069716004,-12923.97645242277,294.7517212633949,6877.991511889815,-15567.716334473778,-275.1534795051929,6891.187070095727,-1.3408875668694902,-0.13125351199635885,192.8230239252803,offense
61.79999999994379,0.44611326863028844,-1.1349025077405832,193.7727529415456,-12961.014488286675,286.3018776582127,6877.539662079916,-15597.629774581219,-281.8954722984463,6891.002270770884,-1.3453399169206288,-0.13113248043890277,192.81979875577065,offense
61.8999999999437,0.5013213103477171,-1.9792054755341766,193.09906072260594,-12998.05859434401,277.82145330888636,6877.040881995053,-15627.543645047506,-288.6356724347863,6890.817372034639,-1.3491341408155233,-0.13099022479781877,192.81655115039646,offense
61.99999999994361,0.4195484845423691,-2.7175118372292233,192.48095895455398,-13035.092070264585,269.2929289729839,6876.530968892652,-15657.457944484062,-295.3740746828061,6890.632396289787,-1.3526285060525824,-0.13083423092431626,192.81327699687654,offense
62.09999999994352,0.23656433609272595,-2.2382505187004007,192.48517145196402,-13072.094194448835,260.7212673450475,6876.04394035475,-15687.372670295317,-302.1106738720985,6890.4473697577005,-1.3562715154146814,-0.1306752858394504,192.80997511209858,offense
62.19999999994343,0.03917618536749795,-1.1555479931905726,192.6743781439976,-13109.082850785135,252.12155735021912,6875.593166408051,-15717.287819910345,-308.8454645571093,6890.262317221114,-1.3604447270277795,-0.13052184552093488,192.80664861813779,offense
62.29999999994334,-0.15642214203351956,-2.0819545540666193,192.70662796216655,-13146.063618757944,243.5191733458612,6875.185041233254,-15747.203391987392,-315.5784408659137,6890.077256895214,-1.365314240040572,-0.13038094545878484,192.8033031930273,offense
62.39999999994325,-0.33224897118613056,-2.9713357848229616,192.8962599620548,-13183.042732830088,234.93832904445006,6874.733119379014,-15777.119386893964,-322.30959638529225,6889.892198777801,-1.3708156465883503,-0.13025535896264195,192.7999446227476,offense
62.49999999994316,-0.47275001715645737,-2.178597201223083,192.59255953654258,-13220.019869576157,226.3849130889395,6874.208735585806,-15807.035806703432,-329.0389242396793,6889.707144909311,-1.3766981471948159,-0.13014533999678793,192.7965773187944,offense
62.599999999943066,-0.5332405510206343,-0.9460440889349386,192.14830118667595,-13257.007689760861,217.90200556102832,6873.697821382857,-15836.952654089435,-335.7664171707791,6889.522094447226,-1.3826950532304236,-0.1300486651289382,192.79320070382806,offense
62.699999999942975,-0.4647246100511228,-0.7714157043428064,192.2849082549482,-13294.024422608076,209.45916993821015,6873.159621621323,-15866.869934324837,-342.49206819783797,6889.337034695873,-1.38830603986574,-0.129962477912142,192.7898242903581,offense
62.799999999942884,-0.29857726937667955,0.45933933005702243,191.9447332945015,-13331.088416682787,201.0410634003788,6872.581630337629,-15896.787651523931,-349.2158711426709,6889.151957532111,-1.393159653117167,-0.1298801777943733,192.78643754178654,offense
62.89999999994279,-0.1283364027171078,-0.20398118256750614,192.05380263573582,-13368.195124132611,192.6439369535686,6871.969414235276,-15926.705808538236,-355.93782000407657,6888.966859942407,-1.397226673013277,-0.1298005248766838,192.78304010424569,offense
62.9999999999427,-0.06192739714273275,-1.9381294409572454,192.14459451489049,-13405.329147120447,184.26641363259643,6871.328645771894,-15956.624408230924,-362.65791027824577,6888.781737446201,-1.4003801164204224,-0.12972223736341099,192.77963036258066,offense
63.09999999994261,-0.028550009491536472,-0.8586652681596836,192.2087511473835,-13442.459014980866,175.92063535629552,6870.716028701556,-15986.543452557831,-369.3761384923895,6888.5965885015285,-1.4026320082417263,-0.12964349765535155,192.77620835072304,offense
63.19999999994252,0.10796862811669401,1.838187259985795,192.419893824208,-13479.593165461247,167.585604169225,6870.180477003542,-16016.462943581606,-376.0925027054308,6888.411409598655,-1.4039099493298162,-0.12956454490970318,192.77277597151755,offense
63.29999999994243,0.3200651727240635,4.079285168937184,192.99568943131422,-13516.75995167636,159.22518829202443,6869.806200464425,-16046.382881838206,-382.80700218146256,6888.2262027053475,-1.4042893620270913,-0.12948390120410577,192.7693293671331,offense
63.39999999994234,0.5012470691849756,5.145836242261552,193.42135562899242,-13553.939467545979,150.75882505011873,6869.711670000584,-16076.303265756964,-389.5196368834055,6888.040977777395,-1.404088067136809,-0.12940454428851034,192.76586433412507,offense
63.49999999994225,0.5602541815177197,4.62940031869698,193.09915804559392,-13591.092965328682,142.1141842650285,6869.957280950126,-16106.224088880457,-396.23040640859347,6887.855765194256,-1.4041664878948605,-0.12933189948773963,192.7623648374022,offense
63.599999999942156,0.4951975938776377,3.173143133424533,192.18211430888297,-13628.19275512041,133.28942306975551,6870.51876027158,-16136.145340072895,-402.93930809589756,6887.670615164075,-1.4059684841783167,-0.12927979634643738,192.75882094433558,offense
63.699999999942065,0.3401537695102211,1.8088741679834386,191.45779573590767,-13665.235310729087,124.34970855747429,6871.334757061976,-16166.067008498527,-409.6463364351797,6887.485575928366,-1.4107588281769468,-0.12926370002870263,192.75523880392058,offense
63.799999999941974,0.22689673148156916,0.8474334663461973,191.41057440282762,-13702.25788050783,115.3849624095488,6872.268896643341,-16195.989087973869,-416.3514826295399,6887.300675629717,-1.4190858739793906,-0.12929251576606696,192.75163622032503,offense
63.89999999994188,0.15163493612018272,-0.34442487746141126,191.17604139111617,-13739.294656649216,106.4415229671417,6873.148791071016,-16225.911579163494,-423.05473457406663,6887.115913992208,-1.4306090732354582,-0.12936556037443672,192.74803254017158,offense
63.99999999994179,-0.009865684772697754,-1.3785594584904517,191.05803465042447,-13776.329425634864,97.54529314276782,6873.979470872337,-16255.83448710427,-429.75607673755945,6886.931274540192,-1.4445719355381024,-0.1294733609287698,192.74443244186102,offense
64.0999999999417,-0.19835596366595046,-1.9971197107373408,191.1369053705008,-13813.354084696894,88.7089311899754,6874.718391294533,-16285.757819176926,-436.45549021459277,6886.746734083996,-1.4602224662117345,-0.12960508110030988,192.7408348162821,offense
64.19999999994161,-0.3841870596194443,-1.1321461083789992,190.97431342501173,-13850.369925385468,79.94539309467824,6875.398002632493,-16315.681584497073,-443.1529538028991,6886.562264943168,-1.4768346012830351,-0.1297493440630826,192.73723619830815,offense
64.29999999994152,-0.49174873374957506,0.16187256020682403,190.7240188811717,-13887.388245691427,71.29898717106245,6876.127727683461,-16345.605793560813,-449.84844502706073,6886.377836030853,-1.4937241643904664,-0.12989481615781387,192.7336344336376,offense
64.39999999994143,-0.4626317691177895,0.3619261792760047,190.9748494237475,-13924.43137163823,62.748876032708324,6876.87015492399,-16375.5304598689,-456.54194177727624,6886.193404929355,-1.5099688814418017,-0.13002972125787787,192.73003516128685,offense
64.49999999994134,-0.308001839224408,1.680958180651531,190.72190130069666,-13961.52222373484,54.25897680066328,6877.576967317835,-16405.455596009077,-463.2334232124686,6886.008934734813,-1.5248186622917972,-0.1301402762257623,192.7264268277317,offense
64.59999999994125,-0.1353145977750476,1.1699719386108003,190.88989797490515,-13998.659644599342,45.81056666201652,6878.2245510628945,-16435.3812119441,-469.92286959150516,6885.824401147065,-1.5380249267897153,-0.1302197253138104,192.72280060576728,offense
64.69999999994116,-0.060639524693349635,-0.7511323679856348,191.07283891468413,-14035.829018022721,37.40213016443578,6878.803974210951,-16465.30731615011,-476.61026344115527,6885.639786187104,-1.5494733354224046,-0.13026520515593767,192.71915123829203,offense
64.79999999994106,-0.014642839563549516,-2.0915275414946985,191.3309530170028,-14073.023415850126,29.033004915065593,6879.266834842676,-16495.233915873465,-483.29558974979756,6885.455076668733,-1.5591409977919708,-0.13027529316560038,192.71547798814638,offense
64.89999999994097,0.14732714724065035,-2.7528702223920223,191.56287664715285,-14110.254583698981,20.679094313220265,6879.436693058932,-16525.16101741256,-489.978836300947,6885.270262449951,-1.5669895212298652,-0.13025060735841748,192.71178038313775,offense
64.99999999994088,0.31992662289914,-2.2347799579877923,191.69216736264465,-14147.542231711504,12.361590922898415,6879.243415953962,-16555.08862479749,-496.65999327037434,6885.085342212475,-1.5731581878132572,-0.13019258405084447,192.70805407527925,offense
65.09999999994079,0.46914580132406414,-0.38419978818210343,192.5428251955122,-14184.870221534267,4.07747541886765,6878.872797681964,-16585.01674256453,-503.33905347702637,6884.900310760403,-1.5776248346341393,-0.13010548077468348,192.70430807563372,offense
65.1999999999407,0.6214511324332416,2.122738687270507,193.9583271222052,-14222.23516727652,-4.255486919906605,6878.494276673091,-16614.945374254396,-510.01601270614816,6884.715165474209,-1.5802877636948238,-0.12998993859115823,192.70053978401313,offense
65.29999999994061,0.6659119157006852,3.479778831047829,194.81900215939558,-14259.580265154696,-12.78700788298007,6878.336019156808,-16644.87451737083,-516.6908677859518,6884.529929040555,-1.5817825979143347,-0.1298517418948661,192.6967321314625,offense
65.39999999994052,0.5861400970836961,3.1327625147098055,194.42033510291137,-14296.852587553263,-21.601915692363782,6878.508767089257,-16674.804159401105,-523.3636142560878,6884.344666853339,-1.5839348556563961,-0.12970819488117424,192.6928545357633,offense
65.49999999994043,0.4916729072848492,2.123961984566716,193.88602530423603,-14334.038867560379,-30.65319521659631,6879.006404110489,-16704.73428201118,-530.0342439924084,6884.159468533954,-1.58922411681157,-0.12958804473505844,192.68889990465726,offense
65.59999999994034,0.40744687908907523,1.4374583435548673,193.45293549756272,-14371.179759806286,-39.84429512518021,6879.69327465402,-16734.66487074278,-536.7027450148335,6883.974405246753,-1.5993171337731653,-0.1295176956966545,192.68489005162652,offense
65.69999999994025,0.2347990641154076,0.9335446668497211,193.15849442154672,-14408.28199562654,-49.12259099022126,6880.552552275986,-16764.595918953208,-543.3691006528762,6883.789514441756,-1.614675851899878,-0.12950839499327158,192.6808512739648,offense
65.79999999994016,0.03966199199840471,0.4254616176645504,193.05281535521564,-14445.372747338415,-58.42435205990388,6881.494606057915,-16794.52742513471,-550.0332880254804,6883.604814147931,-1.6351716464594732,-0.12956086133323402,192.676790775709,offense
65.89999999994006,-0.0835353272896807,-0.4659883553608388,193.25012950708307,-14482.466867389,-67.71447627572232,6882.430253945652,-16824.45939389595,-556.6952775582494,6883.420300058448,-1.6602450415533256,-0.12967050033484104,192.67272065900153,offense
65.99999999993997,-0.16929981036775874,-1.2685823948855934,193.28258078973013,-14519.575056236967,-76.99885387991128,6883.22785093596,-16854.39183468802,-563.3550341894622,6883.235951356763,-1.6889820349889533,-0.12982540323092948,192.66863996678072,offense
66.09999999993988,-0.343131329430895,-0.4326212924177884,193.00302471916908,-14556.678874006238,-86.23660478624633,6883.982248307947,-16884.324758331855,-570.0125171945522,6883.051746666545,-1.7207372220334696,-0.13001217826022857,192.66453952165577,offense
66.19999999993979,-0.4591572772190341,0.847400465127799,192.7194618947937,-14593.778080350354,-95.38971566294508,6884.79745695718,-16914.258179594486,-576.667681923146,6882.867651794297,-1.7547066268052516,-0.13021946619779193,192.6604218762171,offense
66.2999999999397,-0.5346289117289506,0.9262297891446629,192.65822021475222,-14630.891696783758,-104.46068818784697,6885.658384512502,-16944.192116900147,-583.3204816723052,6882.683620504878,-1.7898292802787685,-0.13043008142788215,192.65628604012272,offense
66.39999999993961,-0.5881279116171498,2.0979007971808565,192.1144988802073,-14668.023941634541,-113.37028850221778,6886.645753845782,-16974.126589291976,-589.9708683061715,6882.49960778718,-1.8252256362441586,-0.1306279281438107,192.6521227405052,offense
66.49999999993952,-0.5177975878004394,1.606013631376177,192.65942091531528,-14705.177728613167,-122.17427788048444,6887.687668203163,-17004.06162083341,-596.6187945704502,6882.315549227214,-1.859601253446393,-0.13079784379582418,192.64794537132582,offense
66.59999999993943,-0.33485945871688566,-0.1107732743183665,193.76697548293825,-14742.36376173426,-131.00864058790273,6888.582553989583,-17033.997232431513,-603.2642152260714,6882.131396595955,-1.8920297816932534,-0.13092046455773163,192.6437259924815,offense
66.69999999993934,-0.12535055846833795,-1.3811666741155375,194.15077680056137,-14779.57858135426,-139.92189876601321,6889.196453059477,-17063.933435195468,-609.9070842939108,6881.947147387425,-1.9231648645094885,-0.13099325951072016,192.63943182158437,offense
66.79999999993925,0.08337608515075784,-1.8778312481285746,194.31027190543867,-14816.813813498064,-148.8700430454458,6889.523222947339,-17093.870237070125,-616.5473564947124,6881.7628129835575,-1.9539622485912906,-0.13102709325926717,192.6350565259974,offense
66.89999999993915,0.2697013747351897,-1.6473830416508999,194.20286508504182,-14854.083875144912,-157.82849356571185,6889.553565926269,-17123.807648098504,-623.1849880897341,6881.57839492178,-1.984854222788258,-0.13102821219458524,192.6306131239827,offense
66.99999999993906,0.32186536527561643,-2.680446055011706,193.67298743780384,-14891.37333003275,-166.77371460506583,6889.376891551754,-17153.745679665815,-629.8199365861434,6881.393888744241,-2.015852395119186,-0.13099944767805546,192.6261050409319,offense
67.09999999993897,0.232587675393004,-3.4519615544923172,193.21672850357174,-14928.664944876762,-175.7155592207902,6889.069585889608,-17183.684343781944,-636.4521597121435,6881.209288069609,-2.046874832208063,-0.13094179640109807,192.62153566902128,offense
67.19999999993888,0.041481602292805,-3.431966777405173,193.0611936050316,-14965.93304536751,-184.652338200982,6888.677840515334,-17213.623651631293,-643.0816153496747,6881.024590838144,-2.077880233684913,-0.13085701521014725,192.61689847358065,offense
67.29999999993879,-0.15936174722216587,-1.7726483712485774,192.96662607240438,-15003.18261205744,-193.57790959063956,6888.225342702654,-17243.56361375418,-649.7082610005085,6880.839798591811,-2.1089695209640276,-0.13074805012069118,192.6121928732419,offense
67.3999999999387,-0.2798125794623035,0.17744736106500025,192.75573324926066,-15040.421603755565,-202.46761591739394,6887.860722246561,-17273.50424128346,-656.3320545043705,6880.6549103745465,-2.1400945569788683,-0.13061832171134669,192.60741931556666,offense
67.49999999993861,-0.35924078930042236,0.6658417899794428,192.54842486144153,-15077.673387421395,-211.29946362297756,6887.620779726005,-17303.445546700183,-662.9529541422321,6880.469919453022,-2.1710375958893033,-0.13046836968619607,192.60258329368824,offense
67.59999999993852,-0.4176368868269739,2.2872955820381375,192.01544747895343,-15114.936963498682,-219.99096271010984,6887.624124120113,-17333.38754411604,-669.5709193845395,6880.284811719042,-2.201326225318745,-0.13029716313774503,192.59768827030143,offense
67.69999999993843,-0.35404790603350755,2.182017746810763,192.226829772545,-15152.223590682781,-228.56874002879576,6887.815777606211,-17363.33025229327,-676.185912241829,6880.099551990116,-2.229934618736794,-0.13009906427667242,192.5927525766401,offense
67.79999999993834,-0.2630439119887819,0.38915790657491794,192.8116067885886,-15189.545461093217,-237.12102395621062,6888.02139548226,-17393.273688203517,-682.7978978338344,6879.914112405253,-2.255972106483127,-0.12986410020776085,192.58776048912011,offense
67.89999999993825,-0.17374612401139586,-0.16083472113635947,193.06703768010613,-15226.906405877598,-245.65729488569315,6888.195649317295,-17423.21786175659,-689.4068422444886,6879.72849605974,-2.2796805555729613,-0.1295924061248672,192.58269165427927,offense
67.99999999993815,-0.07328368446090448,-1.417575067829164,193.17999566959963,-15264.316524529913,-254.22157244663381,6888.207163964654,-17453.162781753614,-696.012714443437,6879.542708261893,-2.30134476883287,-0.12929285613356753,192.5775498623252,offense
68.09999999993806,-0.08748614126819752,-0.8643838528348025,192.99488751820243,-15301.746512222224,-262.787524355975,6888.126971378142,-17483.108453541197,-702.6154860614247,6879.356766886255,-2.3214339806615185,-0.1289700121714276,192.57232533649878,offense
68.19999999993797,-0.12915080360400252,0.5947557869104991,192.91766510174017,-15339.175438734208,-271.3294551774776,6888.1292525717945,-17513.05488241603,-709.2151306664502,6879.170687224183,-2.340368941524217,-0.12863482235236576,192.5670308428839,offense
68.29999999993788,-0.15951502049029237,0.2367396099729333,192.85790364309747,-15376.610815223507,-279.86025080351726,6888.2007006055355,-17543.00207494718,-715.8116249021182,6878.984475703562,-2.3580862900038424,-0.12829110949596578,192.56167196142766,offense
68.39999999993779,-0.27912262209761624,1.5707846657072762,192.45134342801575,-15414.046700912244,-288.3353967570913,6888.444235725662,-17572.95003583752,-722.4049466470117,6878.798145039368,-2.3747397970365793,-0.1279421990376825,192.55624768847287,offense
68.4999999999377,-0.3439654908498925,4.621059664210042,191.61113482443758,-15451.478369873137,-296.69661962783135,6888.993991002337,-17602.89877220909,-728.9950760927507,6878.6116945049025,-2.3900981646828043,-0.12759271136177827,192.55077299881327,offense
68.59999999993761,-0.28407117050069863,4.676963336860242,191.72836546575454,-15488.91955637051,-304.9439233173744,6889.827984174496,-17632.84829451068,-735.581997051341,6878.425105833882,-2.4033618884148966,-0.1272379723070034,192.54526119801412,offense
68.69999999993752,-0.19557213081783856,2.6935902067106907,192.21892741173014,-15526.395487714279,-313.1552679863878,6890.767444570256,-17662.798612452596,-742.1656966236308,6878.238361729717,-2.413814498591642,-0.1268718149970445,192.53971022425236,offense
68.79999999993743,-0.2064798420910057,2.7123715256142065,192.07426991668066,-15563.89417578434,-321.32797460667524,6891.817612810412,-17692.74972997182,-748.7461641564245,6878.051468213797,-2.4215190062556586,-0.12649308333137232,192.53410186619158,offense
68.89999999993734,-0.24557673235914548,2.2768999204031948,192.2540948655097,-15601.411883574714,-329.4436443083264,6893.015541258377,-17722.701649848706,-755.3233919959447,6877.864432832444,-2.426699237071942,-0.12610826355513738,192.52844514415676,offense
68.99999999993724,-0.17651625985997627,0.49652951664172934,192.81663464824967,-15638.969966180994,-337.56574593410454,6894.162559549624,-17752.654375517468,-761.897377241555,6877.677255675361,-2.429184291692851,-0.1257186619728578,192.522746906868,offense
69.09999999993715,-0.10664506711190931,-0.9488909420334191,192.92703048100782,-15676.566863146716,-345.73363881077586,6895.087347221804,-17782.607905027497,-768.4681194485452,6877.489957359248,-2.4293981120068278,-0.12532675939547794,192.51699439541997,offense
69.19999999993706,-0.05869585133808061,-2.1021613210266663,193.12278210925444,-15714.174940478337,-353.921991110906,6895.757234101099,-17812.562232758657,-775.0356198053855,6877.302570969388,-2.428170769844389,-0.1249442976760521,192.51118700053686,offense
69.29999999993697,0.10584078483237871,-2.667077611773535,193.2643834158136,-15751.81966227254,-362.1517729723911,6896.039301293099,-17842.517353988576,-781.5998820091681,6877.115121240825,-2.4259725667981065,-0.12458027730168805,192.5053381364321,offense
69.39999999993688,0.26654950987832976,-3.114917954707382,193.04656528100818,-15789.513508381708,-370.38798684707945,6895.912570700786,-17872.473262473897,-788.1609111428772,6876.9276361991915,-2.423252603739121,-0.12424021118417763,192.4994470131326,offense
69.49999999993679,0.2989966266942805,-4.003112745809568,192.55483105170558,-15827.232174433815,-378.597982637779,6895.484223348945,-17902.42995386045,-794.7187131402188,6876.740132525656,-2.420205851345568,-0.12393042753450892,192.49353152086266,offense
69.5999999999367,0.18713253977323452,-4.221950417779493,192.24753972537422,-15864.947010649617,-386.7910121253407,6894.861679890499,-17932.38742605809,-801.273295774922,6876.552613985432,-2.4165340072782584,-0.12364982793329227,192.4875992558354,offense
69.69999999993661,-0.01123346655598867,-2.758952999030473,192.28429862055728,-15902.631103864349,-394.9849461477806,6894.163317321548,-17962.345675399753,-807.8246669454182,6876.365089811013,-2.4122232568454343,-0.12339613948666141,192.48164802102028,offense
69.79999999993652,-0.13702805863540526,-1.04070315217956,192.34017645473386,-15940.293570025371,-403.1819825973139,6893.477035687611,-17992.304696738134,-814.3728346765348,6876.177573964119,-2.4074689970241874,-0.12317143549067676,192.4756753273007,offense
69.89999999993643,-0.22051365772535347,-0.6216859685075684,192.1900824262372,-15977.964971712277,-411.37489921115804,6892.836293667019,-18022.264484843618,-820.9178072331589,6875.990078934905,-2.40247972776293,-0.12297670096549267,192.4696858823661,offense
69.99999999993634,-0.2805330102524477,0.9757898957089481,191.89243988925801,-16015.646828868836,-419.5037328345415,6892.376650351176,-18052.22503553226,-827.4595935480558,6875.802610693664,-2.3972639065170664,-0.1228121413682733,192.46368610034799,offense
70.09999999993624,-0.21613295384593775,0.5282991886289257,192.15237032253964,-16053.3524404907,-427.5905390515193,6892.032275257257,-18082.186348620384,-833.9982040257775,6875.61515576579,-2.3913139265422187,-0.12267321404239775,192.4576948076879,offense
70.19999999993615,-0.1259631063869416,-1.6392526314110705,192.51422260299884,-16091.105075618227,-435.69694311826777,6891.605309813708,-18112.148422767303,-840.5336504198079,6875.427704738251,-2.384193292747186,-0.12255124425931238,192.45170237137603,offense
70.29999999993606,-0.14223631239833934,-2.739913927229537,192.49783584983754,-16128.883182651662,-443.8128265503504,6891.058996994743,-18142.111251906026,-847.065943807896,6875.240268797681,-2.376281478376135,-0.12244494369686376,192.44569719849522,offense
70.39999999993597,-0.2876483081916791,-2.4950739517210163,192.26643834551797,-16166.65562004232,-451.90740260051865,6890.475573592356,-18172.074830557587,-853.5950961924959,6875.052854711474,-2.367833821389428,-0.12235810831046755,192.43968730655124,offense
70.49999999993588,-0.40720200426487735,-0.5611339756848517,191.69246439595304,-16204.418559620295,-459.9421414879243,6889.961017224366,-18202.03915486955,-860.1211211398396,6874.86546035176,-2.3587619490311558,-0.1222879093971696,192.4336812269478,offense
70.59999999993579,-0.39204375606225794,1.6221972133059257,190.9308364612208,-16242.204541148107,-467.89517840457444,6889.573585659501,-18232.00422323614,-866.6440338859265,6874.678072337044,-2.3486609857137073,-0.12223058655491244,192.4276906514061,offense
70.6999999999357,-0.2560555410951682,1.4305430858812107,191.16112496723656,-16280.029024838435,-475.7892945749132,6889.267003313488,-18261.970035842493,-873.1638520278723,6874.490668227062,-2.336855534523463,-0.12217784680792335,192.4217221125844,offense
70.79999999993561,-0.10312762572341952,-0.10512648986975431,191.47636145358604,-16317.897528748845,-483.67587268517866,6888.944601511565,-18291.936590889432,-879.6805950977787,6874.3032335616235,-2.3229619697441657,-0.12212236968994476,192.4157689584959,offense
70.89999999993552,-0.05528620955467278,-1.7889410605923448,191.494499554604,-16355.798590505497,-491.55481187098644,6888.578801618242,-18321.903882319057,-886.1942840131749,6874.11577165289,-2.307190198288402,-0.12206306159685217,192.40982006953035,offense
70.99999999993543,-0.14396895538076776,-2.5429976820865634,191.39597482945436,-16393.704117090416,-499.4115467759592,6888.18393948631,-18351.871903263334,-892.7049417684013,6873.928287303892,-2.289810008112591,-0.12200341634123708,192.40388177952983,offense
71.09999999993533,-0.29173916117988336,-1.2743019412060237,191.10927423207752,-16431.584797702402,-507.2164896763815,6887.8567442916965,-18381.840647088255,-899.2125941986654,6873.740781815878,-2.270853500737763,-0.12194413198946749,192.39795945828368,offense
71.19999999993524,-0.35251941900164124,0.24329290593100855,190.8139930054876,-16469.481634897922,-514.9608818068119,6887.623572696877,-18411.810107938167,-905.7172696866875,6873.55325097853,-2.2501813929736776,-0.12188492740932884,192.39206351518553,offense
71.29999999993515,-0.2817464429602794,-0.41651042178977493,191.23466265396468,-16507.425760037866,-522.67919406965,6887.392126335141,-18441.780280708233,-912.2189997344328,6873.365685055205,-2.2274257769156107,-0.12182339769564267,192.38619987306333,offense
71.39999999993506,-0.18608169418215142,-2.0785230307238534,191.63004751725018,-16545.418705121883,-530.4286133156116,6886.992708493593,-18471.751157378076,-918.7178180601198,6873.178085503847,-2.202562060316933,-0.12175738137944057,192.38036200488025,offense
71.49999999993497,-0.19991552207089922,-3.05796431479429,191.68089948162927,-16583.427832317026,-538.1890331278805,6886.410654713729,-18501.722725038857,-925.213759652382,6872.990473458928,-2.1761705999675787,-0.12169201096002409,192.3745390615727,offense
71.59999999993488,-0.3422935911185926,-2.7739619561203677,191.4457964407533,-16621.430006463117,-545.9247990617235,6885.74910245356,-18531.69497114618,-931.7068613222427,6872.802865687913,-2.148703801305347,-0.12163538780644437,192.36874457772396,offense
71.69999999993479,-0.4589557573013315,-1.84178761630891,191.23948693010706,-16659.417602020723,-553.5997422032096,6885.112030481709,-18561.66788531628,-938.1971627093808,6872.615266429505,-2.120072460296247,-0.12158949007534155,192.36299020425653,offense
71.7999999999347,-0.4393974772375847,-2.025798910336444,191.54401056203096,-16697.408589926123,-561.2581215715184,6884.415337553305,-18591.641458906455,-944.6847056910002,6872.427670214152,-2.08992597251098,-0.12155247272459453,192.35728863845475,offense
71.89999999993461,-0.2920843442482336,-1.0401528638026298,191.3322762129673,-16735.431897537208,-568.937124544532,6883.591361610139,-18621.615680076226,-951.169533819978,6872.24008397162,-2.058233510834884,-0.12152241680105853,192.35162727120613,offense
71.99999999993452,-0.12940393742664053,-1.7478771261447077,191.4358674183041,-16773.49189938576,-576.6346290846647,6882.626493520824,-18651.59053373822,-957.6516909956042,6872.0525274636,-2.0255086459518146,-0.12150403591243628,192.34600489778094,offense
72.09999999993443,0.0329112962759886,-3.169747108760583,191.70893271997684,-16811.585125121466,-584.3392891280747,6881.507889439291,-18681.566005246346,-964.1312228139343,6871.865015809993,-1.9920328668656648,-0.12150316803651076,192.34042798091355,offense
72.19999999993433,0.2798390904454247,-1.9390915038121779,192.04512300363254,-16849.72763308896,-592.0611532532605,6880.180510590917,-18711.542080297433,-970.6081760214963,6871.677560635722,-1.9579648884172784,-0.12152110943786847,192.33490383912292,offense
72.29999999993424,0.47364653977130716,0.44955885209988955,192.80936611560614,-16887.914402420993,-599.8275368727543,6878.8454480352675,-18741.518744012577,-977.0825981344584,6871.490174359408,-1.92345654828209,-0.12156022615891143,192.32943314084002,offense
72.39999999993415,0.6259884486067664,2.3494253943610577,194.00956509947017,-16926.094844119936,-607.7544746623,6877.758762618872,-18771.49597920095,-983.5545363464339,6871.302878495908,-1.8889610627500732,-0.12162289495093005,192.32401143737923,offense
72.49999999993406,0.7802175989259046,3.2229467891042276,194.72072573646648,-16964.251986853847,-615.9404539496404,6876.948503781063,-18801.473759358465,-990.0240349821086,6871.115735129231,-1.856081488577693,-0.12171930658696566,192.31860492383004,offense
72.59999999993397,0.8294379577925686,2.8014274616804418,194.2086221066275,-17002.35157939402,-624.4582333406263,6876.431973829186,-18831.452050383345,-996.4911321365599,6870.928839754549,-1.8274997873810717,-0.12187400696431208,192.31319879876648,offense
72.69999999993388,0.7518403949553616,1.6587449687818023,192.91599489605474,-17040.36708734892,-633.2933100517477,6876.185471216682,-18861.430814196658,-1002.9558579951855,6870.742305455437,-1.8061490899257535,-0.12211596309163672,192.30778076539025,offense
72.79999999993379,0.5823569828363766,0.5713665157965133,191.89249001478774,-17078.30712621808,-642.3408868988698,6876.148825129572,-18891.41001544959,-1009.4182314776406,6870.55623565718,-1.7946050179614628,-0.12247233151255216,192.3023669379721,offense
72.8999999999337,0.39021979245309074,0.1301505432395424,191.66831996411287,-17116.21696914474,-651.4744899987269,6876.22140021911,-18921.389631111462,-1015.8782601570595,6870.370683652988,-1.7937633063085696,-0.12295758973033667,192.29699196499388,offense
72.9999999999336,0.1985403684850808,-0.3531157567402674,191.5544684485677,-17154.11802829026,-660.6358898674766,6876.363672124109,-18951.36965272379,-1022.3359395715656,6870.185646392995,-1.8029022025423347,-0.12356254755416532,192.2916878520924,offense
73.09999999993352,0.007238722627385946,-0.8665107866987696,191.53534028271048,-17192.01868208773,-669.7860602964939,6876.556456057648,-18981.350081101435,-1028.79125285202,6870.001090546659,-1.820631971181877,-0.12426532096251154,192.28645515368544,offense
73.19999999993342,-0.18338734707917906,-0.7805055270118874,191.55518475699898,-17229.916630560994,-678.8912563324521,6876.79697987448,-19011.330923975704,-1035.2441709412374,6869.816964280978,-1.8455166444544957,-0.12503958341823862,192.28129119705315,offense
73.29999999993333,-0.3706318270785377,1.0533583951161947,191.12616665302684,-17267.8088767557,-687.9021083421903,6877.184203445363,-19041.312195697818,-1041.694655408197,6869.633197806654,-1.8759171256407687,-0.12585692054141293,192.27618847867475,offense
73.39999999993324,-0.4823874233070572,3.028426677302773,190.54675486442696,-17305.710558773502,-696.7300268256888,6877.862273808387,-19071.29391714481,-1048.1426608332447,6869.449703400797,-1.910023099927855,-0.12668528456280229,192.2711453928018,offense
73.49999999993315,-0.4616211035640858,2.6952149413773725,191.00858895880307,-17343.634283393356,-705.3831906017709,6878.759456150213,-19101.276118668018,-1054.5881391152404,6869.266360774148,-1.9452922002653668,-0.127489676124043,192.26617179661255,offense
73.59999999993306,-0.41081939366212195,1.276097193893404,191.67277979092265,-17381.58946317103,-713.956105553295,6879.707601919261,-19131.258831228653,-1061.0310416834227,6869.083055776924,-1.979476209274745,-0.12822952002621793,192.26124097403778,offense
73.69999999993297,-0.3687633536224094,0.10034689716935316,192.36592449319863,-17419.575386072596,-722.4803777836481,6880.6142217811885,-19161.242077748484,-1067.4713189499241,6868.899717593364,-2.0118860371303975,-0.128881634786571,192.2563101568973,offense
73.79999999993288,-0.20699439101137926,-0.672382707258698,192.82391544194627,-17457.5936916877,-731.038560925198,6881.324182404471,-19191.22587812645,-1073.908922699017,6868.71629338671,-2.0424080835350322,-0.12943862503031558,192.2513663668983,offense
73.89999999993279,-0.02214212196363336,-1.9487537589958472,193.0147619003789,-17495.6393231257,-739.6520182490532,6881.710829276589,-19221.210245036887,-1080.3438066002898,6868.532765433437,-2.0716329453994144,-0.1298974678826281,192.24637558650596,offense
73.9999999999327,0.16058675786023358,-2.665123260806405,193.11801530580706,-17533.70934151706,-748.276078643766,6881.777247171325,-19251.19518747033,-1086.775924648317,6868.349134876961,-2.1006386096698306,-0.1302698415534317,192.2413356824599,offense
74.0999999999326,0.3386620455231047,-2.2176516738805314,193.16415158415631,-17571.825258455618,-756.8903781221916,6881.5035235084715,-19281.18071799746,-1093.2052335095805,6868.165387938372,-2.1296021473675983,-0.13056455770898176,192.2362589135067,offense
74.19999999993252,0.49114546293662087,-0.41511161974577143,193.9693943887374,-17609.974095903795,-765.5079433392879,6881.08636293633,-19311.166850094403,-1099.6316912202294,6867.981509001571,-2.158400601401143,-0.13078294481784408,192.23114730723478,offense
74.29999999993242,0.6394395657601344,1.4929473483071594,194.982523225649,-17648.15476618637,-774.2099027050825,6880.680056878558,-19341.153595355845,-1106.0552561155462,6867.797493040976,-2.1870806338626214,-0.13093080598681756,192.22599070407927,offense
74.39999999993233,0.6763219040608153,1.181211749366598,194.51406601477154,-17686.32324386029,-783.0892337508122,6880.41980445807,-19371.140958182186,-1112.4758846752832,6867.613369338048,-2.216601924792678,-0.1310184947398805,192.2207601985784,offense
74.49999999993224,0.5831182162272363,0.4260056694706979,193.71878989123476,-17724.441995097524,-792.1697096816946,6880.343221656445,-19401.12893433501,-1118.8935288495652,6867.429207444772,-2.2490404387129574,-0.13107119082080246,192.21542793536128,offense
74.59999999993215,0.3991460209597468,-0.0836114287889013,193.2850060236722,-17762.505564163963,-801.4120441249535,6880.449390321377,-19431.117517677532,-1125.3081349972122,6867.2450866747595,-2.2865809733530376,-0.13111975734756967,192.20999318344167,offense
74.69999999993206,0.19965928459035956,-0.5955900033246119,193.0663302631878,-17800.55162740221,-810.7221687042078,6880.639048981244,-19461.106706848484,-1131.7196435270791,6867.061066979608,-2.3305552498078965,-0.13118839495165655,192.20447195465457,offense
74.79999999993197,-0.00010326951741764314,-1.5019525568787013,192.9459768298227,-17838.591149187025,-820.0445317022399,6880.843428272376,-19491.09651086489,-1138.1279887551577,6866.877165677485,-2.3809202801083615,-0.13128719804941313,192.19889473219402,offense
74.89999999993188,-0.2006775950330095,-2.2892123748926316,192.96074404632623,-17876.620420949275,-829.3440005599358,6880.987574717751,-19521.08694609817,-1144.533098643559,6866.693372766048,-2.436786200675822,-0.13141091680897451,192.19326622436276,offense
74.99999999993179,-0.3632786464840077,-1.3861400459372375,192.79126536797867,-17914.63993261023,-838.605744287261,6881.071428933505,-19551.078033619408,-1150.9348939604624,6866.509664095018,-2.497162761207479,-0.13154998150648825,192.187586277458,offense
75.0999999999317,-0.419151542491047,-0.1216981419339649,192.52869324122221,-17952.665882902296,-847.8061278931424,6881.166874083066,-19581.06979821481,-1157.3332899751465,6866.326005109817,-2.5609512930802683,-0.13169229175740546,192.18184594429633,offense
75.1999999999316,-0.33996627965366816,-0.0303080294840209,192.74459452329663,-17990.71822337153,-856.9673224320732,6881.23734609535,-19611.06226836125,-1163.7281977352964,6866.142350622207,-2.6270270686452593,-0.13182333745895236,192.17604291727247,offense
75.29999999993152,-0.14682835390024385,1.3432876420014859,192.58427474360118,-18028.81901993465,-866.1130325906844,6881.250591370404,-19641.055472448385,-1170.1195253735957,6865.958660761347,-2.6945203069637116,-0.13192912356777028,192.1701560043528,offense
75.39999999993142,0.036023791681321256,0.7101852183972925,192.56992945684294,-18066.96237653258,-875.2405025108366,6881.229905756441,-19671.049437426955,-1176.5071779702546,6865.774906645463,-2.7631231916686163,-0.13200100716448782,192.164171082082,offense
75.49999999993133,0.101141384362272,-1.3239939816840767,192.36663067836605,-18105.132206110706,-884.3493430045045,6881.169514974967,-19701.044191195055,-1182.8910596668732,6865.591058105153,-2.832478948002768,-0.1320340994225539,192.15808094187764,offense
75.59999999993124,0.028940016310600652,-2.4315599849604363,192.16798056655406,-18143.311317082807,-893.433350047924,6881.067872349859,-19731.039761407308,-1189.2710738576702,6865.407088891796,-2.9023365919591595,-0.13202181382456052,192.15187663507805,offense
75.69999999993115,-0.14547137813088393,-2.575735061413178,192.08603400496926,-18181.468111763068,-902.4767025081549,6880.953151695121,-19761.036175913316,-1195.647123676254,6865.222974106837,-2.9724637513682945,-0.1319616947870305,192.1455527592345,offense
75.79999999993106,-0.3376282960796316,-0.9903135091897546,191.75600412257262,-18219.608958758072,-911.4614774985196,6880.8532693277575,-19791.033463291267,-1202.0191126737352,6865.038687447149,-3.042532098639673,-0.13184977080935548,192.13910621146965,offense
75.89999999993097,-0.44924904443333297,0.7827270174396682,191.31531705826254,-18257.7556951971,-920.3321962809742,6880.904093498853,-19821.031653462545,-1208.386945569991,6864.8541980030095,-3.1120344627178667,-0.1316825034042621,192.13253728001754,offense
75.99999999993088,-0.4243550306580413,0.3482523394369037,191.7965458117485,-18295.933491557138,-929.1020598792502,6881.052666866738,-19851.03078110195,-1214.7505303695436,6864.669454219606,-3.179833119765106,-0.13145223914104928,192.12586056465736,offense
76.09999999993079,-0.3714529877920124,-0.40273717864027064,192.11710809514383,-18334.166367851245,-937.8455440600253,6881.1608070024495,-19881.030879520888,-1221.1097785824732,6864.484411291355,-3.2448741436231736,-0.13114735307379302,192.119059850018,offense
76.1999999999307,-0.43352726337572633,0.9056270562482607,191.48076242521805,-18372.431466715454,-946.5011214282807,6881.329262239525,-19911.031974023383,-1227.4646026601822,6864.299061101926,-3.307318187949371,-0.13076762462361724,192.11210658168568,offense
76.2999999999306,-0.48461723732604434,2.379577277444592,190.94843416123308,-18410.71325592687,-954.9776334977395,6881.735965082216,-19941.03409390248,-1233.81492016667,6864.113375278232,-3.366757248910102,-0.1303199436228216,192.10502768193882,offense
76.39999999993051,-0.41120516716243,1.7416993609688716,191.48019512604176,-18449.02899260408,-963.3270273488339,6882.298142438597,-19971.037275621507,-1240.1606582333084,6863.927289660627,-3.421391202305131,-0.1297931488666868,192.09784597481243,offense
76.49999999993042,-0.3138570093381959,0.12415677103244353,192.09581461354534,-18487.391890042258,-971.6551533722857,6882.833171640569,-20001.041548635134,-1246.5017498085085,6863.740769884157,-3.4702757923905723,-0.12917635824216936,192.09053235213872,offense
76.59999999993033,-0.21893986791751233,-1.3808895063455409,192.69529530245947,-18525.78830171997,-979.9861667796339,6883.241667130244,-20031.046930323027,-1252.838131021232,6863.5538331489,-3.514145415562606,-0.1284800721813765,192.0830541974144,offense
76.69999999993024,-0.008310207935182813,-2.163319243093981,193.00812399573073,-18564.234803763084,-988.3799104750384,6883.339751792112,-20061.053433725254,-1259.1697434787827,6863.366510380474,-3.554030191748816,-0.1277246863223601,192.07541533166315,offense
76.79999999993015,0.18299274770730964,-2.7441415697818345,192.84226685684922,-18602.72498911535,-996.8032029710633,6883.078304914418,-20091.061065002585,-1265.4965331754631,6863.178857289506,-3.59129888468772,-0.12693011572940666,192.06760091055824,offense
76.89999999993006,0.23313917940578438,-3.540360836372654,192.47837915575417,-18641.229746375593,-1005.211012114079,6882.554335778404,-20121.069830849854,-1271.818449673613,6862.99092093435,-3.627039488706819,-0.12612120620275305,192.05964001429712,offense
76.99999999992997,0.13665292922984829,-4.285684559649411,192.12152749133585,-18679.70910918663,-1013.6016417145739,6881.865715165687,-20151.07974151972,-1278.1354481746732,6862.8027256742125,-3.661237540623802,-0.1253098598642638,192.0515493294126,offense
77.09999999992988,-0.059983040863077076,-4.514439217410349,191.96795207735136,-18718.131522723612,-1021.9700630642392,6881.049260736072,-20181.09080497968,-1284.4474853866313,6862.614302230329,-3.6941239358372644,-0.12450317040457817,192.0433302932297,offense
77.19999999992979,-0.18539344336562813,-3.033496123454292,191.93798740461293,-18756.53046876789,-1030.3259370355156,6880.093147673088,-20211.103028785452,-1290.75451980759,6862.425678607893,-3.7258775252768843,-0.12371290614559577,192.0349886387668,offense
77.2999999999297,-0.26509341994411334,-0.3398655863816786,191.3215922737601,-18794.936071076216,-1038.6603580788844,6879.140641596061,-20241.116419712227,-1297.0565113849811,6862.2368821841865,-3.7566824120056728,-0.12294455965059295,192.02652737548345,offense
77.3999999999296,-0.3188497966842549,2.0669041515270767,190.78111215762453,-18833.357249177134,-1046.8778892881182,6878.478719044859,-20271.130985474927,-1303.3534217931517,6862.047931796632,-3.7865454837776067,-0.12220486000015725,192.0179574759379,offense
77.49999999992951,-0.24832648975683366,2.0232798552878473,190.97840249229128,-18871.80456420362,-1054.9858626301957,6878.087378079039,-20301.146742785993,-1309.6452181316813,6861.858800757176,-3.814211399703,-0.12148899985784098,192.0093201739914,offense
77.59999999992942,-0.1536643754425591,1.162382831336312,191.1571538229945,-18910.291776489423,-1063.0473895931964,6877.824850338677,-20331.163707708587,-1315.9318722503144,6861.669461770293,-3.8383193060470004,-0.12078102822944106,192.0006021238443,offense
77.69999999992933,-0.16590614191668976,0.44950949395419815,191.14981075928566,-18948.809302761514,-1071.061719003645,6877.696875186611,-20361.181888431725,-1322.2133567311182,6861.479920741555,-3.858915255017809,-0.12007775251917838,191.9917842433057,offense
77.79999999992924,-0.20356591342405042,-0.5143143976753735,191.4424858966477,-18987.34492533291,-1079.0204771938397,6877.699095797342,-20391.201292633457,-1328.4896488688769,6861.290180456266,-3.8760076675418333,-0.1193840465468129,191.98287562434606,offense
77.89999999992915,-0.23331152271443245,-1.618703007882331,191.57960689750388,-19025.898208880884,-1086.9676517653527,6877.667538300884,-20421.221927434373,-1334.760731612558,6861.100240669164,-3.889423299948273,-0.1186970292306797,191.9738826234733,offense
77.99999999992906,-0.355516796910679,-0.8310531366646439,191.27300572883917,-19064.44951602809,-1094.8673993201487,6877.64593495701,-20451.243794077684,-1341.0265912077978,6860.910122795186,-3.899602552594632,-0.11802032759539365,191.96479230916123,offense
78.09999999992897,-0.4142262545429524,0.3912850929599025,190.97362393929544,-19103.003051608088,-1102.6956127280694,6877.697903202305,-20481.266895430726,-1347.2872187885034,6860.7198350551225,-3.9066963300898494,-0.11736025189782191,191.95563147360286,offense
78.19999999992888,-0.3398731382577456,-0.4834687567286111,191.523951285473,-19141.5831509718,-1110.5015227535216,6877.724208273635,-20511.291236382716,-1353.5426124983226,6860.52937030347,-3.910134309085762,-0.11671355789597702,191.94641083836868,offense
78.29999999992879,-0.2427832316917551,-1.5004983220197796,191.82175316621198,-19180.204764620663,-1118.3525122600597,6877.566104505462,-20541.316815281327,-1359.7927730734355,6860.338746914381,-3.910193494048962,-0.11607914944555106,191.9371163616343,offense
78.3999999999287,-0.26121379157598884,-0.7203369134950457,191.48407616345293,-19218.842833723444,-1126.2007095267666,6877.310604415718,-20571.34362286386,-1366.037702438368,6860.148012859127,-3.9080641789208057,-0.11547022237995254,191.92773351053643,offense
78.4999999999286,-0.30405272522524934,0.45091009864821535,191.24633448295808,-19257.493630557743,-1133.992147203778,6877.139246648688,-20601.371653251997,-1372.2774065461035,6859.95719453508,-3.90431243970264,-0.11489834890343177,191.91829761900166,offense
78.59999999992851,-0.3354807344695323,0.23649472820859888,191.19501117111142,-19296.156790763554,-1141.7412942394367,6877.0394370239765,-20631.40090596021,-1378.51189772107,6859.766287807998,-3.898297530257281,-0.11436121490283492,191.90883191000262,offense
78.69999999992842,-0.38280544072625067,1.4905077514154474,190.80552093870247,-19334.840804779127,-1149.393592428702,6877.102251711595,-20661.431377545356,-1384.741190534311,6859.57529863228,-3.8897748633582254,-0.11385264175780366,191.89933153348738,offense
78.79999999992833,-0.3111280524199086,1.08429753222439,191.09532687690435,-19373.558669797043,-1156.9883886472269,6877.257934345303,-20691.463069555375,-1390.9653047039376,6859.384205753088,-3.877905334095941,-0.11337099799387011,191.88982983371562,offense
78.89999999992824,-0.21771390976182806,-1.0946882398701854,191.6581125027795,-19412.31038070155,-1164.6068861931537,6877.304015026411,-20721.495979599917,-1397.1842647674146,6859.193001773983,-3.8620622380727085,-0.1129036143762152,191.88030528798996,offense
78.99999999992815,-0.12654897424547282,-2.530198812529109,192.05023353485188,-19451.099033119972,-1172.2577966246013,6877.144505857104,-20751.530094363785,-1403.3980947690482,6859.0017258584085,-3.8433597839360236,-0.11245727329010255,191.8707360987604,offense
79.09999999992806,0.0788913098395091,-3.251945870789116,192.24325423124475,-19489.93630110943,-1179.9701114544393,6876.615143181074,-20781.56539949005,-1409.606822070318,6858.8104159241975,-3.822792867880185,-0.11204683095338586,191.8611353984628,offense
79.19999999992797,0.3502972034866758,-2.8926503637045045,192.3918187811532,-19528.82370310942,-1187.704531863002,6875.731065336648,-20811.601877073128,-1415.8104758939392,6858.619120929346,-3.801452873490029,-0.11167989515128061,191.85149960308956,offense
79.29999999992788,0.5437951605118582,-2.113455748568874,192.48513848305006,-19567.742204064474,-1195.4527361581331,6874.683622488821,-20841.639512412687,-1422.0090871893249,6858.427870603824,-3.7799323652475576,-0.1113682483992005,191.84186112122376,offense
79.39999999992779,0.5885395125933874,-2.9654302033476325,191.66255401001655,-19606.66722196685,-1203.2475180889014,6873.589429710219,-20871.678292089375,-1428.202689009518,6858.23668504656,-3.7582566065803356,-0.11111063191171221,191.8322219689534,offense
79.4999999999277,0.4914733297905385,-3.825665152386522,190.855364245607,-19645.584403337616,-1211.0971037740858,6872.465462946162,-20901.718197742513,-1434.391311532391,6858.045605322906,-3.737285836005873,-0.11091107430142944,191.82257320711403,offense
79.5999999999276,0.29304649232746033,-3.8778514308382275,190.65427797249032,-19684.470281962607,-1218.9806746266624,6871.319302806795,-20931.759210666183,-1440.574983026522,6857.854671751079,-3.717887400808546,-0.11077942384857434,191.81292000039602,offense
79.69999999992751,0.09009008755854461,-2.194957360926542,190.97522519116592,-19723.324104949883,-1226.8784018630402,6870.157992519093,-20961.801314660945,-1446.7537300916783,6857.66391172312,-3.7005425406804457,-0.11071785101667805,191.80327615031504,offense
79.79999999992742,-0.028141876982943313,-0.3582611696277765,191.240409579297,-19762.142087981516,-1234.7926047853261,6869.1331806879225,-20991.84449664675,-1452.927577457335,6857.47333786203,-3.6853021126718097,-0.11072518889384177,191.7936523805831,offense
79.89999999992733,-0.11327505212434487,0.08883620267092125,191.1248050083751,-19800.957985827044,-1242.7056926699083,6868.280432014275,-21021.888744132928,-1459.0965465915222,6857.2829609445425,-3.6722477821012744,-0.11079586427468836,191.78404703740784,offense
79.99999999992724,-0.20891168345342434,1.7943416227818476,190.92921688362827,-19839.76673951618,-1250.5567116942425,6867.746227722207,-21051.934048249048,-1465.2606562993165,6857.092776452628,-3.6611875933466327,-0.1109251187137278,191.7744734035901,offense
80.09999999992715,-0.1901300213642731,1.3405573389359482,191.18272221019566,-19878.5753408382,-1258.3476145718546,6867.456818260574,-21081.980408316664,-1471.419925746383,6856.902743911377,-3.6509235966095113,-0.11109780327700672,191.76495575224746,offense
80.19999999992706,-0.1463960749760776,-0.5080836367326961,191.42726010922075,-19917.40866463188,-1266.1314900184516,6867.198574338493,-21112.027824378893,-1477.5743736015872,6856.712822078302,-3.640302314793066,-0.11129237980031444,191.7554829113494,offense
80.29999999992697,-0.11266049538285065,0.07110976726878845,191.45495171074262,-19956.26854125433,-1273.8970404716358,6866.962873808965,-21142.07629078863,-1483.7240156155035,6856.522998413292,-3.629303649120021,-0.1114982510568717,191.74603049830577,offense
80.39999999992688,0.03798662501027584,-0.37045901547790766,191.59258982449393,-19995.174432498923,-1281.6751416532552,6866.657208132336,-21172.12580361105,-1489.8688677019818,6856.333253557742,-3.617841491272783,-0.1117120878994655,191.73660971166981,offense
80.49999999992679,0.19593481780209226,-2.2325759198524464,191.38301803796668,-20034.130390890037,-1289.469960526378,6866.1490774792765,-21202.176356238804,-1496.0089461574478,6856.143581089444,-3.605999677952411,-0.11192601494250279,191.7272026671552,offense
80.5999999999267,0.34716459739678807,-2.89340251478722,191.35785678871727,-20073.128391944916,-1297.2515636545145,6865.420740775842,-21232.227940656685,-1502.1442660212197,6855.953982201773,-3.594258716919363,-0.11214160493581912,191.71781467202146,offense
80.6999999999266,0.5023270713979238,-1.6542599986465303,191.84220027215125,-20112.176154090266,-1305.01739040987,6864.472029797835,-21262.28055305201,-1508.2748444511692,6855.764439012239,-3.5823144435857066,-0.11235648902909508,191.70845930186698,offense
80.79999999992651,0.6393365407159013,0.385209727369917,193.17049986235222,-20151.24876914226,-1312.8494206455669,6863.529111578071,-21292.33418961417,-1514.4006991261854,6855.574934986148,-3.569861852581026,-0.11256229487419836,191.69913527308017,offense
80.89999999992642,0.7849500178430283,1.7453025496215284,194.20472476114412,-20190.334228139145,-1320.8565563372877,6862.704552600226,-21322.388836041566,-1520.5218442047808,6855.385502949894,-3.557999797959507,-0.11276304391247198,191.689798417282,offense
80.99999999992633,0.8240192355461223,1.4298355796016118,193.695158985702,-20229.391087685326,-1329.1388876378794,6862.0813796301045,-21352.444464070802,-1526.638285417832,6855.196240682075,-3.54984418026785,-0.11298346155247038,191.68040799653457,offense
81.09999999992624,0.7319612649150611,0.41652961653496845,192.47857887924258,-20268.38531141903,-1337.7007659355754,6861.666194177002,-21382.50103353656,-1532.7500170705598,6855.007300511465,-3.549836123425958,-0.11326646207988808,191.6709277957386,offense
81.19999999992615,0.547623915538911,-0.583302026466306,191.53339294744868,-20307.31808673405,-1346.4512526451526,6861.415073970715,-21412.558504565888,-1538.8570195895438,6854.818835047299,-3.562220022634938,-0.11365826250378078,191.66137496104682,offense
81.29999999992606,0.34926638405216015,-0.9176338706853056,191.35567412620347,-20346.226941261128,-1355.2706089160529,6861.226479984007,-21442.616852807983,-1544.959261255194,6854.630930000416,-3.5888205174398644,-0.11418634032203413,191.65180072152634,offense
81.39999999992597,0.1527005903074993,-1.3102526998268609,191.26418490289709,-20385.12699148482,-1364.109704330839,6861.068671819156,-21472.676074173392,-1551.0566974996286,6854.443587791634,-3.6289156256515356,-0.11484403885587503,191.64225614933267,offense
81.49999999992588,-0.04276439508422933,-1.1680330068462743,191.27224786720276,-20424.02109847403,-1372.9356367094151,6860.945146850807,-21502.736176334656,-1557.1492684897771,6854.256770391843,-3.6807883961473826,-0.11560573176616001,191.63273965282005,offense
81.59999999992579,-0.23397899580518816,0.7714596668996296,191.07017378697884,-20462.905307129782,-1381.7135419161639,6860.966521711171,-21532.797175646865,-1563.2368981935522,6854.070415506972,-3.7426977338940173,-0.11644106313162803,191.623247652775,offense
81.6999999999257,-0.34562265175350876,2.78963292134278,190.7452813202978,-20501.786062275885,-1390.3721729158274,6861.298686296091,-21562.85909815668,-1569.3194987034822,6853.8844310221375,-3.812428477872935,-0.11731514862795894,191.61377242674612,offense
81.7999999999256,-0.32173602464763656,2.4158636297448446,191.12236580336068,-20540.69342708229,-1398.9096792118548,6861.873839688644,-21592.921982731412,-1575.396974802609,6853.698680463115,-3.8869678956166758,-0.11818316336930598,191.60432750780785,offense
81.89999999992551,-0.27122245675806905,0.9908555956280884,191.52821764843495,-20579.644703362974,-1407.396242602317,6862.513429509625,-21622.9858724332,-1581.4692269123734,6853.513021381975,-3.9632972235882624,-0.11899586827701049,191.59488051547257,offense
81.99999999992542,-0.23020504493152177,-0.2761064669114906,192.043614730491,-20618.624552273177,-1415.845832854585,6863.121937701041,-21653.050801946632,-1587.5361481325626,6853.32736247002,-4.0403861856709495,-0.11971931614796487,191.58537325825796,offense
82.09999999992533,-0.1748593685381823,-1.402840651458085,192.2062617136201,-20657.62979774196,-1424.3140337719801,6863.558007567063,-21683.116804565623,-1593.597628770357,6853.141627655402,-4.1178354780325295,-0.12034146255949235,191.57578893265708,offense
82.19999999992524,-0.1336833061750865,-2.6061041546490102,192.55719148553743,-20696.643148844618,-1432.7882132884251,6863.77679378677,-21713.18390660625,-1599.6535566683085,6852.955780161435,-4.196063808159844,-0.12085171658967507,191.56608072541235,offense
82.29999999992515,0.03643779180180591,-3.174039644640756,192.78328239281498,-20735.687194564904,-1441.3080789387286,6863.624704980076,-21743.252134274524,-1605.7038173478059,6852.769789958382,-4.275738403708704,-0.12125647764594401,191.55625569024656,offense
82.39999999992506,0.20407729305357775,-3.6148976025686914,192.61904366736627,-20774.768453666966,-1449.8395940592627,6863.048168187225,-21773.321509986774,-1611.7482946978278,6852.58364955783,-4.357526695427825,-0.1215585997111084,191.54627788901655,offense
82.49999999992497,0.23508006406178242,-4.487051696466713,192.22270002855078,-20813.86313094512,-1458.3400918827206,6862.15629773047,-21803.392059094243,-1617.7868693329438,6852.397343878484,-4.442012523318394,-0.1217681800932482,191.5361709463478,offense
82.59999999992488,0.11885376539024921,-4.6984608108743515,191.9677631722061,-20852.949339729348,-1466.8165068201577,6861.0668232832795,-21833.463814265382,-1623.819423886778,6852.210828338448,-4.528275253137574,-0.12188427592071398,191.52593890197733,offense
82.69999999992478,-0.08051655195948551,-3.1844687479408686,191.94188239250815,-20892.00282104465,-1475.2827542214086,6859.9140571563275,-21863.536805419346,-1629.8458370489493,6852.0240778325115,-4.616049505048991,-0.12190073705444415,191.51556286266003,offense
82.7999999999247,-0.24216731990179835,-0.4594019608520541,191.5975896829184,-20931.044237668368,-1483.7288714297638,6858.839975921533,-21893.611060587435,-1635.8659843931055,6851.837080740292,-4.705409088634886,-0.12182726845322832,191.5050249375837,offense
82.8999999999246,-0.3001080858011905,1.9586641538451137,191.11511517908315,-20970.09994792921,-1492.0912823450376,6858.0460507002,-21923.686609647324,-1641.8797398538475,6851.6498211152675,-4.7962752938458895,-0.12166684820192562,191.49432804977238,offense
82.99999999992451,-0.2277547559040015,1.848524937189583,191.31130000769434,-21009.195243583323,-1500.3662375119425,6857.507760427067,-21953.763492528946,-1647.8869810336591,6851.46223921136,-4.8871486572214415,-0.1214177497619792,191.48350274408563,offense
83.09999999992442,-0.13289793058122676,0.9609875464874257,191.45637700740684,-21048.346295541363,-1508.6122999574152,6857.079692215392,-21983.84175030863,-1653.8875881174367,6851.274273577014,-4.976307134857537,-0.12106308757546282,191.47253130635198,offense
83.19999999992433,-0.14979895504258053,0.2513285723369802,191.42072848663366,-21087.53143815696,-1516.8227232771371,6856.769983526096,-22013.921414516768,-1659.8814386127708,6851.0859104492165,-5.063678394826325,-0.12060429883176617,191.46137132381142,offense
83.29999999992424,-0.2696850529775215,0.34311540227423615,191.2971323233204,-21126.731411626657,-1524.9709581876225,6856.642662762684,-22044.002516510645,-1665.868411923135,6850.897137164086,-5.1493165536164645,-0.1200523784364759,191.4500290321203,offense
83.39999999992415,-0.4003408603860132,2.3194393502580297,190.60595009417386,-21165.93602217679,-1533.0119990617388,6856.770965179477,-22074.085090797085,-1671.8483934064827,6850.70792520774,-5.232493123169664,-0.11940877884519914,191.4385117708937,offense
83.49999999992406,-0.4608681063188344,4.1580700633229055,189.93037078051515,-21205.150152038816,-1540.8651785389034,6857.260910404355,-22104.169176554475,-1677.8212755134628,6850.518223218397,-5.311804484909702,-0.11866917404718626,191.42684113576024,offense
83.59999999992397,-0.390982455475225,3.8469434154507525,190.23345396024908,-21244.391873585064,-1548.5605954056996,6858.025189214659,-22134.254824138516,-1683.786964447525,6850.3279254226245,-5.384159244088354,-0.11781660061046116,191.41505736735832,offense
83.69999999992388,-0.2981540887801681,2.9435885486585147,190.52253459497612,-21283.674571932548,-1556.1903611895161,6858.907879798195,-22164.342077834754,-1689.7453762491866,6850.136952637393,-5.447136367232164,-0.11682742659695407,191.40312131084363,offense
83.79999999992378,-0.20824881454979552,1.7955820243226974,190.9648492739888,-21323.002457901723,-1563.7738795223056,6859.85210754354,-22194.430964080086,-1695.6964301834448,6849.945305823308,-5.501072549033809,-0.11570987908486034,191.39098097587302,offense
83.8999999999237,-0.10650296965639379,0.11348417209837053,191.18916310110248,-21362.38286324331,-1571.3817547783667,6860.673260733632,-22224.521503718413,-1701.6400557338643,6849.75300368608,-5.546743562790916,-0.1144885225147804,191.3786442865576,offense
83.9999999999236,-0.013094964680017179,-1.3061241683778957,191.42336833417642,-21401.799153584187,-1579.0047533166826,6861.286636920288,-22254.61370389454,-1707.5761894613738,6849.560119467965,-5.585939231635516,-0.11318900769030242,191.366073403164,offense
84.09999999992351,0.09129746296862287,-2.419254637169735,191.2981148679992,-21441.256055893355,-1586.6534991435344,6861.5485211736295,-22284.707568169582,-1713.5047745680752,6849.366732773254,-5.620687487591419,-0.11185226146888667,191.353304560385,offense
84.19999999992342,0.06247832730918125,-3.417870619991278,191.02714631115887,-21480.725293944473,-1594.2905317054963,6861.5003257165345,-22314.8030978295,-1719.4257630806285,6849.172922419355,-5.652178971173991,-0.11050700208667653,191.3403382085355,offense
84.29999999992333,-0.10253070600844151,-3.9024948379007287,190.85925613750462,-21520.17777611844,-1601.9091103826784,6861.23458976334,-22344.90029568792,-1725.3391121745758,6848.978751071638,-5.6813017178442715,-0.10917751688747541,191.32721859672054,offense
84.39999999992324,-0.22528009107574054,-3.2441655854658733,190.88633922845526,-21559.60355903813,-1609.520134044982,6860.785086561433,-22374.999165359834,-1731.244785902216,6848.784268090055,-5.708067955170081,-0.10788053554053788,191.31394846527039,offense
84.49999999992315,-0.3071137020381876,-1.1612779824776915,190.29886442263148,-21599.02148648167,-1617.1244266749454,6860.234239700997,-22405.099705869736,-1737.1427483284926,6848.58953767967,-5.733276234918154,-0.10662883341823304,191.30053288556124,offense
84.59999999992306,-0.3590022819247728,1.079396735066673,189.71627115816136,-21638.441182448616,-1624.6297015424711,6859.847798383874,-22435.201916972823,-1743.0329669509454,6848.394612179903,-5.757319616236022,-0.10544145035680165,191.28698385495736,offense
84.69999999992297,-0.28065663563051174,0.8601125725684259,189.98265806455385,-21677.891666231422,-1632.053075453466,6859.605222776628,-22465.305813315616,-1748.9154195238739,6848.19946658206,-5.778555044315331,-0.10431117410798971,191.27337890830518,offense
84.79999999992287,-0.1815064320139449,0.053765727773941965,190.16705372791054,-21717.395707956057,-1639.457753336228,6859.3669319062565,-22495.411408352116,-1754.7900910019937,6848.00407543121,-5.795015844703251,-0.10321882479255201,191.25968933917378,offense
84.89999999992278,-0.19931448952769742,-0.9159029454882361,190.22024985057814,-21756.933898863095,-1646.8292073466018,6859.150221656764,-22525.518702007583,-1760.656962921015,6847.808472925392,-5.8073345633914535,-0.10216364419789543,191.24588504558258,offense
84.9999999999227,-0.2400679419077059,-1.96530832105949,190.56285427553095,-21796.48552821984,-1654.1628967637346,6858.932015017641,-22555.627696723262,-1766.5160243308164,6847.612672703854,-5.815568276782867,-0.10115776663320766,191.23199214959521,offense
85.0999999999226,-0.2709752858115953,-1.3291985730437046,190.30658096624632,-21836.04478340101,-1661.4898288578331,6858.638714305517,-22585.738394066273,-1772.3672713486412,6847.416685024416,-5.8195146485626905,-0.10019285595459597,191.2180149946728,offense
85.19999999992251,-0.31555217613066827,-0.27199935506737555,190.12618522174216,-21875.60278712166,-1668.7572642639389,6858.401158132079,-22615.85078804785,-1778.2107022416985,6847.220548629266,-5.819912677201581,-0.09927723554331094,191.20393955510977,offense
85.29999999992242,-0.34625538841476494,-0.5043856888774129,190.09686958009553,-21915.169483903734,-1675.9838872386636,6858.201704181889,-22645.96488068573,-1784.0463246551271,6847.024256724894,-5.816316589280262,-0.09841180946811132,191.18982421749544,offense
85.39999999992233,-0.3913810223234204,0.7152536085760727,189.73651885275942,-21954.740626554125,-1683.1123823585945,6858.132765003232,-22676.08067098165,-1789.8741536390773,6846.827809682599,-5.808034697467754,-0.09758584553440561,191.17564743905723,offense
85.49999999992224,-0.3126989785464502,0.06155920980700875,190.14551567967195,-21994.324511645,-1690.1883912207034,6858.114286410713,-22706.19816503255,-1795.6942130069403,6846.631168728402,-5.793893932883668,-0.09679142409311679,191.16147484816355,offense
85.59999999992215,-0.21445856295376609,-1.7227211888002298,190.60791030010787,-22033.933331440123,-1697.2946167621753,6857.945002692685,-22736.31736205852,-1801.5065356214066,6846.434320349094,-5.772789944520734,-0.09601364393617871,191.14725607458269,offense
85.69999999992206,-0.23734675178902695,-0.9521911857096752,190.28949664435646,-22073.5425851265,-1704.3970088778653,6857.680321111679,-22766.438240613053,-1807.3111490188842,6846.237343427942,-5.747152337603348,-0.09526531741072705,191.1329533330116,offense
85.79999999992197,-0.2823806798298599,0.24644849473996616,190.07907319734312,-22113.14885216352,-1711.446007535554,6857.5031294415685,-22796.560785459773,-1813.1080911673132,6846.0402766060715,-5.717944695741975,-0.09457433276392167,191.1186210137934,offense
85.89999999992187,-0.20433248212020264,-0.8719255174372856,190.52112667785264,-22152.77353585041,-1718.483960631706,6857.319125796264,-22826.684989657926,-1818.8974125703708,6845.843111218724,-5.684298939560794,-0.09392783110007413,191.10430356428702,offense
85.99999999992178,-0.10768696257597754,-1.881754678591929,190.63750826584373,-22192.43736023685,-1725.5614830114416,6856.949039101786,-22856.81083671156,-1824.6791662750275,6845.6458773932845,-5.646411431513944,-0.09332700922664716,191.08996859569842,offense
86.09999999992169,-0.13390138583108188,-1.2836277759356136,190.40425335147975,-22232.10794077904,-1732.6412661909296,6856.479626558027,-22886.93829838947,-1830.4534029252409,6845.4486543740995,-5.606284877115237,-0.09278820720051265,191.07559940922908,offense
86.1999999999216,-0.18163669958423423,-0.1747477123435351,190.3204846607407,-22271.772810888382,-1739.6922803413847,6856.094306836233,-22917.067353006594,-1836.2201799341058,6845.251482081968,-5.564654705046209,-0.09232966314129701,191.06124783187354,offense
86.29999999992151,-0.21687852009063618,-0.41705216742569734,190.2283537375161,-22311.446728222083,-1746.7301975624853,6855.769541678158,-22947.19798487616,-1841.9795623662594,6845.054365776381,-5.5208932778171755,-0.09194281381857382,191.046940585215,offense
86.39999999992142,-0.26633623565435455,0.824741397959866,189.99946991594953,-22351.119949925076,-1753.7075598206354,6855.600173761734,-22977.330174284354,-1847.7316162120426,6844.85732544272,-5.474973897869039,-0.09162448627017729,191.03267007354302,offense
86.49999999992133,-0.19104145818916887,0.16807958166179945,190.28458024491428,-22390.79115614353,-1760.6552646319915,6855.500708890236,-23007.463911079223,-1853.476414743861,6844.66033159968,-5.425721024362846,-0.09136780687217343,191.01849260505278,offense
86.59999999992124,-0.09637827717703427,-1.8902309997479922,190.5413586743846,-22430.493039576657,-1767.6341253570788,6855.25357321204,-23037.5991793431,-1859.2140355428946,6844.463377836407,-5.372307067955838,-0.09115466304542345,191.00436850195916,offense
86.69999999992115,-0.122552867655257,-1.0966730458865919,190.2961634206466,-22470.20294071533,-1774.6182958517109,6854.907911583505,-23067.735947805093,-1864.9445508514625,6844.266526604802,-5.316598443005622,-0.09099483252864471,190.99026711213665,offense
